2010 004 09:14:00,Blogon
2010 004 09:21:34,BUrl
2010 004 12:10:41,CUrl
2010 004 12:14:39,CSendEmail
2010 004 12:16:14,CUrl
2010 004 18:12:35,DUrl
2010 004 19:09:04,DSendEmail
2010 004 19:27:24,DUrl
2010 004 19:44:34,DSendEmail
2010 004 20:02:24,DUrl
2010 004 21:19:00,DNologon
2010 005 09:21:00,Blogon
2010 005 09:48:37,BUrl
2010 005 12:20:59,CUrl
2010 005 12:46:23,CSendEmail
2010 005 13:21:04,CSendEmail
2010 005 13:21:19,CSendEmail
2010 005 13:37:44,CUrl
2010 005 18:45:18,DUrl
2010 005 21:15:00,DNologon
2010 006 09:05:00,Blogon
2010 006 09:13:09,BUrl
2010 006 12:24:54,CUrl
2010 006 12:48:36,CSendEmail
2010 006 12:49:14,CSendEmail
2010 006 13:18:54,CUrl
2010 006 13:36:10,CSendEmail
2010 006 13:51:08,CUrl
2010 006 18:49:16,DUrl
2010 006 21:11:00,DNologon
2010 007 09:16:00,Blogon
2010 007 09:43:47,BUrl
2010 007 11:10:32,BSendEmail
2010 007 11:30:39,BUrl
2010 007 12:08:37,CUrl
2010 007 18:03:56,DUrl
2010 007 21:00:35,DSendEmail
2010 007 21:02:13,DUrl
2010 007 21:07:56,DSendEmail
2010 007 21:09:00,DNologon
2010 008 09:16:00,Blogon
2010 008 09:41:04,BUrl
2010 008 12:39:41,CUrl
2010 008 13:11:52,CSendEmail
2010 008 13:19:01,CUrl
2010 008 18:11:19,DUrl
2010 008 18:12:35,DSendEmail
2010 008 18:13:50,DSendEmail
2010 008 19:01:48,DUrl
2010 008 21:15:00,DNologon
2010 011 09:08:00,Blogon
2010 011 09:09:38,BUrl
2010 011 13:12:59,CUrl
2010 011 15:15:40,CSendEmail
2010 011 15:19:21,CSendEmail
2010 011 15:21:15,CSendEmail
2010 011 16:30:24,CUrl
2010 011 18:33:23,DUrl
2010 011 21:17:00,DNologon
2010 012 09:13:00,Blogon
2010 012 09:24:51,BUrl
2010 012 09:33:28,BSendEmail
2010 012 09:36:00,BUrl
2010 012 12:03:11,CUrl
2010 012 14:18:48,CSendEmail
2010 012 14:23:51,CUrl
2010 012 17:20:28,CSendEmail
2010 012 17:30:00,CUrl
2010 012 19:14:00,DUrl
2010 012 21:18:00,DNologon
2010 013 09:19:00,Blogon
2010 013 09:21:52,BUrl
2010 013 12:01:47,CUrl
2010 013 16:33:57,CSendEmail
2010 013 16:38:24,CUrl
2010 013 16:45:11,CSendEmail
2010 013 16:48:05,CSendEmail
2010 013 17:18:16,CUrl
2010 013 18:39:25,DUrl
2010 013 21:10:00,DNologon
2010 014 09:14:00,Blogon
2010 014 09:21:57,BUrl
2010 014 12:07:36,CUrl
2010 014 12:39:06,CSendEmail
2010 014 12:39:37,CSendEmail
2010 014 12:43:04,CUrl
2010 014 12:44:59,CSendEmail
2010 014 12:45:08,CUrl
2010 014 18:24:44,DUrl
2010 014 21:27:00,DNologon
2010 015 09:20:00,Blogon
2010 015 12:51:04,CUrl
2010 015 20:41:26,DSendEmail
2010 015 20:46:36,DUrl
2010 015 20:46:37,DSendEmail
2010 015 20:46:53,DUrl
2010 015 21:01:27,DSendEmail
2010 015 21:12:00,DNologon
2010 018 09:20:00,Blogon
2010 018 09:21:31,BUrl
2010 018 12:37:03,CUrl
2010 018 18:31:14,DUrl
2010 018 18:52:54,DSendEmail
2010 018 19:12:48,DUrl
2010 018 20:26:33,DSendEmail
2010 018 20:27:27,DUrl
2010 018 21:19:00,DNologon
2010 019 09:07:00,Blogon
2010 019 09:08:14,BUrl
2010 019 13:40:28,CUrl
2010 019 13:41:23,CSendEmail
2010 019 14:03:02,CUrl
2010 019 18:12:32,DUrl
2010 019 20:34:49,DSendEmail
2010 019 20:43:31,DSendEmail
2010 019 20:55:51,DUrl
2010 019 21:22:00,DNologon
2010 020 09:20:00,Blogon
2010 020 09:23:28,BUrl
2010 020 09:39:49,BSendEmail
2010 020 09:46:51,BUrl
2010 020 12:18:07,CUrl
2010 020 13:26:12,CSendEmail
2010 020 14:08:35,CUrl
2010 020 18:18:43,DSendEmail
2010 020 18:24:15,DUrl
2010 020 21:25:00,DNologon
2010 021 09:16:00,Blogon
2010 021 09:26:28,BUrl
2010 021 12:06:05,CUrl
2010 021 13:27:44,CSendEmail
2010 021 13:41:11,CUrl
2010 021 18:13:04,DUrl
2010 021 19:45:11,DSendEmail
2010 021 20:23:52,DSendEmail
2010 021 20:24:55,DUrl
2010 021 21:14:00,DNologon
2010 022 09:00:00,Blogon
2010 022 09:04:51,BUrl
2010 022 12:27:49,CUrl
2010 022 18:08:04,DUrl
2010 022 19:32:56,DSendEmail
2010 022 19:33:12,DSendEmail
2010 022 19:34:20,DUrl
2010 022 19:34:40,DSendEmail
2010 022 19:49:07,DUrl
2010 022 21:24:00,DNologon
2010 025 09:12:00,Blogon
2010 025 09:22:09,BUrl
2010 025 12:23:04,CUrl
2010 025 14:42:47,CSendEmail
2010 025 15:01:56,CUrl
2010 025 15:39:31,CSendEmail
2010 025 16:02:33,CUrl
2010 025 16:40:25,CSendEmail
2010 025 17:17:32,CUrl
2010 025 18:45:57,DUrl
2010 025 21:25:00,DNologon
2010 026 09:17:00,Blogon
2010 026 09:18:43,BUrl
2010 026 12:04:08,CUrl
2010 026 12:19:00,CSendEmail
2010 026 13:19:51,CUrl
2010 026 13:45:25,CSendEmail
2010 026 14:15:16,CUrl
2010 026 17:47:10,CSendEmail
2010 026 18:07:27,DUrl
2010 026 21:30:00,DNologon
2010 027 09:04:00,Blogon
2010 027 09:05:09,BUrl
2010 027 11:56:15,BSendEmail
2010 027 12:17:22,CSendEmail
2010 027 12:17:53,CUrl
2010 027 12:18:37,CSendEmail
2010 027 12:20:39,CUrl
2010 027 18:18:51,DUrl
2010 027 21:18:00,DNologon
2010 028 09:17:00,Blogon
2010 028 09:23:01,BUrl
2010 028 12:42:35,CUrl
2010 028 18:07:06,DUrl
2010 028 19:33:21,DSendEmail
2010 028 19:34:41,DSendEmail
2010 028 19:34:59,DSendEmail
2010 028 20:35:34,DUrl
2010 028 21:11:00,DNologon
2010 029 09:16:00,Blogon
2010 029 09:23:59,BUrl
2010 029 14:31:17,CUrl
2010 029 16:41:03,CSendEmail
2010 029 16:41:07,CUrl
2010 029 18:24:20,DUrl
2010 029 19:52:50,DSendEmail
2010 029 19:54:25,DSendEmail
2010 029 20:10:24,DUrl
2010 029 21:14:00,DNologon
2010 032 09:16:00,Blogon
2010 032 09:25:19,BUrl
2010 032 12:01:02,CUrl
2010 032 12:11:56,CSendEmail
2010 032 12:17:57,CSendEmail
2010 032 12:20:33,CSendEmail
2010 032 12:22:09,CUrl
2010 032 19:13:13,DUrl
2010 032 21:20:00,DNologon
2010 033 09:16:00,Blogon
2010 033 09:21:11,BUrl
2010 033 11:33:29,BSendEmail
2010 033 11:50:02,BSendEmail
2010 033 11:54:59,BSendEmail
2010 033 12:10:21,CUrl
2010 033 19:10:22,DUrl
2010 033 21:09:00,DNologon
2010 034 09:18:00,Blogon
2010 034 09:34:42,BUrl
2010 034 10:05:27,BSendEmail
2010 034 10:10:15,BSendEmail
2010 034 10:27:27,BUrl
2010 034 10:29:32,BSendEmail
2010 034 10:32:25,BUrl
2010 034 12:11:56,CUrl
2010 034 19:01:22,DUrl
2010 034 21:09:00,DNologon
2010 035 09:21:00,Blogon
2010 035 09:25:32,BUrl
2010 035 12:37:06,CUrl
2010 035 18:20:07,DUrl
2010 035 20:01:50,DSendEmail
2010 035 20:32:04,DUrl
2010 035 20:40:05,DSendEmail
2010 035 20:41:01,DSendEmail
2010 035 21:14:00,DNologon
2010 036 09:16:00,Blogon
2010 036 09:47:02,BUrl
2010 036 10:17:21,BSendEmail
2010 036 10:17:37,BUrl
2010 036 10:24:05,BSendEmail
2010 036 10:31:48,BUrl
2010 036 10:50:49,BSendEmail
2010 036 11:46:53,BUrl
2010 036 13:03:05,CUrl
2010 036 19:14:49,DUrl
2010 036 21:11:00,DNologon
2010 039 09:19:00,Blogon
2010 039 09:38:09,BUrl
2010 039 12:01:33,CUrl
2010 039 19:39:17,DUrl
2010 039 20:01:14,DSendEmail
2010 039 20:06:08,DSendEmail
2010 039 20:15:52,DUrl
2010 039 20:24:02,DSendEmail
2010 039 20:53:45,DUrl
2010 039 21:12:00,DNologon
2010 040 09:18:00,Blogon
2010 040 09:21:46,BUrl
2010 040 12:39:50,CUrl
2010 040 18:20:22,DSendEmail
2010 040 18:21:50,DSendEmail
2010 040 18:37:41,DSendEmail
2010 040 19:02:33,DUrl
2010 040 21:14:00,DNologon
2010 041 09:17:00,Blogon
2010 041 09:31:00,BSendEmail
2010 041 09:44:29,BSendEmail
2010 041 10:19:53,BUrl
2010 041 12:01:25,CUrl
2010 041 16:48:06,CSendEmail
2010 041 17:00:15,CUrl
2010 041 18:44:44,DUrl
2010 041 21:15:00,DNologon
2010 042 09:19:00,Blogon
2010 042 09:22:11,BUrl
2010 042 12:01:57,CUrl
2010 042 18:23:36,DSendEmail
2010 042 18:24:00,DSendEmail
2010 042 19:24:57,DUrl
2010 042 20:31:07,DSendEmail
2010 042 20:37:46,DUrl
2010 042 21:15:00,DNologon
2010 043 09:18:00,Blogon
2010 043 09:24:18,BUrl
2010 043 11:28:25,BSendEmail
2010 043 11:48:08,BUrl
2010 043 12:42:57,CUrl
2010 043 14:59:30,CSendEmail
2010 043 15:10:12,CUrl
2010 043 18:44:47,DUrl
2010 043 19:46:40,DSendEmail
2010 043 19:53:08,DUrl
2010 043 21:11:00,DNologon
2010 046 09:13:00,Blogon
2010 046 09:22:20,BSendEmail
2010 046 09:23:31,BSendEmail
2010 046 09:25:31,BUrl
2010 046 09:39:22,BSendEmail
2010 046 10:12:56,BUrl
2010 046 12:11:55,CUrl
2010 046 18:03:13,DUrl
2010 046 21:30:00,DNologon
2010 047 09:16:00,Blogon
2010 047 09:41:45,BUrl
2010 047 10:06:27,BSendEmail
2010 047 10:37:34,BUrl
2010 047 13:11:23,CUrl
2010 047 15:16:54,CSendEmail
2010 047 15:24:59,CUrl
2010 047 17:24:50,CSendEmail
2010 047 17:46:49,CUrl
2010 047 18:06:58,DUrl
2010 047 21:11:00,DNologon
2010 048 09:14:00,Blogon
2010 048 10:23:41,BUrl
2010 048 14:51:49,CUrl
2010 048 16:46:35,CSendEmail
2010 048 17:11:22,CUrl
2010 048 18:02:51,DSendEmail
2010 048 18:17:42,DSendEmail
2010 048 21:23:24,DUrl
2010 048 21:28:00,DNologon
2010 049 09:02:00,Blogon
2010 049 09:35:51,BUrl
2010 049 12:36:20,CUrl
2010 049 12:59:48,CSendEmail
2010 049 13:00:28,CUrl
2010 049 13:06:22,CSendEmail
2010 049 13:07:38,CSendEmail
2010 049 13:12:42,CUrl
2010 049 18:02:07,DUrl
2010 049 21:28:00,DNologon
2010 050 09:01:00,Blogon
2010 050 11:17:41,BUrl
2010 050 14:45:26,CSendEmail
2010 050 15:12:26,CUrl
2010 050 18:58:39,DUrl
2010 050 21:28:00,DNologon
2010 053 09:15:00,Blogon
2010 053 09:16:07,BUrl
2010 053 12:00:56,CUrl
2010 053 18:23:35,DUrl
2010 053 19:50:34,DSendEmail
2010 053 20:18:32,DUrl
2010 053 21:20:05,DSendEmail
2010 053 21:22:15,DSendEmail
2010 053 21:24:00,DNologon
2010 054 09:05:00,Blogon
2010 054 09:26:55,BUrl
2010 054 10:07:33,BSendEmail
2010 054 10:07:47,BUrl
2010 054 10:35:25,BSendEmail
2010 054 11:11:22,BUrl
2010 054 11:15:07,BSendEmail
2010 054 11:18:58,BUrl
2010 054 12:03:27,CUrl
2010 054 18:08:13,DUrl
2010 054 21:22:00,DNologon
2010 055 09:18:00,Blogon
2010 055 09:23:19,BUrl
2010 055 12:01:39,CUrl
2010 055 17:33:12,CSendEmail
2010 055 17:39:39,CSendEmail
2010 055 17:42:41,CSendEmail
2010 055 19:43:46,DUrl
2010 055 21:11:00,DNologon
2010 056 09:21:00,Blogon
2010 056 09:26:13,BSendEmail
2010 056 09:26:35,BUrl
2010 056 09:27:16,BSendEmail
2010 056 09:28:28,BUrl
2010 056 11:39:17,BSendEmail
2010 056 11:59:54,BUrl
2010 056 12:03:23,CUrl
2010 056 18:03:21,DUrl
2010 056 21:12:00,DNologon
2010 057 09:03:00,Blogon
2010 057 09:08:29,BUrl
2010 057 12:10:42,CUrl
2010 057 15:25:09,CSendEmail
2010 057 15:39:25,CUrl
2010 057 16:04:14,CSendEmail
2010 057 16:12:48,CUrl
2010 057 16:24:00,CSendEmail
2010 057 17:40:18,CUrl
2010 057 18:28:24,DUrl
2010 057 21:28:00,DNologon
2010 060 09:01:00,Blogon
2010 060 09:05:59,BUrl
2010 060 12:31:36,CUrl
2010 060 16:56:54,CSendEmail
2010 060 17:09:09,CUrl
2010 060 17:33:39,CSendEmail
2010 060 17:46:07,CUrl
2010 060 18:19:21,DUrl
2010 060 20:05:48,DSendEmail
2010 060 20:25:18,DUrl
2010 060 21:28:00,DNologon
2010 061 09:15:00,Blogon
2010 061 09:23:04,BUrl
2010 061 13:08:47,CUrl
2010 061 14:22:43,CSendEmail
2010 061 14:25:41,CUrl
2010 061 17:04:03,CSendEmail
2010 061 17:20:30,CSendEmail
2010 061 17:28:15,CUrl
2010 061 18:12:41,DUrl
2010 061 21:12:00,DNologon
2010 062 09:19:00,Blogon
2010 062 09:33:28,BUrl
2010 062 12:09:33,CUrl
2010 062 13:58:08,CSendEmail
2010 062 14:29:43,CUrl
2010 062 18:04:34,DUrl
2010 062 20:26:48,DSendEmail
2010 062 20:30:42,DSendEmail
2010 062 21:01:47,DUrl
2010 062 21:10:00,DNologon
2010 063 09:17:00,Blogon
2010 063 09:42:25,BUrl
2010 063 12:22:37,CUrl
2010 063 18:12:52,DSendEmail
2010 063 18:16:36,DSendEmail
2010 063 18:18:15,DUrl
2010 063 18:24:13,DSendEmail
2010 063 19:05:18,DUrl
2010 063 21:09:00,DNologon
2010 064 09:20:00,Blogon
2010 064 09:52:37,BUrl
2010 064 12:33:49,CUrl
2010 064 18:13:57,DUrl
2010 064 18:15:17,DSendEmail
2010 064 18:25:10,DUrl
2010 064 18:43:30,DSendEmail
2010 064 19:09:44,DSendEmail
2010 064 19:44:31,DUrl
2010 064 21:10:00,DNologon
2010 067 09:18:00,Blogon
2010 067 09:19:59,BSendEmail
2010 067 09:20:15,BSendEmail
2010 067 09:42:52,BUrl
2010 067 12:01:42,CUrl
2010 067 18:44:18,DUrl
2010 067 21:11:09,DSendEmail
2010 067 21:13:00,DNologon
2010 068 09:02:00,Blogon
2010 068 11:04:23,BUrl
2010 068 12:57:29,CSendEmail
2010 068 13:00:58,CUrl
2010 068 13:43:39,CSendEmail
2010 068 14:14:33,CUrl
2010 068 15:09:29,CSendEmail
2010 068 15:09:58,CUrl
2010 068 18:03:48,DUrl
2010 068 21:30:00,DNologon
2010 069 09:01:00,Blogon
2010 069 09:03:11,BUrl
2010 069 12:09:53,CUrl
2010 069 17:58:27,CSendEmail
2010 069 18:01:29,DUrl
2010 069 20:00:42,DSendEmail
2010 069 20:03:39,DSendEmail
2010 069 20:53:03,DUrl
2010 069 21:20:00,DNologon
2010 070 09:04:00,Blogon
2010 070 09:11:06,BUrl
2010 070 12:56:52,CUrl
2010 070 17:19:38,CSendEmail
2010 070 17:22:22,CSendEmail
2010 070 17:24:17,CSendEmail
2010 070 17:58:44,CUrl
2010 070 19:24:10,DUrl
2010 070 21:21:00,DNologon
2010 071 09:04:00,Blogon
2010 071 09:15:47,BUrl
2010 071 12:39:54,CUrl
2010 071 18:00:47,DSendEmail
2010 071 18:04:24,DSendEmail
2010 071 18:55:38,DUrl
2010 071 19:26:23,DSendEmail
2010 071 20:43:33,DUrl
2010 071 21:22:00,DNologon
2010 074 09:10:00,Blogon
2010 074 09:31:36,BUrl
2010 074 12:35:27,CUrl
2010 074 16:21:34,CSendEmail
2010 074 16:34:00,CUrl
2010 074 16:47:33,CSendEmail
2010 074 16:49:31,CUrl
2010 074 16:59:01,CSendEmail
2010 074 17:02:47,CUrl
2010 074 18:30:20,DUrl
2010 074 21:28:00,DNologon
2010 075 09:21:00,Blogon
2010 075 09:26:17,BUrl
2010 075 12:14:56,CUrl
2010 075 14:36:36,CSendEmail
2010 075 14:40:34,CUrl
2010 075 14:59:53,CSendEmail
2010 075 15:10:30,CSendEmail
2010 075 15:39:17,CUrl
2010 075 18:45:29,DUrl
2010 075 21:11:00,DNologon
2010 076 09:03:00,Blogon
2010 076 09:20:40,BUrl
2010 076 12:15:43,CUrl
2010 076 14:53:23,CSendEmail
2010 076 15:04:42,CUrl
2010 076 18:01:32,DUrl
2010 076 18:57:31,DSendEmail
2010 076 18:58:20,DUrl
2010 076 20:10:41,DSendEmail
2010 076 20:23:19,DUrl
2010 076 21:23:00,DNologon
2010 077 09:19:00,Blogon
2010 077 09:20:29,BUrl
2010 077 10:57:28,BSendEmail
2010 077 11:00:55,BUrl
2010 077 12:44:53,CUrl
2010 077 16:38:08,CSendEmail
2010 077 16:51:33,CUrl
2010 077 18:37:22,DUrl
2010 077 21:10:25,DSendEmail
2010 077 21:18:00,DNologon
2010 078 09:00:00,Blogon
2010 078 09:03:10,BUrl
2010 078 12:23:36,CUrl
2010 078 15:43:21,CSendEmail
2010 078 15:43:53,CSendEmail
2010 078 15:43:54,CUrl
2010 078 15:44:21,CSendEmail
2010 078 16:21:28,CUrl
2010 078 18:19:47,DUrl
2010 078 21:29:00,DNologon
2010 081 09:13:00,Blogon
2010 081 09:32:00,BUrl
2010 081 10:17:16,BSendEmail
2010 081 10:21:36,BSendEmail
2010 081 10:26:08,BSendEmail
2010 081 10:34:45,BUrl
2010 081 12:41:02,CUrl
2010 081 18:44:32,DUrl
2010 081 21:16:00,DNologon
2010 082 09:16:00,Blogon
2010 082 09:18:36,BUrl
2010 082 12:46:56,CUrl
2010 082 16:02:02,CSendEmail
2010 082 16:03:42,CUrl
2010 082 16:32:36,CSendEmail
2010 082 17:48:25,CUrl
2010 082 18:01:18,DUrl
2010 082 19:11:36,DSendEmail
2010 082 19:28:53,DUrl
2010 082 21:17:00,DNologon
2010 083 09:03:00,Blogon
2010 083 09:08:17,BUrl
2010 083 10:56:48,BSendEmail
2010 083 11:34:57,BSendEmail
2010 083 11:55:24,BUrl
2010 083 12:03:57,CUrl
2010 083 12:09:49,CSendEmail
2010 083 12:31:01,CUrl
2010 083 18:52:12,DUrl
2010 083 21:17:00,DNologon
2010 084 09:15:00,Blogon
2010 084 09:23:22,BUrl
2010 084 10:46:02,BSendEmail
2010 084 10:52:33,BUrl
2010 084 12:46:31,CUrl
2010 084 18:23:03,DUrl
2010 084 20:46:55,DSendEmail
2010 084 20:47:02,DSendEmail
2010 084 20:47:45,DUrl
2010 084 21:10:00,DNologon
2010 085 09:11:00,Blogon
2010 085 09:16:39,BUrl
2010 085 12:00:04,CUrl
2010 085 14:39:12,CSendEmail
2010 085 15:13:45,CUrl
2010 085 15:16:25,CSendEmail
2010 085 15:20:27,CSendEmail
2010 085 16:00:59,CUrl
2010 085 18:12:39,DUrl
2010 085 21:23:00,DNologon
2010 088 09:03:00,Blogon
2010 088 09:33:27,BUrl
2010 088 12:12:49,CUrl
2010 088 18:09:47,DUrl
2010 088 18:39:17,DSendEmail
2010 088 18:45:47,DSendEmail
2010 088 18:45:55,DUrl
2010 088 18:47:30,DSendEmail
2010 088 18:48:53,DUrl
2010 088 21:21:00,DNologon
2010 089 09:06:00,Blogon
2010 089 09:08:00,BUrl
2010 089 12:41:55,CUrl
2010 089 18:59:25,DSendEmail
2010 089 19:43:03,DUrl
2010 089 20:06:53,DSendEmail
2010 089 20:09:24,DSendEmail
2010 089 20:16:39,DUrl
2010 089 21:10:00,DNologon
2010 090 09:12:00,Blogon
2010 090 09:20:33,BUrl
2010 090 12:03:33,CUrl
2010 090 15:04:45,CSendEmail
2010 090 15:18:15,CUrl
2010 090 15:33:14,CSendEmail
2010 090 16:17:15,CUrl
2010 090 18:10:25,DUrl
2010 090 20:50:53,DSendEmail
2010 090 20:58:27,DUrl
2010 090 21:21:00,DNologon
2010 091 09:00:00,Blogon
2010 091 09:08:13,BUrl
2010 091 12:31:17,CUrl
2010 091 15:16:22,CSendEmail
2010 091 15:37:24,CSendEmail
2010 091 15:52:43,CSendEmail
2010 091 15:54:46,CUrl
2010 091 18:00:23,DUrl
2010 091 21:19:00,DNologon
2010 095 09:00:00,Blogon
2010 095 09:51:53,BUrl
2010 095 12:28:59,CSendEmail
2010 095 12:36:23,CUrl
2010 095 12:54:41,CSendEmail
2010 095 13:17:10,CSendEmail
2010 095 13:59:42,CUrl
2010 095 18:50:58,DUrl
2010 095 21:25:00,DNologon
2010 096 09:05:00,Blogon
2010 096 09:12:58,BUrl
2010 096 12:10:04,CUrl
2010 096 16:26:17,CSendEmail
2010 096 16:44:53,CSendEmail
2010 096 17:05:31,CUrl
2010 096 18:28:07,DUrl
2010 096 18:44:54,DSendEmail
2010 096 19:11:37,DUrl
2010 096 21:15:00,DNologon
2010 097 09:01:00,Blogon
2010 097 09:11:13,BUrl
2010 097 13:54:34,CUrl
2010 097 18:22:59,DUrl
2010 097 20:23:30,DSendEmail
2010 097 20:25:42,DSendEmail
2010 097 20:40:52,DUrl
2010 097 21:05:37,DSendEmail
2010 097 21:13:22,DUrl
2010 097 21:22:00,DNologon
2010 098 09:16:00,Blogon
2010 098 10:08:07,BUrl
2010 098 12:26:46,CUrl
2010 098 15:11:32,CSendEmail
2010 098 15:12:10,CUrl
2010 098 15:21:08,CSendEmail
2010 098 15:26:08,CSendEmail
2010 098 15:56:00,CUrl
2010 098 18:05:01,DUrl
2010 098 21:15:00,DNologon
2010 099 09:17:00,Blogon
2010 099 09:59:27,BUrl
2010 099 12:04:12,CUrl
2010 099 13:50:36,CSendEmail
2010 099 13:52:23,CSendEmail
2010 099 13:54:28,CSendEmail
2010 099 13:55:46,CUrl
2010 099 19:14:38,DUrl
2010 099 21:12:00,DNologon
2010 102 09:17:00,Blogon
2010 102 09:56:03,BUrl
2010 102 12:08:11,CUrl
2010 102 18:09:05,DUrl
2010 102 19:06:29,DSendEmail
2010 102 19:07:09,DSendEmail
2010 102 19:12:37,DSendEmail
2010 102 19:15:35,DUrl
2010 102 21:20:00,DNologon
2010 103 09:05:00,Blogon
2010 103 09:09:34,BUrl
2010 103 11:30:46,BSendEmail
2010 103 11:33:08,BSendEmail
2010 103 11:34:34,BSendEmail
2010 103 11:47:00,BUrl
2010 103 12:08:08,CUrl
2010 103 18:29:41,DUrl
2010 103 21:09:00,DNologon
2010 104 09:12:00,Blogon
2010 104 12:53:39,CUrl
2010 104 18:19:13,DSendEmail
2010 104 18:48:25,DUrl
2010 104 19:37:53,DSendEmail
2010 104 21:17:00,DNologon
2010 105 09:21:00,Blogon
2010 105 09:52:08,BUrl
2010 105 12:29:15,CUrl
2010 105 15:29:57,CSendEmail
2010 105 16:34:38,CUrl
2010 105 18:07:44,DSendEmail
2010 105 18:10:12,DUrl
2010 105 21:09:49,DSendEmail
2010 105 21:15:00,DNologon
2010 106 09:17:00,Blogon
2010 106 09:24:33,BUrl
2010 106 12:41:40,CUrl
2010 106 14:27:49,CSendEmail
2010 106 14:51:27,CSendEmail
2010 106 15:26:47,CSendEmail
2010 106 15:27:57,CUrl
2010 106 18:05:37,DUrl
2010 106 21:29:00,DNologon
2010 109 09:09:00,Blogon
2010 109 09:19:26,BUrl
2010 109 09:24:10,BSendEmail
2010 109 09:28:16,BUrl
2010 109 09:40:03,BSendEmail
2010 109 09:44:48,BUrl
2010 109 10:37:33,BSendEmail
2010 109 10:51:55,BUrl
2010 109 12:02:54,CUrl
2010 109 18:00:09,DUrl
2010 109 21:23:00,DNologon
2010 110 09:21:00,Blogon
2010 110 09:27:39,BUrl
2010 110 11:15:07,BSendEmail
2010 110 11:18:04,BUrl
2010 110 12:30:01,CUrl
2010 110 15:52:53,CSendEmail
2010 110 15:53:27,CSendEmail
2010 110 15:57:26,CUrl
2010 110 18:37:43,DUrl
2010 110 21:21:00,DNologon
2010 111 09:15:00,Blogon
2010 111 09:17:15,BUrl
2010 111 09:35:08,BSendEmail
2010 111 09:40:11,BUrl
2010 111 12:29:25,CUrl
2010 111 18:02:51,DUrl
2010 111 20:58:26,DSendEmail
2010 111 21:07:32,DSendEmail
2010 111 21:26:00,DNologon
2010 112 09:18:00,Blogon
2010 112 09:35:59,BUrl
2010 112 12:13:11,CSendEmail
2010 112 12:15:54,CUrl
2010 112 13:22:11,CSendEmail
2010 112 13:39:31,CUrl
2010 112 13:53:21,CSendEmail
2010 112 14:46:51,CUrl
2010 112 18:16:44,DUrl
2010 112 21:27:00,DNologon
2010 113 09:18:00,Blogon
2010 113 09:27:53,BUrl
2010 113 10:15:25,BSendEmail
2010 113 10:16:48,BSendEmail
2010 113 10:20:51,BUrl
2010 113 10:22:18,BSendEmail
2010 113 10:23:28,BUrl
2010 113 12:04:11,CUrl
2010 113 18:17:19,DUrl
2010 113 21:14:00,DNologon
2010 116 09:15:00,Blogon
2010 116 09:16:25,BUrl
2010 116 12:44:32,CUrl
2010 116 16:27:26,CSendEmail
2010 116 16:42:44,CSendEmail
2010 116 16:56:28,CSendEmail
2010 116 17:03:51,CUrl
2010 116 18:08:08,DUrl
2010 116 21:09:00,DNologon
2010 117 09:10:00,Blogon
2010 117 09:27:52,BUrl
2010 117 12:24:47,CUrl
2010 117 14:05:25,CSendEmail
2010 117 14:05:28,CUrl
2010 117 14:07:55,CSendEmail
2010 117 14:21:35,CUrl
2010 117 15:30:45,CSendEmail
2010 117 15:57:53,CUrl
2010 117 18:48:59,DUrl
2010 117 21:17:00,DNologon
2010 118 09:05:00,Blogon
2010 118 09:09:21,BUrl
2010 118 13:10:17,CUrl
2010 118 16:03:58,CSendEmail
2010 118 16:29:03,CSendEmail
2010 118 16:35:54,CUrl
2010 118 16:43:00,CSendEmail
2010 118 16:59:40,CUrl
2010 118 18:11:15,DUrl
2010 118 21:29:00,DNologon
2010 119 09:21:00,Blogon
2010 119 09:29:28,BUrl
2010 119 12:40:35,CUrl
2010 119 18:29:57,DUrl
2010 119 19:46:21,DSendEmail
2010 119 20:03:59,DSendEmail
2010 119 20:04:23,DSendEmail
2010 119 20:06:53,DUrl
2010 119 21:13:00,DNologon
2010 120 09:03:00,Blogon
2010 120 09:13:40,BUrl
2010 120 12:13:05,CUrl
2010 120 14:36:17,CSendEmail
2010 120 14:41:50,CUrl
2010 120 15:56:55,CSendEmail
2010 120 16:26:49,CSendEmail
2010 120 16:29:39,CUrl
2010 120 18:06:16,DUrl
2010 120 21:29:00,DNologon
2010 123 09:17:00,Blogon
2010 123 09:36:37,BUrl
2010 123 12:20:19,CUrl
2010 123 15:38:07,CSendEmail
2010 123 16:03:32,CUrl
2010 123 18:09:17,DUrl
2010 123 19:42:33,DSendEmail
2010 123 19:56:58,DUrl
2010 123 20:48:48,DSendEmail
2010 123 21:04:31,DUrl
2010 123 21:10:00,DNologon
2010 124 09:17:00,Blogon
2010 124 09:20:14,BUrl
2010 124 10:02:50,BSendEmail
2010 124 10:42:25,BUrl
2010 124 12:24:06,CUrl
2010 124 14:12:20,CSendEmail
2010 124 14:20:17,CUrl
2010 124 14:26:18,CSendEmail
2010 124 14:53:48,CUrl
2010 124 18:49:02,DUrl
2010 124 21:15:00,DNologon
2010 125 09:19:00,Blogon
2010 125 09:27:58,BSendEmail
2010 125 09:29:58,BSendEmail
2010 125 09:31:41,BSendEmail
2010 125 10:11:01,BUrl
2010 125 12:22:26,CUrl
2010 125 18:43:12,DUrl
2010 125 21:14:00,DNologon
2010 126 09:20:00,Blogon
2010 126 09:35:27,BUrl
2010 126 10:15:00,BSendEmail
2010 126 11:12:40,BSendEmail
2010 126 11:15:18,BSendEmail
2010 126 11:18:18,BUrl
2010 126 12:00:38,CUrl
2010 126 18:59:52,DUrl
2010 126 21:13:00,DNologon
2010 127 09:16:00,Blogon
2010 127 09:17:55,BUrl
2010 127 14:01:25,CUrl
2010 127 14:14:03,CSendEmail
2010 127 14:43:24,CUrl
2010 127 18:59:46,DUrl
2010 127 21:19:00,DNologon
2010 130 09:18:00,Blogon
2010 130 09:19:03,BUrl
2010 130 12:01:24,CSendEmail
2010 130 12:26:04,CUrl
2010 130 18:27:01,DUrl
2010 130 21:04:24,DSendEmail
2010 130 21:07:39,DUrl
2010 130 21:10:09,DSendEmail
2010 130 21:10:50,DUrl
2010 130 21:14:00,DNologon
2010 131 09:12:00,Blogon
2010 131 09:26:39,BUrl
2010 131 09:39:12,BSendEmail
2010 131 09:47:34,BUrl
2010 131 10:01:17,BSendEmail
2010 131 10:10:05,BUrl
2010 131 12:18:40,CUrl
2010 131 16:24:54,CSendEmail
2010 131 17:51:25,CUrl
2010 131 18:24:14,DUrl
2010 131 21:24:00,DNologon
2010 132 09:03:00,Blogon
2010 132 09:27:11,BUrl
2010 132 11:11:37,BSendEmail
2010 132 11:27:07,BSendEmail
2010 132 12:48:33,CUrl
2010 132 18:51:51,DUrl
2010 132 21:09:00,DNologon
2010 133 09:05:00,Blogon
2010 133 09:06:20,BUrl
2010 133 12:17:16,CUrl
2010 133 16:26:42,CSendEmail
2010 133 16:31:31,CSendEmail
2010 133 16:54:15,CSendEmail
2010 133 16:59:23,CUrl
2010 133 18:03:21,DUrl
2010 133 21:30:00,DNologon
2010 134 09:09:00,Blogon
2010 134 09:21:58,BUrl
2010 134 12:01:33,CUrl
2010 134 17:25:21,CSendEmail
2010 134 17:30:55,CUrl
2010 134 17:37:49,CSendEmail
2010 134 17:41:08,CSendEmail
2010 134 17:46:10,CUrl
2010 134 18:15:55,DUrl
2010 134 21:17:00,DNologon
2010 137 09:20:00,Blogon
2010 137 09:28:58,BUrl
2010 137 12:11:29,CUrl
2010 137 18:35:16,DUrl
2010 137 19:48:37,DSendEmail
2010 137 19:51:30,DSendEmail
2010 137 19:57:22,DUrl
2010 137 19:57:23,DSendEmail
2010 137 20:35:34,DUrl
2010 137 21:13:00,DNologon
2010 138 09:02:00,Blogon
2010 138 09:10:43,BUrl
2010 138 09:44:01,BSendEmail
2010 138 10:20:21,BSendEmail
2010 138 10:24:33,BUrl
2010 138 12:26:37,CUrl
2010 138 12:29:10,CSendEmail
2010 138 12:31:48,CUrl
2010 138 18:32:25,DUrl
2010 138 21:20:00,DNologon
2010 139 09:02:00,Blogon
2010 139 09:05:21,BUrl
2010 139 12:41:21,CUrl
2010 139 18:05:45,DUrl
2010 139 20:19:42,DSendEmail
2010 139 20:56:51,DSendEmail
2010 139 21:01:30,DUrl
2010 139 21:16:40,DSendEmail
2010 139 21:29:00,DNologon
2010 140 09:14:00,Blogon
2010 140 09:25:15,BUrl
2010 140 12:30:39,CUrl
2010 140 13:50:28,CSendEmail
2010 140 13:51:57,CSendEmail
2010 140 14:06:46,CUrl
2010 140 14:16:18,CSendEmail
2010 140 14:21:15,CUrl
2010 140 18:08:54,DUrl
2010 140 21:14:00,DNologon
2010 141 09:09:00,Blogon
2010 141 09:12:04,BUrl
2010 141 12:38:41,CUrl
2010 141 12:55:45,CSendEmail
2010 141 12:55:53,CSendEmail
2010 141 12:56:37,CSendEmail
2010 141 13:11:19,CUrl
2010 141 18:06:17,DUrl
2010 141 21:22:00,DNologon
2010 144 09:19:00,Blogon
2010 144 09:20:08,BUrl
2010 144 11:01:04,BSendEmail
2010 144 11:04:04,BUrl
2010 144 11:05:36,BSendEmail
2010 144 11:12:08,BSendEmail
2010 144 12:31:00,CUrl
2010 144 18:22:38,DUrl
2010 144 21:13:00,DNologon
2010 145 09:18:00,Blogon
2010 145 10:29:13,BUrl
2010 145 12:09:13,CUrl
2010 145 13:23:46,CSendEmail
2010 145 13:33:37,CUrl
2010 145 15:48:27,CSendEmail
2010 145 15:56:14,CUrl
2010 145 16:01:14,CSendEmail
2010 145 16:02:33,CUrl
2010 145 18:36:32,DUrl
2010 145 21:12:00,DNologon
2010 146 09:20:00,Blogon
2010 146 09:33:18,BUrl
2010 146 10:05:28,BSendEmail
2010 146 10:24:16,BUrl
2010 146 12:59:36,CUrl
2010 146 13:34:09,CSendEmail
2010 146 13:47:38,CUrl
2010 146 14:42:27,CSendEmail
2010 146 16:25:54,CUrl
2010 146 18:47:13,DUrl
2010 146 21:11:00,DNologon
2010 147 09:07:00,Blogon
2010 147 09:09:39,BUrl
2010 147 10:04:14,BSendEmail
2010 147 10:40:13,BUrl
2010 147 12:29:39,CUrl
2010 147 18:23:07,DSendEmail
2010 147 18:32:39,DUrl
2010 147 18:42:56,DSendEmail
2010 147 19:05:17,DUrl
2010 147 21:28:00,DNologon
2010 148 09:04:00,Blogon
2010 148 09:35:15,BUrl
2010 148 13:02:24,CUrl
2010 148 17:53:54,CSendEmail
2010 148 17:55:08,CUrl
2010 148 17:57:33,CSendEmail
2010 148 19:16:23,DUrl
2010 148 21:22:00,DNologon
2010 152 09:20:00,Blogon
2010 152 09:28:04,BUrl
2010 152 11:25:05,BSendEmail
2010 152 12:23:30,CUrl
2010 152 15:28:31,CSendEmail
2010 152 15:50:58,CUrl
2010 152 18:30:30,DUrl
2010 152 19:47:19,DSendEmail
2010 152 20:24:31,DUrl
2010 152 21:13:00,DNologon
2010 153 09:13:00,Blogon
2010 153 11:51:41,BUrl
2010 153 12:00:01,CUrl
2010 153 12:24:13,CSendEmail
2010 153 12:26:56,CSendEmail
2010 153 12:37:47,CSendEmail
2010 153 15:33:47,CUrl
2010 153 18:09:55,DUrl
2010 153 21:12:00,DNologon
2010 154 09:14:00,Blogon
2010 154 09:22:46,BUrl
2010 154 12:07:36,CSendEmail
2010 154 12:15:06,CUrl
2010 154 18:07:14,DUrl
2010 154 19:29:22,DSendEmail
2010 154 19:31:00,DUrl
2010 154 19:31:12,DSendEmail
2010 154 20:29:32,DUrl
2010 154 21:26:00,DNologon
2010 155 09:15:00,Blogon
2010 155 09:35:41,BUrl
2010 155 12:19:29,CUrl
2010 155 18:04:33,DUrl
2010 155 21:00:15,DSendEmail
2010 155 21:00:46,DSendEmail
2010 155 21:04:38,DUrl
2010 155 21:11:11,DSendEmail
2010 155 21:15:00,DNologon
2010 158 09:15:00,Blogon
2010 158 09:33:51,BUrl
2010 158 12:06:43,CSendEmail
2010 158 12:19:36,CUrl
2010 158 18:39:32,DUrl
2010 158 18:57:48,DSendEmail
2010 158 19:06:28,DUrl
2010 158 19:11:57,DSendEmail
2010 158 19:37:08,DUrl
2010 158 21:18:00,DNologon
2010 159 09:20:00,Blogon
2010 159 09:28:04,BUrl
2010 159 11:23:41,BSendEmail
2010 159 11:29:04,BSendEmail
2010 159 12:14:23,CUrl
2010 159 15:03:21,CSendEmail
2010 159 15:03:27,CUrl
2010 159 18:22:18,DUrl
2010 159 21:09:00,DNologon
2010 160 09:05:00,Blogon
2010 160 09:12:58,BUrl
2010 160 12:28:57,CUrl
2010 160 12:52:00,CSendEmail
2010 160 12:56:41,CUrl
2010 160 13:02:28,CSendEmail
2010 160 13:03:48,CSendEmail
2010 160 13:37:51,CUrl
2010 160 18:09:56,DUrl
2010 160 21:27:00,DNologon
2010 161 09:06:00,Blogon
2010 161 09:11:53,BUrl
2010 161 12:16:05,CUrl
2010 161 14:34:21,CSendEmail
2010 161 14:41:50,CUrl
2010 161 14:54:11,CSendEmail
2010 161 15:32:34,CSendEmail
2010 161 16:01:16,CUrl
2010 161 18:17:26,DUrl
2010 161 21:28:00,DNologon
2010 162 09:15:00,Blogon
2010 162 09:28:45,BUrl
2010 162 09:41:14,BSendEmail
2010 162 09:57:45,BUrl
2010 162 10:31:28,BSendEmail
2010 162 10:32:53,BUrl
2010 162 11:34:38,BSendEmail
2010 162 12:23:30,CUrl
2010 162 18:51:36,DUrl
2010 162 21:10:00,DNologon
2010 165 09:09:00,Blogon
2010 165 09:29:55,BUrl
2010 165 12:03:43,CUrl
2010 165 15:04:23,CSendEmail
2010 165 15:09:15,CSendEmail
2010 165 15:30:50,CUrl
2010 165 18:03:00,DUrl
2010 165 20:52:31,DSendEmail
2010 165 21:16:04,DUrl
2010 165 21:21:00,DNologon
2010 166 09:17:00,Blogon
2010 166 09:21:01,BUrl
2010 166 12:09:50,CUrl
2010 166 15:37:52,CSendEmail
2010 166 15:51:01,CUrl
2010 166 17:57:56,CSendEmail
2010 166 18:12:24,DUrl
2010 166 18:40:53,DSendEmail
2010 166 20:04:03,DUrl
2010 166 21:16:00,DNologon
2010 167 09:18:00,Blogon
2010 167 09:31:05,BUrl
2010 167 12:59:15,CUrl
2010 167 14:08:46,CSendEmail
2010 167 14:20:09,CUrl
2010 167 14:25:11,CSendEmail
2010 167 14:34:08,CSendEmail
2010 167 15:09:17,CUrl
2010 167 18:20:04,DUrl
2010 167 21:18:00,DNologon
2010 168 09:21:00,Blogon
2010 168 09:36:39,BUrl
2010 168 12:26:48,CUrl
2010 168 17:07:13,CSendEmail
2010 168 17:16:39,CUrl
2010 168 18:37:56,DUrl
2010 168 19:40:16,DSendEmail
2010 168 20:04:35,DUrl
2010 168 20:42:59,DSendEmail
2010 168 20:55:08,DUrl
2010 168 21:11:00,DNologon
2010 169 09:16:00,Blogon
2010 169 09:27:04,BUrl
2010 169 12:12:43,CSendEmail
2010 169 12:36:03,CSendEmail
2010 169 13:29:41,CUrl
2010 169 18:00:12,DUrl
2010 169 20:41:37,DSendEmail
2010 169 21:03:36,DUrl
2010 169 21:13:00,DNologon
2010 172 09:07:00,Blogon
2010 172 09:13:19,BUrl
2010 172 12:37:53,CUrl
2010 172 18:03:26,DUrl
2010 172 20:29:56,DSendEmail
2010 172 20:30:21,DSendEmail
2010 172 20:31:52,DUrl
2010 172 20:32:34,DSendEmail
2010 172 20:44:24,DUrl
2010 172 21:13:00,DNologon
2010 173 09:13:00,Blogon
2010 173 09:18:41,BUrl
2010 173 12:09:35,CUrl
2010 173 15:54:24,CSendEmail
2010 173 16:33:59,CUrl
2010 173 17:36:48,CSendEmail
2010 173 17:45:35,CUrl
2010 173 18:49:45,DUrl
2010 173 21:26:25,DSendEmail
2010 173 21:29:00,DNologon
2010 174 09:13:00,Blogon
2010 174 09:32:49,BUrl
2010 174 13:25:12,CUrl
2010 174 17:44:52,CSendEmail
2010 174 17:57:00,CSendEmail
2010 174 18:07:55,DUrl
2010 174 18:31:58,DSendEmail
2010 174 18:40:55,DUrl
2010 174 21:28:00,DNologon
2010 175 09:17:00,Blogon
2010 175 09:22:32,BSendEmail
2010 175 09:29:33,BUrl
2010 175 12:28:34,CUrl
2010 175 18:27:59,DUrl
2010 175 19:54:04,DSendEmail
2010 175 20:34:01,DSendEmail
2010 175 20:38:55,DUrl
2010 175 21:14:00,DNologon
2010 176 09:09:00,Blogon
2010 176 09:11:28,BUrl
2010 176 10:53:03,BSendEmail
2010 176 10:58:53,BUrl
2010 176 12:04:33,CUrl
2010 176 12:43:57,CSendEmail
2010 176 12:45:25,CUrl
2010 176 14:53:00,CSendEmail
2010 176 14:53:23,CUrl
2010 176 18:53:23,DUrl
2010 176 21:19:00,DNologon
2010 179 09:15:00,Blogon
2010 179 09:26:48,BUrl
2010 179 12:15:07,CUrl
2010 179 12:21:18,CSendEmail
2010 179 12:25:51,CSendEmail
2010 179 13:28:41,CUrl
2010 179 15:51:22,CSendEmail
2010 179 17:00:00,CUrl
2010 179 18:00:35,DUrl
2010 179 21:20:00,DNologon
2010 180 09:15:00,Blogon
2010 180 09:26:37,BUrl
2010 180 10:07:46,BSendEmail
2010 180 10:13:00,BUrl
2010 180 12:50:45,CUrl
2010 180 15:06:02,CSendEmail
2010 180 15:31:38,CUrl
2010 180 18:58:26,DUrl
2010 180 20:51:19,DSendEmail
2010 180 20:58:04,DUrl
2010 180 21:14:00,DNologon
2010 181 09:19:00,Blogon
2010 181 09:57:49,BUrl
2010 181 11:23:06,BSendEmail
2010 181 11:23:20,BSendEmail
2010 181 11:23:29,BUrl
2010 181 12:26:29,CUrl
2010 181 13:17:26,CSendEmail
2010 181 13:29:32,CUrl
2010 181 18:48:16,DUrl
2010 181 21:14:00,DNologon
2010 182 09:10:00,Blogon
2010 182 09:16:03,BUrl
2010 182 10:16:21,BSendEmail
2010 182 10:26:53,BUrl
2010 182 12:03:30,CUrl
2010 182 18:29:41,DUrl
2010 182 21:24:20,DSendEmail
2010 182 21:25:23,DSendEmail
2010 182 21:26:07,DUrl
2010 182 21:29:00,DNologon
2010 183 09:09:00,Blogon
2010 183 09:12:41,BUrl
2010 183 11:38:21,BSendEmail
2010 183 11:38:39,BSendEmail
2010 183 12:16:24,CUrl
2010 183 18:04:45,DUrl
2010 183 19:38:37,DSendEmail
2010 183 20:13:21,DUrl
2010 183 21:27:00,DNologon
2010 187 09:03:00,Blogon
2010 187 09:09:06,BSendEmail
2010 187 09:10:03,BUrl
2010 187 10:23:31,BSendEmail
2010 187 10:29:35,BUrl
2010 187 12:03:37,CUrl
2010 187 13:02:29,CSendEmail
2010 187 14:14:17,CUrl
2010 187 19:24:57,DUrl
2010 187 21:10:00,DNologon
2010 188 09:18:00,Blogon
2010 188 09:24:41,BUrl
2010 188 12:05:23,CUrl
2010 188 15:41:37,CSendEmail
2010 188 15:44:14,CUrl
2010 188 18:08:12,DUrl
2010 188 19:21:20,DSendEmail
2010 188 19:22:32,DSendEmail
2010 188 19:28:07,DUrl
2010 188 21:13:00,DNologon
2010 189 09:02:00,Blogon
2010 189 09:16:28,BUrl
2010 189 12:18:22,CUrl
2010 189 12:48:13,CSendEmail
2010 189 12:48:24,CSendEmail
2010 189 13:19:31,CUrl
2010 189 14:26:35,CSendEmail
2010 189 14:50:22,CUrl
2010 189 18:30:53,DUrl
2010 189 21:23:00,DNologon
2010 190 09:21:00,Blogon
2010 190 09:22:08,BSendEmail
2010 190 09:24:36,BUrl
2010 190 13:41:37,CUrl
2010 190 16:21:16,CSendEmail
2010 190 16:40:55,CSendEmail
2010 190 17:15:29,CUrl
2010 190 18:04:08,DUrl
2010 190 21:14:00,DNologon
2010 193 09:20:00,Blogon
2010 193 09:28:10,BUrl
2010 193 12:12:59,CUrl
2010 193 14:06:36,CSendEmail
2010 193 14:23:06,CSendEmail
2010 193 14:52:50,CUrl
2010 193 15:57:50,CSendEmail
2010 193 16:33:19,CUrl
2010 193 18:10:50,DUrl
2010 193 21:11:00,DNologon
2010 194 09:21:00,Blogon
2010 194 10:00:29,BUrl
2010 194 10:30:57,BSendEmail
2010 194 10:40:24,BSendEmail
2010 194 10:44:35,BSendEmail
2010 194 10:47:36,BUrl
2010 194 12:04:20,CUrl
2010 194 18:49:15,DUrl
2010 194 21:12:00,DNologon
2010 195 09:19:00,Blogon
2010 195 09:28:31,BUrl
2010 195 12:02:06,CUrl
2010 195 12:05:03,CSendEmail
2010 195 12:15:30,CUrl
2010 195 15:51:18,CSendEmail
2010 195 15:58:55,CUrl
2010 195 17:55:37,CSendEmail
2010 195 18:04:29,DUrl
2010 195 21:10:00,DNologon
2010 196 09:21:00,Blogon
2010 196 09:35:30,BUrl
2010 196 12:07:39,CUrl
2010 196 14:24:19,CSendEmail
2010 196 14:39:04,CSendEmail
2010 196 14:47:58,CUrl
2010 196 15:34:34,CSendEmail
2010 196 15:37:44,CUrl
2010 196 18:07:11,DUrl
2010 196 21:25:00,DNologon
2010 197 09:15:00,Blogon
2010 197 09:22:55,BUrl
2010 197 12:33:36,CUrl
2010 197 18:23:53,DSendEmail
2010 197 18:24:29,DSendEmail
2010 197 18:28:24,DUrl
2010 197 18:33:25,DSendEmail
2010 197 18:51:45,DUrl
2010 197 21:14:00,DNologon
2010 200 09:19:00,Blogon
2010 200 09:25:59,BUrl
2010 200 13:15:13,CUrl
2010 200 15:29:07,CSendEmail
2010 200 15:49:49,CSendEmail
2010 200 16:02:15,CUrl
2010 200 18:49:22,DUrl
2010 200 19:28:15,DSendEmail
2010 200 20:14:54,DUrl
2010 200 21:14:00,DNologon
2010 201 09:21:00,Blogon
2010 201 09:36:01,BUrl
2010 201 12:34:16,CUrl
2010 201 14:47:40,CSendEmail
2010 201 15:09:31,CUrl
2010 201 15:10:09,CSendEmail
2010 201 16:02:21,CUrl
2010 201 18:02:18,DUrl
2010 201 21:09:14,DSendEmail
2010 201 21:12:00,DNologon
2010 202 09:13:00,Blogon
2010 202 09:18:57,BUrl
2010 202 12:06:25,CUrl
2010 202 15:23:31,CSendEmail
2010 202 15:46:25,CUrl
2010 202 18:07:55,DUrl
2010 202 19:50:35,DSendEmail
2010 202 19:53:24,DSendEmail
2010 202 19:59:47,DUrl
2010 202 21:09:00,DNologon
2010 203 09:14:00,Blogon
2010 203 09:21:29,BUrl
2010 203 12:44:39,CUrl
2010 203 18:06:14,DSendEmail
2010 203 18:17:06,DUrl
2010 203 18:19:24,DSendEmail
2010 203 18:22:42,DSendEmail
2010 203 18:44:12,DUrl
2010 203 21:19:00,DNologon
2010 204 09:16:00,Blogon
2010 204 09:43:07,BUrl
2010 204 12:06:19,CUrl
2010 204 14:42:39,CSendEmail
2010 204 14:47:30,CUrl
2010 204 14:50:29,CSendEmail
2010 204 15:53:27,CUrl
2010 204 17:47:59,CSendEmail
2010 204 17:56:07,CUrl
2010 204 18:06:17,DUrl
2010 204 21:13:00,DNologon
2010 207 09:20:00,Blogon
2010 207 09:29:10,BUrl
2010 207 12:04:44,CUrl
2010 207 18:26:08,DUrl
2010 207 21:07:06,DSendEmail
2010 207 21:07:18,DSendEmail
2010 207 21:07:56,DSendEmail
2010 207 21:09:00,DNologon
2010 208 09:19:00,Blogon
2010 208 09:22:34,BUrl
2010 208 12:17:13,CUrl
2010 208 12:47:24,CSendEmail
2010 208 13:04:34,CUrl
2010 208 19:04:01,DSendEmail
2010 208 19:07:08,DSendEmail
2010 208 19:12:55,DUrl
2010 208 21:12:00,DNologon
2010 209 09:21:00,Blogon
2010 209 09:45:12,BUrl
2010 209 13:04:20,CUrl
2010 209 14:35:56,CSendEmail
2010 209 14:37:07,CUrl
2010 209 18:06:38,DUrl
2010 209 20:25:10,DSendEmail
2010 209 20:27:12,DUrl
2010 209 20:28:19,DSendEmail
2010 209 20:50:06,DUrl
2010 209 21:14:00,DNologon
2010 210 09:04:00,Blogon
2010 210 09:08:17,BSendEmail
2010 210 10:02:56,BUrl
2010 210 12:10:08,CUrl
2010 210 14:40:59,CSendEmail
2010 210 14:44:50,CUrl
2010 210 18:02:07,DUrl
2010 210 19:43:38,DSendEmail
2010 210 19:49:56,DUrl
2010 210 21:25:00,DNologon
2010 211 09:19:00,Blogon
2010 211 09:36:13,BUrl
2010 211 12:05:16,CUrl
2010 211 16:03:55,CSendEmail
2010 211 16:04:18,CSendEmail
2010 211 16:46:06,CUrl
2010 211 18:39:28,DSendEmail
2010 211 18:47:08,DUrl
2010 211 21:14:00,DNologon
2010 214 09:21:00,Blogon
2010 214 10:18:09,BUrl
2010 214 10:56:15,BSendEmail
2010 214 10:56:57,BUrl
2010 214 11:03:02,BSendEmail
2010 214 11:03:13,BSendEmail
2010 214 11:34:33,BUrl
2010 214 12:18:43,CUrl
2010 214 18:20:47,DUrl
2010 214 21:12:00,DNologon
2010 215 09:16:00,Blogon
2010 215 09:55:57,BUrl
2010 215 12:16:35,CUrl
2010 215 13:39:54,CSendEmail
2010 215 13:39:57,CUrl
2010 215 13:40:00,CSendEmail
2010 215 13:52:23,CUrl
2010 215 18:26:20,DUrl
2010 215 20:12:01,DSendEmail
2010 215 20:23:43,DUrl
2010 215 21:09:00,DNologon
2010 216 09:15:00,Blogon
2010 216 09:22:12,BUrl
2010 216 12:05:23,CUrl
2010 216 19:05:47,DSendEmail
2010 216 19:16:18,DUrl
2010 216 20:20:02,DSendEmail
2010 216 20:30:28,DSendEmail
2010 216 20:38:37,DUrl
2010 216 21:16:00,DNologon
2010 217 09:14:00,Blogon
2010 217 09:38:07,BUrl
2010 217 12:16:45,CUrl
2010 217 15:03:47,CSendEmail
2010 217 15:09:14,CUrl
2010 217 18:11:50,DUrl
2010 217 20:15:07,DSendEmail
2010 217 20:26:33,DSendEmail
2010 217 20:50:44,DUrl
2010 217 21:27:00,DNologon
2010 218 09:18:00,Blogon
2010 218 09:21:03,BUrl
2010 218 09:38:43,BSendEmail
2010 218 09:46:42,BUrl
2010 218 12:19:11,CUrl
2010 218 15:12:42,CSendEmail
2010 218 15:13:38,CSendEmail
2010 218 15:15:45,CUrl
2010 218 18:18:25,DUrl
2010 218 21:10:00,DNologon
2010 221 09:15:00,Blogon
2010 221 09:22:36,BUrl
2010 221 11:15:40,BSendEmail
2010 221 11:16:36,BUrl
2010 221 12:07:17,CSendEmail
2010 221 12:51:12,CSendEmail
2010 221 12:51:18,CUrl
2010 221 18:23:28,DUrl
2010 221 21:11:00,DNologon
2010 222 09:21:00,Blogon
2010 222 09:44:11,BUrl
2010 222 10:27:19,BSendEmail
2010 222 10:29:16,BUrl
2010 222 12:19:09,CUrl
2010 222 13:32:29,CSendEmail
2010 222 13:41:37,CUrl
2010 222 18:02:20,DSendEmail
2010 222 18:11:44,DUrl
2010 222 21:19:00,DNologon
2010 223 09:05:00,Blogon
2010 223 09:23:04,BUrl
2010 223 12:05:11,CUrl
2010 223 18:11:36,DSendEmail
2010 223 18:22:25,DUrl
2010 223 20:31:18,DSendEmail
2010 223 20:42:21,DSendEmail
2010 223 20:48:16,DUrl
2010 223 21:13:00,DNologon
2010 224 09:01:00,Blogon
2010 224 09:29:18,BUrl
2010 224 12:10:46,CUrl
2010 224 14:15:17,CSendEmail
2010 224 14:20:20,CUrl
2010 224 15:32:34,CSendEmail
2010 224 15:50:36,CSendEmail
2010 224 15:50:54,CUrl
2010 224 18:08:04,DUrl
2010 224 21:21:00,DNologon
2010 225 09:20:00,Blogon
2010 225 09:24:49,BUrl
2010 225 12:35:18,CUrl
2010 225 15:49:51,CSendEmail
2010 225 15:57:43,CSendEmail
2010 225 16:00:52,CSendEmail
2010 225 16:30:59,CUrl
2010 225 18:03:18,DUrl
2010 225 21:11:00,DNologon
2010 228 09:11:00,Blogon
2010 228 09:15:03,BUrl
2010 228 09:45:14,BSendEmail
2010 228 09:47:22,BUrl
2010 228 12:28:59,CUrl
2010 228 15:02:57,CSendEmail
2010 228 15:04:28,CUrl
2010 228 15:49:28,CSendEmail
2010 228 16:02:57,CUrl
2010 228 18:33:24,DUrl
2010 228 21:13:00,DNologon
2010 229 09:21:00,Blogon
2010 229 09:23:39,BUrl
2010 229 12:06:45,CUrl
2010 229 13:29:57,CSendEmail
2010 229 14:00:37,CUrl
2010 229 15:11:27,CSendEmail
2010 229 15:27:16,CSendEmail
2010 229 16:03:34,CUrl
2010 229 18:09:25,DUrl
2010 229 21:10:00,DNologon
2010 230 09:13:00,Blogon
2010 230 09:18:11,BUrl
2010 230 09:30:13,BSendEmail
2010 230 10:45:58,BUrl
2010 230 12:23:23,CUrl
2010 230 14:19:08,CSendEmail
2010 230 14:33:37,CUrl
2010 230 18:11:28,DUrl
2010 230 19:06:10,DSendEmail
2010 230 19:14:34,DUrl
2010 230 21:16:00,DNologon
2010 231 09:15:00,Blogon
2010 231 09:37:55,BUrl
2010 231 12:08:36,CUrl
2010 231 13:32:05,CSendEmail
2010 231 13:32:08,CSendEmail
2010 231 13:32:15,CUrl
2010 231 18:24:57,DUrl
2010 231 21:20:36,DSendEmail
2010 231 21:22:40,DUrl
2010 231 21:29:00,DNologon
2010 232 09:21:00,Blogon
2010 232 09:24:44,BUrl
2010 232 09:45:40,BSendEmail
2010 232 09:46:11,BSendEmail
2010 232 09:46:21,BUrl
2010 232 09:49:01,BSendEmail
2010 232 10:07:33,BUrl
2010 232 12:14:09,CUrl
2010 232 18:08:04,DUrl
2010 232 21:14:00,DNologon
2010 235 09:05:00,Blogon
2010 235 10:04:31,BUrl
2010 235 10:36:54,BSendEmail
2010 235 10:46:40,BUrl
2010 235 12:58:21,CUrl
2010 235 18:21:19,DUrl
2010 235 20:34:40,DSendEmail
2010 235 20:48:12,DUrl
2010 235 21:30:00,DNologon
2010 236 09:17:00,Blogon
2010 236 09:27:50,BSendEmail
2010 236 09:29:06,BUrl
2010 236 11:58:38,BSendEmail
2010 236 12:26:03,CUrl
2010 236 18:17:17,DUrl
2010 236 18:20:52,DSendEmail
2010 236 18:55:36,DUrl
2010 236 21:12:00,DNologon
2010 237 09:19:00,Blogon
2010 237 09:24:58,BUrl
2010 237 12:01:02,CSendEmail
2010 237 12:02:35,CUrl
2010 237 15:24:46,CSendEmail
2010 237 15:37:11,CSendEmail
2010 237 16:11:34,CUrl
2010 237 18:33:28,DUrl
2010 237 21:12:00,DNologon
2010 238 09:18:00,Blogon
2010 238 09:32:42,BUrl
2010 238 09:52:18,BSendEmail
2010 238 09:54:29,BSendEmail
2010 238 10:17:48,BUrl
2010 238 10:39:39,BSendEmail
2010 238 12:28:35,CUrl
2010 238 19:05:22,DUrl
2010 238 21:12:00,DNologon
2010 239 09:20:00,Blogon
2010 239 09:55:57,BUrl
2010 239 12:23:44,CUrl
2010 239 17:14:18,CSendEmail
2010 239 17:20:56,CSendEmail
2010 239 17:24:43,CUrl
2010 239 17:30:52,CSendEmail
2010 239 18:27:52,DUrl
2010 239 21:10:00,DNologon
2010 242 09:15:00,Blogon
2010 242 09:21:21,BUrl
2010 242 13:25:35,CUrl
2010 242 15:22:30,CSendEmail
2010 242 15:49:39,CUrl
2010 242 18:33:35,DUrl
2010 242 20:48:41,DSendEmail
2010 242 20:53:29,DSendEmail
2010 242 21:14:00,DNologon
2010 243 09:15:00,Blogon
2010 243 09:34:17,BUrl
2010 243 12:01:13,CUrl
2010 243 15:04:38,CSendEmail
2010 243 15:24:09,CUrl
2010 243 16:24:12,CSendEmail
2010 243 16:38:16,CSendEmail
2010 243 16:43:35,CUrl
2010 243 18:13:04,DUrl
2010 243 21:11:00,DNologon
2010 244 09:16:00,Blogon
2010 244 09:21:45,BUrl
2010 244 09:55:22,BSendEmail
2010 244 09:56:54,BSendEmail
2010 244 09:57:41,BUrl
2010 244 12:01:12,CUrl
2010 244 18:18:19,DUrl
2010 244 19:37:47,DSendEmail
2010 244 19:57:01,DUrl
2010 244 21:15:00,DNologon
2010 245 09:20:00,Blogon
2010 245 09:21:26,BUrl
2010 245 11:10:52,BSendEmail
2010 245 11:11:37,BSendEmail
2010 245 11:20:59,BUrl
2010 245 12:00:45,CUrl
2010 245 18:30:25,DUrl
2010 245 20:24:36,DSendEmail
2010 245 20:43:42,DUrl
2010 245 21:11:00,DNologon
2010 246 09:10:00,Blogon
2010 246 09:12:24,BUrl
2010 246 11:00:36,BSendEmail
2010 246 11:21:07,BUrl
2010 246 12:41:32,CUrl
2010 246 18:12:05,DUrl
2010 246 19:38:23,DSendEmail
2010 246 19:41:43,DUrl
2010 246 21:11:00,DNologon
2010 250 09:04:00,Blogon
2010 250 09:10:28,BUrl
2010 250 12:04:36,CUrl
2010 250 18:01:44,DUrl
2010 250 18:33:37,DSendEmail
2010 250 18:35:34,DUrl
2010 250 19:04:40,DSendEmail
2010 250 19:14:10,DSendEmail
2010 250 19:34:04,DUrl
2010 250 21:24:00,DNologon
2010 251 09:20:00,Blogon
2010 251 09:23:08,BUrl
2010 251 10:46:27,BSendEmail
2010 251 11:01:30,BUrl
2010 251 11:06:28,BSendEmail
2010 251 11:21:36,BUrl
2010 251 12:53:35,CUrl
2010 251 17:35:06,CSendEmail
2010 251 17:57:40,CUrl
2010 251 18:01:47,DUrl
2010 251 21:12:00,DNologon
2010 252 09:15:00,Blogon
2010 252 09:28:11,BUrl
2010 252 10:29:56,BSendEmail
2010 252 10:36:21,BSendEmail
2010 252 10:43:59,BSendEmail
2010 252 11:54:24,BUrl
2010 252 12:16:24,CUrl
2010 252 18:01:13,DUrl
2010 252 21:17:00,DNologon
2010 253 09:15:00,Blogon
2010 253 10:03:51,BUrl
2010 253 13:19:00,CUrl
2010 253 18:28:51,DSendEmail
2010 253 18:32:05,DUrl
2010 253 21:10:00,DNologon
2010 256 09:06:00,Blogon
2010 256 09:16:41,BUrl
2010 256 12:15:58,CUrl
2010 256 14:58:56,CSendEmail
2010 256 15:05:48,CUrl
2010 256 17:00:11,CSendEmail
2010 256 17:33:54,CUrl
2010 256 18:56:18,DUrl
2010 256 21:05:39,DSendEmail
2010 256 21:08:59,DUrl
2010 256 21:23:00,DNologon
2010 257 09:09:00,Blogon
2010 257 09:20:08,BUrl
2010 257 12:19:27,CUrl
2010 257 18:22:40,DUrl
2010 257 20:07:44,DSendEmail
2010 257 20:10:49,DSendEmail
2010 257 20:33:13,DUrl
2010 257 21:24:00,DNologon
2010 258 09:17:00,Blogon
2010 258 09:26:35,BUrl
2010 258 12:39:47,CUrl
2010 258 17:06:54,CSendEmail
2010 258 17:07:56,CSendEmail
2010 258 17:13:44,CSendEmail
2010 258 17:16:30,CUrl
2010 258 18:02:11,DUrl
2010 258 21:18:00,DNologon
2010 259 09:18:00,Blogon
2010 259 10:10:53,BUrl
2010 259 12:13:34,CUrl
2010 259 13:56:55,CSendEmail
2010 259 14:08:16,CUrl
2010 259 14:17:58,CSendEmail
2010 259 14:21:42,CUrl
2010 259 18:02:31,DUrl
2010 259 21:02:56,DSendEmail
2010 259 21:12:00,DNologon
2010 260 09:02:00,Blogon
2010 260 09:04:45,BUrl
2010 260 12:05:43,CUrl
2010 260 12:16:11,CSendEmail
2010 260 12:18:06,CUrl
2010 260 12:18:57,CSendEmail
2010 260 12:48:33,CUrl
2010 260 18:07:36,DUrl
2010 260 19:15:02,DSendEmail
2010 260 19:23:50,DUrl
2010 260 21:12:00,DNologon
2010 263 09:13:00,Blogon
2010 263 09:25:21,BUrl
2010 263 11:50:33,BSendEmail
2010 263 11:52:01,BSendEmail
2010 263 11:59:57,BSendEmail
2010 263 12:10:00,CUrl
2010 263 18:08:18,DUrl
2010 263 21:28:00,DNologon
2010 264 09:05:00,Blogon
2010 264 09:08:24,BUrl
2010 264 12:18:25,CUrl
2010 264 12:20:31,CSendEmail
2010 264 12:27:32,CSendEmail
2010 264 12:27:41,CSendEmail
2010 264 14:15:06,CUrl
2010 264 18:01:38,DUrl
2010 264 21:17:00,DNologon
2010 265 09:19:00,Blogon
2010 265 09:25:06,BUrl
2010 265 10:18:46,BSendEmail
2010 265 10:25:46,BSendEmail
2010 265 10:27:04,BSendEmail
2010 265 10:36:16,BUrl
2010 265 12:02:50,CUrl
2010 265 18:33:27,DUrl
2010 265 21:14:00,DNologon
2010 266 09:17:00,Blogon
2010 266 09:22:50,BUrl
2010 266 13:04:11,CSendEmail
2010 266 13:06:05,CSendEmail
2010 266 13:06:50,CSendEmail
2010 266 13:43:52,CUrl
2010 266 18:47:04,DUrl
2010 266 21:14:00,DNologon
2010 267 09:20:00,Blogon
2010 267 09:37:52,BUrl
2010 267 09:48:18,BSendEmail
2010 267 10:03:01,BUrl
2010 267 12:49:48,CUrl
2010 267 15:41:55,CSendEmail
2010 267 15:46:19,CUrl
2010 267 15:49:14,CSendEmail
2010 267 15:50:02,CUrl
2010 267 18:01:23,DUrl
2010 267 21:13:00,DNologon
2010 270 09:11:00,Blogon
2010 270 09:59:50,BSendEmail
2010 270 10:15:52,BSendEmail
2010 270 10:24:19,BUrl
2010 270 10:52:02,BSendEmail
2010 270 11:05:04,BUrl
2010 270 12:16:30,CUrl
2010 270 18:01:38,DUrl
2010 270 21:27:00,DNologon
2010 271 09:13:00,Blogon
2010 271 09:15:48,BUrl
2010 271 12:28:42,CUrl
2010 271 13:52:27,CSendEmail
2010 271 13:54:29,CSendEmail
2010 271 14:08:52,CUrl
2010 271 18:03:48,DUrl
2010 271 21:22:00,DNologon
2010 272 09:03:00,Blogon
2010 272 09:09:33,BUrl
2010 272 12:32:35,CUrl
2010 272 18:35:50,DUrl
2010 272 18:38:23,DSendEmail
2010 272 18:48:45,DSendEmail
2010 272 18:52:12,DSendEmail
2010 272 19:10:52,DUrl
2010 272 21:30:00,DNologon
2010 273 09:12:00,Blogon
2010 273 09:13:15,BUrl
2010 273 11:00:25,BSendEmail
2010 273 11:00:49,BUrl
2010 273 12:43:27,CUrl
2010 273 18:18:17,DUrl
2010 273 19:39:52,DSendEmail
2010 273 19:40:44,DSendEmail
2010 273 19:40:55,DUrl
2010 273 21:18:00,DNologon
2010 274 09:07:00,Blogon
2010 274 09:21:32,BSendEmail
2010 274 09:21:33,BSendEmail
2010 274 09:43:04,BSendEmail
2010 274 09:47:41,BUrl
2010 274 13:39:20,CUrl
2010 274 18:26:37,DUrl
2010 274 21:21:00,DNologon
2010 277 09:15:00,Blogon
2010 277 09:46:40,BUrl
2010 277 12:33:13,CSendEmail
2010 277 12:33:16,CUrl
2010 277 12:40:31,CSendEmail
2010 277 12:40:48,CSendEmail
2010 277 14:36:39,CUrl
2010 277 19:59:01,DUrl
2010 277 21:24:00,DNologon
2010 278 09:06:00,Blogon
2010 278 09:10:49,BUrl
2010 278 09:14:47,BSendEmail
2010 278 09:30:25,BUrl
2010 278 09:34:54,BSendEmail
2010 278 09:36:43,BSendEmail
2010 278 09:43:50,BUrl
2010 278 12:42:24,CUrl
2010 278 19:21:59,DUrl
2010 278 21:27:00,DNologon
2010 279 09:18:00,Blogon
2010 279 09:28:00,BUrl
2010 279 09:32:40,BSendEmail
2010 279 09:53:35,BSendEmail
2010 279 10:04:08,BUrl
2010 279 12:00:07,CUrl
2010 279 18:28:09,DUrl
2010 279 19:13:18,DSendEmail
2010 279 19:13:36,DUrl
2010 279 21:14:00,DNologon
2010 280 09:10:00,Blogon
2010 280 09:19:38,BUrl
2010 280 11:29:06,BSendEmail
2010 280 11:37:33,BSendEmail
2010 280 11:43:31,BUrl
2010 280 12:37:44,CUrl
2010 280 18:05:33,DSendEmail
2010 280 18:37:53,DUrl
2010 280 21:27:00,DNologon
2010 281 09:21:00,Blogon
2010 281 09:24:30,BUrl
2010 281 13:36:41,CUrl
2010 281 16:00:57,CSendEmail
2010 281 16:01:21,CSendEmail
2010 281 16:28:44,CUrl
2010 281 18:20:49,DUrl
2010 281 20:54:51,DSendEmail
2010 281 21:09:13,DUrl
2010 281 21:14:00,DNologon
2010 284 09:18:00,Blogon
2010 284 09:23:52,BUrl
2010 284 09:25:29,BSendEmail
2010 284 09:25:37,BUrl
2010 284 09:39:23,BSendEmail
2010 284 09:41:16,BSendEmail
2010 284 09:44:40,BUrl
2010 284 13:00:40,CUrl
2010 284 19:16:47,DUrl
2010 284 21:14:00,DNologon
2010 285 09:19:00,Blogon
2010 285 09:23:46,BUrl
2010 285 12:04:50,CUrl
2010 285 13:11:01,CSendEmail
2010 285 13:25:16,CUrl
2010 285 18:07:36,DUrl
2010 285 20:35:11,DSendEmail
2010 285 20:37:46,DSendEmail
2010 285 20:41:01,DUrl
2010 285 21:11:00,DNologon
2010 286 09:05:00,Blogon
2010 286 09:21:15,BUrl
2010 286 10:04:53,BSendEmail
2010 286 10:08:12,BSendEmail
2010 286 10:11:59,BSendEmail
2010 286 10:32:50,BUrl
2010 286 12:58:12,CUrl
2010 286 18:05:49,DUrl
2010 286 21:19:00,DNologon
2010 287 09:08:00,Blogon
2010 287 09:19:04,BUrl
2010 287 12:28:27,CSendEmail
2010 287 13:03:32,CUrl
2010 287 15:53:24,CSendEmail
2010 287 16:48:08,CUrl
2010 287 18:31:16,DUrl
2010 287 20:37:52,DSendEmail
2010 287 20:39:35,DUrl
2010 287 21:24:00,DNologon
2010 288 09:10:00,Blogon
2010 288 09:24:24,BUrl
2010 288 11:13:18,BSendEmail
2010 288 11:24:28,BUrl
2010 288 12:30:39,CUrl
2010 288 17:26:30,CSendEmail
2010 288 17:32:01,CSendEmail
2010 288 17:33:47,CUrl
2010 288 18:49:56,DUrl
2010 288 21:11:00,DNologon
2010 291 09:12:00,Blogon
2010 291 09:40:21,BUrl
2010 291 12:14:49,CSendEmail
2010 291 12:31:57,CUrl
2010 291 12:36:39,CSendEmail
2010 291 12:44:29,CSendEmail
2010 291 12:46:11,CUrl
2010 291 18:40:42,DUrl
2010 291 21:24:00,DNologon
2010 292 09:03:00,Blogon
2010 292 09:09:14,BUrl
2010 292 12:25:39,CUrl
2010 292 14:43:53,CSendEmail
2010 292 15:11:52,CUrl
2010 292 18:49:57,DSendEmail
2010 292 18:54:43,DSendEmail
2010 292 19:38:47,DUrl
2010 292 21:28:00,DNologon
2010 293 09:13:00,Blogon
2010 293 09:18:28,BUrl
2010 293 09:31:27,BSendEmail
2010 293 09:36:39,BUrl
2010 293 11:14:54,BSendEmail
2010 293 11:17:51,BSendEmail
2010 293 13:05:19,CUrl
2010 293 18:22:24,DUrl
2010 293 21:15:00,DNologon
2010 294 00:18:18,Alogon
2010 294 00:22:06,AConnect
2010 294 00:28:27,AFileCopy
2010 294 00:28:33,AFileCopy
2010 294 00:29:02,AFileCopy
2010 294 00:38:02,ADisconnect
2010 294 00:44:55,AConnect
2010 294 00:47:53,AFileCopy
2010 294 00:48:49,AUrl
2010 294 00:51:09,AFileCopy
2010 294 00:55:26,AFileCopy
2010 294 00:56:43,AFileCopy
2010 294 01:03:23,ADisconnect
2010 294 01:08:13,AConnect
2010 294 01:10:10,AFileCopy
2010 294 01:13:46,AFileCopy
2010 294 01:15:30,AFileCopy
2010 294 01:17:14,AFileCopy
2010 294 01:18:53,ADisconnect
2010 294 01:20:00,ANologon
2010 294 09:21:00,Blogon
2010 294 09:26:17,BUrl
2010 294 13:11:02,CUrl
2010 294 14:11:47,CSendEmail
2010 294 14:19:06,CSendEmail
2010 294 14:25:30,CSendEmail
2010 294 14:35:01,CUrl
2010 294 18:14:10,DUrl
2010 294 21:22:00,DNologon
2010 295 09:18:00,Blogon
2010 295 09:19:25,BUrl
2010 295 11:34:55,BSendEmail
2010 295 12:07:13,CUrl
2010 295 12:49:24,CSendEmail
2010 295 12:50:33,CUrl
2010 295 18:06:25,DUrl
2010 295 19:02:25,DSendEmail
2010 295 19:19:50,DUrl
2010 295 21:12:00,DNologon
2010 296 01:34:19,Alogon
2010 296 04:04:09,AUrl
2010 296 06:18:48,BConnect
2010 296 06:26:01,BUrl
2010 296 06:26:48,BDisconnect
2010 296 06:27:06,BUrl
2010 296 06:28:17,BNologon
2010 298 09:18:00,Blogon
2010 298 09:23:31,BUrl
2010 298 12:30:24,CSendEmail
2010 298 12:36:11,CUrl
2010 298 14:20:06,CSendEmail
2010 298 14:22:27,CSendEmail
2010 298 15:19:01,CUrl
2010 298 18:05:30,DUrl
2010 298 21:14:00,DNologon
2010 299 09:07:00,Blogon
2010 299 09:16:21,BUrl
2010 299 12:05:58,CUrl
2010 299 13:50:45,CSendEmail
2010 299 14:04:01,CSendEmail
2010 299 14:07:26,CUrl
2010 299 14:50:12,CSendEmail
2010 299 14:56:54,CUrl
2010 299 18:40:31,DUrl
2010 299 21:24:00,DNologon
2010 300 04:31:52,Alogon
2010 300 04:37:05,AConnect
2010 300 04:40:14,AFileCopy
2010 300 04:40:21,AFileCopy
2010 300 04:41:48,AFileCopy
2010 300 04:43:16,AFileCopy
2010 300 04:50:02,AFileCopy
2010 300 04:50:38,AFileCopy
2010 300 04:53:10,AFileCopy
2010 300 04:54:57,AFileCopy
2010 300 04:58:51,AFileCopy
2010 300 04:59:04,ADisconnect
2010 300 05:16:03,AUrl
2010 300 05:54:39,ANologon
2010 300 09:09:00,Blogon
2010 300 09:19:10,BUrl
2010 300 09:31:04,BSendEmail
2010 300 09:32:21,BUrl
2010 300 10:18:39,BSendEmail
2010 300 10:46:31,BUrl
2010 300 11:33:03,BSendEmail
2010 300 11:43:35,BUrl
2010 300 12:18:32,CUrl
2010 300 18:47:53,DUrl
2010 300 21:18:00,DNologon
2010 301 09:11:00,Blogon
2010 301 10:51:57,BUrl
2010 301 12:32:15,CUrl
2010 301 19:00:30,DUrl
2010 301 19:42:56,DSendEmail
2010 301 19:49:56,DSendEmail
2010 301 19:54:30,DUrl
2010 301 20:43:21,DSendEmail
2010 301 20:56:20,DUrl
2010 301 21:17:00,DNologon
2010 302 00:06:47,Alogon
2010 302 00:56:01,AUrl
2010 302 01:30:10,AConnect
2010 302 01:36:11,AUrl
2010 302 05:00:19,ADisconnect
2010 302 05:15:17,AUrl
2010 302 05:23:28,ANologon
2010 302 09:02:00,Blogon
2010 302 09:07:35,BUrl
2010 302 09:38:02,BSendEmail
2010 302 09:45:16,BUrl
2010 302 10:00:23,BSendEmail
2010 302 10:06:01,BUrl
2010 302 12:05:51,CUrl
2010 302 14:24:05,CSendEmail
2010 302 14:59:44,CUrl
2010 302 18:38:35,DUrl
2010 302 21:19:00,DNologon
2010 305 09:18:00,Blogon
2010 305 10:34:17,BUrl
2010 305 12:02:46,CUrl
2010 305 14:53:32,CSendEmail
2010 305 15:05:45,CUrl
2010 305 15:10:56,CSendEmail
2010 305 15:28:57,CUrl
2010 305 15:36:21,CSendEmail
2010 305 17:08:54,CUrl
2010 305 18:08:57,DUrl
2010 305 21:13:00,DNologon
2010 306 02:31:32,Alogon
2010 306 02:40:52,AConnect
2010 306 02:41:22,AFileCopy
2010 306 02:42:05,AFileCopy
2010 306 02:43:02,AFileCopy
2010 306 02:46:48,AFileCopy
2010 306 02:49:06,AFileCopy
2010 306 02:49:47,AUrl
2010 306 02:50:18,AFileCopy
2010 306 02:50:43,AFileCopy
2010 306 02:52:19,AFileCopy
2010 306 02:53:29,AFileCopy
2010 306 02:55:39,AFileCopy
2010 306 02:56:05,AFileCopy
2010 306 03:02:53,ANologon
2010 306 09:14:00,Blogon
2010 306 09:19:29,BUrl
2010 306 12:01:30,CUrl
2010 306 13:34:04,CSendEmail
2010 306 14:07:18,CUrl
2010 306 15:12:28,CSendEmail
2010 306 15:22:14,CUrl
2010 306 19:04:09,DUrl
2010 306 20:53:52,DSendEmail
2010 306 21:02:17,DUrl
2010 306 21:25:00,DNologon
2010 307 09:21:00,Blogon
2010 307 09:22:14,BUrl
2010 307 09:44:00,BSendEmail
2010 307 09:47:23,BUrl
2010 307 10:06:48,BSendEmail
2010 307 10:10:11,BUrl
2010 307 12:14:50,CUrl
2010 307 18:05:52,DUrl
2010 307 20:48:05,DSendEmail
2010 307 21:14:00,DNologon
2010 308 09:17:00,Blogon
2010 308 09:21:18,BUrl
2010 308 12:25:59,CUrl
2010 308 13:57:54,CSendEmail
2010 308 14:12:01,CUrl
2010 308 18:01:32,DUrl
2010 308 18:42:48,DSendEmail
2010 308 18:45:26,DSendEmail
2010 308 18:49:58,DUrl
2010 308 21:10:00,DNologon
2010 309 09:08:00,Blogon
2010 309 10:42:35,BUrl
2010 309 12:26:52,CUrl
2010 309 15:00:42,CSendEmail
2010 309 15:02:09,CUrl
2010 309 20:03:08,DSendEmail
2010 309 20:03:22,DSendEmail
2010 309 20:07:56,DUrl
2010 309 21:12:00,DNologon
2010 312 09:13:00,Blogon
2010 312 09:20:38,BUrl
2010 312 12:17:23,CUrl
2010 312 18:46:08,DUrl
2010 312 19:59:08,DSendEmail
2010 312 19:59:37,DSendEmail
2010 312 20:07:18,DUrl
2010 312 20:32:12,DSendEmail
2010 312 20:59:16,DUrl
2010 312 21:18:00,DNologon
2010 313 09:21:00,Blogon
2010 313 09:22:30,BSendEmail
2010 313 09:32:03,BUrl
2010 313 13:20:53,CUrl
2010 313 18:15:13,DUrl
2010 313 18:24:16,DSendEmail
2010 313 18:24:33,DSendEmail
2010 313 18:49:26,DUrl
2010 313 21:09:00,DNologon
2010 314 09:03:00,Blogon
2010 314 09:10:03,BUrl
2010 314 09:38:51,BSendEmail
2010 314 09:43:53,BUrl
2010 314 11:21:33,BSendEmail
2010 314 11:28:21,BUrl
2010 314 11:34:41,BSendEmail
2010 314 12:57:10,CUrl
2010 314 20:10:09,DUrl
2010 314 21:24:00,DNologon
2010 315 09:09:00,Blogon
2010 315 09:15:12,BUrl
2010 315 12:08:31,CUrl
2010 315 17:38:42,CSendEmail
2010 315 18:00:28,DUrl
2010 315 18:12:01,DSendEmail
2010 315 18:15:28,DUrl
2010 315 18:21:07,DSendEmail
2010 315 18:21:42,DUrl
2010 315 21:25:00,DNologon
2010 316 09:03:00,Blogon
2010 316 09:49:57,BUrl
2010 316 12:01:04,CUrl
2010 316 14:32:59,CSendEmail
2010 316 14:49:47,CUrl
2010 316 17:08:21,CSendEmail
2010 316 17:24:07,CUrl
2010 316 17:28:33,CSendEmail
2010 316 17:42:45,CUrl
2010 316 18:14:13,DUrl
2010 316 21:26:00,DNologon
2010 319 09:13:00,Blogon
2010 319 09:31:36,BUrl
2010 319 10:51:40,BSendEmail
2010 319 11:22:56,BUrl
2010 319 11:50:57,BSendEmail
2010 319 12:08:02,CUrl
2010 319 13:04:16,CSendEmail
2010 319 13:35:46,CUrl
2010 319 18:44:03,DUrl
2010 319 21:11:00,DNologon
2010 320 09:13:00,Blogon
2010 320 09:15:29,BUrl
2010 320 10:29:18,BSendEmail
2010 320 10:31:43,BSendEmail
2010 320 10:58:32,BUrl
2010 320 12:28:21,CUrl
2010 320 18:05:01,DUrl
2010 320 18:08:26,DSendEmail
2010 320 18:10:31,DUrl
2010 320 21:19:00,DNologon
2010 321 09:00:00,Blogon
2010 321 09:05:09,BUrl
2010 321 09:12:37,BSendEmail
2010 321 09:17:08,BUrl
2010 321 10:09:04,BSendEmail
2010 321 10:14:07,BSendEmail
2010 321 10:27:04,BUrl
2010 321 12:10:10,CUrl
2010 321 18:30:51,DUrl
2010 321 21:15:00,DNologon
