2010 004 07:57:00,Blogon
2010 004 07:58:59,BUrl
2010 004 12:11:14,CSendEmail
2010 004 12:22:43,CSendEmail
2010 004 12:42:22,CUrl
2010 004 13:28:41,CSendEmail
2010 004 13:45:51,CUrl
2010 004 18:01:45,DUrl
2010 004 18:12:00,DNologon
2010 005 08:01:00,Blogon
2010 005 08:12:32,BSendEmail
2010 005 08:12:48,BUrl
2010 005 12:02:59,CUrl
2010 005 15:29:30,CSendEmail
2010 005 15:46:27,CUrl
2010 005 16:11:48,CSendEmail
2010 005 16:41:03,CUrl
2010 005 18:05:28,DUrl
2010 005 18:08:00,DNologon
2010 006 08:00:00,Blogon
2010 006 08:08:02,BUrl
2010 006 12:52:01,CUrl
2010 006 15:00:29,CSendEmail
2010 006 15:08:02,CUrl
2010 006 15:24:38,CSendEmail
2010 006 15:29:31,CUrl
2010 006 15:32:10,CSendEmail
2010 006 16:07:14,CUrl
2010 006 18:00:00,DNologon
2010 007 08:00:00,Blogon
2010 007 08:02:30,BUrl
2010 007 09:20:08,BSendEmail
2010 007 09:21:26,BUrl
2010 007 09:23:59,BSendEmail
2010 007 09:25:14,BUrl
2010 007 09:26:26,BSendEmail
2010 007 09:27:47,BUrl
2010 007 12:02:42,CUrl
2010 007 17:58:00,CNologon
2010 008 07:59:00,Blogon
2010 008 08:02:34,BUrl
2010 008 12:40:09,CUrl
2010 008 13:33:44,CSendEmail
2010 008 13:37:32,CUrl
2010 008 15:54:02,CSendEmail
2010 008 15:59:00,CUrl
2010 008 16:13:15,CSendEmail
2010 008 16:18:32,CUrl
2010 008 18:12:00,DNologon
2010 011 07:53:00,Blogon
2010 011 08:01:04,BUrl
2010 011 08:20:55,BSendEmail
2010 011 08:23:46,BUrl
2010 011 08:47:30,BSendEmail
2010 011 08:53:17,BUrl
2010 011 12:46:04,CUrl
2010 011 18:11:00,DNologon
2010 012 07:51:00,Blogon
2010 012 08:07:38,BUrl
2010 012 08:15:26,BSendEmail
2010 012 08:16:44,BUrl
2010 012 12:05:50,CUrl
2010 012 12:14:27,CSendEmail
2010 012 13:57:40,CUrl
2010 012 17:45:50,CSendEmail
2010 012 17:46:02,CUrl
2010 012 18:06:00,DNologon
2010 013 08:02:00,Blogon
2010 013 08:03:09,BUrl
2010 013 08:28:45,BSendEmail
2010 013 08:33:12,BUrl
2010 013 12:15:12,CUrl
2010 013 15:22:22,CSendEmail
2010 013 15:24:25,CUrl
2010 013 17:15:29,CSendEmail
2010 013 17:18:29,CUrl
2010 013 18:00:00,DNologon
2010 014 07:49:00,Blogon
2010 014 07:59:33,BUrl
2010 014 10:43:36,BSendEmail
2010 014 10:56:02,BUrl
2010 014 12:19:17,CUrl
2010 014 15:14:09,CSendEmail
2010 014 15:14:11,CSendEmail
2010 014 15:48:36,CUrl
2010 014 18:10:00,DNologon
2010 015 08:01:00,Blogon
2010 015 08:14:42,BUrl
2010 015 12:38:09,CSendEmail
2010 015 12:56:35,CUrl
2010 015 14:16:04,CSendEmail
2010 015 14:46:48,CUrl
2010 015 16:53:17,CSendEmail
2010 015 16:54:51,CUrl
2010 015 18:00:00,DNologon
2010 018 07:53:00,Blogon
2010 018 08:07:09,BUrl
2010 018 09:08:56,BSendEmail
2010 018 09:22:43,BUrl
2010 018 12:04:57,CUrl
2010 018 14:05:23,CSendEmail
2010 018 14:05:56,CSendEmail
2010 018 14:45:42,CUrl
2010 018 17:58:00,CNologon
2010 019 07:56:00,Blogon
2010 019 08:10:06,BSendEmail
2010 019 08:12:31,BSendEmail
2010 019 08:20:39,BUrl
2010 019 10:11:00,BSendEmail
2010 019 10:24:30,BUrl
2010 019 12:06:17,CUrl
2010 019 18:06:40,DUrl
2010 019 18:08:00,DNologon
2010 020 07:46:00,Blogon
2010 020 07:53:37,BUrl
2010 020 10:15:20,BSendEmail
2010 020 10:16:15,BUrl
2010 020 10:36:57,BSendEmail
2010 020 11:15:56,BUrl
2010 020 12:00:56,CUrl
2010 020 16:15:34,CSendEmail
2010 020 16:17:13,CUrl
2010 020 18:01:00,DNologon
2010 021 08:00:00,Blogon
2010 021 08:10:15,BUrl
2010 021 12:03:18,CUrl
2010 021 13:44:28,CSendEmail
2010 021 13:52:08,CSendEmail
2010 021 14:22:06,CUrl
2010 021 14:46:46,CSendEmail
2010 021 15:11:08,CUrl
2010 021 17:59:00,CNologon
2010 022 07:59:00,Blogon
2010 022 08:07:40,BUrl
2010 022 12:19:35,CUrl
2010 022 13:27:22,CSendEmail
2010 022 13:35:08,CUrl
2010 022 16:49:27,CSendEmail
2010 022 17:05:42,CUrl
2010 022 17:10:44,CSendEmail
2010 022 17:13:05,CUrl
2010 022 18:02:00,DNologon
2010 025 08:00:00,Blogon
2010 025 08:38:01,BUrl
2010 025 11:25:11,BSendEmail
2010 025 11:50:08,BSendEmail
2010 025 11:50:55,BUrl
2010 025 11:58:38,BSendEmail
2010 025 12:19:07,CUrl
2010 025 18:02:00,DNologon
2010 026 08:00:00,Blogon
2010 026 08:26:28,BUrl
2010 026 09:20:00,BSendEmail
2010 026 09:29:25,BUrl
2010 026 09:40:23,BSendEmail
2010 026 10:02:30,BUrl
2010 026 12:00:44,CUrl
2010 026 17:17:15,CSendEmail
2010 026 17:18:12,CUrl
2010 026 17:58:00,CNologon
2010 027 07:49:00,Blogon
2010 027 07:56:37,BUrl
2010 027 09:03:12,BSendEmail
2010 027 09:08:13,BUrl
2010 027 12:01:29,CUrl
2010 027 16:47:15,CSendEmail
2010 027 16:51:20,CSendEmail
2010 027 17:26:12,CUrl
2010 027 18:01:00,DNologon
2010 028 07:53:00,Blogon
2010 028 08:06:19,BSendEmail
2010 028 08:06:23,BUrl
2010 028 08:06:27,BSendEmail
2010 028 08:15:52,BUrl
2010 028 12:13:29,CUrl
2010 028 14:48:21,CSendEmail
2010 028 14:58:31,CUrl
2010 028 18:11:00,DNologon
2010 029 08:02:00,Blogon
2010 029 08:10:46,BUrl
2010 029 12:48:38,CUrl
2010 029 12:49:03,CSendEmail
2010 029 12:51:51,CSendEmail
2010 029 12:55:20,CUrl
2010 029 12:55:50,CSendEmail
2010 029 12:59:17,CUrl
2010 029 17:58:00,CNologon
2010 032 07:54:00,Blogon
2010 032 07:58:43,BUrl
2010 032 08:03:38,BSendEmail
2010 032 08:04:49,BUrl
2010 032 08:11:23,BSendEmail
2010 032 08:24:29,BUrl
2010 032 12:30:35,CUrl
2010 032 17:19:15,CSendEmail
2010 032 17:46:47,CUrl
2010 032 17:59:00,CNologon
2010 033 08:02:00,Blogon
2010 033 08:06:38,BUrl
2010 033 08:16:12,BSendEmail
2010 033 08:35:01,BUrl
2010 033 09:32:40,BSendEmail
2010 033 09:56:04,BUrl
2010 033 12:03:58,CUrl
2010 033 13:23:10,CSendEmail
2010 033 13:39:06,CUrl
2010 033 17:58:00,CNologon
2010 034 08:00:00,Blogon
2010 034 08:02:09,BUrl
2010 034 08:46:00,BSendEmail
2010 034 09:01:19,BUrl
2010 034 12:08:40,CUrl
2010 034 13:15:52,CSendEmail
2010 034 13:15:53,CSendEmail
2010 034 13:36:54,CUrl
2010 034 18:00:00,DNologon
2010 035 08:01:00,Blogon
2010 035 08:08:33,BUrl
2010 035 09:45:23,BSendEmail
2010 035 09:50:47,BUrl
2010 035 10:01:07,BSendEmail
2010 035 10:02:22,BSendEmail
2010 035 10:07:09,BUrl
2010 035 12:12:25,CUrl
2010 035 17:59:00,CNologon
2010 036 08:00:00,Blogon
2010 036 08:01:12,BUrl
2010 036 10:22:53,BSendEmail
2010 036 10:24:41,BUrl
2010 036 10:32:21,BSendEmail
2010 036 10:49:11,BUrl
2010 036 12:01:48,CUrl
2010 036 13:29:43,CSendEmail
2010 036 13:36:53,CUrl
2010 036 18:00:00,DNologon
2010 039 08:02:00,Blogon
2010 039 08:49:44,BUrl
2010 039 10:25:14,BSendEmail
2010 039 10:29:11,BUrl
2010 039 10:33:00,BSendEmail
2010 039 11:05:27,BUrl
2010 039 12:31:18,CUrl
2010 039 17:51:28,CSendEmail
2010 039 18:01:46,DUrl
2010 039 18:04:00,DNologon
2010 040 08:00:00,Blogon
2010 040 08:05:32,BUrl
2010 040 12:23:59,CSendEmail
2010 040 12:24:38,CSendEmail
2010 040 12:28:49,CSendEmail
2010 040 12:29:32,CUrl
2010 040 17:58:00,CNologon
2010 041 08:02:00,Blogon
2010 041 08:12:43,BUrl
2010 041 12:07:16,CUrl
2010 041 13:21:37,CSendEmail
2010 041 13:21:58,CSendEmail
2010 041 13:22:53,CSendEmail
2010 041 13:29:23,CUrl
2010 041 17:59:00,CNologon
2010 042 07:45:00,Blogon
2010 042 07:51:37,BUrl
2010 042 12:09:15,CUrl
2010 042 13:05:26,CSendEmail
2010 042 13:11:55,CUrl
2010 042 13:30:28,CSendEmail
2010 042 14:17:16,CUrl
2010 042 17:06:37,CSendEmail
2010 042 17:27:04,CUrl
2010 042 18:01:00,DNologon
2010 043 08:02:00,Blogon
2010 043 08:19:01,BUrl
2010 043 09:13:22,BSendEmail
2010 043 09:25:14,BSendEmail
2010 043 09:30:48,BSendEmail
2010 043 09:38:08,BUrl
2010 043 12:37:49,CUrl
2010 043 18:00:00,DNologon
2010 046 07:49:00,Blogon
2010 046 07:51:20,BUrl
2010 046 10:02:57,BSendEmail
2010 046 10:12:08,BUrl
2010 046 11:01:14,BSendEmail
2010 046 11:10:21,BUrl
2010 046 11:29:30,BSendEmail
2010 046 11:52:50,BUrl
2010 046 12:29:23,CUrl
2010 046 18:04:00,DNologon
2010 047 08:00:00,Blogon
2010 047 08:28:23,BUrl
2010 047 13:12:01,CUrl
2010 047 16:01:00,CSendEmail
2010 047 16:01:23,CSendEmail
2010 047 16:03:53,CUrl
2010 047 16:32:18,CSendEmail
2010 047 16:58:01,CUrl
2010 047 18:00:00,DNologon
2010 048 07:56:00,Blogon
2010 048 07:59:00,BUrl
2010 048 10:38:13,BSendEmail
2010 048 11:16:09,BUrl
2010 048 11:29:55,BSendEmail
2010 048 11:59:00,BUrl
2010 048 12:01:20,CUrl
2010 048 17:39:37,CSendEmail
2010 048 17:44:19,CUrl
2010 048 18:11:00,DNologon
2010 049 08:01:00,Blogon
2010 049 08:13:49,BUrl
2010 049 09:05:55,BSendEmail
2010 049 09:13:04,BUrl
2010 049 09:40:18,BSendEmail
2010 049 09:54:25,BSendEmail
2010 049 10:09:36,BUrl
2010 049 12:07:38,CUrl
2010 049 18:02:00,DUrl
2010 049 18:15:00,DNologon
2010 050 07:46:00,Blogon
2010 050 08:27:22,BUrl
2010 050 10:34:24,BSendEmail
2010 050 10:36:29,BUrl
2010 050 10:36:37,BSendEmail
2010 050 10:37:57,BSendEmail
2010 050 11:10:03,BUrl
2010 050 12:54:21,CUrl
2010 050 18:02:00,DNologon
2010 053 07:52:00,Blogon
2010 053 08:05:08,BUrl
2010 053 08:17:07,BSendEmail
2010 053 08:23:19,BUrl
2010 053 08:24:24,BSendEmail
2010 053 08:41:54,BUrl
2010 053 12:22:57,CUrl
2010 053 16:50:42,CSendEmail
2010 053 17:02:28,CUrl
2010 053 18:02:06,DUrl
2010 053 18:11:00,DNologon
2010 054 07:52:00,Blogon
2010 054 08:03:22,BUrl
2010 054 12:09:10,CUrl
2010 054 15:10:09,CSendEmail
2010 054 15:41:28,CUrl
2010 054 17:59:00,CNologon
2010 055 08:01:00,Blogon
2010 055 08:14:30,BUrl
2010 055 12:08:10,CUrl
2010 055 15:17:43,CSendEmail
2010 055 15:20:10,CSendEmail
2010 055 15:22:34,CSendEmail
2010 055 15:49:45,CUrl
2010 055 17:58:00,CNologon
2010 056 08:00:00,Blogon
2010 056 08:18:12,BUrl
2010 056 11:26:33,BSendEmail
2010 056 11:29:59,BUrl
2010 056 11:35:07,BSendEmail
2010 056 11:37:45,BSendEmail
2010 056 11:53:56,BUrl
2010 056 12:01:09,CUrl
2010 056 17:58:00,CNologon
2010 057 07:56:00,Blogon
2010 057 08:07:51,BUrl
2010 057 12:31:26,CUrl
2010 057 12:46:02,CSendEmail
2010 057 12:48:19,CUrl
2010 057 12:53:57,CSendEmail
2010 057 13:11:56,CUrl
2010 057 17:34:59,CSendEmail
2010 057 17:36:28,CUrl
2010 057 18:05:00,DNologon
2010 060 07:47:00,Blogon
2010 060 08:06:23,BUrl
2010 060 09:35:59,BSendEmail
2010 060 11:09:19,BUrl
2010 060 12:41:43,CUrl
2010 060 12:51:44,CSendEmail
2010 060 14:49:27,CUrl
2010 060 18:05:00,DNologon
2010 061 07:45:00,Blogon
2010 061 08:02:24,BUrl
2010 061 12:01:03,CUrl
2010 061 13:39:17,CSendEmail
2010 061 13:41:39,CUrl
2010 061 13:47:46,CSendEmail
2010 061 14:23:16,CSendEmail
2010 061 15:10:00,CUrl
2010 061 18:07:00,DNologon
2010 062 08:00:00,Blogon
2010 062 08:02:14,BUrl
2010 062 12:12:33,CUrl
2010 062 14:00:35,CSendEmail
2010 062 14:08:18,CUrl
2010 062 15:51:07,CSendEmail
2010 062 16:04:49,CUrl
2010 062 16:20:07,CSendEmail
2010 062 16:37:30,CUrl
2010 062 18:01:00,DNologon
2010 063 07:50:00,Blogon
2010 063 07:52:05,BUrl
2010 063 12:16:39,CUrl
2010 063 14:16:09,CSendEmail
2010 063 14:16:39,CUrl
2010 063 14:21:55,CSendEmail
2010 063 14:25:12,CSendEmail
2010 063 14:31:19,CUrl
2010 063 18:00:00,DNologon
2010 064 08:01:00,Blogon
2010 064 08:09:49,BUrl
2010 064 12:13:10,CUrl
2010 064 13:37:17,CSendEmail
2010 064 14:09:02,CUrl
2010 064 15:34:54,CSendEmail
2010 064 15:44:25,CSendEmail
2010 064 17:15:54,CUrl
2010 064 17:59:00,CNologon
2010 067 08:01:00,Blogon
2010 067 08:13:30,BSendEmail
2010 067 08:18:00,BUrl
2010 067 08:24:50,BSendEmail
2010 067 08:37:43,BSendEmail
2010 067 09:12:19,BUrl
2010 067 12:20:12,CUrl
2010 067 18:00:00,DNologon
2010 068 07:51:00,Blogon
2010 068 08:09:51,BUrl
2010 068 12:12:39,CUrl
2010 068 13:45:25,CSendEmail
2010 068 13:45:48,CSendEmail
2010 068 13:46:18,CUrl
2010 068 14:37:30,CSendEmail
2010 068 15:05:41,CUrl
2010 068 18:03:52,DUrl
2010 068 18:05:00,DNologon
2010 069 07:45:00,Blogon
2010 069 07:46:23,BUrl
2010 069 12:15:16,CUrl
2010 069 13:21:38,CSendEmail
2010 069 13:38:23,CUrl
2010 069 17:02:37,CSendEmail
2010 069 17:14:42,CUrl
2010 069 17:16:19,CSendEmail
2010 069 17:40:08,CUrl
2010 069 18:02:11,DUrl
2010 069 18:07:00,DNologon
2010 070 08:00:00,Blogon
2010 070 08:10:47,BUrl
2010 070 12:45:41,CUrl
2010 070 15:00:00,CSendEmail
2010 070 15:00:26,CUrl
2010 070 15:00:43,CSendEmail
2010 070 15:01:21,CUrl
2010 070 15:01:48,CSendEmail
2010 070 15:12:42,CUrl
2010 070 18:00:00,DNologon
2010 071 07:56:00,Blogon
2010 071 07:58:27,BUrl
2010 071 12:16:12,CUrl
2010 071 13:46:15,CSendEmail
2010 071 13:47:26,CSendEmail
2010 071 14:15:41,CSendEmail
2010 071 15:02:06,CUrl
2010 071 18:05:37,DUrl
2010 071 18:15:00,DNologon
2010 074 07:50:00,Blogon
2010 074 08:27:36,BUrl
2010 074 10:18:20,BSendEmail
2010 074 10:24:25,BSendEmail
2010 074 10:39:29,BUrl
2010 074 10:46:52,BSendEmail
2010 074 10:56:28,BUrl
2010 074 12:04:22,CUrl
2010 074 18:00:41,DUrl
2010 074 18:04:00,DNologon
2010 075 08:01:00,Blogon
2010 075 08:06:46,BUrl
2010 075 12:37:06,CUrl
2010 075 17:50:21,CSendEmail
2010 075 17:57:06,CSendEmail
2010 075 18:00:22,DSendEmail
2010 075 18:03:00,DNologon
2010 076 08:00:00,Blogon
2010 076 08:03:47,BUrl
2010 076 08:34:50,BSendEmail
2010 076 08:35:09,BSendEmail
2010 076 08:35:32,BSendEmail
2010 076 09:01:21,BUrl
2010 076 12:44:52,CUrl
2010 076 18:01:07,DUrl
2010 076 18:05:00,DNologon
2010 077 07:50:00,Blogon
2010 077 07:51:15,BUrl
2010 077 13:07:31,CUrl
2010 077 15:44:20,CSendEmail
2010 077 15:47:27,CSendEmail
2010 077 15:56:39,CUrl
2010 077 16:17:17,CSendEmail
2010 077 16:35:25,CUrl
2010 077 18:00:00,DNologon
2010 078 07:59:00,Blogon
2010 078 08:03:22,BSendEmail
2010 078 08:04:44,BUrl
2010 078 08:06:22,BSendEmail
2010 078 08:07:09,BUrl
2010 078 08:08:49,BSendEmail
2010 078 08:08:51,BUrl
2010 078 12:53:37,CUrl
2010 078 17:59:00,CNologon
2010 081 07:59:00,Blogon
2010 081 08:37:04,BUrl
2010 081 12:24:07,CUrl
2010 081 13:12:00,CSendEmail
2010 081 13:18:52,CSendEmail
2010 081 13:30:49,CSendEmail
2010 081 14:10:15,CUrl
2010 081 18:03:00,DNologon
2010 082 07:57:00,Blogon
2010 082 08:00:36,BUrl
2010 082 12:00:13,CUrl
2010 082 17:12:25,CSendEmail
2010 082 17:15:41,CSendEmail
2010 082 17:16:09,CUrl
2010 082 17:23:16,CSendEmail
2010 082 17:40:26,CUrl
2010 082 17:59:00,CNologon
2010 083 07:47:00,Blogon
2010 083 07:54:01,BUrl
2010 083 12:10:00,CUrl
2010 083 12:43:33,CSendEmail
2010 083 12:45:07,CSendEmail
2010 083 12:46:41,CSendEmail
2010 083 13:08:11,CUrl
2010 083 18:03:52,DUrl
2010 083 18:09:00,DNologon
2010 084 08:00:00,Blogon
2010 084 08:14:31,BUrl
2010 084 12:35:04,CUrl
2010 084 14:24:23,CSendEmail
2010 084 14:44:58,CUrl
2010 084 14:50:48,CSendEmail
2010 084 15:14:35,CUrl
2010 084 17:58:48,CSendEmail
2010 084 18:00:00,DNologon
2010 085 07:58:00,Blogon
2010 085 08:01:43,BUrl
2010 085 12:19:08,CUrl
2010 085 14:30:11,CSendEmail
2010 085 14:59:35,CUrl
2010 085 17:15:58,CSendEmail
2010 085 17:20:39,CSendEmail
2010 085 17:34:19,CUrl
2010 085 18:11:00,DNologon
2010 088 07:46:00,Blogon
2010 088 07:57:24,BUrl
2010 088 08:47:57,BSendEmail
2010 088 08:55:45,BSendEmail
2010 088 09:22:27,BUrl
2010 088 11:18:20,BSendEmail
2010 088 11:34:06,BUrl
2010 088 12:25:08,CUrl
2010 088 18:05:00,DNologon
2010 089 07:45:00,Blogon
2010 089 07:52:13,BUrl
2010 089 12:27:57,CUrl
2010 089 16:14:59,CSendEmail
2010 089 16:34:10,CUrl
2010 089 17:13:16,CSendEmail
2010 089 17:37:18,CUrl
2010 089 17:53:02,CSendEmail
2010 089 18:00:00,DNologon
2010 090 07:47:00,Blogon
2010 090 07:51:28,BUrl
2010 090 12:04:02,CUrl
2010 090 13:13:54,CSendEmail
2010 090 13:14:27,CUrl
2010 090 13:28:33,CSendEmail
2010 090 13:35:44,CSendEmail
2010 090 14:10:51,CUrl
2010 090 18:02:00,DNologon
2010 091 08:00:00,Blogon
2010 091 08:10:26,BUrl
2010 091 12:04:38,CUrl
2010 091 17:08:37,CSendEmail
2010 091 17:10:07,CUrl
2010 091 17:11:21,CSendEmail
2010 091 17:12:52,CSendEmail
2010 091 17:43:10,CUrl
2010 091 18:06:31,DUrl
2010 091 18:15:00,DNologon
2010 095 07:48:00,Blogon
2010 095 08:02:52,BUrl
2010 095 11:19:03,BSendEmail
2010 095 11:25:09,BUrl
2010 095 11:52:06,BSendEmail
2010 095 11:53:23,BUrl
2010 095 12:23:35,CUrl
2010 095 12:39:42,CSendEmail
2010 095 12:40:28,CUrl
2010 095 18:08:00,DNologon
2010 096 07:58:00,Blogon
2010 096 08:22:04,BUrl
2010 096 12:16:19,CUrl
2010 096 13:18:26,CSendEmail
2010 096 13:34:56,CUrl
2010 096 13:37:17,CSendEmail
2010 096 14:57:33,CUrl
2010 096 16:51:49,CSendEmail
2010 096 17:06:41,CUrl
2010 096 18:07:00,DNologon
2010 097 07:46:00,Blogon
2010 097 08:11:41,BSendEmail
2010 097 08:27:02,BSendEmail
2010 097 09:08:46,BUrl
2010 097 10:13:24,BSendEmail
2010 097 10:22:19,BUrl
2010 097 18:02:00,DNologon
2010 098 08:00:00,Blogon
2010 098 08:02:01,BUrl
2010 098 10:29:49,BSendEmail
2010 098 10:35:58,BUrl
2010 098 13:14:35,CUrl
2010 098 15:52:00,CSendEmail
2010 098 15:54:02,CSendEmail
2010 098 16:40:09,CUrl
2010 098 17:59:00,CNologon
2010 099 08:02:00,Blogon
2010 099 08:03:19,BSendEmail
2010 099 08:09:49,BUrl
2010 099 09:10:42,BSendEmail
2010 099 09:25:15,BUrl
2010 099 12:15:18,CUrl
2010 099 13:26:52,CSendEmail
2010 099 13:43:46,CUrl
2010 099 17:59:00,CNologon
2010 102 07:45:00,Blogon
2010 102 07:48:54,BUrl
2010 102 12:29:11,CUrl
2010 102 13:01:57,CSendEmail
2010 102 13:02:31,CSendEmail
2010 102 13:03:20,CUrl
2010 102 15:31:13,CSendEmail
2010 102 15:37:57,CUrl
2010 102 18:01:00,DNologon
2010 103 08:02:00,Blogon
2010 103 08:29:51,BUrl
2010 103 12:13:21,CUrl
2010 103 18:06:00,DNologon
2010 104 07:50:00,Blogon
2010 104 07:53:00,BUrl
2010 104 10:52:18,BSendEmail
2010 104 11:12:01,BUrl
2010 104 12:06:18,CUrl
2010 104 15:40:48,CSendEmail
2010 104 15:43:34,CUrl
2010 104 18:08:58,DUrl
2010 104 18:11:00,DNologon
2010 105 08:00:00,Blogon
2010 105 08:51:23,BUrl
2010 105 12:37:16,CUrl
2010 105 16:51:56,CSendEmail
2010 105 16:56:30,CUrl
2010 105 17:02:24,CSendEmail
2010 105 17:12:09,CSendEmail
2010 105 17:48:55,CUrl
2010 105 17:58:00,CNologon
2010 106 07:54:00,Blogon
2010 106 08:07:04,BUrl
2010 106 11:47:27,BSendEmail
2010 106 12:04:31,CSendEmail
2010 106 12:24:12,CUrl
2010 106 12:26:12,CSendEmail
2010 106 13:02:48,CUrl
2010 106 18:09:00,DNologon
2010 109 07:48:00,Blogon
2010 109 07:51:51,BSendEmail
2010 109 07:53:17,BUrl
2010 109 12:28:17,CUrl
2010 109 14:29:35,CSendEmail
2010 109 14:31:58,CSendEmail
2010 109 14:43:45,CUrl
2010 109 18:06:00,DNologon
2010 110 08:01:00,Blogon
2010 110 08:03:16,BSendEmail
2010 110 08:12:25,BUrl
2010 110 12:20:01,CSendEmail
2010 110 12:20:05,CUrl
2010 110 12:37:21,CSendEmail
2010 110 12:47:01,CUrl
2010 110 17:58:00,CNologon
2010 111 07:45:00,Blogon
2010 111 07:53:51,BUrl
2010 111 12:38:32,CUrl
2010 111 17:44:45,CSendEmail
2010 111 17:49:23,CSendEmail
2010 111 17:51:14,CUrl
2010 111 17:56:44,CSendEmail
2010 111 17:58:00,CNologon
2010 112 07:47:00,Blogon
2010 112 08:03:04,BUrl
2010 112 12:40:41,CUrl
2010 112 17:51:19,CSendEmail
2010 112 17:57:43,CUrl
2010 112 18:02:05,DUrl
2010 112 18:02:59,DSendEmail
2010 112 18:08:22,DSendEmail
2010 112 18:12:00,DNologon
2010 113 08:02:00,Blogon
2010 113 08:12:17,BUrl
2010 113 12:05:37,CUrl
2010 113 16:00:41,CSendEmail
2010 113 16:01:34,CUrl
2010 113 16:08:50,CSendEmail
2010 113 16:12:33,CSendEmail
2010 113 16:31:41,CUrl
2010 113 17:59:00,CNologon
2010 116 07:54:00,Blogon
2010 116 08:15:19,BUrl
2010 116 09:14:12,BSendEmail
2010 116 09:41:45,BUrl
2010 116 12:09:29,CUrl
2010 116 14:10:42,CSendEmail
2010 116 15:05:21,CUrl
2010 116 17:12:16,CSendEmail
2010 116 17:52:34,CUrl
2010 116 18:02:09,DUrl
2010 116 18:07:00,DNologon
2010 117 07:46:00,Blogon
2010 117 07:48:34,BUrl
2010 117 07:53:47,BSendEmail
2010 117 08:21:06,BUrl
2010 117 09:15:58,BSendEmail
2010 117 09:55:31,BUrl
2010 117 11:58:53,BSendEmail
2010 117 12:02:06,CUrl
2010 117 18:07:30,DUrl
2010 117 18:09:00,DNologon
2010 118 08:00:00,Blogon
2010 118 08:05:59,BUrl
2010 118 08:27:27,BSendEmail
2010 118 08:45:24,BUrl
2010 118 09:35:44,BSendEmail
2010 118 09:45:34,BUrl
2010 118 12:08:22,CUrl
2010 118 16:29:19,CSendEmail
2010 118 17:00:03,CUrl
2010 118 18:01:00,DNologon
2010 119 08:01:00,Blogon
2010 119 08:03:13,BUrl
2010 119 13:24:18,CUrl
2010 119 15:24:11,CSendEmail
2010 119 15:39:55,CSendEmail
2010 119 15:46:48,CUrl
2010 119 17:31:08,CSendEmail
2010 119 17:43:54,CUrl
2010 119 17:59:00,CNologon
2010 120 07:46:00,Blogon
2010 120 07:49:20,BUrl
2010 120 08:28:28,BSendEmail
2010 120 08:30:18,BSendEmail
2010 120 08:30:51,BUrl
2010 120 11:47:43,BSendEmail
2010 120 12:09:33,CUrl
2010 120 18:00:59,DUrl
2010 120 18:14:00,DNologon
2010 123 08:00:00,Blogon
2010 123 12:43:17,CUrl
2010 123 14:30:31,CSendEmail
2010 123 14:34:27,CUrl
2010 123 14:56:59,CSendEmail
2010 123 15:00:40,CUrl
2010 123 15:32:04,CSendEmail
2010 123 15:43:14,CUrl
2010 123 17:59:00,CNologon
2010 124 08:01:00,Blogon
2010 124 08:02:15,BUrl
2010 124 08:22:43,BSendEmail
2010 124 08:29:57,BUrl
2010 124 08:40:16,BSendEmail
2010 124 08:44:29,BUrl
2010 124 09:56:15,BSendEmail
2010 124 10:11:31,BUrl
2010 124 14:26:38,CUrl
2010 124 18:03:00,DNologon
2010 125 08:02:00,Blogon
2010 125 08:04:37,BSendEmail
2010 125 08:05:28,BSendEmail
2010 125 08:22:54,BUrl
2010 125 12:00:00,CUrl
2010 125 15:18:35,CSendEmail
2010 125 15:38:22,CUrl
2010 125 18:00:00,DNologon
2010 126 08:02:00,Blogon
2010 126 08:36:02,BUrl
2010 126 11:16:59,BSendEmail
2010 126 11:57:10,BSendEmail
2010 126 12:11:01,CSendEmail
2010 126 12:44:04,CUrl
2010 126 17:59:00,CNologon
2010 127 07:49:00,Blogon
2010 127 07:53:11,BUrl
2010 127 08:20:39,BSendEmail
2010 127 08:22:49,BUrl
2010 127 09:15:55,BSendEmail
2010 127 09:18:35,BSendEmail
2010 127 10:45:31,BUrl
2010 127 13:16:32,CUrl
2010 127 18:00:00,DNologon
2010 130 08:02:00,Blogon
2010 130 08:12:35,BUrl
2010 130 08:53:35,BSendEmail
2010 130 08:55:30,BUrl
2010 130 08:57:08,BSendEmail
2010 130 09:11:36,BUrl
2010 130 11:49:01,BSendEmail
2010 130 11:55:25,BUrl
2010 130 12:01:12,CUrl
2010 130 18:01:00,DNologon
2010 131 07:55:00,Blogon
2010 131 09:23:24,BUrl
2010 131 11:37:04,BSendEmail
2010 131 11:43:09,BUrl
2010 131 11:55:02,BSendEmail
2010 131 12:10:52,CUrl
2010 131 12:50:00,CSendEmail
2010 131 13:33:28,CUrl
2010 131 18:08:00,DNologon
2010 132 07:57:00,Blogon
2010 132 08:21:54,BUrl
2010 132 09:11:59,BSendEmail
2010 132 09:13:32,BUrl
2010 132 12:30:10,CUrl
2010 132 14:52:23,CSendEmail
2010 132 14:52:38,CSendEmail
2010 132 15:20:54,CUrl
2010 132 18:04:00,DNologon
2010 133 07:48:00,Blogon
2010 133 09:02:24,BUrl
2010 133 11:35:04,BSendEmail
2010 133 11:49:30,BSendEmail
2010 133 11:50:24,BSendEmail
2010 133 12:13:39,CUrl
2010 133 18:01:46,DUrl
2010 133 18:05:00,DNologon
2010 134 07:52:00,Blogon
2010 134 07:56:06,BUrl
2010 134 11:16:13,BSendEmail
2010 134 11:16:57,BUrl
2010 134 11:20:27,BSendEmail
2010 134 11:20:54,BUrl
2010 134 12:21:47,CUrl
2010 134 14:58:49,CSendEmail
2010 134 15:00:22,CUrl
2010 134 18:04:00,DNologon
2010 137 08:01:00,Blogon
2010 137 08:08:19,BUrl
2010 137 12:11:34,CUrl
2010 137 12:31:57,CSendEmail
2010 137 12:54:29,CUrl
2010 137 16:04:33,CSendEmail
2010 137 16:31:51,CSendEmail
2010 137 16:46:01,CUrl
2010 137 18:04:00,DNologon
2010 138 07:53:00,Blogon
2010 138 08:00:13,BUrl
2010 138 12:07:48,CSendEmail
2010 138 13:14:43,CUrl
2010 138 14:55:26,CSendEmail
2010 138 14:56:29,CUrl
2010 138 17:07:09,CSendEmail
2010 138 17:13:11,CUrl
2010 138 18:02:00,DNologon
2010 139 08:00:00,Blogon
2010 139 08:24:01,BUrl
2010 139 12:34:24,CUrl
2010 139 13:10:44,CSendEmail
2010 139 13:17:21,CSendEmail
2010 139 13:17:59,CSendEmail
2010 139 13:38:28,CUrl
2010 139 18:00:00,DNologon
2010 140 07:56:00,Blogon
2010 140 08:01:03,BUrl
2010 140 08:25:37,BSendEmail
2010 140 08:45:58,BUrl
2010 140 12:44:14,CUrl
2010 140 13:43:37,CSendEmail
2010 140 13:52:32,CUrl
2010 140 13:56:04,CSendEmail
2010 140 14:23:57,CUrl
2010 140 18:01:00,DNologon
2010 141 07:48:00,Blogon
2010 141 07:55:27,BUrl
2010 141 09:16:23,BSendEmail
2010 141 09:20:28,BUrl
2010 141 12:28:42,CUrl
2010 141 13:14:51,CSendEmail
2010 141 13:24:11,CUrl
2010 141 13:37:08,CSendEmail
2010 141 13:40:24,CUrl
2010 141 18:14:00,DNologon
2010 144 07:46:00,Blogon
2010 144 08:12:34,BUrl
2010 144 12:11:26,CUrl
2010 144 17:41:56,CSendEmail
2010 144 17:41:58,CUrl
2010 144 17:41:59,CSendEmail
2010 144 17:42:01,CSendEmail
2010 144 18:08:29,DUrl
2010 144 18:11:00,DNologon
2010 145 08:02:00,Blogon
2010 145 08:14:10,BUrl
2010 145 12:10:59,CUrl
2010 145 13:56:07,CSendEmail
2010 145 13:59:47,CUrl
2010 145 13:59:57,CSendEmail
2010 145 14:14:12,CSendEmail
2010 145 15:14:04,CUrl
2010 145 17:59:00,CNologon
2010 146 08:00:00,Blogon
2010 146 08:03:01,BUrl
2010 146 11:34:13,BSendEmail
2010 146 11:34:16,BUrl
2010 146 11:34:18,BSendEmail
2010 146 11:34:19,BSendEmail
2010 146 11:41:36,BUrl
2010 146 12:13:21,CUrl
2010 146 17:58:00,CNologon
2010 147 07:58:00,Blogon
2010 147 08:03:11,BUrl
2010 147 12:04:46,CUrl
2010 147 15:27:04,CSendEmail
2010 147 15:29:56,CUrl
2010 147 17:10:20,CSendEmail
2010 147 17:10:26,CSendEmail
2010 147 17:29:04,CUrl
2010 147 18:06:00,DNologon
2010 148 07:52:00,Blogon
2010 148 07:53:11,BUrl
2010 148 12:36:22,CUrl
2010 148 15:35:18,CSendEmail
2010 148 15:37:59,CUrl
2010 148 15:55:14,CSendEmail
2010 148 16:04:54,CUrl
2010 148 17:53:03,CSendEmail
2010 148 17:53:15,CUrl
2010 148 18:09:00,DNologon
2010 152 07:56:00,Blogon
2010 152 08:06:17,BUrl
2010 152 10:07:28,BSendEmail
2010 152 10:13:06,BSendEmail
2010 152 10:16:31,BUrl
2010 152 11:22:09,BSendEmail
2010 152 11:22:28,BUrl
2010 152 12:58:45,CUrl
2010 152 18:00:00,DNologon
2010 153 08:00:00,Blogon
2010 153 08:10:24,BUrl
2010 153 09:08:00,BSendEmail
2010 153 09:08:06,BUrl
2010 153 12:00:44,CUrl
2010 153 14:18:36,CSendEmail
2010 153 14:43:21,CSendEmail
2010 153 14:45:17,CUrl
2010 153 18:00:00,DNologon
2010 154 07:51:00,Blogon
2010 154 07:54:33,BUrl
2010 154 08:06:41,BSendEmail
2010 154 08:09:17,BUrl
2010 154 08:09:35,BSendEmail
2010 154 08:22:50,BUrl
2010 154 12:20:46,CUrl
2010 154 16:17:21,CSendEmail
2010 154 16:25:42,CUrl
2010 154 18:09:00,DNologon
2010 155 08:00:00,Blogon
2010 155 08:29:23,BUrl
2010 155 12:17:07,CUrl
2010 155 15:06:49,CSendEmail
2010 155 15:35:21,CUrl
2010 155 16:17:10,CSendEmail
2010 155 16:44:19,CUrl
2010 155 16:54:50,CSendEmail
2010 155 17:23:58,CUrl
2010 155 18:11:00,DNologon
2010 158 07:49:00,Blogon
2010 158 08:24:52,BUrl
2010 158 12:08:43,CUrl
2010 158 17:01:48,CSendEmail
2010 158 17:05:03,CUrl
2010 158 17:09:17,CSendEmail
2010 158 17:11:28,CUrl
2010 158 17:48:13,CSendEmail
2010 158 17:49:04,CUrl
2010 158 18:09:00,DNologon
2010 159 08:01:00,Blogon
2010 159 08:06:35,BUrl
2010 159 09:17:08,BSendEmail
2010 159 09:25:11,BUrl
2010 159 10:03:54,BSendEmail
2010 159 10:10:12,BUrl
2010 159 13:07:25,CUrl
2010 159 13:32:58,CSendEmail
2010 159 13:46:53,CUrl
2010 159 17:58:00,CNologon
2010 160 07:49:00,Blogon
2010 160 08:19:44,BUrl
2010 160 12:08:31,CUrl
2010 160 17:37:04,CSendEmail
2010 160 17:43:22,CSendEmail
2010 160 17:45:41,CUrl
2010 160 17:55:16,CSendEmail
2010 160 18:01:00,DNologon
2010 161 07:53:00,Blogon
2010 161 07:54:04,BSendEmail
2010 161 07:57:06,BUrl
2010 161 08:36:21,BSendEmail
2010 161 08:38:18,BSendEmail
2010 161 09:40:55,BUrl
2010 161 12:47:13,CUrl
2010 161 18:03:00,DNologon
2010 162 08:01:00,Blogon
2010 162 08:10:21,BUrl
2010 162 09:00:55,BSendEmail
2010 162 09:04:10,BUrl
2010 162 09:36:47,BSendEmail
2010 162 09:41:46,BUrl
2010 162 12:27:53,CUrl
2010 162 17:10:21,CSendEmail
2010 162 17:11:55,CUrl
2010 162 17:59:00,CNologon
2010 165 07:52:00,Blogon
2010 165 08:30:48,BUrl
2010 165 10:16:56,BSendEmail
2010 165 10:29:39,BUrl
2010 165 10:30:23,BSendEmail
2010 165 10:54:40,BUrl
2010 165 10:55:50,BSendEmail
2010 165 11:33:42,BUrl
2010 165 12:10:26,CUrl
2010 165 18:01:46,DUrl
2010 165 18:07:00,DNologon
2010 166 07:45:00,Blogon
2010 166 08:13:24,BUrl
2010 166 12:18:15,CUrl
2010 166 14:27:35,CSendEmail
2010 166 14:45:17,CUrl
2010 166 16:02:00,CSendEmail
2010 166 17:08:16,CUrl
2010 166 17:50:45,CSendEmail
2010 166 17:53:07,CUrl
2010 166 17:59:00,CNologon
2010 167 08:02:00,Blogon
2010 167 08:11:01,BUrl
2010 167 12:00:57,CSendEmail
2010 167 13:03:08,CUrl
2010 167 13:51:26,CSendEmail
2010 167 13:54:25,CUrl
2010 167 15:14:31,CSendEmail
2010 167 15:20:17,CUrl
2010 167 18:05:00,DNologon
2010 168 08:01:00,Blogon
2010 168 08:05:41,BUrl
2010 168 09:04:49,BSendEmail
2010 168 09:05:38,BUrl
2010 168 10:07:01,BSendEmail
2010 168 10:14:31,BSendEmail
2010 168 10:21:36,BUrl
2010 168 12:04:22,CUrl
2010 168 18:00:00,DNologon
2010 169 08:00:00,Blogon
2010 169 08:06:26,BUrl
2010 169 10:27:21,BSendEmail
2010 169 10:43:29,BSendEmail
2010 169 10:59:55,BUrl
2010 169 12:57:26,CUrl
2010 169 17:58:56,CSendEmail
2010 169 18:00:00,DNologon
2010 172 07:53:00,Blogon
2010 172 07:54:06,BUrl
2010 172 12:21:28,CSendEmail
2010 172 12:56:01,CUrl
2010 172 16:07:43,CSendEmail
2010 172 16:16:41,CUrl
2010 172 16:53:52,CSendEmail
2010 172 17:53:30,CUrl
2010 172 18:00:00,DNologon
2010 173 07:49:00,Blogon
2010 173 08:04:58,BUrl
2010 173 12:00:43,CUrl
2010 173 18:06:32,DSendEmail
2010 173 18:06:54,DUrl
2010 173 18:07:06,DSendEmail
2010 173 18:07:36,DSendEmail
2010 173 18:09:00,DNologon
2010 174 07:52:00,Blogon
2010 174 07:56:32,BSendEmail
2010 174 08:03:26,BSendEmail
2010 174 08:04:02,BUrl
2010 174 08:16:06,BSendEmail
2010 174 08:33:34,BUrl
2010 174 12:58:50,CUrl
2010 174 18:08:00,DNologon
2010 175 08:01:00,Blogon
2010 175 08:04:23,BUrl
2010 175 12:00:54,CUrl
2010 175 15:39:26,CSendEmail
2010 175 15:57:25,CSendEmail
2010 175 16:28:22,CUrl
2010 175 16:54:00,CSendEmail
2010 175 16:56:34,CUrl
2010 175 17:58:00,CNologon
2010 176 07:51:00,Blogon
2010 176 15:38:41,CSendEmail
2010 176 15:50:32,CUrl
2010 176 16:58:02,CSendEmail
2010 176 16:58:10,CUrl
2010 176 17:32:12,CSendEmail
2010 176 18:13:00,DNologon
2010 179 07:57:00,Blogon
2010 179 08:11:20,BSendEmail
2010 179 08:57:55,BUrl
2010 179 09:17:10,BSendEmail
2010 179 09:32:52,BUrl
2010 179 10:43:19,BSendEmail
2010 179 14:27:11,CUrl
2010 179 18:04:49,DUrl
2010 179 18:09:00,DNologon
2010 180 07:45:00,Blogon
2010 180 07:53:28,BUrl
2010 180 10:41:32,BSendEmail
2010 180 10:47:30,BSendEmail
2010 180 10:53:25,BSendEmail
2010 180 11:15:47,BUrl
2010 180 12:25:55,CUrl
2010 180 17:58:00,CNologon
2010 181 08:00:00,Blogon
2010 181 08:31:46,BUrl
2010 181 09:30:33,BSendEmail
2010 181 09:44:35,BUrl
2010 181 12:58:31,CUrl
2010 181 13:49:29,CSendEmail
2010 181 13:53:57,CSendEmail
2010 181 13:55:27,CUrl
2010 181 17:58:00,CNologon
2010 182 07:45:00,Blogon
2010 182 07:56:43,BUrl
2010 182 11:42:22,BSendEmail
2010 182 11:45:07,BSendEmail
2010 182 12:59:13,CUrl
2010 182 15:34:28,CSendEmail
2010 182 15:34:58,CUrl
2010 182 18:02:00,DNologon
2010 183 07:53:00,Blogon
2010 183 07:54:30,BUrl
2010 183 10:03:33,BSendEmail
2010 183 10:29:11,BUrl
2010 183 11:08:57,BSendEmail
2010 183 11:11:10,BSendEmail
2010 183 11:38:43,BUrl
2010 183 12:12:29,CUrl
2010 183 18:12:00,DNologon
2010 187 07:54:00,Blogon
2010 187 07:55:53,BUrl
2010 187 10:52:04,BSendEmail
2010 187 10:53:25,BSendEmail
2010 187 11:11:27,BUrl
2010 187 12:10:08,CUrl
2010 187 15:21:07,CSendEmail
2010 187 15:26:58,CUrl
2010 187 18:00:00,DNologon
2010 188 08:02:00,Blogon
2010 188 08:05:23,BSendEmail
2010 188 08:07:00,BUrl
2010 188 08:36:50,BSendEmail
2010 188 08:38:09,BSendEmail
2010 188 08:50:51,BUrl
2010 188 12:49:10,CUrl
2010 188 17:59:00,CNologon
2010 189 08:01:00,Blogon
2010 189 08:05:55,BUrl
2010 189 13:09:04,CUrl
2010 189 13:58:41,CSendEmail
2010 189 14:11:42,CUrl
2010 189 15:04:07,CSendEmail
2010 189 15:36:10,CUrl
2010 189 15:39:10,CSendEmail
2010 189 15:58:41,CUrl
2010 189 17:58:00,CNologon
2010 190 08:01:00,Blogon
2010 190 08:44:07,BUrl
2010 190 12:07:41,CUrl
2010 190 16:41:42,CSendEmail
2010 190 16:57:17,CSendEmail
2010 190 16:59:26,CUrl
2010 190 17:38:34,CSendEmail
2010 190 17:49:52,CUrl
2010 190 18:00:00,DNologon
2010 193 08:02:00,Blogon
2010 193 08:17:28,BUrl
2010 193 12:56:48,CUrl
2010 193 14:44:58,CSendEmail
2010 193 14:51:23,CUrl
2010 193 17:12:42,CSendEmail
2010 193 17:12:51,CSendEmail
2010 193 17:16:03,CUrl
2010 193 17:59:00,CNologon
2010 194 08:00:00,Blogon
2010 194 08:14:01,BUrl
2010 194 10:18:08,BSendEmail
2010 194 10:28:40,BSendEmail
2010 194 10:41:54,BSendEmail
2010 194 10:57:32,BUrl
2010 194 12:40:29,CUrl
2010 194 18:00:00,DNologon
2010 195 08:00:00,Blogon
2010 195 08:26:40,BUrl
2010 195 12:00:07,CUrl
2010 195 16:37:07,CSendEmail
2010 195 16:37:12,CSendEmail
2010 195 16:40:45,CSendEmail
2010 195 16:43:53,CUrl
2010 195 17:59:00,CNologon
2010 196 07:57:00,Blogon
2010 196 08:07:30,BUrl
2010 196 12:00:44,CUrl
2010 196 15:40:37,CSendEmail
2010 196 15:41:32,CUrl
2010 196 16:27:58,CSendEmail
2010 196 16:29:52,CSendEmail
2010 196 17:01:22,CUrl
2010 196 18:00:00,DNologon
2010 197 08:02:00,Blogon
2010 197 08:07:27,BUrl
2010 197 09:59:47,BSendEmail
2010 197 10:27:30,BUrl
2010 197 12:07:29,CUrl
2010 197 14:18:55,CSendEmail
2010 197 14:51:46,CUrl
2010 197 15:07:43,CSendEmail
2010 197 15:43:22,CUrl
2010 197 17:59:00,CNologon
2010 200 08:00:00,Blogon
2010 200 08:01:15,BUrl
2010 200 12:01:57,CUrl
2010 200 13:02:15,CSendEmail
2010 200 13:21:26,CUrl
2010 200 14:27:42,CSendEmail
2010 200 14:49:31,CSendEmail
2010 200 15:21:33,CUrl
2010 200 18:00:00,DNologon
2010 201 08:02:00,Blogon
2010 201 08:04:16,BUrl
2010 201 12:11:06,CUrl
2010 201 17:44:33,CSendEmail
2010 201 17:53:43,CUrl
2010 201 17:55:44,CSendEmail
2010 201 17:55:54,CUrl
2010 201 17:57:15,CSendEmail
2010 201 18:03:04,DUrl
2010 201 18:14:00,DNologon
2010 202 08:00:00,Blogon
2010 202 08:09:31,BUrl
2010 202 12:24:16,CUrl
2010 202 12:45:30,CSendEmail
2010 202 12:49:36,CSendEmail
2010 202 13:18:14,CSendEmail
2010 202 13:59:03,CUrl
2010 202 17:58:00,CNologon
2010 203 08:00:00,Blogon
2010 203 08:10:43,BUrl
2010 203 10:48:32,BSendEmail
2010 203 11:05:15,BUrl
2010 203 13:25:12,CUrl
2010 203 18:05:06,DUrl
2010 203 18:11:19,DSendEmail
2010 203 18:13:00,DNologon
2010 204 07:55:00,Blogon
2010 204 08:25:54,BUrl
2010 204 08:38:15,BSendEmail
2010 204 08:57:09,BUrl
2010 204 11:39:12,BSendEmail
2010 204 12:44:05,CUrl
2010 204 15:33:46,CSendEmail
2010 204 16:05:47,CUrl
2010 204 17:59:00,CNologon
2010 207 08:02:00,Blogon
2010 207 08:15:39,BUrl
2010 207 10:17:05,BSendEmail
2010 207 10:19:32,BUrl
2010 207 12:14:44,CUrl
2010 207 16:21:51,CSendEmail
2010 207 16:29:07,CUrl
2010 207 16:33:51,CSendEmail
2010 207 16:35:03,CUrl
2010 207 17:58:00,CNologon
2010 208 08:01:00,Blogon
2010 208 08:02:21,BUrl
2010 208 08:25:33,BSendEmail
2010 208 08:36:37,BUrl
2010 208 11:58:47,BSendEmail
2010 208 12:03:52,CSendEmail
2010 208 12:14:34,CUrl
2010 208 18:00:00,DNologon
2010 209 08:01:00,Blogon
2010 209 08:02:58,BUrl
2010 209 12:11:01,CUrl
2010 209 12:12:34,CSendEmail
2010 209 13:05:48,CUrl
2010 209 13:17:19,CSendEmail
2010 209 13:26:55,CSendEmail
2010 209 13:52:29,CUrl
2010 209 17:58:00,CNologon
2010 210 07:58:00,Blogon
2010 210 08:03:30,BUrl
2010 210 12:33:14,CUrl
2010 210 14:08:54,CSendEmail
2010 210 14:44:36,CUrl
2010 210 16:23:52,CSendEmail
2010 210 16:26:01,CUrl
2010 210 16:32:54,CSendEmail
2010 210 16:41:51,CUrl
2010 210 17:58:00,CNologon
2010 211 08:01:00,Blogon
2010 211 08:17:01,BUrl
2010 211 12:00:14,CUrl
2010 211 12:28:36,CSendEmail
2010 211 12:39:06,CSendEmail
2010 211 12:42:21,CUrl
2010 211 13:42:25,CSendEmail
2010 211 14:42:11,CUrl
2010 211 17:59:00,CNologon
2010 214 07:55:00,Blogon
2010 214 08:18:41,BUrl
2010 214 12:26:43,CUrl
2010 214 12:43:51,CSendEmail
2010 214 12:50:11,CUrl
2010 214 12:59:24,CSendEmail
2010 214 13:02:52,CSendEmail
2010 214 13:44:25,CUrl
2010 214 17:58:00,CNologon
2010 215 07:57:00,Blogon
2010 215 08:00:40,BUrl
2010 215 12:06:42,CUrl
2010 215 15:04:50,CSendEmail
2010 215 15:05:18,CUrl
2010 215 15:06:13,CSendEmail
2010 215 15:06:37,CSendEmail
2010 215 16:14:39,CUrl
2010 215 18:02:55,DUrl
2010 215 18:05:00,DNologon
2010 216 07:55:00,Blogon
2010 216 08:04:30,BUrl
2010 216 12:19:08,CUrl
2010 216 13:55:56,CSendEmail
2010 216 13:57:30,CSendEmail
2010 216 13:57:37,CUrl
2010 216 16:45:42,CSendEmail
2010 216 16:50:41,CUrl
2010 216 18:09:00,DNologon
2010 217 08:01:00,Blogon
2010 217 08:08:50,BUrl
2010 217 12:16:43,CUrl
2010 217 14:02:26,CSendEmail
2010 217 14:13:05,CSendEmail
2010 217 14:40:39,CSendEmail
2010 217 15:25:48,CUrl
2010 217 18:00:00,DNologon
2010 218 08:01:00,Blogon
2010 218 08:56:01,BUrl
2010 218 12:02:10,CUrl
2010 218 15:44:21,CSendEmail
2010 218 15:49:20,CSendEmail
2010 218 15:54:09,CSendEmail
2010 218 16:23:28,CUrl
2010 218 17:59:00,CNologon
2010 221 08:02:00,Blogon
2010 221 08:28:33,BUrl
2010 221 10:50:59,BSendEmail
2010 221 10:52:27,BUrl
2010 221 11:11:42,BSendEmail
2010 221 11:30:37,BUrl
2010 221 12:04:08,CUrl
2010 221 16:00:18,CSendEmail
2010 221 16:09:19,CUrl
2010 221 18:00:00,DNologon
2010 222 07:50:00,Blogon
2010 222 07:52:06,BUrl
2010 222 09:37:16,BSendEmail
2010 222 09:58:48,BUrl
2010 222 12:20:40,CUrl
2010 222 17:21:49,CSendEmail
2010 222 17:37:40,CUrl
2010 222 17:46:08,CSendEmail
2010 222 17:57:35,CUrl
2010 222 18:13:00,DNologon
2010 223 07:52:00,Blogon
2010 223 08:09:03,BUrl
2010 223 09:12:10,BSendEmail
2010 223 09:12:15,BUrl
2010 223 12:37:20,CUrl
2010 223 16:28:46,CSendEmail
2010 223 16:29:22,CUrl
2010 223 16:52:13,CSendEmail
2010 223 17:02:16,CUrl
2010 223 17:59:00,CNologon
2010 224 07:49:00,Blogon
2010 224 08:01:34,BUrl
2010 224 12:06:09,CUrl
2010 224 12:50:04,CSendEmail
2010 224 13:17:27,CUrl
2010 224 17:36:54,CSendEmail
2010 224 17:40:00,CSendEmail
2010 224 17:45:47,CUrl
2010 224 18:01:00,DNologon
2010 225 08:01:00,Blogon
2010 225 08:18:10,BUrl
2010 225 12:08:51,CUrl
2010 225 13:28:47,CSendEmail
2010 225 13:33:16,CUrl
2010 225 13:54:52,CSendEmail
2010 225 14:05:32,CSendEmail
2010 225 14:28:23,CUrl
2010 225 18:00:00,DNologon
2010 228 08:00:00,Blogon
2010 228 08:47:12,BUrl
2010 228 10:18:19,BSendEmail
2010 228 10:20:00,BUrl
2010 228 12:15:21,CUrl
2010 228 15:46:03,CSendEmail
2010 228 15:50:46,CUrl
2010 228 15:53:24,CSendEmail
2010 228 15:57:24,CUrl
2010 228 18:11:56,DUrl
2010 228 18:14:00,DNologon
2010 229 08:01:00,Blogon
2010 229 08:06:01,BSendEmail
2010 229 08:06:05,BUrl
2010 229 09:56:11,BSendEmail
2010 229 10:22:16,BUrl
2010 229 12:49:06,CUrl
2010 229 14:36:12,CSendEmail
2010 229 14:37:04,CUrl
2010 229 17:59:00,CNologon
2010 230 08:00:00,Blogon
2010 230 08:17:38,BUrl
2010 230 12:23:02,CUrl
2010 230 16:19:08,CSendEmail
2010 230 16:25:58,CUrl
2010 230 16:29:49,CSendEmail
2010 230 16:32:14,CUrl
2010 230 16:37:24,CSendEmail
2010 230 17:20:06,CUrl
2010 230 18:04:00,DNologon
2010 231 07:55:00,Blogon
2010 231 09:40:02,BUrl
2010 231 14:00:35,CUrl
2010 231 16:08:13,CSendEmail
2010 231 16:10:24,CUrl
2010 231 16:12:03,CSendEmail
2010 231 16:12:57,CUrl
2010 231 16:28:54,CSendEmail
2010 231 16:58:13,CUrl
2010 231 18:11:00,DNologon
2010 232 07:51:00,Blogon
2010 232 07:53:42,BUrl
2010 232 12:01:06,CUrl
2010 232 12:43:13,CSendEmail
2010 232 12:52:25,CUrl
2010 232 13:24:14,CSendEmail
2010 232 13:28:57,CSendEmail
2010 232 13:29:44,CUrl
2010 232 17:58:00,CNologon
2010 235 07:56:00,Blogon
2010 235 07:59:17,BUrl
2010 235 09:09:16,BSendEmail
2010 235 09:15:32,BSendEmail
2010 235 09:17:06,BSendEmail
2010 235 09:23:34,BUrl
2010 235 13:09:50,CUrl
2010 235 18:01:29,DUrl
2010 235 18:12:00,DNologon
2010 236 08:02:00,Blogon
2010 236 08:06:52,BUrl
2010 236 10:03:17,BSendEmail
2010 236 10:09:44,BUrl
2010 236 10:21:27,BSendEmail
2010 236 11:55:51,BUrl
2010 236 12:35:18,CUrl
2010 236 17:58:00,CNologon
2010 237 08:01:00,Blogon
2010 237 08:04:55,BUrl
2010 237 12:21:37,CUrl
2010 237 13:50:44,CSendEmail
2010 237 14:08:22,CSendEmail
2010 237 14:37:57,CUrl
2010 237 17:58:00,CNologon
2010 238 08:01:00,Blogon
2010 238 08:06:20,BUrl
2010 238 12:00:37,CUrl
2010 238 17:59:00,CNologon
2010 239 07:59:00,Blogon
2010 239 08:03:38,BUrl
2010 239 12:10:26,CUrl
2010 239 15:56:01,CSendEmail
2010 239 15:56:13,CSendEmail
2010 239 15:57:25,CUrl
2010 239 15:58:59,CSendEmail
2010 239 16:45:42,CUrl
2010 239 17:59:00,CNologon
2010 242 08:00:00,Blogon
2010 242 08:30:08,BUrl
2010 242 09:18:37,BSendEmail
2010 242 09:24:28,BUrl
2010 242 09:28:16,BSendEmail
2010 242 09:58:01,BUrl
2010 242 12:26:28,CUrl
2010 242 17:59:00,CNologon
2010 243 08:00:00,Blogon
2010 243 08:21:45,BUrl
2010 243 10:24:52,BSendEmail
2010 243 10:26:54,BUrl
2010 243 10:41:13,BSendEmail
2010 243 10:43:48,BUrl
2010 243 11:19:47,BSendEmail
2010 243 11:22:16,BUrl
2010 243 12:06:04,CUrl
2010 243 17:58:00,CNologon
2010 244 08:02:00,Blogon
2010 244 08:03:14,BUrl
2010 244 09:44:14,BSendEmail
2010 244 09:44:20,BUrl
2010 244 09:51:25,BSendEmail
2010 244 10:01:29,BUrl
2010 244 10:49:10,BSendEmail
2010 244 11:41:02,BUrl
2010 244 12:15:57,CUrl
2010 244 17:58:00,CNologon
2010 245 08:02:00,Blogon
2010 245 08:21:09,BUrl
2010 245 09:11:36,BSendEmail
2010 245 09:12:49,BUrl
2010 245 12:08:16,CSendEmail
2010 245 12:08:49,CSendEmail
2010 245 12:23:07,CUrl
2010 245 18:09:00,DNologon
2010 246 07:47:00,Blogon
2010 246 08:00:05,BUrl
2010 246 08:06:25,BSendEmail
2010 246 08:14:02,BUrl
2010 246 11:22:40,BSendEmail
2010 246 12:13:08,CUrl
2010 246 13:27:34,CSendEmail
2010 246 14:10:49,CUrl
2010 246 18:04:00,DNologon
2010 250 07:47:00,Blogon
2010 250 07:52:02,BUrl
2010 250 12:06:37,CUrl
2010 250 18:00:12,DUrl
2010 250 18:14:00,DNologon
2010 251 08:01:00,Blogon
2010 251 08:06:11,BUrl
2010 251 11:21:42,BSendEmail
2010 251 11:56:16,BUrl
2010 251 12:03:00,CUrl
2010 251 17:58:00,CNologon
2010 252 07:50:00,Blogon
2010 252 07:56:25,BUrl
2010 252 11:03:12,BSendEmail
2010 252 11:56:31,BUrl
2010 252 12:04:57,CUrl
2010 252 14:42:01,CSendEmail
2010 252 14:42:22,CSendEmail
2010 252 14:56:40,CUrl
2010 252 18:01:43,DUrl
2010 252 18:08:00,DNologon
2010 253 08:00:00,Blogon
2010 253 08:05:08,BUrl
2010 253 12:03:07,CUrl
2010 253 13:13:08,CSendEmail
2010 253 13:21:54,CSendEmail
2010 253 13:22:53,CUrl
2010 253 15:53:01,CSendEmail
2010 253 15:54:14,CUrl
2010 253 17:58:00,CNologon
2010 256 07:58:00,Blogon
2010 256 08:11:44,BUrl
2010 256 09:06:03,BSendEmail
2010 256 09:23:08,BUrl
2010 256 12:20:58,CUrl
2010 256 18:04:04,DUrl
2010 256 18:07:26,DSendEmail
2010 256 18:12:22,DSendEmail
2010 256 18:14:00,DNologon
2010 257 07:53:00,Blogon
2010 257 08:13:24,BUrl
2010 257 12:01:12,CUrl
2010 257 14:47:49,CSendEmail
2010 257 15:53:22,CSendEmail
2010 257 16:14:05,CSendEmail
2010 257 16:39:56,CUrl
2010 257 18:01:00,DNologon
2010 258 08:01:00,Blogon
2010 258 08:04:11,BUrl
2010 258 12:03:35,CUrl
2010 258 14:36:36,CSendEmail
2010 258 14:44:36,CSendEmail
2010 258 15:12:58,CSendEmail
2010 258 15:18:52,CUrl
2010 258 18:06:05,DUrl
2010 258 18:11:00,DNologon
2010 259 08:01:00,Blogon
2010 259 08:06:44,BUrl
2010 259 08:14:23,BSendEmail
2010 259 08:15:17,BUrl
2010 259 11:48:30,BSendEmail
2010 259 13:01:25,CUrl
2010 259 13:21:39,CSendEmail
2010 259 13:23:11,CUrl
2010 259 17:58:00,CNologon
2010 260 08:02:00,Blogon
2010 260 08:07:04,BUrl
2010 260 10:09:27,BSendEmail
2010 260 10:11:40,BUrl
2010 260 10:11:52,BSendEmail
2010 260 10:17:32,BUrl
2010 260 12:03:09,CUrl
2010 260 13:33:46,CSendEmail
2010 260 13:50:31,CUrl
2010 260 17:58:00,CNologon
2010 263 07:56:00,Blogon
2010 263 08:17:25,BUrl
2010 263 12:43:52,CUrl
2010 263 13:34:12,CSendEmail
2010 263 14:21:31,CUrl
2010 263 17:23:32,CSendEmail
2010 263 17:55:57,CSendEmail
2010 263 18:10:00,DNologon
2010 264 07:57:00,Blogon
2010 264 07:59:14,BUrl
2010 264 11:22:06,BSendEmail
2010 264 11:48:21,BUrl
2010 264 12:00:48,CUrl
2010 264 12:07:03,CSendEmail
2010 264 12:17:27,CUrl
2010 264 14:13:34,CSendEmail
2010 264 14:36:30,CUrl
2010 264 18:00:03,DUrl
2010 264 18:14:00,DNologon
2010 265 08:02:00,Blogon
2010 265 08:05:05,BUrl
2010 265 12:12:48,CUrl
2010 265 13:19:49,CSendEmail
2010 265 13:20:38,CUrl
2010 265 13:20:44,CSendEmail
2010 265 13:23:28,CUrl
2010 265 13:23:40,CSendEmail
2010 265 13:43:40,CUrl
2010 265 18:00:00,DNologon
2010 266 08:02:00,Blogon
2010 266 08:05:32,BUrl
2010 266 11:06:28,BSendEmail
2010 266 11:21:09,BUrl
2010 266 12:27:47,CUrl
2010 266 16:56:26,CSendEmail
2010 266 17:19:34,CUrl
2010 266 17:49:30,CSendEmail
2010 266 18:00:00,DNologon
2010 267 08:01:00,Blogon
2010 267 08:14:28,BUrl
2010 267 12:23:11,CSendEmail
2010 267 12:23:46,CUrl
2010 267 16:41:00,CSendEmail
2010 267 16:42:12,CSendEmail
2010 267 17:24:48,CUrl
2010 267 18:00:00,DNologon
2010 270 08:00:00,Blogon
2010 270 08:23:44,BUrl
2010 270 12:16:49,CUrl
2010 270 15:50:12,CSendEmail
2010 270 15:58:36,CSendEmail
2010 270 15:59:19,CSendEmail
2010 270 16:04:12,CUrl
2010 270 17:58:00,CNologon
2010 271 07:53:00,Blogon
2010 271 08:31:31,BSendEmail
2010 271 08:58:40,BUrl
2010 271 09:10:11,BSendEmail
2010 271 09:11:52,BUrl
2010 271 09:27:36,BSendEmail
2010 271 10:30:53,BUrl
2010 271 12:58:48,CUrl
2010 271 18:11:00,DNologon
2010 272 07:46:00,Blogon
2010 272 07:48:08,BUrl
2010 272 07:48:26,BSendEmail
2010 272 08:06:21,BUrl
2010 272 12:00:43,CUrl
2010 272 18:01:00,DNologon
2010 273 07:52:00,Blogon
2010 273 07:56:06,BUrl
2010 273 12:01:41,CUrl
2010 273 16:29:38,CSendEmail
2010 273 16:49:10,CUrl
2010 273 18:00:51,DSendEmail
2010 273 18:00:52,DSendEmail
2010 273 18:04:00,DNologon
2010 274 08:00:00,Blogon
2010 274 08:07:29,BUrl
2010 274 10:39:16,BSendEmail
2010 274 10:42:50,BUrl
2010 274 10:42:55,BSendEmail
2010 274 11:16:54,BUrl
2010 274 12:43:27,CUrl
2010 274 17:38:43,CSendEmail
2010 274 17:45:42,CUrl
2010 274 18:02:19,DUrl
2010 274 18:08:00,DNologon
2010 277 08:02:00,Blogon
2010 277 08:07:17,BUrl
2010 277 08:10:09,BSendEmail
2010 277 08:12:12,BSendEmail
2010 277 08:35:22,BUrl
2010 277 11:30:59,BSendEmail
2010 277 11:31:23,BUrl
2010 277 12:28:49,CUrl
2010 277 18:06:27,DUrl
2010 277 18:08:00,DNologon
2010 278 07:58:00,Blogon
2010 278 08:01:09,BSendEmail
2010 278 08:19:04,BUrl
2010 278 12:05:14,CUrl
2010 278 17:25:02,CSendEmail
2010 278 17:49:21,CSendEmail
2010 278 18:12:02,DUrl
2010 278 18:14:00,DNologon
2010 279 08:02:00,Blogon
2010 279 08:12:50,BUrl
2010 279 08:20:09,BSendEmail
2010 279 10:08:04,BUrl
2010 279 12:01:21,CUrl
2010 279 14:21:03,CSendEmail
2010 279 14:44:15,CUrl
2010 279 15:31:32,CSendEmail
2010 279 15:46:50,CUrl
2010 279 17:59:00,CNologon
2010 280 07:52:00,Blogon
2010 280 08:00:17,BUrl
2010 280 12:05:07,CUrl
2010 280 17:36:56,CSendEmail
2010 280 17:38:03,CSendEmail
2010 280 17:53:29,CSendEmail
2010 280 17:58:58,CUrl
2010 280 18:02:10,DUrl
2010 280 18:10:00,DNologon
2010 281 08:02:00,Blogon
2010 281 08:09:51,BUrl
2010 281 09:54:15,BSendEmail
2010 281 09:54:35,BUrl
2010 281 12:24:23,CUrl
2010 281 13:03:52,CSendEmail
2010 281 13:12:50,CUrl
2010 281 16:00:11,CSendEmail
2010 281 16:47:41,CUrl
2010 281 17:59:00,CNologon
2010 284 08:02:00,Blogon
2010 284 08:05:13,BUrl
2010 284 09:47:05,BSendEmail
2010 284 09:48:09,BSendEmail
2010 284 09:51:48,BUrl
2010 284 09:54:10,BSendEmail
2010 284 10:38:26,BUrl
2010 284 12:13:42,CUrl
2010 284 18:00:00,DNologon
2010 285 08:01:00,Blogon
2010 285 08:11:03,BUrl
2010 285 08:53:59,BSendEmail
2010 285 08:54:03,BSendEmail
2010 285 08:54:04,BSendEmail
2010 285 09:07:52,BUrl
2010 285 12:13:28,CUrl
2010 285 18:00:00,DNologon
2010 286 07:45:00,Blogon
2010 286 07:49:18,BUrl
2010 286 12:22:39,CUrl
2010 286 13:01:00,CSendEmail
2010 286 13:24:20,CUrl
2010 286 14:52:37,CSendEmail
2010 286 15:12:38,CUrl
2010 286 15:51:08,CSendEmail
2010 286 16:08:25,CUrl
2010 286 17:59:00,CNologon
2010 287 07:53:00,Blogon
2010 287 08:20:43,BUrl
2010 287 12:13:16,CSendEmail
2010 287 12:18:04,CUrl
2010 287 17:53:33,CSendEmail
2010 287 18:06:32,DSendEmail
2010 287 18:11:00,DNologon
2010 288 08:02:00,Blogon
2010 288 08:03:33,BUrl
2010 288 09:50:28,BSendEmail
2010 288 09:54:38,BUrl
2010 288 12:04:11,CUrl
2010 288 14:38:31,CSendEmail
2010 288 14:42:38,CSendEmail
2010 288 14:50:58,CUrl
2010 288 18:06:00,DNologon
2010 291 07:49:00,Blogon
2010 291 07:58:26,BUrl
2010 291 12:39:59,CSendEmail
2010 291 12:45:29,CUrl
2010 291 12:56:03,CSendEmail
2010 291 13:03:40,CUrl
2010 291 13:06:11,CSendEmail
2010 291 13:06:34,CUrl
2010 291 18:05:28,DUrl
2010 291 18:10:00,DNologon
2010 292 07:47:00,Blogon
2010 292 08:31:57,BUrl
2010 292 12:28:02,CUrl
2010 292 14:44:08,CSendEmail
2010 292 14:44:39,CUrl
2010 292 15:30:42,CSendEmail
2010 292 15:32:24,CUrl
2010 292 16:12:47,CSendEmail
2010 292 16:20:37,CUrl
2010 292 18:00:00,DNologon
2010 293 07:57:00,Blogon
2010 293 07:58:30,BUrl
2010 293 12:15:12,CUrl
2010 293 13:19:25,CSendEmail
2010 293 13:31:12,CUrl
2010 293 15:17:37,CSendEmail
2010 293 15:50:30,CSendEmail
2010 293 15:56:14,CUrl
2010 293 18:04:00,DNologon
2010 294 07:56:00,Blogon
2010 294 07:59:33,BUrl
2010 294 09:52:52,BSendEmail
2010 294 09:54:26,BUrl
2010 294 13:15:39,CUrl
2010 294 15:07:24,CSendEmail
2010 294 15:16:02,CUrl
2010 294 16:34:29,CSendEmail
2010 294 16:43:29,CUrl
2010 294 18:01:00,DNologon
2010 295 08:01:00,Blogon
2010 295 08:10:25,BUrl
2010 295 08:29:43,BSendEmail
2010 295 08:30:42,BUrl
2010 295 10:09:24,BSendEmail
2010 295 10:21:50,BUrl
2010 295 11:21:41,BSendEmail
2010 295 12:25:32,CUrl
2010 295 18:00:00,DNologon
2010 298 08:00:00,Blogon
2010 298 08:01:53,BUrl
2010 298 09:37:46,BSendEmail
2010 298 09:53:02,BUrl
2010 298 12:33:33,CUrl
2010 298 17:53:50,CSendEmail
2010 298 17:55:05,CSendEmail
2010 298 17:59:00,CNologon
2010 299 07:52:00,Blogon
2010 299 08:06:22,BUrl
2010 299 10:53:47,BSendEmail
2010 299 10:57:36,BSendEmail
2010 299 11:31:24,BUrl
2010 299 12:36:04,CSendEmail
2010 299 12:54:50,CUrl
2010 299 18:03:11,DUrl
2010 299 18:12:00,DNologon
2010 300 07:47:00,Blogon
2010 300 08:04:25,BUrl
2010 300 12:22:17,CUrl
2010 300 17:39:58,CSendEmail
2010 300 17:40:20,CSendEmail
2010 300 17:40:46,CSendEmail
2010 300 17:54:05,CUrl
2010 300 17:58:00,CNologon
2010 301 07:48:00,Blogon
2010 301 07:57:50,BUrl
2010 301 12:00:38,CUrl
2010 301 13:39:43,CSendEmail
2010 301 13:42:19,CSendEmail
2010 301 13:46:40,CSendEmail
2010 301 14:10:52,CUrl
2010 301 18:10:00,DNologon
2010 302 07:49:00,Blogon
2010 302 08:05:30,BUrl
2010 302 11:45:46,BSendEmail
2010 302 11:49:05,BUrl
2010 302 12:01:55,CUrl
2010 302 17:56:54,CSendEmail
2010 302 17:57:46,CSendEmail
2010 302 18:00:00,DNologon
2010 305 08:01:00,Blogon
2010 305 08:59:02,BUrl
2010 305 10:22:26,BSendEmail
2010 305 10:31:56,BUrl
2010 305 10:54:09,BSendEmail
2010 305 11:33:25,BUrl
2010 305 12:24:47,CUrl
2010 305 14:22:49,CSendEmail
2010 305 14:28:25,CUrl
2010 305 17:58:00,CNologon
2010 306 07:48:00,Blogon
2010 306 07:55:57,BUrl
2010 306 08:44:28,BSendEmail
2010 306 09:07:28,BUrl
2010 306 12:28:06,CUrl
2010 306 12:41:25,CSendEmail
2010 306 13:23:52,CUrl
2010 306 15:06:43,CSendEmail
2010 306 15:22:44,CUrl
2010 306 18:05:00,DNologon
2010 307 07:53:00,Blogon
2010 307 08:44:36,BUrl
2010 307 12:15:58,CUrl
2010 307 15:00:49,CSendEmail
2010 307 15:25:42,CUrl
2010 307 17:52:06,CSendEmail
2010 307 17:53:16,CUrl
2010 307 17:54:40,CSendEmail
2010 307 17:54:59,CUrl
2010 307 17:59:00,CNologon
2010 308 08:02:00,Blogon
2010 308 08:04:27,BSendEmail
2010 308 08:07:19,BUrl
2010 308 08:08:54,BSendEmail
2010 308 08:09:18,BSendEmail
2010 308 08:18:24,BUrl
2010 308 12:50:15,CUrl
2010 308 17:59:00,CNologon
2010 309 07:50:00,Blogon
2010 309 08:34:03,BUrl
2010 309 12:23:10,CUrl
2010 309 18:00:00,DNologon
2010 312 07:49:00,Blogon
2010 312 07:51:49,BUrl
2010 312 08:52:26,BSendEmail
2010 312 08:54:57,BUrl
2010 312 08:58:26,BSendEmail
2010 312 08:58:54,BSendEmail
2010 312 09:03:26,BUrl
2010 312 12:01:23,CUrl
2010 312 18:01:27,DUrl
2010 312 18:12:00,DNologon
2010 313 08:01:00,Blogon
2010 313 08:03:53,BSendEmail
2010 313 08:05:04,BSendEmail
2010 313 08:08:17,BSendEmail
2010 313 08:15:28,BUrl
2010 313 12:25:44,CUrl
2010 313 17:59:00,CNologon
2010 314 07:55:00,Blogon
2010 314 08:06:17,BUrl
2010 314 12:18:12,CUrl
2010 314 15:38:27,CSendEmail
2010 314 15:50:05,CSendEmail
2010 314 16:04:26,CSendEmail
2010 314 16:09:51,CUrl
2010 314 18:15:00,DNologon
2010 315 07:56:00,Blogon
2010 315 08:07:33,BUrl
2010 315 09:12:17,BSendEmail
2010 315 09:16:14,BUrl
2010 315 10:37:27,BSendEmail
2010 315 12:13:16,CUrl
2010 315 15:03:08,CSendEmail
2010 315 15:11:59,CUrl
2010 315 18:08:10,DUrl
2010 315 18:14:00,DNologon
2010 316 08:02:00,Blogon
2010 316 08:03:40,BUrl
2010 316 11:26:11,BSendEmail
2010 316 11:29:03,BUrl
2010 316 12:21:04,CUrl
2010 316 12:28:00,CSendEmail
2010 316 12:29:04,CUrl
2010 316 14:17:21,CSendEmail
2010 316 14:53:03,CUrl
2010 316 18:06:19,DUrl
2010 316 18:08:00,DNologon
2010 319 07:56:00,Blogon
2010 319 08:46:18,BUrl
2010 319 08:48:24,BSendEmail
2010 319 09:30:11,BUrl
2010 319 12:15:24,CUrl
2010 319 15:41:42,CSendEmail
2010 319 15:41:43,CUrl
2010 319 17:17:07,CSendEmail
2010 319 17:17:11,CUrl
2010 319 18:00:00,DNologon
2010 320 07:49:00,Blogon
2010 320 08:02:28,BUrl
2010 320 11:32:00,BSendEmail
2010 320 11:33:37,BUrl
2010 320 12:11:01,CSendEmail
2010 320 12:11:19,CSendEmail
2010 320 12:29:39,CUrl
2010 320 18:02:00,DNologon
2010 321 07:49:00,Blogon
2010 321 07:53:28,BUrl
2010 321 12:03:46,CUrl
2010 321 13:51:20,CSendEmail
2010 321 13:53:30,CSendEmail
2010 321 14:00:28,CUrl
2010 321 15:42:25,CSendEmail
2010 321 15:47:23,CUrl
2010 321 18:11:16,DUrl
2010 321 18:14:00,DNologon
2010 322 07:48:00,Blogon
2010 322 07:50:00,BUrl
2010 322 08:25:24,BSendEmail
2010 322 08:26:37,BUrl
2010 322 09:12:21,BSendEmail
2010 322 09:30:38,BSendEmail
2010 322 09:36:21,BUrl
2010 322 13:04:45,CUrl
2010 322 18:02:33,DUrl
2010 322 18:15:00,DNologon
2010 323 08:00:00,Blogon
2010 323 08:03:23,BUrl
2010 323 12:12:18,CUrl
2010 323 14:25:29,CSendEmail
2010 323 14:37:16,CSendEmail
2010 323 14:45:46,CSendEmail
2010 323 15:25:51,CUrl
2010 323 17:59:00,CNologon
2010 326 07:47:00,Blogon
2010 326 08:34:50,BUrl
2010 326 12:38:50,CUrl
2010 326 16:09:34,CSendEmail
2010 326 16:11:55,CUrl
2010 326 16:15:42,CSendEmail
2010 326 16:16:23,CUrl
2010 326 16:21:20,CSendEmail
2010 326 16:43:32,CUrl
2010 326 18:04:25,DUrl
2010 326 18:10:00,DNologon
2010 327 07:46:00,Blogon
2010 327 07:53:31,BUrl
2010 327 12:15:30,CUrl
2010 327 14:13:38,CSendEmail
2010 327 14:15:19,CUrl
2010 327 14:40:28,CSendEmail
2010 327 14:47:33,CSendEmail
2010 327 14:51:29,CUrl
2010 327 18:08:56,DUrl
2010 327 18:12:00,DNologon
2010 328 07:58:00,Blogon
2010 328 08:20:06,BUrl
2010 328 09:02:09,BSendEmail
2010 328 09:16:54,BUrl
2010 328 10:24:14,BSendEmail
2010 328 10:58:47,BUrl
2010 328 12:39:23,CUrl
2010 328 18:08:00,DNologon
2010 333 08:02:00,Blogon
2010 333 08:04:38,BUrl
2010 333 11:36:25,BSendEmail
2010 333 11:41:47,BSendEmail
2010 333 11:46:09,BUrl
2010 333 11:48:27,BSendEmail
2010 333 13:36:00,CUrl
2010 333 18:00:00,DNologon
2010 334 08:01:00,Blogon
2010 334 08:46:22,BUrl
2010 334 12:31:24,CUrl
2010 334 15:22:02,CSendEmail
2010 334 15:23:38,CUrl
2010 334 15:24:41,CSendEmail
2010 334 15:25:01,CSendEmail
2010 334 16:25:29,CUrl
2010 334 17:59:00,CNologon
2010 335 08:01:00,Blogon
2010 335 08:15:21,BUrl
2010 335 08:28:56,BSendEmail
2010 335 08:34:35,BUrl
2010 335 12:01:08,CUrl
2010 335 17:41:17,CSendEmail
2010 335 17:44:05,CSendEmail
2010 335 17:48:38,CUrl
2010 335 18:00:00,DNologon
2010 336 08:02:00,Blogon
2010 336 08:04:25,BUrl
2010 336 08:07:13,BSendEmail
2010 336 08:08:03,BUrl
2010 336 08:08:05,BSendEmail
2010 336 08:08:25,BSendEmail
2010 336 08:16:32,BUrl
2010 336 12:28:52,CUrl
2010 336 18:02:00,DNologon
2010 337 07:55:00,Blogon
2010 337 08:04:36,BUrl
2010 337 10:18:54,BSendEmail
2010 337 10:23:16,BUrl
2010 337 12:03:41,CUrl
2010 337 13:44:42,CSendEmail
2010 337 13:44:54,CUrl
2010 337 13:45:50,CSendEmail
2010 337 13:50:36,CUrl
2010 337 18:02:30,DUrl
2010 337 18:07:00,DNologon
2010 340 07:59:00,Blogon
2010 340 08:04:39,BUrl
2010 340 08:14:13,BSendEmail
2010 340 08:20:44,BSendEmail
2010 340 08:40:06,BUrl
2010 340 08:42:17,BSendEmail
2010 340 08:52:29,BUrl
2010 340 12:03:14,CUrl
2010 340 18:02:00,DNologon
2010 341 08:02:00,Blogon
2010 341 08:15:41,BUrl
2010 341 12:49:09,CUrl
2010 341 15:44:11,CSendEmail
2010 341 15:47:20,CUrl
2010 341 15:47:31,CSendEmail
2010 341 15:48:05,CSendEmail
2010 341 15:48:20,CUrl
2010 341 18:00:00,DNologon
2010 342 08:00:00,Blogon
2010 342 08:19:25,BUrl
2010 342 10:35:12,BSendEmail
2010 342 10:59:42,BUrl
2010 342 12:07:44,CUrl
2010 342 16:34:01,CSendEmail
2010 342 16:43:49,CUrl
2010 342 16:53:29,CSendEmail
2010 342 18:04:00,DNologon
2010 343 08:00:00,Blogon
2010 343 08:18:23,BUrl
2010 343 12:09:25,CUrl
2010 343 17:27:58,CSendEmail
2010 343 17:28:54,CUrl
2010 343 17:32:39,CSendEmail
2010 343 17:39:28,CSendEmail
2010 343 17:44:45,CUrl
2010 343 18:03:00,DNologon
2010 344 07:57:00,Blogon
2010 344 09:06:21,BUrl
2010 344 10:18:41,BSendEmail
2010 344 10:20:31,BUrl
2010 344 10:23:24,BSendEmail
2010 344 10:24:20,BSendEmail
2010 344 10:31:28,BUrl
2010 344 13:13:57,CUrl
2010 344 18:12:00,DNologon
2010 347 07:50:00,Blogon
2010 347 07:58:09,BUrl
2010 347 11:44:56,BSendEmail
2010 347 11:48:26,BUrl
2010 347 12:05:57,CUrl
2010 347 14:12:19,CSendEmail
2010 347 14:12:21,CUrl
2010 347 14:56:48,CSendEmail
2010 347 15:02:15,CUrl
2010 347 17:58:00,CNologon
2010 348 08:00:00,Blogon
2010 348 08:10:25,BUrl
2010 348 09:43:22,BSendEmail
2010 348 09:56:10,BSendEmail
2010 348 09:59:31,BUrl
2010 348 12:18:54,CUrl
2010 348 12:28:07,CSendEmail
2010 348 13:13:38,CUrl
2010 348 18:07:00,DNologon
2010 349 08:00:00,Blogon
2010 349 08:03:41,BSendEmail
2010 349 08:13:31,BUrl
2010 349 12:00:28,CUrl
2010 349 14:42:01,CSendEmail
2010 349 14:45:18,CUrl
2010 349 15:49:47,CSendEmail
2010 349 16:11:15,CUrl
2010 349 17:58:00,CNologon
2010 350 07:59:00,Blogon
2010 350 08:00:04,BUrl
2010 350 08:23:33,BSendEmail
2010 350 08:29:33,BSendEmail
2010 350 08:34:16,BUrl
2010 350 08:36:44,BSendEmail
2010 350 09:06:38,BUrl
2010 350 12:11:14,CUrl
2010 350 17:58:00,CNologon
2010 351 08:01:00,Blogon
2010 351 08:10:51,BUrl
2010 351 12:22:06,CUrl
2010 351 14:52:08,CSendEmail
2010 351 14:54:41,CSendEmail
2010 351 15:00:58,CSendEmail
2010 351 15:01:53,CUrl
2010 351 17:59:00,CNologon
2010 354 07:47:00,Blogon
2010 354 08:09:09,BUrl
2010 354 12:26:34,CUrl
2010 354 17:02:51,CSendEmail
2010 354 17:16:23,CSendEmail
2010 354 17:37:37,CSendEmail
2010 354 17:56:00,CUrl
2010 354 17:59:00,CNologon
2010 355 08:00:00,Blogon
2010 355 08:01:11,BUrl
2010 355 08:17:51,BSendEmail
2010 355 08:24:13,BUrl
2010 355 12:52:26,CUrl
2010 355 15:25:29,CSendEmail
2010 355 16:15:59,CUrl
2010 355 17:09:15,CSendEmail
2010 355 17:46:25,CUrl
2010 355 18:00:00,DNologon
2010 356 08:02:00,Blogon
2010 356 08:46:12,BUrl
2010 356 12:43:48,CUrl
2010 356 17:17:45,CSendEmail
2010 356 17:19:00,CSendEmail
2010 356 17:20:31,CUrl
2010 356 17:22:42,CSendEmail
2010 356 17:22:57,CUrl
2010 356 18:03:00,DNologon
2010 361 08:01:00,Blogon
2010 361 08:03:58,BUrl
2010 361 09:31:00,BSendEmail
2010 361 09:34:28,BSendEmail
2010 361 09:45:40,BUrl
2010 361 09:59:42,BSendEmail
2010 361 10:09:20,BUrl
2010 361 12:41:33,CUrl
2010 361 18:00:00,DNologon
2010 362 07:49:00,Blogon
2010 362 07:54:29,BUrl
2010 362 07:58:03,BSendEmail
2010 362 07:58:05,BSendEmail
2010 362 07:58:09,BSendEmail
2010 362 08:00:03,BUrl
2010 362 12:13:07,CUrl
2010 362 18:02:00,DNologon
2010 363 08:00:00,Blogon
2010 363 08:02:45,BUrl
2010 363 08:27:05,BSendEmail
2010 363 08:28:55,BSendEmail
2010 363 08:42:19,BUrl
2010 363 08:43:30,BSendEmail
2010 363 08:59:01,BUrl
2010 363 12:29:20,CUrl
2010 363 18:05:40,DUrl
2010 363 18:09:00,DNologon
2010 364 08:00:00,Blogon
2010 364 08:03:21,BUrl
2010 364 09:57:29,BSendEmail
2010 364 10:02:33,BUrl
2010 364 10:03:55,BSendEmail
2010 364 10:08:14,BUrl
2010 364 13:01:42,CUrl
2010 364 16:40:03,CSendEmail
2010 364 16:55:06,CUrl
2010 364 17:58:00,CNologon
2011 003 07:50:00,Blogon
2011 003 07:58:30,BUrl
2011 003 12:18:16,CSendEmail
2011 003 12:18:20,CSendEmail
2011 003 12:18:21,CUrl
2011 003 12:18:35,CSendEmail
2011 003 12:24:07,CUrl
2011 003 18:04:00,DNologon
2011 004 08:00:00,Blogon
2011 004 08:09:29,BUrl
2011 004 12:18:13,CUrl
2011 004 16:49:54,CSendEmail
2011 004 16:52:27,CSendEmail
2011 004 16:54:55,CSendEmail
2011 004 17:06:48,CUrl
2011 004 17:59:00,CNologon
2011 005 08:00:00,Blogon
2011 005 08:07:00,BUrl
2011 005 10:15:08,BSendEmail
2011 005 10:42:12,BUrl
2011 005 11:28:53,BSendEmail
2011 005 11:51:04,BUrl
2011 005 12:02:38,CSendEmail
2011 005 12:22:05,CUrl
2011 005 17:59:00,CNologon
2011 006 08:01:00,Blogon
2011 006 08:05:28,BUrl
2011 006 09:43:24,BSendEmail
2011 006 09:45:10,BUrl
2011 006 09:50:41,BSendEmail
2011 006 10:55:53,BUrl
2011 006 12:12:48,CUrl
2011 006 14:44:23,CSendEmail
2011 006 15:16:28,CUrl
2011 006 17:59:00,CNologon
2011 007 07:55:00,Blogon
2011 007 08:02:44,BUrl
2011 007 09:21:45,BSendEmail
2011 007 09:33:34,BUrl
2011 007 12:15:07,CUrl
2011 007 16:25:23,CSendEmail
2011 007 16:32:27,CUrl
2011 007 16:36:32,CSendEmail
2011 007 17:18:49,CUrl
2011 007 18:04:00,DNologon
2011 010 08:01:00,Blogon
2011 010 08:14:45,BUrl
2011 010 11:43:15,BSendEmail
2011 010 11:43:32,BSendEmail
2011 010 11:46:18,BUrl
2011 010 11:49:22,BSendEmail
2011 010 12:00:08,CUrl
2011 010 17:59:00,CNologon
2011 011 08:01:00,Blogon
2011 011 08:23:56,BUrl
2011 011 12:13:51,CUrl
2011 011 15:01:06,CSendEmail
2011 011 15:02:58,CUrl
2011 011 15:30:34,CSendEmail
2011 011 15:32:29,CSendEmail
2011 011 16:12:18,CUrl
2011 011 18:00:00,DNologon
2011 012 08:02:00,Blogon
2011 012 08:03:49,BUrl
2011 012 12:34:30,CUrl
2011 012 17:59:00,CNologon
2011 013 07:53:00,Blogon
2011 013 08:08:23,BUrl
2011 013 12:09:53,CUrl
2011 013 12:31:34,CSendEmail
2011 013 13:05:12,CUrl
2011 013 14:58:04,CSendEmail
2011 013 15:05:21,CUrl
2011 013 15:08:06,CSendEmail
2011 013 15:13:16,CUrl
2011 013 18:04:00,DNologon
2011 014 08:00:00,Blogon
2011 014 08:06:22,BUrl
2011 014 11:28:40,BSendEmail
2011 014 11:52:03,BSendEmail
2011 014 12:35:48,CUrl
2011 014 14:57:37,CSendEmail
2011 014 15:32:42,CUrl
2011 014 17:58:00,CNologon
2011 017 08:00:00,Blogon
2011 017 08:13:32,BUrl
2011 017 12:29:54,CUrl
2011 017 12:35:23,CSendEmail
2011 017 13:42:32,CUrl
2011 017 17:34:34,CSendEmail
2011 017 17:38:51,CSendEmail
2011 017 17:51:34,CUrl
2011 017 17:58:00,CNologon
2011 018 07:49:00,Blogon
2011 018 07:57:43,BUrl
2011 018 12:34:07,CUrl
2011 018 13:24:37,CSendEmail
2011 018 13:53:01,CUrl
2011 018 16:54:09,CSendEmail
2011 018 17:05:44,CUrl
2011 018 17:22:14,CSendEmail
2011 018 18:07:00,DNologon
2011 019 08:02:00,Blogon
2011 019 08:15:47,BUrl
2011 019 10:44:25,BSendEmail
2011 019 11:21:21,BUrl
2011 019 12:01:55,CUrl
2011 019 16:27:46,CSendEmail
2011 019 16:29:04,CUrl
2011 019 16:42:57,CSendEmail
2011 019 16:55:53,CUrl
2011 019 17:58:00,CNologon
2011 020 08:00:00,Blogon
2011 020 08:07:09,BUrl
2011 020 08:42:47,BSendEmail
2011 020 08:44:19,BSendEmail
2011 020 08:46:49,BUrl
2011 020 08:52:51,BSendEmail
2011 020 08:57:32,BUrl
2011 020 12:26:16,CUrl
2011 020 18:01:00,DNologon
2011 021 08:00:00,Blogon
2011 021 08:23:14,BUrl
2011 021 12:16:50,CUrl
2011 021 15:10:17,CSendEmail
2011 021 15:13:00,CUrl
2011 021 15:13:33,CSendEmail
2011 021 15:45:50,CSendEmail
2011 021 16:22:28,CUrl
2011 021 17:59:00,CNologon
2011 024 08:00:00,Blogon
2011 024 08:07:16,BUrl
2011 024 12:06:08,CUrl
2011 024 15:55:20,CSendEmail
2011 024 15:58:42,CSendEmail
2011 024 16:11:48,CUrl
2011 024 17:58:00,CNologon
2011 025 08:00:00,Blogon
2011 025 08:21:59,BUrl
2011 025 09:36:44,BSendEmail
2011 025 09:38:50,BUrl
2011 025 12:14:57,CUrl
2011 025 14:19:31,CSendEmail
2011 025 15:07:22,CUrl
2011 025 17:22:10,CSendEmail
2011 025 17:29:15,CUrl
2011 025 18:00:14,DUrl
2011 025 18:07:00,DNologon
2011 026 08:01:00,Blogon
2011 026 08:15:37,BUrl
2011 026 12:29:22,CUrl
2011 026 12:55:00,CSendEmail
2011 026 13:26:17,CSendEmail
2011 026 13:43:57,CSendEmail
2011 026 13:44:20,CUrl
2011 026 17:58:00,CNologon
2011 027 08:01:00,Blogon
2011 027 08:08:53,BUrl
2011 027 11:07:55,BSendEmail
2011 027 11:16:37,BUrl
2011 027 13:06:39,CUrl
2011 027 14:06:05,CSendEmail
2011 027 14:15:45,CUrl
2011 027 17:38:49,CSendEmail
2011 027 17:39:02,CUrl
2011 027 17:58:00,CNologon
2011 028 08:02:00,Blogon
2011 028 08:09:02,BUrl
2011 028 12:17:30,CUrl
2011 028 13:13:49,CSendEmail
2011 028 13:20:30,CUrl
2011 028 13:41:34,CSendEmail
2011 028 14:01:52,CUrl
2011 028 15:19:53,CSendEmail
2011 028 15:29:54,CUrl
2011 028 18:00:00,DNologon
2011 031 08:01:00,Blogon
2011 031 08:20:24,BUrl
2011 031 10:27:36,BSendEmail
2011 031 10:35:45,BUrl
2011 031 12:33:06,CSendEmail
2011 031 12:47:07,CUrl
2011 031 16:18:37,CSendEmail
2011 031 16:29:27,CUrl
2011 031 18:06:22,DUrl
2011 031 18:14:00,DNologon
2011 032 08:01:00,Blogon
2011 032 08:02:44,BSendEmail
2011 032 08:05:00,BSendEmail
2011 032 08:05:49,BUrl
2011 032 08:06:53,BSendEmail
2011 032 09:13:30,BUrl
2011 032 12:06:52,CUrl
2011 032 17:59:00,CNologon
2011 033 07:57:00,Blogon
2011 033 08:24:35,BUrl
2011 033 12:07:23,CUrl
2011 033 16:21:07,CSendEmail
2011 033 16:29:59,CSendEmail
2011 033 16:45:57,CUrl
2011 033 16:55:08,CSendEmail
2011 033 17:16:41,CUrl
2011 033 18:01:57,DUrl
2011 033 18:10:00,DNologon
2011 034 08:02:00,Blogon
2011 034 08:44:23,BUrl
2011 034 12:10:20,CUrl
2011 034 13:21:28,CSendEmail
2011 034 13:32:59,CUrl
2011 034 17:48:40,CSendEmail
2011 034 18:05:11,DSendEmail
2011 034 18:14:00,DNologon
2011 035 08:00:00,Blogon
2011 035 08:07:46,BUrl
2011 035 11:28:59,BSendEmail
2011 035 11:43:35,BUrl
2011 035 11:44:26,BSendEmail
2011 035 12:39:00,CUrl
2011 035 17:31:50,CSendEmail
2011 035 18:03:42,DUrl
2011 035 18:10:00,DNologon
2011 038 07:49:00,Blogon
2011 038 08:34:40,BUrl
2011 038 09:55:17,BSendEmail
2011 038 10:01:29,BSendEmail
2011 038 10:06:59,BUrl
2011 038 10:09:31,BSendEmail
2011 038 10:51:12,BUrl
2011 038 12:32:06,CUrl
2011 038 18:06:00,DNologon
2011 039 08:00:00,Blogon
2011 039 08:33:39,BUrl
2011 039 13:24:52,CUrl
2011 039 14:19:06,CSendEmail
2011 039 14:35:39,CSendEmail
2011 039 14:57:40,CUrl
2011 039 17:56:24,CSendEmail
2011 039 17:57:30,CUrl
2011 039 18:09:20,DUrl
2011 039 18:14:00,DNologon
2011 040 08:00:00,Blogon
2011 040 08:21:48,BUrl
2011 040 08:50:01,BSendEmail
2011 040 09:08:11,BUrl
2011 040 10:00:51,BSendEmail
2011 040 10:24:32,BUrl
2011 040 12:09:06,CUrl
2011 040 13:13:11,CSendEmail
2011 040 13:31:18,CUrl
2011 040 18:00:00,DNologon
2011 041 07:52:00,Blogon
2011 041 07:56:33,BUrl
2011 041 08:57:53,BSendEmail
2011 041 08:58:28,BSendEmail
2011 041 09:00:32,BSendEmail
2011 041 09:04:22,BUrl
2011 041 12:33:00,CUrl
2011 041 18:03:09,DUrl
2011 041 18:07:00,DNologon
2011 042 07:59:00,Blogon
2011 042 08:28:52,BUrl
2011 042 12:02:17,CUrl
2011 042 17:01:33,CSendEmail
2011 042 17:05:59,CUrl
2011 042 17:13:04,CSendEmail
2011 042 17:23:15,CSendEmail
2011 042 17:33:21,CUrl
2011 042 17:58:00,CNologon
2011 045 07:48:00,Blogon
2011 045 07:51:29,BUrl
2011 045 12:19:33,CUrl
2011 045 17:17:56,CSendEmail
2011 045 17:26:20,CSendEmail
2011 045 17:29:06,CUrl
2011 045 17:45:23,CSendEmail
2011 045 18:00:00,DNologon
2011 046 07:51:00,Blogon
2011 046 07:54:01,BUrl
2011 046 10:16:46,BSendEmail
2011 046 10:17:16,BUrl
2011 046 10:20:18,BSendEmail
2011 046 10:33:47,BUrl
2011 046 12:30:36,CUrl
2011 046 18:01:37,DSendEmail
2011 046 18:02:19,DUrl
2011 046 18:09:00,DNologon
2011 047 08:01:00,Blogon
2011 047 08:03:06,BUrl
2011 047 11:53:49,BSendEmail
2011 047 11:55:44,BSendEmail
2011 047 12:52:34,CUrl
2011 047 14:25:20,CSendEmail
2011 047 14:43:12,CUrl
2011 047 17:59:00,CNologon
2011 048 08:01:00,Blogon
2011 048 08:07:59,BUrl
2011 048 09:41:25,BSendEmail
2011 048 09:45:20,BUrl
2011 048 10:06:18,BSendEmail
2011 048 10:53:35,BUrl
2011 048 12:11:55,CUrl
2011 048 13:07:02,CSendEmail
2011 048 13:09:09,CUrl
2011 048 18:00:00,DNologon
2011 049 07:53:00,Blogon
2011 049 08:11:34,BUrl
2011 049 12:26:45,CUrl
2011 049 17:38:54,CSendEmail
2011 049 17:42:54,CUrl
2011 049 17:48:47,CSendEmail
2011 049 17:52:14,CSendEmail
2011 049 18:01:00,DNologon
2011 052 07:50:00,Blogon
2011 052 08:02:41,BUrl
2011 052 08:35:43,BSendEmail
2011 052 08:51:54,BUrl
2011 052 09:01:08,BSendEmail
2011 052 09:01:31,BUrl
2011 052 09:23:53,BSendEmail
2011 052 10:00:23,BUrl
2011 052 12:01:26,CUrl
2011 052 18:05:00,DNologon
2011 053 08:00:00,Blogon
2011 053 08:21:14,BUrl
2011 053 12:04:04,CUrl
2011 053 12:51:13,CSendEmail
2011 053 13:00:43,CUrl
2011 053 14:11:27,CSendEmail
2011 053 14:36:46,CUrl
2011 053 16:48:59,CSendEmail
2011 053 17:08:54,CUrl
2011 053 18:00:00,DNologon
2011 054 08:00:00,Blogon
2011 054 08:07:10,BUrl
2011 054 12:35:32,CUrl
2011 054 12:39:24,CSendEmail
2011 054 13:00:47,CUrl
2011 054 16:24:25,CSendEmail
2011 054 16:32:14,CUrl
2011 054 17:26:28,CSendEmail
2011 054 17:35:19,CUrl
2011 054 18:00:00,DNologon
2011 055 07:56:00,Blogon
2011 055 08:23:52,BUrl
2011 055 10:45:08,BSendEmail
2011 055 10:47:48,BUrl
2011 055 11:26:52,BSendEmail
2011 055 11:27:46,BUrl
2011 055 12:04:32,CUrl
2011 055 14:32:48,CSendEmail
2011 055 14:46:21,CUrl
2011 055 18:00:00,DNologon
2011 056 08:01:00,Blogon
2011 056 08:13:36,BUrl
2011 056 12:27:53,CSendEmail
2011 056 12:34:41,CUrl
2011 056 13:02:44,CSendEmail
2011 056 13:05:22,CUrl
2011 056 17:52:24,CSendEmail
2011 056 17:58:00,CNologon
2011 059 08:01:00,Blogon
2011 059 08:21:34,BUrl
2011 059 11:49:14,BSendEmail
2011 059 11:50:08,BSendEmail
2011 059 11:51:23,BSendEmail
2011 059 12:03:23,CUrl
2011 059 17:59:00,CNologon
2011 060 07:47:00,Blogon
2011 060 08:01:28,BUrl
2011 060 08:28:06,BSendEmail
2011 060 08:34:04,BUrl
2011 060 12:17:37,CUrl
2011 060 14:25:06,CSendEmail
2011 060 14:35:39,CUrl
2011 060 16:59:58,CSendEmail
2011 060 17:26:57,CUrl
2011 060 18:10:00,DNologon
2011 061 08:02:00,Blogon
2011 061 08:27:06,BUrl
2011 061 12:13:23,CUrl
2011 061 17:46:14,CSendEmail
2011 061 17:46:53,CSendEmail
2011 061 17:56:37,CSendEmail
2011 061 17:59:00,CNologon
2011 062 08:01:00,Blogon
2011 062 08:18:18,BUrl
2011 062 09:51:01,BSendEmail
2011 062 09:54:34,BUrl
2011 062 12:03:58,CUrl
2011 062 15:24:47,CSendEmail
2011 062 15:26:05,CUrl
2011 062 15:29:57,CSendEmail
2011 062 15:31:00,CUrl
2011 062 17:59:00,CNologon
2011 063 08:02:00,Blogon
2011 063 08:28:34,BUrl
2011 063 08:41:07,BSendEmail
2011 063 08:50:54,BUrl
2011 063 10:18:37,BSendEmail
2011 063 10:33:42,BUrl
2011 063 10:38:42,BSendEmail
2011 063 10:40:52,BUrl
2011 063 12:32:29,CUrl
2011 063 18:05:00,DNologon
2011 066 07:57:00,Blogon
2011 066 07:58:45,BUrl
2011 066 12:14:37,CUrl
2011 066 13:22:16,CSendEmail
2011 066 13:24:49,CUrl
2011 066 13:26:39,CSendEmail
2011 066 13:47:56,CUrl
2011 066 17:59:49,CSendEmail
2011 066 18:04:10,DUrl
2011 066 18:13:00,DNologon
2011 067 08:01:00,Blogon
2011 067 08:04:15,BUrl
2011 067 12:03:20,CUrl
2011 067 17:58:00,CNologon
2011 068 07:50:00,Blogon
2011 068 07:57:21,BUrl
2011 068 12:11:56,CUrl
2011 068 15:43:20,CSendEmail
2011 068 15:44:06,CSendEmail
2011 068 15:44:28,CSendEmail
2011 068 15:49:15,CUrl
2011 068 18:09:00,DNologon
2011 069 08:02:00,Blogon
2011 069 08:31:43,BUrl
2011 069 09:21:04,BSendEmail
2011 069 09:35:16,BUrl
2011 069 12:24:36,CUrl
2011 069 16:30:41,CSendEmail
2011 069 16:41:13,CUrl
2011 069 18:03:00,DNologon
2011 070 07:45:00,Blogon
2011 070 07:53:17,BUrl
2011 070 10:16:37,BSendEmail
2011 070 10:20:06,BSendEmail
2011 070 10:22:12,BUrl
2011 070 11:44:32,BSendEmail
2011 070 11:49:04,BUrl
2011 070 12:22:40,CUrl
2011 070 17:58:00,CNologon
2011 073 08:02:00,Blogon
2011 073 08:07:28,BUrl
2011 073 11:35:28,BSendEmail
2011 073 11:57:17,BUrl
2011 073 12:21:54,CUrl
2011 073 14:51:43,CSendEmail
2011 073 14:51:45,CSendEmail
2011 073 15:05:08,CUrl
2011 073 18:00:00,DNologon
2011 074 08:00:00,Blogon
2011 074 08:10:30,BUrl
2011 074 08:11:34,BSendEmail
2011 074 08:14:43,BUrl
2011 074 08:58:07,BSendEmail
2011 074 09:15:25,BUrl
2011 074 13:31:45,CUrl
2011 074 16:07:54,CSendEmail
2011 074 16:07:57,CUrl
2011 074 18:05:00,DNologon
2011 075 08:00:00,Blogon
2011 075 08:13:24,BUrl
2011 075 12:20:25,CUrl
2011 075 14:38:04,CSendEmail
2011 075 14:40:11,CSendEmail
2011 075 14:40:57,CSendEmail
2011 075 14:41:04,CUrl
2011 075 18:00:00,DNologon
2011 076 07:48:00,Blogon
2011 076 07:52:25,BUrl
2011 076 09:40:27,BSendEmail
2011 076 09:40:44,BSendEmail
2011 076 10:00:37,BUrl
2011 076 12:30:35,CUrl
2011 076 13:01:08,CSendEmail
2011 076 13:19:48,CUrl
2011 076 18:09:00,DNologon
2011 077 08:00:00,Blogon
2011 077 08:24:19,BUrl
2011 077 12:14:13,CUrl
2011 077 14:12:28,CSendEmail
2011 077 14:14:33,CUrl
2011 077 14:24:51,CSendEmail
2011 077 14:47:10,CUrl
2011 077 17:07:18,CSendEmail
2011 077 17:08:00,CUrl
2011 077 18:03:51,DUrl
2011 077 18:14:00,DNologon
2011 080 08:00:00,Blogon
2011 080 08:44:55,BUrl
2011 080 09:18:16,BSendEmail
2011 080 09:24:46,BUrl
2011 080 12:12:15,CUrl
2011 080 12:57:17,CSendEmail
2011 080 12:57:30,CUrl
2011 080 13:11:30,CSendEmail
2011 080 13:17:41,CUrl
2011 080 17:58:00,CNologon
2011 081 07:58:00,Blogon
2011 081 07:59:22,BUrl
2011 081 11:49:12,BSendEmail
2011 081 12:22:06,CUrl
2011 081 17:06:49,CSendEmail
2011 081 17:07:52,CUrl
2011 081 17:09:05,CSendEmail
2011 081 17:23:18,CUrl
2011 081 18:03:00,DNologon
2011 082 08:00:00,Blogon
2011 082 08:07:26,BUrl
2011 082 09:14:56,BSendEmail
2011 082 09:20:08,BSendEmail
2011 082 09:27:41,BUrl
2011 082 12:18:18,CUrl
2011 082 16:37:16,CSendEmail
2011 082 16:47:31,CUrl
2011 082 17:59:00,CNologon
2011 083 08:01:00,Blogon
2011 083 08:02:54,BUrl
2011 083 10:04:18,BSendEmail
2011 083 10:22:04,BUrl
2011 083 11:31:41,BSendEmail
2011 083 11:36:08,BUrl
2011 083 12:15:09,CUrl
2011 083 12:44:14,CSendEmail
2011 083 13:50:52,CUrl
2011 083 18:02:38,DUrl
2011 083 18:04:00,DNologon
2011 084 07:50:00,Blogon
2011 084 07:53:22,BUrl
2011 084 11:50:48,BSendEmail
2011 084 12:09:13,CSendEmail
2011 084 12:13:45,CUrl
2011 084 17:59:00,CNologon
2011 087 07:47:00,Blogon
2011 087 07:53:37,BUrl
2011 087 12:20:37,CUrl
2011 087 13:30:58,CSendEmail
2011 087 13:31:09,CSendEmail
2011 087 13:31:33,CSendEmail
2011 087 13:32:50,CUrl
2011 087 18:04:26,DUrl
2011 087 18:07:00,DNologon
2011 088 08:02:00,Blogon
2011 088 08:14:32,BUrl
2011 088 10:42:32,BSendEmail
2011 088 10:42:35,BUrl
2011 088 10:47:59,BSendEmail
2011 088 10:51:37,BUrl
2011 088 11:19:58,BSendEmail
2011 088 11:38:45,BUrl
2011 088 12:12:28,CUrl
2011 088 18:06:58,DUrl
2011 088 18:13:00,DNologon
2011 089 08:01:00,Blogon
2011 089 08:07:03,BUrl
2011 089 09:29:19,BSendEmail
2011 089 10:05:58,BUrl
2011 089 12:02:15,CUrl
2011 089 13:40:59,CSendEmail
2011 089 13:41:12,CSendEmail
2011 089 15:01:21,CUrl
2011 089 17:58:00,CNologon
2011 090 08:02:00,Blogon
2011 090 08:07:55,BUrl
2011 090 09:43:37,BSendEmail
2011 090 09:54:10,BUrl
2011 090 12:38:59,CUrl
2011 090 16:57:48,CSendEmail
2011 090 17:18:35,CUrl
2011 090 17:25:18,CSendEmail
2011 090 17:38:41,CUrl
2011 090 17:58:00,CNologon
2011 091 08:02:00,Blogon
2011 091 08:08:54,BUrl
2011 091 09:18:02,BSendEmail
2011 091 09:19:55,BSendEmail
2011 091 09:20:05,BSendEmail
2011 091 09:41:29,BUrl
2011 091 12:06:02,CUrl
2011 091 18:00:00,DNologon
2011 094 07:48:00,Blogon
2011 094 07:49:11,BUrl
2011 094 12:13:45,CUrl
2011 094 17:20:23,CSendEmail
2011 094 17:34:23,CSendEmail
2011 094 17:55:06,CUrl
2011 094 17:57:36,CSendEmail
2011 094 18:08:00,DNologon
2011 095 07:45:00,Blogon
2011 095 08:03:26,BUrl
2011 095 12:28:07,CSendEmail
2011 095 12:31:18,CUrl
2011 095 13:51:37,CSendEmail
2011 095 14:17:31,CUrl
2011 095 14:19:57,CSendEmail
2011 095 14:22:58,CUrl
2011 095 18:04:47,DUrl
2011 095 18:09:00,DNologon
2011 096 07:45:00,Blogon
2011 096 07:47:49,BUrl
2011 096 12:16:35,CSendEmail
2011 096 12:18:28,CUrl
2011 096 15:48:58,CSendEmail
2011 096 16:25:36,CUrl
2011 096 18:09:20,DUrl
2011 096 18:09:26,DSendEmail
2011 096 18:09:41,DUrl
2011 096 18:14:00,DNologon
2011 097 07:50:00,Blogon
2011 097 07:51:33,BUrl
2011 097 12:00:35,CUrl
2011 097 15:19:33,CSendEmail
2011 097 15:42:38,CUrl
2011 097 15:54:28,CSendEmail
2011 097 15:55:39,CSendEmail
2011 097 16:04:34,CUrl
2011 097 18:14:00,DNologon
2011 098 08:00:00,Blogon
2011 098 08:34:04,BUrl
2011 098 12:18:14,CUrl
2011 098 12:53:03,CSendEmail
2011 098 13:03:26,CUrl
2011 098 16:11:25,CSendEmail
2011 098 16:20:12,CSendEmail
2011 098 16:27:47,CUrl
2011 098 17:59:00,CNologon
2011 101 08:01:00,Blogon
2011 101 08:14:57,BUrl
2011 101 10:28:46,BSendEmail
2011 101 10:35:00,BUrl
2011 101 12:17:31,CUrl
2011 101 17:58:00,CNologon
2011 102 08:02:00,Blogon
2011 102 08:33:18,BUrl
2011 102 11:15:20,BSendEmail
2011 102 12:27:52,CUrl
2011 102 17:44:34,CSendEmail
2011 102 17:51:52,CUrl
2011 102 17:54:32,CSendEmail
2011 102 17:54:56,CUrl
2011 102 17:59:00,CNologon
2011 103 07:55:00,Blogon
2011 103 08:07:51,BUrl
2011 103 12:01:58,CUrl
2011 103 12:02:30,CSendEmail
2011 103 12:04:18,CUrl
2011 103 12:05:30,CSendEmail
2011 103 12:07:03,CSendEmail
2011 103 12:45:32,CUrl
2011 103 18:02:00,DNologon
2011 104 07:55:00,Blogon
2011 104 08:20:03,BUrl
2011 104 11:33:33,BSendEmail
2011 104 11:39:50,BUrl
2011 104 11:51:06,BSendEmail
2011 104 11:51:32,BUrl
2011 104 11:58:19,BSendEmail
2011 104 13:02:13,CUrl
2011 104 18:12:00,DNologon
2011 105 08:02:00,Blogon
2011 105 08:05:06,BUrl
2011 105 12:13:32,CUrl
2011 105 13:21:13,CSendEmail
2011 105 14:09:46,CUrl
2011 105 15:02:14,CSendEmail
2011 105 15:02:28,CUrl
2011 105 15:26:39,CSendEmail
2011 105 16:32:28,CUrl
2011 105 17:58:00,CNologon
2011 108 07:54:00,Blogon
2011 108 08:55:17,BUrl
2011 108 12:34:02,CUrl
2011 108 16:43:15,CSendEmail
2011 108 16:43:25,CSendEmail
2011 108 16:44:08,CSendEmail
2011 108 16:44:15,CUrl
2011 108 17:59:00,CNologon
2011 109 08:00:00,Blogon
2011 109 08:44:50,BUrl
2011 109 08:57:56,BSendEmail
2011 109 09:15:46,BUrl
2011 109 12:16:56,CUrl
2011 109 17:58:29,CSendEmail
2011 109 17:58:48,CSendEmail
2011 109 18:00:00,DNologon
2011 110 07:51:00,Blogon
2011 110 08:03:18,BUrl
2011 110 12:37:03,CUrl
2011 110 14:02:32,CSendEmail
2011 110 14:19:31,CUrl
2011 110 14:27:59,CSendEmail
2011 110 14:28:09,CSendEmail
2011 110 14:52:39,CUrl
2011 110 18:04:00,DNologon
2011 111 08:01:00,Blogon
2011 111 08:13:30,BUrl
2011 111 10:54:22,BSendEmail
2011 111 10:54:31,BSendEmail
2011 111 10:54:32,BSendEmail
2011 111 11:19:30,BUrl
2011 111 12:25:53,CUrl
2011 111 18:00:00,DNologon
2011 115 08:00:00,Blogon
2011 115 08:36:03,BUrl
2011 115 11:05:24,BSendEmail
2011 115 11:19:52,BSendEmail
2011 115 11:36:55,BUrl
2011 115 12:25:48,CUrl
2011 115 17:54:02,CSendEmail
2011 115 17:58:00,CNologon
2011 116 07:57:00,Blogon
2011 116 08:02:05,BUrl
2011 116 12:14:10,CUrl
2011 116 14:41:15,CSendEmail
2011 116 15:15:17,CUrl
2011 116 17:27:10,CSendEmail
2011 116 17:30:38,CSendEmail
2011 116 18:00:00,DNologon
2011 117 08:02:00,Blogon
2011 117 08:20:24,BUrl
2011 117 12:09:02,CUrl
2011 117 15:50:00,CSendEmail
2011 117 15:52:34,CUrl
2011 117 17:29:20,CSendEmail
2011 117 17:29:45,CSendEmail
2011 117 17:44:26,CUrl
2011 117 17:58:00,CNologon
2011 118 08:01:00,Blogon
2011 118 08:31:42,BUrl
2011 118 10:06:52,BSendEmail
2011 118 10:29:14,BUrl
2011 118 11:12:05,BSendEmail
2011 118 11:12:44,BUrl
2011 118 12:13:28,CUrl
2011 118 18:00:49,DSendEmail
2011 118 18:02:00,DNologon
2011 119 07:51:00,Blogon
2011 119 07:54:03,BUrl
2011 119 12:03:55,CUrl
2011 119 16:29:57,CSendEmail
2011 119 16:33:55,CSendEmail
2011 119 16:41:50,CUrl
2011 119 16:59:47,CSendEmail
2011 119 17:13:51,CUrl
2011 119 18:00:34,DUrl
2011 119 18:15:00,DNologon
2011 122 08:02:00,Blogon
2011 122 08:04:18,BUrl
2011 122 10:01:10,BSendEmail
2011 122 10:10:00,BUrl
2011 122 10:43:09,BSendEmail
2011 122 10:56:30,BUrl
2011 122 12:08:28,CSendEmail
2011 122 12:09:22,CUrl
2011 122 17:59:00,CNologon
2011 123 07:52:00,Blogon
2011 123 08:00:44,BUrl
2011 123 08:48:37,BSendEmail
2011 123 09:15:43,BSendEmail
2011 123 09:16:32,BSendEmail
2011 123 09:56:23,BUrl
2011 123 12:02:52,CUrl
2011 123 18:05:00,DNologon
2011 124 07:54:00,Blogon
2011 124 08:09:03,BUrl
2011 124 08:42:37,BSendEmail
2011 124 09:22:48,BUrl
2011 124 12:25:57,CUrl
2011 124 14:05:22,CSendEmail
2011 124 14:19:45,CSendEmail
2011 124 14:31:01,CUrl
2011 124 18:07:00,DNologon
2011 125 08:01:00,Blogon
2011 125 08:12:40,BUrl
2011 125 09:53:47,BSendEmail
2011 125 10:05:28,BUrl
2011 125 12:12:59,CUrl
2011 125 15:59:10,CSendEmail
2011 125 16:00:14,CSendEmail
2011 125 16:23:37,CUrl
2011 125 18:12:00,DNologon
2011 126 08:00:00,Blogon
2011 126 08:01:19,BUrl
2011 126 08:45:38,BSendEmail
2011 126 08:47:20,BUrl
2011 126 11:24:36,BSendEmail
2011 126 11:54:34,BSendEmail
2011 126 12:03:49,CUrl
2011 126 17:59:00,CNologon
2011 129 08:01:00,Blogon
2011 129 08:24:21,BUrl
2011 129 08:30:48,BSendEmail
2011 129 08:42:00,BSendEmail
2011 129 08:57:38,BUrl
2011 129 09:58:39,BSendEmail
2011 129 11:04:18,BUrl
2011 129 12:30:28,CUrl
2011 129 17:58:00,CNologon
2011 130 07:46:00,Blogon
2011 130 07:55:13,BUrl
2011 130 10:45:23,BSendEmail
2011 130 11:14:54,BUrl
2011 130 12:32:39,CUrl
2011 130 17:19:18,CSendEmail
2011 130 17:20:10,CSendEmail
2011 130 17:27:47,CUrl
2011 130 18:09:00,DNologon
2011 131 07:55:00,Blogon
2011 131 08:14:17,BUrl
2011 131 12:21:29,CUrl
2011 131 14:45:17,CSendEmail
2011 131 14:48:55,CSendEmail
2011 131 14:51:57,CUrl
2011 131 16:02:33,CSendEmail
2011 131 16:07:33,CUrl
2011 131 18:02:32,DUrl
2011 131 18:14:00,DNologon
2011 132 07:46:00,Blogon
2011 132 07:57:50,BUrl
2011 132 11:05:40,BSendEmail
2011 132 11:07:00,BSendEmail
2011 132 11:09:03,BUrl
2011 132 12:01:53,CUrl
2011 132 18:09:00,DNologon
2011 133 08:02:00,Blogon
2011 133 08:05:41,BUrl
2011 133 09:20:05,BSendEmail
2011 133 09:31:55,BSendEmail
2011 133 09:32:58,BSendEmail
2011 133 10:07:26,BUrl
2011 133 12:14:12,CUrl
2011 133 18:15:00,DNologon
2011 136 08:01:00,Blogon
2011 136 08:31:37,BUrl
2011 136 08:45:39,BSendEmail
2011 136 08:50:11,BUrl
2011 136 08:52:06,BSendEmail
2011 136 08:53:32,BUrl
2011 136 10:02:05,BSendEmail
2011 136 10:16:42,BUrl
2011 136 12:22:50,CUrl
2011 136 18:04:00,DNologon
