2010 004 09:04:00,Blogon
2010 004 09:05:54,BUrl
2010 004 12:11:40,CUrl
2010 004 18:33:38,DUrl
2010 004 18:33:45,DSendEmail
2010 004 18:52:44,DUrl
2010 004 20:07:35,DSendEmail
2010 004 20:08:59,DUrl
2010 004 20:35:39,DSendEmail
2010 004 20:43:08,DUrl
2010 004 21:17:00,DNologon
2010 005 09:18:00,Blogon
2010 005 09:25:24,BUrl
2010 005 09:55:18,BSendEmail
2010 005 09:57:31,BUrl
2010 005 11:58:10,BSendEmail
2010 005 12:03:22,CUrl
2010 005 16:31:07,CSendEmail
2010 005 16:36:18,CUrl
2010 005 18:02:53,DUrl
2010 005 21:14:00,DNologon
2010 006 09:15:00,Blogon
2010 006 09:16:17,BUrl
2010 006 12:00:26,CUrl
2010 006 18:15:36,DUrl
2010 006 18:42:16,DSendEmail
2010 006 18:45:37,DSendEmail
2010 006 18:46:08,DSendEmail
2010 006 19:38:42,DUrl
2010 006 21:11:00,DNologon
2010 007 09:15:00,Blogon
2010 007 09:22:33,BUrl
2010 007 12:57:32,CUrl
2010 007 15:20:40,CSendEmail
2010 007 15:41:17,CSendEmail
2010 007 15:45:42,CUrl
2010 007 16:17:40,CSendEmail
2010 007 16:50:59,CUrl
2010 007 18:00:56,DUrl
2010 007 21:14:00,DNologon
2010 008 09:14:00,Blogon
2010 008 09:45:51,BUrl
2010 008 12:27:54,CUrl
2010 008 15:29:49,CSendEmail
2010 008 15:30:03,CSendEmail
2010 008 15:30:04,CUrl
2010 008 15:30:06,CSendEmail
2010 008 15:30:07,CUrl
2010 008 18:33:12,DUrl
2010 008 21:30:00,DNologon
2010 011 09:08:00,Blogon
2010 011 09:11:23,BUrl
2010 011 12:10:48,CUrl
2010 011 17:15:52,CSendEmail
2010 011 17:23:55,CUrl
2010 011 18:22:50,DUrl
2010 011 18:54:36,DSendEmail
2010 011 19:16:27,DUrl
2010 011 21:20:00,DNologon
2010 012 09:10:00,Blogon
2010 012 09:15:23,BUrl
2010 012 13:47:54,CUrl
2010 012 17:56:42,CSendEmail
2010 012 18:16:17,DUrl
2010 012 18:28:07,DSendEmail
2010 012 18:34:47,DUrl
2010 012 18:41:33,DSendEmail
2010 012 18:53:30,DUrl
2010 012 21:30:00,DNologon
2010 013 09:19:00,Blogon
2010 013 09:30:28,BUrl
2010 013 10:37:17,BSendEmail
2010 013 10:39:13,BUrl
2010 013 11:31:29,BSendEmail
2010 013 12:50:50,CUrl
2010 013 14:17:46,CSendEmail
2010 013 14:42:56,CUrl
2010 013 18:06:06,DUrl
2010 013 21:11:00,DNologon
2010 014 09:06:00,Blogon
2010 014 09:29:47,BUrl
2010 014 09:40:19,BSendEmail
2010 014 10:24:29,BSendEmail
2010 014 10:27:15,BUrl
2010 014 12:20:21,CUrl
2010 014 18:44:04,DUrl
2010 014 19:16:10,DSendEmail
2010 014 19:28:56,DUrl
2010 014 21:28:00,DNologon
2010 015 09:16:00,Blogon
2010 015 09:26:05,BUrl
2010 015 12:46:59,CUrl
2010 015 14:43:50,CSendEmail
2010 015 14:46:09,CSendEmail
2010 015 14:47:08,CUrl
2010 015 14:53:19,CSendEmail
2010 015 14:55:29,CUrl
2010 015 18:56:03,DUrl
2010 015 21:11:00,DNologon
2010 018 09:11:00,Blogon
2010 018 09:13:10,BUrl
2010 018 12:30:07,CUrl
2010 018 16:22:02,CSendEmail
2010 018 16:56:19,CSendEmail
2010 018 16:57:30,CSendEmail
2010 018 17:01:07,CUrl
2010 018 18:34:09,DUrl
2010 018 21:20:00,DNologon
2010 019 09:02:00,Blogon
2010 019 09:05:35,BUrl
2010 019 12:09:55,CUrl
2010 019 18:26:25,DUrl
2010 019 21:18:09,DSendEmail
2010 019 21:19:43,DSendEmail
2010 019 21:21:39,DSendEmail
2010 019 21:23:00,DNologon
2010 020 09:19:00,Blogon
2010 020 09:35:26,BUrl
2010 020 12:28:17,CUrl
2010 020 14:06:32,CSendEmail
2010 020 15:36:42,CUrl
2010 020 16:58:41,CSendEmail
2010 020 17:00:21,CSendEmail
2010 020 17:08:53,CUrl
2010 020 18:05:05,DUrl
2010 020 21:19:00,DNologon
2010 021 09:15:00,Blogon
2010 021 09:28:16,BUrl
2010 021 10:07:31,BSendEmail
2010 021 10:09:59,BUrl
2010 021 12:14:50,CUrl
2010 021 12:33:11,CSendEmail
2010 021 12:38:49,CUrl
2010 021 12:43:36,CSendEmail
2010 021 13:26:49,CUrl
2010 021 19:11:28,DUrl
2010 021 21:11:00,DNologon
2010 022 09:01:00,Blogon
2010 022 09:03:57,BUrl
2010 022 11:01:29,BSendEmail
2010 022 11:17:12,BSendEmail
2010 022 11:18:10,BUrl
2010 022 11:32:20,BSendEmail
2010 022 12:08:44,CUrl
2010 022 18:04:16,DUrl
2010 022 21:22:00,DNologon
2010 025 09:15:00,Blogon
2010 025 09:33:35,BUrl
2010 025 10:12:16,BSendEmail
2010 025 10:58:44,BUrl
2010 025 12:17:46,CUrl
2010 025 13:04:20,CSendEmail
2010 025 13:10:17,CSendEmail
2010 025 13:10:50,CUrl
2010 025 18:14:53,DUrl
2010 025 21:18:00,DNologon
2010 026 09:16:00,Blogon
2010 026 10:38:27,BSendEmail
2010 026 11:03:58,BSendEmail
2010 026 11:31:46,BUrl
2010 026 12:04:32,CUrl
2010 026 13:27:12,CSendEmail
2010 026 17:22:21,CUrl
2010 026 18:00:55,DUrl
2010 026 21:13:00,DNologon
2010 027 09:04:00,Blogon
2010 027 10:39:24,BSendEmail
2010 027 10:46:44,BUrl
2010 027 10:50:39,BSendEmail
2010 027 10:50:47,BUrl
2010 027 10:54:35,BSendEmail
2010 027 11:37:11,BUrl
2010 027 14:08:28,CUrl
2010 027 20:51:52,DUrl
2010 027 21:21:00,DNologon
2010 028 09:05:00,Blogon
2010 028 10:11:59,BUrl
2010 028 12:53:24,CSendEmail
2010 028 12:57:06,CUrl
2010 028 12:57:14,CSendEmail
2010 028 12:58:05,CUrl
2010 028 20:29:58,DUrl
2010 028 21:13:00,DNologon
2010 029 09:16:00,Blogon
2010 029 09:20:46,BUrl
2010 029 12:09:32,CUrl
2010 029 18:22:58,DUrl
2010 029 20:29:36,DSendEmail
2010 029 20:31:21,DSendEmail
2010 029 20:33:27,DUrl
2010 029 20:33:30,DSendEmail
2010 029 20:39:50,DUrl
2010 029 21:11:00,DNologon
2010 032 09:19:00,Blogon
2010 032 09:45:45,BUrl
2010 032 13:07:50,CUrl
2010 032 17:20:48,CSendEmail
2010 032 17:25:47,CUrl
2010 032 18:17:49,DUrl
2010 032 19:30:25,DSendEmail
2010 032 19:31:49,DUrl
2010 032 19:32:43,DSendEmail
2010 032 20:09:54,DUrl
2010 032 21:15:00,DNologon
2010 033 09:18:00,Blogon
2010 033 09:25:06,BUrl
2010 033 11:44:53,BSendEmail
2010 033 12:14:32,CUrl
2010 033 18:38:12,DUrl
2010 033 20:12:36,DSendEmail
2010 033 20:16:58,DSendEmail
2010 033 20:31:03,DUrl
2010 033 21:15:00,DNologon
2010 034 09:17:00,Blogon
2010 034 09:27:39,BUrl
2010 034 13:00:36,CUrl
2010 034 18:19:54,DUrl
2010 034 18:56:30,DSendEmail
2010 034 19:01:56,DSendEmail
2010 034 19:05:32,DSendEmail
2010 034 19:07:41,DUrl
2010 034 21:13:00,DNologon
2010 035 09:15:00,Blogon
2010 035 09:19:11,BUrl
2010 035 11:18:31,BSendEmail
2010 035 11:31:19,BUrl
2010 035 12:13:38,CUrl
2010 035 13:48:37,CSendEmail
2010 035 14:21:01,CUrl
2010 035 19:55:01,DUrl
2010 035 21:14:00,DNologon
2010 036 09:12:00,Blogon
2010 036 09:29:48,BUrl
2010 036 12:51:47,CUrl
2010 036 13:01:09,CSendEmail
2010 036 13:07:26,CSendEmail
2010 036 13:11:15,CUrl
2010 036 13:15:06,CSendEmail
2010 036 13:33:55,CUrl
2010 036 18:31:57,DUrl
2010 036 21:13:00,DNologon
2010 039 09:17:00,Blogon
2010 039 09:31:43,BUrl
2010 039 10:16:10,BSendEmail
2010 039 10:34:45,BUrl
2010 039 10:50:14,BSendEmail
2010 039 11:32:23,BUrl
2010 039 12:21:05,CUrl
2010 039 16:04:10,CSendEmail
2010 039 16:30:22,CUrl
2010 039 18:11:33,DUrl
2010 039 21:17:00,DNologon
2010 040 09:16:00,Blogon
2010 040 09:38:36,BUrl
2010 040 12:37:26,CUrl
2010 040 13:57:29,CSendEmail
2010 040 14:34:32,CSendEmail
2010 040 14:36:13,CUrl
2010 040 14:37:59,CSendEmail
2010 040 14:52:56,CUrl
2010 040 18:03:01,DUrl
2010 040 21:13:00,DNologon
2010 041 09:16:00,Blogon
2010 041 09:37:14,BUrl
2010 041 12:36:03,CUrl
2010 041 18:18:44,DUrl
2010 041 18:20:05,DSendEmail
2010 041 18:33:54,DUrl
2010 041 20:10:58,DSendEmail
2010 041 20:19:26,DSendEmail
2010 041 20:27:00,DUrl
2010 041 21:14:00,DNologon
2010 042 09:16:00,Blogon
2010 042 09:18:40,BUrl
2010 042 12:24:32,CUrl
2010 042 14:44:21,CSendEmail
2010 042 14:51:14,CUrl
2010 042 18:23:49,DUrl
2010 042 21:05:47,DSendEmail
2010 042 21:07:42,DUrl
2010 042 21:08:22,DSendEmail
2010 042 21:12:00,DNologon
2010 043 09:16:00,Blogon
2010 043 09:47:03,BSendEmail
2010 043 09:55:54,BUrl
2010 043 12:09:18,CUrl
2010 043 16:17:11,CSendEmail
2010 043 18:34:27,DUrl
2010 043 21:12:00,DNologon
2010 046 09:13:00,Blogon
2010 046 10:59:52,BUrl
2010 046 12:46:25,CUrl
2010 046 15:01:47,CSendEmail
2010 046 15:06:56,CUrl
2010 046 18:05:19,DUrl
2010 046 19:21:43,DSendEmail
2010 046 19:22:50,DSendEmail
2010 046 19:31:21,DUrl
2010 046 21:26:00,DNologon
2010 047 09:18:00,Blogon
2010 047 09:46:50,BUrl
2010 047 11:36:23,BSendEmail
2010 047 11:44:42,BUrl
2010 047 11:46:19,BSendEmail
2010 047 11:48:04,BSendEmail
2010 047 11:49:53,BUrl
2010 047 12:05:50,CUrl
2010 047 18:33:53,DUrl
2010 047 21:11:00,DNologon
2010 048 09:02:00,Blogon
2010 048 09:04:11,BUrl
2010 048 09:37:29,BSendEmail
2010 048 10:11:12,BUrl
2010 048 12:10:52,CUrl
2010 048 18:00:31,DUrl
2010 048 20:27:46,DSendEmail
2010 048 20:38:08,DUrl
2010 048 20:40:40,DSendEmail
2010 048 20:43:55,DUrl
2010 048 21:26:00,DNologon
2010 049 09:18:00,Blogon
2010 049 09:24:18,BUrl
2010 049 12:34:36,CUrl
2010 049 12:44:23,CSendEmail
2010 049 13:04:09,CUrl
2010 049 13:45:18,CSendEmail
2010 049 13:45:46,CUrl
2010 049 17:55:31,CSendEmail
2010 049 18:45:09,DUrl
2010 049 21:12:00,DNologon
2010 050 09:02:00,Blogon
2010 050 09:36:48,BUrl
2010 050 12:00:05,CUrl
2010 050 12:03:08,CSendEmail
2010 050 12:19:53,CSendEmail
2010 050 13:28:58,CUrl
2010 050 18:08:56,DUrl
2010 050 20:18:37,DSendEmail
2010 050 21:20:59,DUrl
2010 050 21:29:00,DNologon
2010 053 09:12:00,Blogon
2010 053 09:40:56,BUrl
2010 053 12:02:07,CUrl
2010 053 18:23:02,DUrl
2010 053 19:19:33,DSendEmail
2010 053 19:30:49,DUrl
2010 053 20:04:31,DSendEmail
2010 053 20:33:56,DSendEmail
2010 053 20:43:58,DUrl
2010 053 21:16:00,DNologon
2010 054 09:16:00,Blogon
2010 054 09:17:32,BUrl
2010 054 12:07:49,CUrl
2010 054 18:05:42,DUrl
2010 054 21:00:12,DSendEmail
2010 054 21:08:02,DSendEmail
2010 054 21:09:45,DUrl
2010 054 21:15:20,DSendEmail
2010 054 21:18:38,DUrl
2010 054 21:28:00,DNologon
2010 055 09:18:00,Blogon
2010 055 09:19:17,BUrl
2010 055 09:39:43,BSendEmail
2010 055 10:13:38,BUrl
2010 055 12:04:15,CUrl
2010 055 17:33:57,CSendEmail
2010 055 18:11:54,DUrl
2010 055 19:33:35,DSendEmail
2010 055 19:40:40,DUrl
2010 055 21:11:00,DNologon
2010 056 09:17:00,Blogon
2010 056 09:39:44,BUrl
2010 056 12:48:34,CUrl
2010 056 18:01:52,DUrl
2010 056 19:37:21,DSendEmail
2010 056 19:38:58,DUrl
2010 056 19:39:12,DSendEmail
2010 056 20:09:18,DUrl
2010 056 20:12:06,DSendEmail
2010 056 20:15:03,DUrl
2010 056 21:15:00,DNologon
2010 057 09:09:00,Blogon
2010 057 09:22:12,BUrl
2010 057 11:31:27,BSendEmail
2010 057 12:02:39,CUrl
2010 057 17:29:35,CSendEmail
2010 057 17:31:08,CSendEmail
2010 057 18:07:43,DUrl
2010 057 21:21:00,DNologon
2010 060 09:00:00,Blogon
2010 060 09:14:25,BUrl
2010 060 12:08:52,CUrl
2010 060 16:56:18,CSendEmail
2010 060 17:55:53,CUrl
2010 060 18:47:55,DUrl
2010 060 19:36:52,DSendEmail
2010 060 19:52:59,DUrl
2010 060 21:17:00,DNologon
2010 061 09:17:00,Blogon
2010 061 09:39:23,BSendEmail
2010 061 09:49:51,BUrl
2010 061 12:04:56,CUrl
2010 061 18:24:30,DUrl
2010 061 18:47:55,DSendEmail
2010 061 18:50:48,DSendEmail
2010 061 19:17:48,DUrl
2010 061 21:13:00,DNologon
2010 062 09:11:00,Blogon
2010 062 09:16:22,BUrl
2010 062 13:02:00,CUrl
2010 062 16:42:45,CSendEmail
2010 062 16:49:06,CSendEmail
2010 062 17:03:23,CUrl
2010 062 19:13:01,DSendEmail
2010 062 19:28:05,DUrl
2010 062 21:11:00,DNologon
2010 063 09:07:00,Blogon
2010 063 09:18:09,BUrl
2010 063 10:32:41,BSendEmail
2010 063 10:38:48,BUrl
2010 063 11:13:57,BSendEmail
2010 063 12:03:53,CUrl
2010 063 16:46:35,CSendEmail
2010 063 16:49:06,CUrl
2010 063 18:00:15,DUrl
2010 063 21:13:00,DNologon
2010 064 09:17:00,Blogon
2010 064 09:33:45,BSendEmail
2010 064 09:36:14,BUrl
2010 064 13:52:00,CUrl
2010 064 17:49:13,CSendEmail
2010 064 18:04:59,DUrl
2010 064 19:19:31,DSendEmail
2010 064 19:34:08,DUrl
2010 064 21:15:00,DNologon
2010 067 09:15:00,Blogon
2010 067 09:18:55,BUrl
2010 067 12:16:04,CUrl
2010 067 15:28:16,CSendEmail
2010 067 15:28:27,CSendEmail
2010 067 16:07:59,CSendEmail
2010 067 16:32:42,CUrl
2010 067 18:01:10,DUrl
2010 067 21:11:00,DNologon
2010 068 09:08:00,Blogon
2010 068 09:15:22,BUrl
2010 068 11:48:19,BSendEmail
2010 068 12:21:24,CUrl
2010 068 15:35:43,CSendEmail
2010 068 15:43:21,CSendEmail
2010 068 16:21:56,CUrl
2010 068 18:46:49,DUrl
2010 068 21:15:00,DNologon
2010 069 09:06:00,Blogon
2010 069 09:08:07,BUrl
2010 069 11:16:48,BSendEmail
2010 069 11:37:36,BUrl
2010 069 12:03:45,CUrl
2010 069 16:04:58,CSendEmail
2010 069 16:14:54,CUrl
2010 069 16:38:26,CSendEmail
2010 069 17:27:49,CUrl
2010 069 18:06:23,DUrl
2010 069 21:24:00,DNologon
2010 070 09:11:00,Blogon
2010 070 09:59:12,BUrl
2010 070 16:31:57,CUrl
2010 070 18:00:42,DUrl
2010 070 21:16:00,DNologon
2010 071 09:10:00,Blogon
2010 071 09:16:08,BSendEmail
2010 071 09:19:23,BSendEmail
2010 071 09:19:34,BSendEmail
2010 071 09:22:53,BUrl
2010 071 12:15:59,CUrl
2010 071 18:32:58,DUrl
2010 071 21:30:00,DNologon
2010 074 09:11:00,Blogon
2010 074 09:17:17,BUrl
2010 074 12:03:07,CUrl
2010 074 13:42:49,CSendEmail
2010 074 13:51:47,CUrl
2010 074 18:28:38,DUrl
2010 074 20:54:51,DSendEmail
2010 074 21:00:35,DUrl
2010 074 21:02:20,DSendEmail
2010 074 21:04:37,DUrl
2010 074 21:16:00,DNologon
2010 075 09:05:00,Blogon
2010 075 09:16:01,BUrl
2010 075 13:28:00,CSendEmail
2010 075 13:28:49,CUrl
2010 075 18:37:47,DUrl
2010 075 19:42:47,DSendEmail
2010 075 19:43:05,DUrl
2010 075 20:43:48,DSendEmail
2010 075 20:58:34,DUrl
2010 075 21:14:00,DNologon
2010 076 09:09:00,Blogon
2010 076 09:23:38,BSendEmail
2010 076 09:38:29,BUrl
2010 076 12:10:45,CUrl
2010 076 12:11:13,CSendEmail
2010 076 12:15:42,CUrl
2010 076 16:16:54,CSendEmail
2010 076 16:30:26,CUrl
2010 076 18:21:29,DUrl
2010 076 21:14:00,DNologon
2010 077 09:14:00,Blogon
2010 077 09:18:53,BUrl
2010 077 12:32:24,CUrl
2010 077 18:13:37,DUrl
2010 077 19:01:02,DSendEmail
2010 077 19:01:09,DSendEmail
2010 077 19:04:18,DSendEmail
2010 077 19:08:59,DUrl
2010 077 21:24:00,DNologon
2010 078 09:05:00,Blogon
2010 078 09:17:18,BUrl
2010 078 13:49:44,CUrl
2010 078 16:23:31,CSendEmail
2010 078 16:28:53,CUrl
2010 078 18:20:15,DUrl
2010 078 19:56:09,DSendEmail
2010 078 20:04:47,DSendEmail
2010 078 20:38:29,DUrl
2010 078 21:13:00,DNologon
2010 081 09:15:00,Blogon
2010 081 09:20:05,BUrl
2010 081 12:07:11,CUrl
2010 081 16:22:07,CSendEmail
2010 081 16:44:24,CUrl
2010 081 18:44:00,DUrl
2010 081 21:03:45,DSendEmail
2010 081 21:12:10,DUrl
2010 081 21:26:00,DNologon
2010 082 09:16:00,Blogon
2010 082 09:24:28,BUrl
2010 082 09:42:55,BSendEmail
2010 082 09:43:54,BUrl
2010 082 10:07:06,BSendEmail
2010 082 10:45:47,BSendEmail
2010 082 10:57:44,BUrl
2010 082 12:13:12,CUrl
2010 082 18:25:01,DUrl
2010 082 21:18:00,DNologon
2010 083 09:07:00,Blogon
2010 083 09:14:34,BUrl
2010 083 12:04:52,CUrl
2010 083 18:36:47,DUrl
2010 083 20:11:49,DSendEmail
2010 083 20:29:14,DSendEmail
2010 083 20:38:52,DUrl
2010 083 20:40:10,DSendEmail
2010 083 20:45:03,DUrl
2010 083 21:25:00,DNologon
2010 084 09:19:00,Blogon
2010 084 09:20:22,BUrl
2010 084 12:20:45,CUrl
2010 084 15:19:54,CSendEmail
2010 084 15:35:10,CSendEmail
2010 084 15:39:30,CUrl
2010 084 15:57:38,CSendEmail
2010 084 16:28:17,CUrl
2010 084 19:01:14,DUrl
2010 084 21:14:00,DNologon
2010 085 09:03:00,Blogon
2010 085 09:20:17,BUrl
2010 085 12:15:46,CUrl
2010 085 16:37:56,CSendEmail
2010 085 17:03:46,CSendEmail
2010 085 17:19:53,CSendEmail
2010 085 17:21:24,CUrl
2010 085 18:02:43,DUrl
2010 085 21:18:00,DNologon
2010 088 09:06:00,Blogon
2010 088 09:31:53,BUrl
2010 088 10:00:31,BSendEmail
2010 088 10:03:15,BUrl
2010 088 12:10:42,CUrl
2010 088 13:17:23,CSendEmail
2010 088 14:14:52,CUrl
2010 088 18:17:34,DUrl
2010 088 21:18:55,DSendEmail
2010 088 21:30:00,DNologon
2010 089 09:17:00,Blogon
2010 089 09:21:16,BUrl
2010 089 09:32:44,BSendEmail
2010 089 09:36:18,BSendEmail
2010 089 10:15:17,BSendEmail
2010 089 10:39:08,BUrl
2010 089 12:00:17,CUrl
2010 089 18:01:03,DUrl
2010 089 21:15:00,DNologon
2010 090 09:18:00,Blogon
2010 090 09:35:33,BUrl
2010 090 10:49:12,BSendEmail
2010 090 10:49:50,BSendEmail
2010 090 10:50:21,BSendEmail
2010 090 11:00:13,BUrl
2010 090 12:05:06,CUrl
2010 090 18:12:06,DUrl
2010 090 21:12:00,DNologon
2010 091 09:04:00,Blogon
2010 091 09:20:48,BUrl
2010 091 09:53:12,BSendEmail
2010 091 09:54:32,BUrl
2010 091 10:24:30,BSendEmail
2010 091 10:27:26,BSendEmail
2010 091 11:05:28,BUrl
2010 091 12:21:29,CUrl
2010 091 18:15:46,DUrl
2010 091 21:23:00,DNologon
2010 095 09:08:00,Blogon
2010 095 09:13:39,BUrl
2010 095 13:26:31,CUrl
2010 095 18:02:10,DUrl
2010 095 18:30:47,DSendEmail
2010 095 18:33:01,DUrl
2010 095 19:43:46,DSendEmail
2010 095 19:47:20,DSendEmail
2010 095 20:06:18,DUrl
2010 095 21:27:00,DNologon
2010 096 09:04:00,Blogon
2010 096 09:11:38,BUrl
2010 096 12:18:56,CSendEmail
2010 096 12:20:02,CSendEmail
2010 096 12:21:13,CSendEmail
2010 096 12:39:06,CUrl
2010 096 18:51:07,DUrl
2010 096 21:14:00,DNologon
2010 097 09:10:00,Blogon
2010 097 09:11:28,BUrl
2010 097 11:13:23,BSendEmail
2010 097 11:32:21,BSendEmail
2010 097 11:56:21,BUrl
2010 097 12:02:24,CUrl
2010 097 14:47:12,CSendEmail
2010 097 14:48:51,CUrl
2010 097 18:36:37,DUrl
2010 097 21:22:00,DNologon
2010 098 09:17:00,Blogon
2010 098 09:18:31,BUrl
2010 098 12:25:56,CUrl
2010 098 13:55:02,CSendEmail
2010 098 13:55:27,CSendEmail
2010 098 14:03:00,CUrl
2010 098 14:05:31,CSendEmail
2010 098 14:11:43,CUrl
2010 098 18:13:04,DUrl
2010 098 21:12:00,DNologon
2010 099 09:15:00,Blogon
2010 099 09:36:38,BUrl
2010 099 10:51:24,BSendEmail
2010 099 11:58:18,BUrl
2010 099 12:17:05,CUrl
2010 099 14:20:41,CSendEmail
2010 099 14:28:31,CSendEmail
2010 099 14:42:13,CUrl
2010 099 18:38:09,DUrl
2010 099 21:15:00,DNologon
2010 102 09:08:00,Blogon
2010 102 09:10:39,BUrl
2010 102 12:20:38,CUrl
2010 102 16:32:21,CSendEmail
2010 102 16:34:02,CSendEmail
2010 102 17:01:06,CUrl
2010 102 18:41:59,DUrl
2010 102 21:14:48,DSendEmail
2010 102 21:16:35,DUrl
2010 102 21:26:00,DNologon
2010 103 09:04:00,Blogon
2010 103 09:41:29,BUrl
2010 103 10:13:31,BSendEmail
2010 103 10:54:37,BUrl
2010 103 11:31:16,BSendEmail
2010 103 11:54:25,BUrl
2010 103 13:15:55,CUrl
2010 103 18:17:49,DUrl
2010 103 19:40:56,DSendEmail
2010 103 19:45:32,DUrl
2010 103 21:16:00,DNologon
2010 104 09:01:00,Blogon
2010 104 09:05:52,BUrl
2010 104 12:11:19,CUrl
2010 104 16:21:03,CSendEmail
2010 104 16:28:01,CSendEmail
2010 104 16:42:06,CUrl
2010 104 18:26:26,DUrl
2010 104 20:08:00,DSendEmail
2010 104 20:19:47,DUrl
2010 104 21:28:00,DNologon
2010 105 09:16:00,Blogon
2010 105 09:38:28,BUrl
2010 105 12:10:57,CUrl
2010 105 18:50:59,DUrl
2010 105 19:30:10,DSendEmail
2010 105 19:30:54,DSendEmail
2010 105 19:33:04,DSendEmail
2010 105 19:51:24,DUrl
2010 105 21:11:00,DNologon
2010 106 09:13:00,Blogon
2010 106 09:18:37,BUrl
2010 106 12:24:31,CUrl
2010 106 18:15:08,DUrl
2010 106 18:27:55,DSendEmail
2010 106 18:28:08,DSendEmail
2010 106 19:22:44,DUrl
2010 106 20:20:09,DSendEmail
2010 106 20:27:38,DUrl
2010 106 21:30:00,DNologon
2010 109 09:00:00,Blogon
2010 109 09:23:53,BUrl
2010 109 12:13:53,CUrl
2010 109 15:29:12,CSendEmail
2010 109 15:35:14,CSendEmail
2010 109 15:35:54,CUrl
2010 109 15:49:39,CSendEmail
2010 109 16:26:26,CUrl
2010 109 18:03:34,DUrl
2010 109 21:19:00,DNologon
2010 110 09:16:00,Blogon
2010 110 09:17:18,BUrl
2010 110 11:48:50,BSendEmail
2010 110 11:57:14,BUrl
2010 110 12:37:24,CUrl
2010 110 18:24:26,DUrl
2010 110 19:22:15,DSendEmail
2010 110 19:43:47,DUrl
2010 110 20:21:01,DSendEmail
2010 110 20:56:47,DUrl
2010 110 21:14:00,DNologon
2010 111 09:10:00,Blogon
2010 111 09:19:43,BUrl
2010 111 13:05:48,CUrl
2010 111 18:11:21,DUrl
2010 111 20:13:22,DSendEmail
2010 111 20:14:56,DUrl
2010 111 20:20:51,DSendEmail
2010 111 21:02:20,DUrl
2010 111 21:30:00,DNologon
2010 112 09:13:00,Blogon
2010 112 09:17:01,BUrl
2010 112 12:54:55,CUrl
2010 112 13:22:07,CSendEmail
2010 112 13:27:20,CUrl
2010 112 14:02:03,CSendEmail
2010 112 14:54:19,CUrl
2010 112 18:05:15,DUrl
2010 112 18:58:06,DSendEmail
2010 112 19:28:57,DUrl
2010 112 21:26:00,DNologon
2010 113 09:18:00,Blogon
2010 113 09:25:43,BUrl
2010 113 12:00:04,CSendEmail
2010 113 12:06:45,CUrl
2010 113 12:46:27,CSendEmail
2010 113 12:50:37,CSendEmail
2010 113 13:13:52,CUrl
2010 113 18:00:45,DUrl
2010 113 21:15:00,DNologon
2010 116 09:16:00,Blogon
2010 116 09:25:13,BUrl
2010 116 12:44:11,CSendEmail
2010 116 13:04:02,CUrl
2010 116 13:27:28,CSendEmail
2010 116 13:30:35,CUrl
2010 116 15:09:31,CSendEmail
2010 116 15:44:12,CUrl
2010 116 18:07:22,DUrl
2010 116 21:12:00,DNologon
2010 117 09:01:00,Blogon
2010 117 09:22:14,BUrl
2010 117 12:07:27,CUrl
2010 117 17:27:53,CSendEmail
2010 117 17:33:05,CSendEmail
2010 117 17:44:37,CUrl
2010 117 18:04:33,DUrl
2010 117 18:19:36,DSendEmail
2010 117 18:42:41,DUrl
2010 117 21:18:00,DNologon
2010 118 09:15:00,Blogon
2010 118 10:06:45,BUrl
2010 118 12:51:55,CUrl
2010 118 16:19:03,CSendEmail
2010 118 16:29:48,CSendEmail
2010 118 16:34:31,CSendEmail
2010 118 16:57:17,CUrl
2010 118 19:21:58,DUrl
2010 118 21:28:00,DNologon
2010 119 09:19:00,Blogon
2010 119 09:22:11,BUrl
2010 119 10:17:29,BSendEmail
2010 119 10:20:26,BUrl
2010 119 12:01:59,CUrl
2010 119 18:14:02,DSendEmail
2010 119 18:33:25,DUrl
2010 119 18:59:44,DSendEmail
2010 119 19:00:18,DUrl
2010 119 21:14:00,DNologon
2010 120 09:13:00,Blogon
2010 120 09:43:32,BUrl
2010 120 12:05:20,CUrl
2010 120 13:47:24,CSendEmail
2010 120 14:17:35,CSendEmail
2010 120 14:20:36,CUrl
2010 120 18:28:26,DUrl
2010 120 19:11:25,DSendEmail
2010 120 19:12:39,DUrl
2010 120 21:17:00,DNologon
2010 123 09:15:00,Blogon
2010 123 09:35:49,BUrl
2010 123 12:36:25,CUrl
2010 123 18:01:19,DUrl
2010 123 18:49:37,DSendEmail
2010 123 19:30:12,DUrl
2010 123 20:39:59,DSendEmail
2010 123 20:40:17,DUrl
2010 123 21:09:45,DSendEmail
2010 123 21:13:00,DNologon
2010 124 09:10:00,Blogon
2010 124 11:47:23,BUrl
2010 124 12:01:18,CUrl
2010 124 18:21:53,DUrl
2010 124 18:53:29,DSendEmail
2010 124 20:35:35,DUrl
2010 124 20:45:58,DSendEmail
2010 124 21:01:53,DUrl
2010 124 21:12:00,DNologon
2010 125 09:18:00,Blogon
2010 125 09:35:54,BUrl
2010 125 12:31:25,CUrl
2010 125 14:57:08,CSendEmail
2010 125 15:00:03,CSendEmail
2010 125 15:01:56,CUrl
2010 125 18:09:26,DUrl
2010 125 18:40:24,DSendEmail
2010 125 20:32:42,DUrl
2010 125 21:15:00,DNologon
2010 126 09:17:00,Blogon
2010 126 09:24:37,BUrl
2010 126 11:21:10,BSendEmail
2010 126 11:22:47,BSendEmail
2010 126 11:36:47,BUrl
2010 126 12:07:49,CUrl
2010 126 12:21:05,CSendEmail
2010 126 12:54:54,CUrl
2010 126 18:19:56,DUrl
2010 126 21:15:00,DNologon
2010 127 09:15:00,Blogon
2010 127 09:16:32,BUrl
2010 127 12:12:38,CUrl
2010 127 12:13:23,CSendEmail
2010 127 12:27:45,CSendEmail
2010 127 12:51:54,CUrl
2010 127 13:44:50,CSendEmail
2010 127 13:55:47,CUrl
2010 127 18:10:27,DUrl
2010 127 21:17:00,DNologon
2010 130 09:17:00,Blogon
2010 130 09:18:35,BUrl
2010 130 12:11:45,CUrl
2010 130 13:07:04,CSendEmail
2010 130 13:09:10,CUrl
2010 130 13:30:59,CSendEmail
2010 130 14:12:00,CSendEmail
2010 130 14:29:56,CUrl
2010 130 18:03:38,DUrl
2010 130 21:13:00,DNologon
2010 131 09:04:00,Blogon
2010 131 09:17:17,BUrl
2010 131 12:20:20,CUrl
2010 131 14:28:05,CSendEmail
2010 131 15:08:36,CUrl
2010 131 18:12:35,DUrl
2010 131 20:50:04,DSendEmail
2010 131 21:19:33,DUrl
2010 131 21:21:44,DSendEmail
2010 131 21:25:00,DNologon
2010 132 09:15:00,Blogon
2010 132 09:20:12,BUrl
2010 132 09:31:38,BSendEmail
2010 132 09:43:39,BSendEmail
2010 132 09:46:17,BUrl
2010 132 12:36:38,CUrl
2010 132 18:17:43,DUrl
2010 132 19:44:57,DSendEmail
2010 132 19:49:22,DUrl
2010 132 21:15:00,DNologon
2010 133 09:13:00,Blogon
2010 133 09:43:09,BUrl
2010 133 09:48:05,BSendEmail
2010 133 09:48:43,BSendEmail
2010 133 09:51:40,BSendEmail
2010 133 09:58:15,BUrl
2010 133 12:00:47,CUrl
2010 133 19:21:44,DUrl
2010 133 21:28:00,DNologon
2010 134 09:05:00,Blogon
2010 134 09:09:37,BUrl
2010 134 12:17:30,CUrl
2010 134 18:32:32,DUrl
2010 134 20:44:56,DSendEmail
2010 134 20:57:08,DSendEmail
2010 134 20:58:20,DSendEmail
2010 134 21:00:42,DUrl
2010 134 21:27:00,DNologon
2010 137 09:19:00,Blogon
2010 137 09:29:30,BUrl
2010 137 09:48:30,BSendEmail
2010 137 09:51:57,BSendEmail
2010 137 09:53:23,BSendEmail
2010 137 09:53:34,BUrl
2010 137 13:30:47,CUrl
2010 137 18:53:28,DUrl
2010 137 21:12:00,DNologon
2010 138 09:19:00,Blogon
2010 138 09:28:16,BUrl
2010 138 12:03:29,CUrl
2010 138 16:55:05,CSendEmail
2010 138 17:44:47,CSendEmail
2010 138 17:49:50,CUrl
2010 138 18:47:25,DUrl
2010 138 18:56:28,DSendEmail
2010 138 19:18:46,DUrl
2010 138 21:17:00,DNologon
2010 139 09:16:00,Blogon
2010 139 09:18:40,BUrl
2010 139 12:09:22,CUrl
2010 139 17:22:49,CSendEmail
2010 139 18:05:49,DUrl
2010 139 19:26:20,DSendEmail
2010 139 19:48:51,DUrl
2010 139 21:10:42,DSendEmail
2010 139 21:13:30,DUrl
2010 139 21:18:00,DNologon
2010 140 09:13:00,Blogon
2010 140 09:17:05,BUrl
2010 140 12:14:45,CUrl
2010 140 12:47:05,CSendEmail
2010 140 14:07:56,CUrl
2010 140 17:20:18,CSendEmail
2010 140 17:23:32,CUrl
2010 140 17:27:12,CSendEmail
2010 140 17:49:59,CUrl
2010 140 18:06:47,DUrl
2010 140 21:15:00,DNologon
2010 141 09:11:00,Blogon
2010 141 09:23:43,BUrl
2010 141 12:04:42,CUrl
2010 141 15:07:21,CSendEmail
2010 141 16:16:11,CUrl
2010 141 18:03:56,DUrl
2010 141 19:02:07,DSendEmail
2010 141 19:40:03,DUrl
2010 141 20:04:19,DSendEmail
2010 141 20:34:57,DUrl
2010 141 21:26:00,DNologon
2010 144 09:18:00,Blogon
2010 144 09:29:52,BUrl
2010 144 10:36:28,BSendEmail
2010 144 10:56:32,BUrl
2010 144 11:06:12,BSendEmail
2010 144 11:47:32,BUrl
2010 144 12:39:10,CUrl
2010 144 18:39:53,DUrl
2010 144 19:00:34,DSendEmail
2010 144 20:29:06,DUrl
2010 144 21:25:00,DNologon
2010 145 09:15:00,Blogon
2010 145 09:43:21,BUrl
2010 145 12:22:22,CUrl
2010 145 13:06:46,CSendEmail
2010 145 13:07:53,CUrl
2010 145 13:08:53,CSendEmail
2010 145 13:51:55,CUrl
2010 145 14:03:50,CSendEmail
2010 145 14:06:47,CUrl
2010 145 18:24:22,DUrl
2010 145 21:15:00,DNologon
2010 146 09:17:00,Blogon
2010 146 09:57:22,BUrl
2010 146 12:08:32,CUrl
2010 146 13:16:07,CSendEmail
2010 146 13:38:35,CUrl
2010 146 19:28:03,DUrl
2010 146 21:08:58,DSendEmail
2010 146 21:12:41,DSendEmail
2010 146 21:15:00,DNologon
2010 147 09:09:00,Blogon
2010 147 09:26:53,BUrl
2010 147 12:29:22,CUrl
2010 147 18:13:39,DUrl
2010 147 21:07:27,DSendEmail
2010 147 21:16:00,DNologon
2010 148 09:01:00,Blogon
2010 148 09:16:06,BUrl
2010 148 10:01:58,BSendEmail
2010 148 10:03:03,BSendEmail
2010 148 10:04:35,BSendEmail
2010 148 10:31:28,BUrl
2010 148 12:14:25,CUrl
2010 148 18:01:30,DUrl
2010 148 21:16:00,DNologon
2010 152 09:19:00,Blogon
2010 152 09:34:39,BUrl
2010 152 11:04:09,BSendEmail
2010 152 11:24:20,BUrl
2010 152 12:21:40,CUrl
2010 152 18:10:47,DUrl
2010 152 19:03:35,DSendEmail
2010 152 19:04:36,DUrl
2010 152 19:21:34,DSendEmail
2010 152 19:53:42,DUrl
2010 152 21:15:00,DNologon
2010 153 09:12:00,Blogon
2010 153 09:16:13,BUrl
2010 153 11:00:23,BSendEmail
2010 153 11:45:51,BUrl
2010 153 11:59:35,BSendEmail
2010 153 12:05:38,CSendEmail
2010 153 13:38:59,CUrl
2010 153 18:13:12,DUrl
2010 153 21:15:00,DNologon
2010 154 09:00:00,Blogon
2010 154 09:02:10,BUrl
2010 154 12:30:36,CUrl
2010 154 13:06:09,CSendEmail
2010 154 13:08:07,CUrl
2010 154 16:39:15,CSendEmail
2010 154 16:46:15,CUrl
2010 154 18:00:57,DSendEmail
2010 154 18:30:07,DUrl
2010 154 21:16:00,DNologon
2010 155 09:10:00,Blogon
2010 155 09:44:22,BUrl
2010 155 12:00:30,CUrl
2010 155 16:25:34,CSendEmail
2010 155 16:26:52,CSendEmail
2010 155 16:27:36,CSendEmail
2010 155 16:40:09,CUrl
2010 155 18:13:28,DUrl
2010 155 21:28:00,DNologon
2010 158 09:04:00,Blogon
2010 158 09:05:32,BUrl
2010 158 14:07:27,CUrl
2010 158 17:39:40,CSendEmail
2010 158 17:39:57,CSendEmail
2010 158 17:39:59,CSendEmail
2010 158 17:48:39,CUrl
2010 158 18:15:33,DUrl
2010 158 21:21:00,DNologon
2010 159 09:15:00,Blogon
2010 159 09:20:36,BUrl
2010 159 09:51:30,BSendEmail
2010 159 09:52:55,BUrl
2010 159 12:19:01,CUrl
2010 159 18:07:38,DUrl
2010 159 19:34:45,DSendEmail
2010 159 19:46:10,DUrl
2010 159 20:48:38,DSendEmail
2010 159 20:50:45,DUrl
2010 159 21:15:00,DNologon
2010 160 09:01:00,Blogon
2010 160 09:44:06,BUrl
2010 160 11:46:33,BSendEmail
2010 160 11:46:47,BSendEmail
2010 160 11:47:34,BUrl
2010 160 12:04:28,CUrl
2010 160 18:23:03,DUrl
2010 160 20:48:55,DSendEmail
2010 160 20:55:29,DUrl
2010 160 21:15:00,DNologon
2010 161 09:00:00,Blogon
2010 161 09:14:20,BUrl
2010 161 12:28:13,CUrl
2010 161 17:25:50,CSendEmail
2010 161 17:26:25,CSendEmail
2010 161 17:37:25,CUrl
2010 161 17:39:36,CSendEmail
2010 161 17:45:36,CUrl
2010 161 18:37:22,DUrl
2010 161 21:24:00,DNologon
2010 162 09:09:00,Blogon
2010 162 09:41:17,BUrl
2010 162 13:01:24,CUrl
2010 162 14:02:41,CSendEmail
2010 162 14:30:57,CUrl
2010 162 18:32:13,DSendEmail
2010 162 18:32:27,DSendEmail
2010 162 18:41:59,DUrl
2010 162 21:14:00,DNologon
2010 165 09:17:00,Blogon
2010 165 09:36:32,BUrl
2010 165 12:03:08,CSendEmail
2010 165 12:06:14,CSendEmail
2010 165 12:16:38,CUrl
2010 165 12:17:57,CSendEmail
2010 165 12:53:16,CUrl
2010 165 18:00:10,DUrl
2010 165 21:22:00,DNologon
2010 166 09:17:00,Blogon
2010 166 09:32:02,BUrl
2010 166 12:43:47,CUrl
2010 166 14:15:41,CSendEmail
2010 166 15:02:35,CUrl
2010 166 17:14:22,CSendEmail
2010 166 17:26:54,CUrl
2010 166 19:20:07,DUrl
2010 166 21:03:37,DSendEmail
2010 166 21:08:58,DUrl
2010 166 21:14:00,DNologon
2010 167 09:19:00,Blogon
2010 167 09:48:28,BSendEmail
2010 167 09:51:24,BSendEmail
2010 167 09:52:44,BUrl
2010 167 09:56:06,BSendEmail
2010 167 09:56:31,BUrl
2010 167 12:56:35,CUrl
2010 167 19:24:37,DUrl
2010 167 21:12:00,DNologon
2010 168 09:19:00,Blogon
2010 168 09:23:56,BUrl
2010 168 12:10:09,CUrl
2010 168 17:04:00,CSendEmail
2010 168 17:05:38,CSendEmail
2010 168 17:06:02,CSendEmail
2010 168 17:34:01,CUrl
2010 168 18:10:32,DUrl
2010 168 21:12:00,DNologon
2010 169 09:15:00,Blogon
2010 169 09:24:04,BUrl
2010 169 10:11:30,BSendEmail
2010 169 11:27:43,BUrl
2010 169 12:09:30,CUrl
2010 169 17:11:31,CSendEmail
2010 169 17:24:52,CUrl
2010 169 17:28:28,CSendEmail
2010 169 17:38:21,CUrl
2010 169 18:10:41,DUrl
2010 169 21:15:00,DNologon
2010 172 09:15:00,Blogon
2010 172 09:33:57,BUrl
2010 172 12:11:12,CUrl
2010 172 15:08:11,CSendEmail
2010 172 16:01:51,CUrl
2010 172 17:18:15,CSendEmail
2010 172 17:49:56,CUrl
2010 172 18:00:37,DUrl
2010 172 20:30:42,DSendEmail
2010 172 21:16:04,DUrl
2010 172 21:26:00,DNologon
2010 173 09:09:00,Blogon
2010 173 09:13:41,BUrl
2010 173 13:50:42,CSendEmail
2010 173 14:03:38,CSendEmail
2010 173 14:06:56,CUrl
2010 173 14:32:08,CSendEmail
2010 173 14:32:18,CUrl
2010 173 18:30:20,DUrl
2010 173 21:28:00,DNologon
2010 174 09:07:00,Blogon
2010 174 09:20:02,BUrl
2010 174 12:41:16,CUrl
2010 174 16:32:59,CSendEmail
2010 174 16:45:00,CSendEmail
2010 174 16:51:15,CSendEmail
2010 174 17:07:34,CUrl
2010 174 18:42:51,DUrl
2010 174 21:12:00,DNologon
2010 175 09:15:00,Blogon
2010 175 09:29:08,BUrl
2010 175 12:13:19,CUrl
2010 175 16:13:45,CSendEmail
2010 175 16:48:43,CUrl
2010 175 18:56:11,DSendEmail
2010 175 19:03:58,DUrl
2010 175 20:18:08,DSendEmail
2010 175 20:22:42,DUrl
2010 175 21:13:00,DNologon
2010 176 09:11:00,Blogon
2010 176 09:18:15,BUrl
2010 176 09:47:52,BSendEmail
2010 176 10:11:11,BUrl
2010 176 12:03:01,CUrl
2010 176 12:44:49,CSendEmail
2010 176 12:46:05,CSendEmail
2010 176 13:00:18,CUrl
2010 176 18:37:06,DUrl
2010 176 21:21:00,DNologon
2010 179 09:04:00,Blogon
2010 179 09:17:45,BUrl
2010 179 10:08:50,BSendEmail
2010 179 10:23:43,BUrl
2010 179 11:13:51,BSendEmail
2010 179 11:23:54,BSendEmail
2010 179 11:36:53,BUrl
2010 179 13:14:26,CUrl
2010 179 18:44:51,DUrl
2010 179 21:28:00,DNologon
2010 180 09:17:00,Blogon
2010 180 09:36:42,BUrl
2010 180 12:11:26,CUrl
2010 180 13:30:31,CSendEmail
2010 180 14:03:54,CUrl
2010 180 16:03:02,CSendEmail
2010 180 16:10:35,CUrl
2010 180 18:02:56,DUrl
2010 180 19:36:22,DSendEmail
2010 180 19:54:57,DUrl
2010 180 21:14:00,DNologon
2010 181 09:19:00,Blogon
2010 181 09:21:07,BSendEmail
2010 181 09:22:46,BSendEmail
2010 181 09:31:22,BUrl
2010 181 12:21:23,CSendEmail
2010 181 12:32:51,CUrl
2010 181 18:01:01,DUrl
2010 181 21:14:00,DNologon
2010 182 09:15:00,Blogon
2010 182 09:38:13,BUrl
2010 182 12:01:24,CUrl
2010 182 17:38:19,CSendEmail
2010 182 17:58:40,CSendEmail
2010 182 18:43:02,DUrl
2010 182 18:51:34,DSendEmail
2010 182 18:51:51,DUrl
2010 182 21:16:00,DNologon
2010 183 09:14:00,Blogon
2010 183 09:28:04,BUrl
2010 183 11:08:20,BSendEmail
2010 183 11:11:12,BUrl
2010 183 11:37:11,BSendEmail
2010 183 12:16:08,CUrl
2010 183 18:11:10,DUrl
2010 183 21:30:00,DNologon
2010 187 09:17:00,Blogon
2010 187 09:46:19,BUrl
2010 187 09:47:17,BSendEmail
2010 187 10:24:42,BUrl
2010 187 10:29:21,BSendEmail
2010 187 10:39:10,BUrl
2010 187 12:05:31,CUrl
2010 187 18:05:24,DUrl
2010 187 20:52:52,DSendEmail
2010 187 21:03:30,DUrl
2010 187 21:14:00,DNologon
2010 188 09:15:00,Blogon
2010 188 09:28:11,BSendEmail
2010 188 09:32:30,BSendEmail
2010 188 09:34:50,BSendEmail
2010 188 10:13:14,BUrl
2010 188 12:01:27,CUrl
2010 188 18:08:30,DUrl
2010 188 21:12:00,DNologon
2010 189 09:19:00,Blogon
2010 189 09:25:52,BUrl
2010 189 12:03:37,CUrl
2010 189 13:26:32,CSendEmail
2010 189 13:39:49,CUrl
2010 189 16:19:43,CSendEmail
2010 189 16:26:55,CSendEmail
2010 189 16:29:48,CUrl
2010 189 18:25:37,DUrl
2010 189 21:14:00,DNologon
2010 190 09:17:00,Blogon
2010 190 09:36:32,BUrl
2010 190 12:12:05,CUrl
2010 190 14:20:24,CSendEmail
2010 190 14:21:47,CUrl
2010 190 14:24:16,CSendEmail
2010 190 14:39:13,CUrl
2010 190 18:48:49,DSendEmail
2010 190 18:49:24,DUrl
2010 190 21:12:00,DNologon
2010 193 09:17:00,Blogon
2010 193 09:20:44,BUrl
2010 193 11:43:46,BSendEmail
2010 193 11:48:52,BSendEmail
2010 193 11:51:41,BSendEmail
2010 193 12:03:03,CUrl
2010 193 18:00:34,DUrl
2010 193 21:13:00,DNologon
2010 194 09:17:00,Blogon
2010 194 09:27:51,BUrl
2010 194 12:27:19,CUrl
2010 194 16:01:30,CSendEmail
2010 194 16:24:05,CUrl
2010 194 18:44:06,DUrl
2010 194 19:38:08,DSendEmail
2010 194 19:40:40,DSendEmail
2010 194 19:44:21,DUrl
2010 194 21:13:00,DNologon
2010 195 09:16:00,Blogon
2010 195 09:17:03,BUrl
2010 195 09:18:11,BSendEmail
2010 195 09:18:53,BUrl
2010 195 11:55:09,BSendEmail
2010 195 12:11:12,CUrl
2010 195 12:56:25,CSendEmail
2010 195 12:59:48,CUrl
2010 195 18:05:42,DUrl
2010 195 21:15:00,DNologon
2010 196 09:18:00,Blogon
2010 196 10:09:39,BUrl
2010 196 12:09:31,CUrl
2010 196 17:41:07,CSendEmail
2010 196 17:47:50,CUrl
2010 196 18:02:41,DUrl
2010 196 20:04:04,DSendEmail
2010 196 20:04:39,DUrl
2010 196 20:07:22,DSendEmail
2010 196 20:15:33,DUrl
2010 196 21:13:00,DNologon
2010 197 09:15:00,Blogon
2010 197 09:45:43,BUrl
2010 197 12:21:29,CUrl
2010 197 13:23:13,CSendEmail
2010 197 13:24:33,CUrl
2010 197 13:29:51,CSendEmail
2010 197 13:30:20,CSendEmail
2010 197 13:38:16,CUrl
2010 197 18:44:30,DUrl
2010 197 21:11:00,DNologon
2010 200 09:16:00,Blogon
2010 200 10:17:15,BUrl
2010 200 12:22:02,CUrl
2010 200 18:16:05,DUrl
2010 200 20:04:32,DSendEmail
2010 200 20:09:58,DUrl
2010 200 20:10:02,DSendEmail
2010 200 20:34:11,DSendEmail
2010 200 20:55:38,DUrl
2010 200 21:12:00,DNologon
2010 201 09:02:00,Blogon
2010 201 09:10:40,BUrl
2010 201 12:01:25,CUrl
2010 201 17:27:51,CSendEmail
2010 201 17:28:06,CSendEmail
2010 201 18:43:34,DUrl
2010 201 19:52:48,DSendEmail
2010 201 19:54:55,DUrl
2010 201 21:15:00,DNologon
2010 202 09:19:00,Blogon
2010 202 09:28:16,BUrl
2010 202 12:29:45,CUrl
2010 202 14:47:32,CSendEmail
2010 202 15:19:46,CUrl
2010 202 15:30:28,CSendEmail
2010 202 16:20:50,CUrl
2010 202 16:53:48,CSendEmail
2010 202 16:57:23,CUrl
2010 202 18:37:59,DUrl
2010 202 21:11:00,DNologon
2010 203 09:12:00,Blogon
2010 203 09:13:15,BUrl
2010 203 09:14:53,BSendEmail
2010 203 09:16:27,BUrl
2010 203 12:48:14,CUrl
2010 203 18:07:27,DUrl
2010 203 19:00:48,DSendEmail
2010 203 19:00:50,DSendEmail
2010 203 19:08:51,DUrl
2010 203 21:27:00,DNologon
2010 204 09:15:00,Blogon
2010 204 09:23:17,BUrl
2010 204 12:05:46,CUrl
2010 204 13:19:14,CSendEmail
2010 204 13:37:25,CUrl
2010 204 13:49:40,CSendEmail
2010 204 13:58:37,CUrl
2010 204 18:14:22,DUrl
2010 204 21:09:19,DSendEmail
2010 204 21:15:00,DNologon
2010 207 09:15:00,Blogon
2010 207 09:39:27,BUrl
2010 207 12:07:46,CSendEmail
2010 207 12:08:21,CUrl
2010 207 16:41:37,CSendEmail
2010 207 17:44:53,CUrl
2010 207 18:15:34,DSendEmail
2010 207 18:27:31,DUrl
2010 207 21:11:00,DNologon
2010 208 09:17:00,Blogon
2010 208 09:44:10,BUrl
2010 208 11:52:09,BSendEmail
2010 208 12:03:00,CUrl
2010 208 12:48:37,CSendEmail
2010 208 12:55:29,CSendEmail
2010 208 13:26:26,CUrl
2010 208 18:07:58,DUrl
2010 208 21:12:00,DNologon
2010 209 09:17:00,Blogon
2010 209 09:21:22,BUrl
2010 209 12:09:51,CUrl
2010 209 13:32:56,CSendEmail
2010 209 13:35:08,CUrl
2010 209 13:35:44,CSendEmail
2010 209 13:41:05,CSendEmail
2010 209 14:03:00,CUrl
2010 209 18:30:22,DUrl
2010 209 21:13:00,DNologon
2010 210 09:16:00,Blogon
2010 210 09:20:22,BUrl
2010 210 12:03:25,CUrl
2010 210 18:32:58,DUrl
2010 210 19:27:10,DSendEmail
2010 210 19:50:51,DUrl
2010 210 19:51:56,DSendEmail
2010 210 20:27:08,DSendEmail
2010 210 20:57:13,DUrl
2010 210 21:18:00,DNologon
2010 211 09:19:00,Blogon
2010 211 09:39:54,BUrl
2010 211 11:23:11,BSendEmail
2010 211 11:23:12,BUrl
2010 211 12:09:03,CUrl
2010 211 17:46:43,CSendEmail
2010 211 18:10:50,DUrl
2010 211 18:13:09,DSendEmail
2010 211 18:13:39,DUrl
2010 211 21:12:00,DNologon
2010 214 09:17:00,Blogon
2010 214 09:29:48,BUrl
2010 214 12:19:12,CSendEmail
2010 214 12:21:53,CUrl
2010 214 18:23:48,DUrl
2010 214 21:14:00,DNologon
2010 215 09:18:00,Blogon
2010 215 09:29:28,BUrl
2010 215 12:55:32,CUrl
2010 215 15:40:22,CSendEmail
2010 215 15:53:06,CSendEmail
2010 215 15:56:40,CSendEmail
2010 215 15:56:46,CUrl
2010 215 19:26:07,DUrl
2010 215 21:15:00,DNologon
2010 216 09:07:00,Blogon
2010 216 09:48:05,BUrl
2010 216 11:23:25,BSendEmail
2010 216 11:24:12,BUrl
2010 216 11:27:49,BSendEmail
2010 216 11:30:47,BUrl
2010 216 11:32:30,BSendEmail
2010 216 11:32:59,BUrl
2010 216 12:01:32,CUrl
2010 216 18:02:02,DUrl
2010 216 21:18:00,DNologon
2010 217 09:16:00,Blogon
2010 217 09:18:32,BUrl
2010 217 13:17:46,CUrl
2010 217 14:33:20,CSendEmail
2010 217 14:52:35,CSendEmail
2010 217 15:00:13,CUrl
2010 217 15:17:01,CSendEmail
2010 217 15:25:25,CUrl
2010 217 18:29:08,DUrl
2010 217 21:12:00,DNologon
2010 218 09:17:00,Blogon
2010 218 09:37:12,BUrl
2010 218 12:07:46,CUrl
2010 218 13:10:13,CSendEmail
2010 218 13:41:05,CUrl
2010 218 18:04:21,DSendEmail
2010 218 18:20:46,DUrl
2010 218 20:49:39,DSendEmail
2010 218 21:09:01,DUrl
2010 218 21:15:00,DNologon
2010 221 09:16:00,Blogon
2010 221 09:51:41,BUrl
2010 221 13:12:58,CSendEmail
2010 221 13:23:05,CUrl
2010 221 13:32:03,CSendEmail
2010 221 13:33:36,CUrl
2010 221 13:34:47,CSendEmail
2010 221 13:35:18,CUrl
2010 221 18:07:47,DUrl
2010 221 21:14:00,DNologon
2010 222 09:17:00,Blogon
2010 222 09:22:01,BUrl
2010 222 09:26:39,BSendEmail
2010 222 09:28:46,BUrl
2010 222 12:16:29,CUrl
2010 222 14:54:28,CSendEmail
2010 222 15:07:35,CSendEmail
2010 222 15:48:06,CUrl
2010 222 18:09:04,DUrl
2010 222 21:11:00,DNologon
2010 223 09:02:00,Blogon
2010 223 09:05:30,BUrl
2010 223 12:04:19,CUrl
2010 223 17:29:52,CSendEmail
2010 223 17:49:18,CUrl
2010 223 18:24:06,DSendEmail
2010 223 19:10:14,DUrl
2010 223 20:05:43,DSendEmail
2010 223 20:16:57,DUrl
2010 223 21:15:00,DNologon
2010 224 09:02:00,Blogon
2010 224 09:13:22,BUrl
2010 224 12:31:00,CSendEmail
2010 224 12:56:45,CUrl
2010 224 13:22:29,CSendEmail
2010 224 13:27:07,CUrl
2010 224 18:12:35,DUrl
2010 224 18:23:24,DSendEmail
2010 224 18:26:19,DUrl
2010 224 21:30:00,DNologon
2010 225 09:10:00,Blogon
2010 225 09:14:29,BUrl
2010 225 11:43:38,BSendEmail
2010 225 12:23:17,CUrl
2010 225 14:11:03,CSendEmail
2010 225 14:15:30,CUrl
2010 225 14:16:17,CSendEmail
2010 225 14:24:54,CUrl
2010 225 19:13:38,DUrl
2010 225 21:13:00,DNologon
2010 228 09:18:00,Blogon
2010 228 09:29:55,BUrl
2010 228 11:02:23,BSendEmail
2010 228 11:32:06,BUrl
2010 228 11:48:17,BSendEmail
2010 228 11:52:05,BUrl
2010 228 12:05:03,CUrl
2010 228 18:14:12,DUrl
2010 228 20:00:44,DSendEmail
2010 228 20:07:45,DUrl
2010 228 21:24:00,DNologon
2010 229 09:17:00,Blogon
2010 229 09:26:44,BUrl
2010 229 12:22:59,CSendEmail
2010 229 12:27:02,CSendEmail
2010 229 12:30:56,CUrl
2010 229 12:50:26,CSendEmail
2010 229 13:16:37,CUrl
2010 229 18:02:49,DUrl
2010 229 21:13:00,DNologon
2010 230 09:01:00,Blogon
2010 230 09:22:48,BUrl
2010 230 12:17:30,CUrl
2010 230 18:12:04,DUrl
2010 230 18:36:24,DSendEmail
2010 230 20:17:56,DUrl
2010 230 21:12:26,DSendEmail
2010 230 21:14:26,DSendEmail
2010 230 21:25:00,DNologon
2010 231 09:14:00,Blogon
2010 231 09:25:09,BUrl
2010 231 10:41:41,BSendEmail
2010 231 10:53:22,BSendEmail
2010 231 11:34:53,BUrl
2010 231 12:12:25,CUrl
2010 231 18:35:39,DUrl
2010 231 19:35:38,DSendEmail
2010 231 20:14:27,DUrl
2010 231 21:19:00,DNologon
2010 232 09:17:00,Blogon
2010 232 09:22:45,BUrl
2010 232 11:56:19,BSendEmail
2010 232 13:22:40,CUrl
2010 232 15:07:44,CSendEmail
2010 232 15:10:17,CSendEmail
2010 232 15:22:15,CUrl
2010 232 18:00:09,DUrl
2010 232 21:12:00,DNologon
2010 235 09:09:00,Blogon
2010 235 09:20:17,BSendEmail
2010 235 10:32:02,BSendEmail
2010 235 10:43:31,BUrl
2010 235 12:02:39,CUrl
2010 235 12:06:33,CSendEmail
2010 235 12:08:24,CUrl
2010 235 21:21:00,DNologon
2010 236 09:17:00,Blogon
2010 236 09:26:56,BUrl
2010 236 09:55:26,BSendEmail
2010 236 10:05:27,BUrl
2010 236 10:12:02,BSendEmail
2010 236 10:21:40,BUrl
2010 236 12:49:48,CUrl
2010 236 18:07:18,DUrl
2010 236 21:11:00,DNologon
2010 237 09:16:00,Blogon
2010 237 09:18:23,BUrl
2010 237 13:27:30,CUrl
2010 237 14:59:49,CSendEmail
2010 237 15:14:42,CUrl
2010 237 15:17:45,CSendEmail
2010 237 15:28:40,CSendEmail
2010 237 15:44:06,CUrl
2010 237 18:06:45,DUrl
2010 237 21:12:00,DNologon
2010 238 09:18:00,Blogon
2010 238 09:21:22,BUrl
2010 238 12:03:05,CUrl
2010 238 14:02:44,CSendEmail
2010 238 14:14:18,CSendEmail
2010 238 14:22:55,CUrl
2010 238 14:45:40,CSendEmail
2010 238 15:06:34,CUrl
2010 238 18:00:58,DUrl
2010 238 21:13:00,DNologon
2010 239 09:15:00,Blogon
2010 239 09:32:56,BUrl
2010 239 12:26:39,CUrl
2010 239 18:22:50,DUrl
2010 239 19:42:45,DSendEmail
2010 239 19:44:45,DSendEmail
2010 239 19:46:49,DSendEmail
2010 239 20:28:44,DUrl
2010 239 21:14:00,DNologon
2010 242 09:19:00,Blogon
2010 242 09:36:42,BUrl
2010 242 10:16:03,BSendEmail
2010 242 10:21:14,BSendEmail
2010 242 10:55:59,BUrl
2010 242 12:13:01,CUrl
2010 242 18:04:03,DUrl
2010 242 21:13:00,DNologon
2010 243 09:17:00,Blogon
2010 243 09:20:48,BUrl
2010 243 12:12:53,CUrl
2010 243 13:57:43,CSendEmail
2010 243 14:48:42,CUrl
2010 243 15:56:05,CSendEmail
2010 243 15:56:37,CSendEmail
2010 243 15:56:53,CUrl
2010 243 18:41:23,DUrl
2010 243 21:14:00,DNologon
2010 244 09:16:00,Blogon
2010 244 10:06:27,BUrl
2010 244 12:12:26,CUrl
2010 244 14:19:33,CSendEmail
2010 244 14:33:22,CUrl
2010 244 14:37:30,CSendEmail
2010 244 14:44:02,CUrl
2010 244 16:53:46,CSendEmail
2010 244 17:41:21,CUrl
2010 244 18:02:49,DUrl
2010 244 21:14:00,DNologon
2010 245 09:14:00,Blogon
2010 245 09:42:00,BUrl
2010 245 12:24:18,CUrl
2010 245 13:46:19,CSendEmail
2010 245 14:15:01,CUrl
2010 245 14:30:23,CSendEmail
2010 245 14:30:40,CSendEmail
2010 245 15:11:02,CUrl
2010 245 18:27:37,DUrl
2010 245 21:14:00,DNologon
2010 246 09:19:00,Blogon
2010 246 09:20:29,BUrl
2010 246 11:45:19,BSendEmail
2010 246 12:59:09,CUrl
2010 246 18:05:13,DUrl
2010 246 18:58:15,DSendEmail
2010 246 19:00:18,DSendEmail
2010 246 19:14:50,DUrl
2010 246 21:12:00,DNologon
2010 250 09:15:00,Blogon
2010 250 09:47:47,BUrl
2010 250 10:01:54,BSendEmail
2010 250 10:08:49,BUrl
2010 250 10:39:42,BSendEmail
2010 250 10:41:27,BUrl
2010 250 11:17:11,BSendEmail
2010 250 11:53:36,BUrl
2010 250 12:29:23,CUrl
2010 250 18:20:23,DUrl
2010 250 21:19:00,DNologon
2010 251 09:15:00,Blogon
2010 251 09:23:48,BUrl
2010 251 12:06:53,CUrl
2010 251 12:16:49,CSendEmail
2010 251 12:25:35,CSendEmail
2010 251 12:50:56,CUrl
2010 251 15:29:46,CSendEmail
2010 251 16:59:19,CUrl
2010 251 18:04:20,DUrl
2010 251 21:15:00,DNologon
2010 252 09:13:00,Blogon
2010 252 09:37:31,BUrl
2010 252 12:01:47,CUrl
2010 252 18:32:06,DSendEmail
2010 252 18:43:59,DSendEmail
2010 252 19:09:40,DUrl
2010 252 19:20:54,DSendEmail
2010 252 19:22:56,DUrl
2010 252 21:17:00,DNologon
2010 253 09:18:00,Blogon
2010 253 09:24:18,BUrl
2010 253 12:13:01,CUrl
2010 253 18:13:13,DUrl
2010 253 18:50:40,DSendEmail
2010 253 18:59:45,DSendEmail
2010 253 18:59:47,DUrl
2010 253 19:28:10,DSendEmail
2010 253 20:02:08,DUrl
2010 253 21:14:00,DNologon
2010 256 09:02:00,Blogon
2010 256 09:27:13,BUrl
2010 256 11:03:17,BSendEmail
2010 256 11:21:45,BUrl
2010 256 12:02:42,CSendEmail
2010 256 12:06:13,CUrl
2010 256 14:24:40,CSendEmail
2010 256 14:40:28,CUrl
2010 256 19:07:07,DUrl
2010 256 21:20:00,DNologon
2010 257 09:07:00,Blogon
2010 257 09:10:59,BUrl
2010 257 09:15:48,BSendEmail
2010 257 09:20:13,BUrl
2010 257 12:46:36,CUrl
2010 257 14:52:13,CSendEmail
2010 257 14:59:56,CUrl
2010 257 18:12:54,DUrl
2010 257 20:20:29,DSendEmail
2010 257 20:43:42,DUrl
2010 257 21:26:00,DNologon
2010 258 09:15:00,Blogon
2010 258 09:16:04,BUrl
2010 258 09:29:42,BSendEmail
2010 258 09:31:06,BUrl
2010 258 09:32:57,BSendEmail
2010 258 09:41:24,BUrl
2010 258 12:49:52,CUrl
2010 258 14:15:34,CSendEmail
2010 258 14:59:32,CUrl
2010 258 19:17:05,DUrl
2010 258 21:19:00,DNologon
2010 259 09:17:00,Blogon
2010 259 09:18:19,BUrl
2010 259 12:42:54,CUrl
2010 259 17:20:47,CSendEmail
2010 259 17:41:33,CUrl
2010 259 17:54:20,CSendEmail
2010 259 18:05:09,DSendEmail
2010 259 18:36:47,DUrl
2010 259 21:11:00,DNologon
2010 260 09:06:00,Blogon
2010 260 09:12:36,BUrl
2010 260 12:04:01,CUrl
2010 260 18:32:37,DUrl
2010 260 19:26:32,DSendEmail
2010 260 19:28:37,DSendEmail
2010 260 19:31:05,DSendEmail
2010 260 19:33:46,DUrl
2010 260 21:11:00,DNologon
2010 263 09:09:00,Blogon
2010 263 09:14:35,BUrl
2010 263 12:11:05,CUrl
2010 263 18:20:55,DSendEmail
2010 263 18:21:26,DSendEmail
2010 263 18:27:15,DSendEmail
2010 263 18:37:09,DUrl
2010 263 21:22:00,DNologon
2010 264 09:13:00,Blogon
2010 264 09:18:09,BUrl
2010 264 09:31:31,BSendEmail
2010 264 09:35:05,BSendEmail
2010 264 09:51:16,BUrl
2010 264 12:14:36,CUrl
2010 264 18:02:55,DUrl
2010 264 19:23:25,DSendEmail
2010 264 19:25:31,DUrl
2010 264 21:27:00,DNologon
2010 265 09:12:00,Blogon
2010 265 09:17:21,BUrl
2010 265 12:46:36,CUrl
2010 265 16:46:47,CSendEmail
2010 265 16:51:20,CSendEmail
2010 265 17:07:08,CUrl
2010 265 18:46:31,DUrl
2010 265 20:39:14,DSendEmail
2010 265 20:50:30,DUrl
2010 265 21:11:00,DNologon
2010 266 09:17:00,Blogon
2010 266 09:36:21,BUrl
2010 266 12:37:23,CUrl
2010 266 19:49:42,DSendEmail
2010 266 20:04:09,DUrl
2010 266 20:13:50,DSendEmail
2010 266 20:25:04,DUrl
2010 266 20:58:02,DSendEmail
2010 266 21:05:35,DUrl
2010 266 21:17:00,DNologon
2010 267 09:16:00,Blogon
2010 267 09:24:54,BUrl
2010 267 12:01:07,CUrl
2010 267 16:03:06,CSendEmail
2010 267 16:41:47,CUrl
2010 267 17:04:20,CSendEmail
2010 267 17:09:37,CUrl
2010 267 18:07:48,DUrl
2010 267 20:07:08,DSendEmail
2010 267 20:07:39,DUrl
2010 267 21:15:00,DNologon
2010 270 09:02:00,Blogon
2010 270 09:17:15,BUrl
2010 270 12:04:05,CUrl
2010 270 12:27:22,CSendEmail
2010 270 12:35:40,CUrl
2010 270 12:38:05,CSendEmail
2010 270 12:54:01,CSendEmail
2010 270 13:22:11,CUrl
2010 270 18:15:05,DUrl
2010 270 21:28:00,DNologon
2010 271 09:10:00,Blogon
2010 271 09:21:19,BSendEmail
2010 271 09:32:47,BUrl
2010 271 12:49:48,CUrl
2010 271 18:19:18,DUrl
2010 271 20:24:52,DSendEmail
2010 271 20:31:07,DUrl
2010 271 20:58:45,DSendEmail
2010 271 21:06:04,DUrl
2010 271 21:24:00,DNologon
2010 272 09:07:00,Blogon
2010 272 09:10:48,BUrl
2010 272 09:38:04,BSendEmail
2010 272 09:54:50,BUrl
2010 272 10:17:08,BSendEmail
2010 272 11:41:55,BUrl
2010 272 12:06:34,CSendEmail
2010 272 12:14:42,CUrl
2010 272 18:12:44,DUrl
2010 272 21:28:00,DNologon
2010 273 09:04:00,Blogon
2010 273 09:22:14,BUrl
2010 273 12:05:12,CUrl
2010 273 14:49:09,CSendEmail
2010 273 15:16:20,CUrl
2010 273 18:39:07,DSendEmail
2010 273 18:39:12,DUrl
2010 273 21:27:00,DNologon
2010 274 09:09:00,Blogon
2010 274 09:11:23,BUrl
2010 274 12:21:32,CUrl
2010 274 17:48:45,CSendEmail
2010 274 17:50:48,CSendEmail
2010 274 17:56:07,CUrl
2010 274 18:03:35,DUrl
2010 274 18:39:57,DSendEmail
2010 274 19:31:30,DUrl
2010 274 21:27:00,DNologon
2010 277 09:00:00,Blogon
2010 277 09:16:45,BUrl
2010 277 09:25:09,BSendEmail
2010 277 09:47:00,BUrl
2010 277 12:00:57,CUrl
2010 277 12:49:35,CSendEmail
2010 277 13:54:12,CUrl
2010 277 16:26:25,CSendEmail
2010 277 16:34:21,CUrl
2010 277 18:07:51,DUrl
2010 277 21:15:00,DNologon
2010 278 09:05:00,Blogon
2010 278 09:21:34,BUrl
2010 278 13:07:33,CUrl
2010 278 14:48:08,CSendEmail
2010 278 14:48:16,CSendEmail
2010 278 14:48:18,CSendEmail
2010 278 15:27:54,CUrl
2010 278 18:01:53,DUrl
2010 278 21:22:00,DNologon
2010 279 09:16:00,Blogon
2010 279 09:30:35,BUrl
2010 279 10:41:59,BSendEmail
2010 279 10:42:02,BUrl
2010 279 12:01:39,CUrl
2010 279 18:32:49,DUrl
2010 279 19:50:44,DSendEmail
2010 279 20:08:19,DSendEmail
2010 279 20:14:40,DUrl
2010 279 21:12:00,DNologon
2010 280 09:06:00,Blogon
2010 280 09:10:39,BUrl
2010 280 12:22:36,CSendEmail
2010 280 12:29:34,CSendEmail
2010 280 12:36:17,CUrl
2010 280 13:29:58,CSendEmail
2010 280 13:36:06,CUrl
2010 280 18:20:42,DUrl
2010 280 21:23:00,DNologon
2010 281 09:15:00,Blogon
2010 281 09:16:57,BUrl
2010 281 09:35:30,BSendEmail
2010 281 09:55:48,BSendEmail
2010 281 10:07:08,BUrl
2010 281 10:34:34,BSendEmail
2010 281 10:58:29,BUrl
2010 281 12:31:54,CUrl
2010 281 18:01:58,DUrl
2010 281 21:14:00,DNologon
2010 284 09:15:00,Blogon
2010 284 09:23:23,BUrl
2010 284 10:42:05,BSendEmail
2010 284 11:16:14,BUrl
2010 284 12:55:26,CUrl
2010 284 14:12:55,CSendEmail
2010 284 14:13:33,CUrl
2010 284 18:09:46,DUrl
2010 284 20:00:05,DSendEmail
2010 284 20:05:39,DUrl
2010 284 21:14:00,DNologon
2010 285 09:17:00,Blogon
2010 285 09:21:54,BUrl
2010 285 12:00:56,CUrl
2010 285 15:08:42,CSendEmail
2010 285 15:09:17,CSendEmail
2010 285 15:09:32,CSendEmail
2010 285 15:11:55,CUrl
2010 285 18:38:28,DUrl
2010 285 21:15:00,DNologon
2010 286 09:04:00,Blogon
2010 286 10:02:24,BUrl
2010 286 12:04:56,CUrl
2010 286 16:28:13,CSendEmail
2010 286 16:41:44,CSendEmail
2010 286 17:40:57,CUrl
2010 286 17:59:37,CSendEmail
2010 286 18:06:58,DUrl
2010 286 21:24:00,DNologon
2010 287 09:05:00,Blogon
2010 287 09:10:08,BUrl
2010 287 10:48:26,BSendEmail
2010 287 11:01:18,BUrl
2010 287 12:00:57,CUrl
2010 287 18:27:51,DUrl
2010 287 20:09:12,DSendEmail
2010 287 20:10:49,DUrl
2010 287 20:38:27,DSendEmail
2010 287 20:41:12,DUrl
2010 287 21:22:00,DNologon
2010 288 09:15:00,Blogon
2010 288 09:22:43,BUrl
2010 288 12:22:21,CUrl
2010 288 17:54:02,CSendEmail
2010 288 17:59:31,CUrl
2010 288 18:04:54,DUrl
2010 288 20:40:37,DSendEmail
2010 288 20:56:04,DUrl
2010 288 20:56:41,DSendEmail
2010 288 20:57:31,DUrl
2010 288 21:24:00,DNologon
2010 291 09:08:00,Blogon
2010 291 09:09:47,BSendEmail
2010 291 09:22:32,BSendEmail
2010 291 09:39:46,BUrl
2010 291 12:21:05,CUrl
2010 291 18:33:22,DUrl
2010 291 19:09:03,DSendEmail
2010 291 19:13:30,DUrl
2010 291 21:24:00,DNologon
2010 292 09:04:00,Blogon
2010 292 09:22:30,BUrl
2010 292 13:05:37,CUrl
2010 292 18:01:38,DUrl
2010 292 19:06:50,DSendEmail
2010 292 19:08:18,DSendEmail
2010 292 19:14:35,DSendEmail
2010 292 19:22:40,DUrl
2010 292 21:27:00,DNologon
2010 293 09:03:00,Blogon
2010 293 09:33:14,BUrl
2010 293 12:35:18,CUrl
2010 293 18:01:06,DUrl
2010 293 21:01:24,DSendEmail
2010 293 21:09:23,DUrl
2010 293 21:14:53,DSendEmail
2010 293 21:20:49,DUrl
2010 293 21:23:00,DNologon
2010 294 09:11:00,Blogon
2010 294 09:19:43,BUrl
2010 294 12:00:58,CSendEmail
2010 294 12:04:01,CSendEmail
2010 294 12:07:22,CUrl
2010 294 17:08:18,CSendEmail
2010 294 18:19:01,DUrl
2010 294 21:13:00,DNologon
2010 295 09:19:00,Blogon
2010 295 09:22:15,BUrl
2010 295 10:33:08,BSendEmail
2010 295 10:33:22,BSendEmail
2010 295 14:00:05,CUrl
2010 295 16:00:35,CSendEmail
2010 295 16:06:29,CUrl
2010 295 18:51:10,DUrl
2010 295 21:12:00,DNologon
2010 298 09:16:00,Blogon
2010 298 09:17:09,BUrl
2010 298 12:02:55,CUrl
2010 298 17:45:19,CSendEmail
2010 298 18:11:27,DUrl
2010 298 18:26:21,DSendEmail
2010 298 18:28:48,DSendEmail
2010 298 18:50:04,DUrl
2010 298 21:15:00,DNologon
2010 299 09:10:00,Blogon
2010 299 09:14:12,BUrl
2010 299 09:45:51,BSendEmail
2010 299 09:59:44,BUrl
2010 299 10:32:53,BSendEmail
2010 299 10:33:41,BUrl
2010 299 12:38:14,CUrl
2010 299 18:00:25,DUrl
2010 299 19:42:16,DSendEmail
2010 299 19:47:48,DUrl
2010 299 21:29:00,DNologon
2010 300 09:14:00,Blogon
2010 300 09:16:34,BUrl
2010 300 12:37:49,CUrl
2010 300 17:01:48,CSendEmail
2010 300 17:03:17,CSendEmail
2010 300 17:30:09,CSendEmail
2010 300 17:32:07,CUrl
2010 300 18:53:56,DUrl
2010 300 21:15:00,DNologon
2010 301 09:02:00,Blogon
2010 301 09:06:34,BUrl
2010 301 12:02:42,CUrl
2010 301 18:44:23,DUrl
2010 301 20:29:45,DSendEmail
2010 301 20:30:43,DSendEmail
2010 301 20:42:23,DSendEmail
2010 301 20:55:34,DUrl
2010 301 21:25:00,DNologon
2010 302 09:00:00,Blogon
2010 302 09:09:35,BUrl
2010 302 12:25:54,CUrl
2010 302 16:20:14,CSendEmail
2010 302 16:21:01,CSendEmail
2010 302 16:28:24,CUrl
2010 302 16:52:44,CSendEmail
2010 302 17:08:11,CUrl
2010 302 18:07:26,DUrl
2010 302 21:18:00,DNologon
2010 305 09:17:00,Blogon
2010 305 09:24:47,BUrl
2010 305 12:15:00,CUrl
2010 305 17:50:06,CSendEmail
2010 305 17:59:56,CUrl
2010 305 18:05:56,DSendEmail
2010 305 18:12:45,DSendEmail
2010 305 18:29:13,DUrl
2010 305 21:14:00,DNologon
2010 306 09:05:00,Blogon
2010 306 09:08:23,BUrl
2010 306 12:07:19,CUrl
2010 306 12:13:01,CSendEmail
2010 306 12:57:40,CSendEmail
2010 306 13:05:06,CUrl
2010 306 16:57:08,CSendEmail
2010 306 17:44:19,CUrl
2010 306 18:40:22,DUrl
2010 306 21:27:00,DNologon
2010 307 09:00:00,Blogon
2010 307 09:04:01,BUrl
2010 307 12:06:28,CUrl
2010 307 14:41:12,CSendEmail
2010 307 14:42:38,CSendEmail
2010 307 15:35:01,CUrl
2010 307 16:34:11,CSendEmail
2010 307 16:55:55,CUrl
2010 307 18:11:55,DUrl
2010 307 21:13:00,DNologon
2010 308 09:16:00,Blogon
2010 308 09:17:00,BUrl
2010 308 10:25:50,BSendEmail
2010 308 10:28:41,BSendEmail
2010 308 10:29:41,BSendEmail
2010 308 10:57:04,BUrl
2010 308 12:10:39,CUrl
2010 308 18:47:50,DUrl
2010 308 21:12:00,DNologon
2010 309 09:19:00,Blogon
2010 309 09:48:32,BUrl
2010 309 13:01:26,CUrl
2010 309 16:24:45,CSendEmail
2010 309 16:29:38,CSendEmail
2010 309 16:35:29,CUrl
2010 309 16:36:38,CSendEmail
2010 309 16:36:55,CUrl
2010 309 19:55:35,DUrl
2010 309 21:21:00,DNologon
2010 312 09:07:00,Blogon
2010 312 09:42:48,BUrl
2010 312 11:07:01,BSendEmail
2010 312 11:22:59,BSendEmail
2010 312 11:29:25,BUrl
2010 312 12:00:58,CSendEmail
2010 312 15:15:01,CUrl
2010 312 21:21:00,DNologon
2010 313 09:16:00,Blogon
2010 313 09:24:38,BUrl
2010 313 10:35:39,BSendEmail
2010 313 11:34:35,BUrl
2010 313 11:44:35,BSendEmail
2010 313 11:44:36,BUrl
2010 313 11:55:00,BSendEmail
2010 313 12:15:10,CUrl
2010 313 18:18:15,DUrl
2010 313 21:13:00,DNologon
2010 314 09:00:00,Blogon
2010 314 09:08:53,BUrl
2010 314 12:00:43,CUrl
2010 314 16:49:50,CSendEmail
2010 314 16:58:15,CUrl
2010 314 17:05:15,CSendEmail
2010 314 17:08:56,CSendEmail
2010 314 17:33:28,CUrl
2010 314 18:08:41,DUrl
2010 314 21:13:00,DNologon
2010 315 09:16:00,Blogon
2010 315 09:20:22,BUrl
2010 315 11:00:16,BSendEmail
2010 315 11:04:20,BSendEmail
2010 315 11:45:38,BUrl
2010 315 12:02:17,CUrl
2010 315 18:20:16,DUrl
2010 315 20:34:55,DSendEmail
2010 315 21:24:42,DUrl
2010 315 21:26:00,DNologon
2010 316 09:17:00,Blogon
2010 316 09:18:51,BUrl
2010 316 10:09:05,BSendEmail
2010 316 11:19:20,BUrl
2010 316 12:11:57,CUrl
2010 316 18:36:09,DUrl
2010 316 21:25:13,DSendEmail
2010 316 21:25:22,DUrl
2010 316 21:28:05,DSendEmail
2010 316 21:30:00,DNologon
2010 319 09:11:00,Blogon
2010 319 09:38:48,BUrl
2010 319 11:40:58,BSendEmail
2010 319 11:52:22,BUrl
2010 319 12:32:14,CUrl
2010 319 18:08:21,DUrl
2010 319 20:02:17,DSendEmail
2010 319 20:11:21,DSendEmail
2010 319 20:17:40,DUrl
2010 319 21:11:00,DNologon
2010 320 09:06:00,Blogon
2010 320 09:12:49,BUrl
2010 320 14:19:08,CSendEmail
2010 320 14:24:02,CUrl
2010 320 14:35:07,CSendEmail
2010 320 14:35:11,CUrl
2010 320 14:43:22,CSendEmail
2010 320 15:34:26,CUrl
2010 320 18:20:19,DUrl
2010 320 21:30:00,DNologon
2010 321 09:09:00,Blogon
2010 321 09:32:25,BUrl
2010 321 12:08:45,CUrl
2010 321 16:20:53,CSendEmail
2010 321 16:27:24,CUrl
2010 321 16:36:57,CSendEmail
2010 321 16:49:46,CUrl
2010 321 16:52:04,CSendEmail
2010 321 16:58:05,CUrl
2010 321 18:42:49,DUrl
2010 321 21:16:00,DNologon
2010 322 09:03:00,Blogon
2010 322 09:07:22,BUrl
2010 322 11:03:35,BSendEmail
2010 322 11:10:51,BUrl
2010 322 12:01:27,CUrl
2010 322 19:03:19,DUrl
2010 322 21:03:09,DSendEmail
2010 322 21:09:58,DUrl
2010 322 21:22:00,DNologon
2010 323 09:16:00,Blogon
2010 323 09:42:07,BUrl
2010 323 12:25:46,CUrl
2010 323 13:21:30,CSendEmail
2010 323 13:27:25,CSendEmail
2010 323 13:36:45,CUrl
2010 323 17:24:08,CSendEmail
2010 323 17:46:24,CUrl
2010 323 18:54:35,DUrl
2010 323 21:12:00,DNologon
2010 326 09:05:00,Blogon
2010 326 09:22:18,BUrl
2010 326 13:19:03,CUrl
2010 326 13:51:42,CSendEmail
2010 326 13:53:31,CSendEmail
2010 326 13:58:36,CSendEmail
2010 326 14:09:50,CUrl
2010 326 18:04:05,DUrl
2010 326 21:13:00,DNologon
2010 327 09:08:00,Blogon
2010 327 09:15:07,BUrl
2010 327 12:00:35,CUrl
2010 327 16:41:57,CSendEmail
2010 327 16:43:13,CSendEmail
2010 327 16:45:59,CUrl
2010 327 16:47:34,CSendEmail
2010 327 17:24:07,CUrl
2010 327 18:33:41,DUrl
2010 327 21:29:00,DNologon
2010 328 09:07:00,Blogon
2010 328 09:12:43,BUrl
2010 328 12:03:06,CUrl
2010 328 17:30:09,CSendEmail
2010 328 17:36:38,CSendEmail
2010 328 17:37:36,CSendEmail
2010 328 17:41:58,CUrl
2010 328 18:01:21,DUrl
2010 328 21:29:00,DNologon
2010 333 09:18:00,Blogon
2010 333 09:52:10,BUrl
2010 333 10:00:29,BSendEmail
2010 333 10:18:35,BUrl
2010 333 12:55:15,CUrl
2010 333 17:45:02,CSendEmail
2010 333 17:47:00,CUrl
2010 333 17:57:02,CSendEmail
2010 333 18:01:31,DUrl
2010 333 21:14:00,DNologon
2010 334 09:19:00,Blogon
2010 334 09:22:24,BUrl
2010 334 12:16:17,CUrl
2010 334 18:22:26,DUrl
2010 334 20:33:33,DSendEmail
2010 334 20:34:58,DSendEmail
2010 334 20:35:09,DUrl
2010 334 20:36:01,DSendEmail
2010 334 21:00:44,DUrl
2010 334 21:13:00,DNologon
2010 335 09:19:00,Blogon
2010 335 09:39:58,BUrl
2010 335 11:10:09,BSendEmail
2010 335 11:30:24,BUrl
2010 335 11:33:45,BSendEmail
2010 335 11:34:24,BUrl
2010 335 11:53:43,BSendEmail
2010 335 12:58:37,CUrl
2010 335 18:03:09,DUrl
2010 335 21:13:00,DNologon
2010 336 09:03:00,Blogon
2010 336 09:04:45,BUrl
2010 336 10:52:10,BSendEmail
2010 336 10:53:08,BUrl
2010 336 11:04:16,BSendEmail
2010 336 11:07:17,BUrl
2010 336 11:11:16,BSendEmail
2010 336 11:16:27,BUrl
2010 336 13:01:49,CUrl
2010 336 18:13:50,DUrl
2010 336 21:12:00,DNologon
2010 337 09:04:00,Blogon
2010 337 10:17:23,BUrl
2010 337 12:43:15,CSendEmail
2010 337 12:44:33,CSendEmail
2010 337 12:45:13,CUrl
2010 337 15:04:51,CSendEmail
2010 337 17:51:16,CUrl
2010 337 18:08:43,DUrl
2010 337 21:30:00,DNologon
2010 340 09:00:00,Blogon
2010 340 09:04:55,BUrl
2010 340 09:15:16,BSendEmail
2010 340 09:39:29,BUrl
2010 340 12:37:49,CUrl
2010 340 18:10:51,DUrl
2010 340 19:40:43,DSendEmail
2010 340 19:41:43,DUrl
2010 340 19:45:49,DSendEmail
2010 340 19:46:39,DUrl
2010 340 21:22:00,DNologon
2010 341 09:16:00,Blogon
2010 341 09:17:28,BUrl
2010 341 12:03:07,CUrl
2010 341 16:06:13,CSendEmail
2010 341 16:07:56,CSendEmail
2010 341 16:19:17,CSendEmail
2010 341 16:56:55,CUrl
2010 341 18:00:27,DUrl
2010 341 21:14:00,DNologon
2010 342 09:14:00,Blogon
2010 342 09:21:11,BUrl
2010 342 12:00:47,CSendEmail
2010 342 12:28:11,CUrl
2010 342 15:12:11,CSendEmail
2010 342 15:16:39,CUrl
2010 342 18:34:02,DSendEmail
2010 342 19:08:39,DUrl
2010 342 21:30:00,DNologon
2010 343 09:05:00,Blogon
2010 343 09:14:58,BUrl
2010 343 12:11:24,CUrl
2010 343 16:42:05,CSendEmail
2010 343 16:58:24,CUrl
2010 343 19:10:19,DUrl
2010 343 21:17:07,DSendEmail
2010 343 21:18:34,DUrl
2010 343 21:18:43,DSendEmail
2010 343 21:18:44,DUrl
2010 343 21:27:00,DNologon
2010 344 09:00:00,Blogon
2010 344 09:46:59,BUrl
2010 344 12:02:50,CUrl
2010 344 15:08:57,CSendEmail
2010 344 15:11:20,CUrl
2010 344 15:47:03,CSendEmail
2010 344 16:33:22,CUrl
2010 344 18:02:33,DUrl
2010 344 21:14:00,DNologon
2010 347 09:05:00,Blogon
2010 347 09:13:21,BUrl
2010 347 12:16:26,CUrl
2010 347 17:33:34,CSendEmail
2010 347 17:58:22,CUrl
2010 347 18:37:49,DUrl
2010 347 20:22:10,DSendEmail
2010 347 20:29:27,DUrl
2010 347 20:41:44,DSendEmail
2010 347 20:54:02,DUrl
2010 347 21:27:00,DNologon
2010 348 09:09:00,Blogon
2010 348 09:18:46,BUrl
2010 348 09:31:11,BSendEmail
2010 348 10:29:35,BUrl
2010 348 12:01:04,CUrl
2010 348 13:02:40,CSendEmail
2010 348 13:02:47,CUrl
2010 348 16:37:38,CSendEmail
2010 348 17:37:26,CUrl
2010 348 19:24:11,DUrl
2010 348 21:26:00,DNologon
2010 349 09:17:00,Blogon
2010 349 09:24:04,BUrl
2010 349 12:10:06,CUrl
2010 349 16:53:48,CSendEmail
2010 349 16:59:08,CSendEmail
2010 349 16:59:34,CSendEmail
2010 349 17:05:11,CUrl
2010 349 18:17:02,DUrl
2010 349 21:12:00,DNologon
2010 350 09:19:00,Blogon
2010 350 10:03:51,BUrl
2010 350 12:34:46,CUrl
2010 350 18:00:19,DUrl
2010 350 20:43:30,DSendEmail
2010 350 20:59:25,DSendEmail
2010 350 21:00:52,DSendEmail
2010 350 21:06:11,DUrl
2010 350 21:13:00,DNologon
2010 351 09:19:00,Blogon
2010 351 09:25:38,BUrl
2010 351 10:37:36,BSendEmail
2010 351 10:48:11,BUrl
2010 351 10:55:22,BSendEmail
2010 351 11:06:55,BUrl
2010 351 11:56:28,BSendEmail
2010 351 12:03:43,CUrl
2010 351 18:10:12,DUrl
2010 351 21:15:00,DNologon
2010 354 09:05:00,Blogon
2010 354 09:06:15,BUrl
2010 354 12:06:31,CUrl
2010 354 13:00:43,CSendEmail
2010 354 13:18:38,CUrl
2010 354 13:24:38,CSendEmail
2010 354 13:28:58,CSendEmail
2010 354 14:23:45,CUrl
2010 354 18:05:05,DUrl
2010 354 21:25:00,DNologon
2010 355 09:15:00,Blogon
2010 355 09:36:26,BUrl
2010 355 09:53:11,BSendEmail
2010 355 10:34:55,BSendEmail
2010 355 10:40:56,BUrl
2010 355 12:58:26,CUrl
2010 355 17:16:00,CSendEmail
2010 355 17:38:46,CUrl
2010 355 18:18:38,DUrl
2010 355 21:11:00,DNologon
2010 356 09:07:00,Blogon
2010 356 09:19:31,BUrl
2010 356 09:55:57,BSendEmail
2010 356 10:01:28,BUrl
2010 356 11:07:38,BSendEmail
2010 356 11:17:20,BSendEmail
2010 356 11:22:32,BUrl
2010 356 12:07:19,CUrl
2010 356 18:09:49,DUrl
2010 356 21:14:00,DNologon
2010 361 09:16:00,Blogon
2010 361 10:17:30,BUrl
2010 361 12:24:28,CUrl
2010 361 15:04:29,CSendEmail
2010 361 15:12:55,CSendEmail
2010 361 15:43:04,CUrl
2010 361 16:39:43,CSendEmail
2010 361 16:43:35,CUrl
2010 361 18:11:10,DUrl
2010 361 21:12:00,DNologon
2010 362 09:08:00,Blogon
2010 362 09:14:38,BUrl
2010 362 10:00:52,BSendEmail
2010 362 10:23:25,BUrl
2010 362 11:37:04,BSendEmail
2010 362 11:37:53,BSendEmail
2010 362 11:41:36,BUrl
2010 362 12:32:22,CUrl
2010 362 18:37:12,DUrl
2010 362 21:30:00,DNologon
2010 363 09:19:00,Blogon
2010 363 09:21:21,BUrl
2010 363 12:32:56,CUrl
2010 363 16:35:20,CSendEmail
2010 363 16:40:02,CSendEmail
2010 363 16:47:04,CUrl
2010 363 16:53:27,CSendEmail
2010 363 17:07:32,CUrl
2010 363 18:27:05,DUrl
2010 363 21:15:00,DNologon
2010 364 09:19:00,Blogon
2010 364 09:29:10,BUrl
2010 364 11:50:02,BSendEmail
2010 364 12:27:07,CUrl
2010 364 18:07:09,DUrl
2010 364 21:12:00,DNologon
2011 003 09:19:00,Blogon
2011 003 09:20:59,BUrl
2011 003 12:19:10,CSendEmail
2011 003 12:20:54,CUrl
2011 003 12:38:30,CSendEmail
2011 003 13:42:19,CUrl
2011 003 14:11:19,CSendEmail
2011 003 14:13:19,CUrl
2011 003 18:00:16,DUrl
2011 003 21:15:00,DNologon
2011 004 09:16:00,Blogon
2011 004 09:39:04,BUrl
2011 004 11:31:23,BSendEmail
2011 004 11:42:13,BSendEmail
2011 004 11:42:36,BSendEmail
2011 004 12:26:41,CUrl
2011 004 18:16:11,DUrl
2011 004 21:12:00,DNologon
2011 005 09:17:00,Blogon
2011 005 09:25:02,BUrl
2011 005 10:25:30,BSendEmail
2011 005 10:29:46,BUrl
2011 005 12:01:33,CUrl
2011 005 15:42:08,CSendEmail
2011 005 16:11:57,CUrl
2011 005 16:56:44,CSendEmail
2011 005 18:11:44,DUrl
2011 005 21:15:00,DNologon
2011 006 09:16:00,Blogon
2011 006 09:23:27,BUrl
2011 006 10:38:28,BSendEmail
2011 006 10:40:04,BUrl
2011 006 10:53:53,BSendEmail
2011 006 11:43:30,BUrl
2011 006 11:48:32,BSendEmail
2011 006 11:49:29,BUrl
2011 006 12:12:30,CUrl
2011 006 18:43:15,DUrl
2011 006 21:13:00,DNologon
2011 007 09:10:00,Blogon
2011 007 09:13:22,BUrl
2011 007 12:17:20,CUrl
2011 007 13:11:16,CSendEmail
2011 007 13:39:48,CSendEmail
2011 007 14:12:19,CUrl
2011 007 15:16:34,CSendEmail
2011 007 15:19:25,CUrl
2011 007 18:02:17,DUrl
2011 007 21:16:00,DNologon
2011 010 09:17:00,Blogon
2011 010 09:23:09,BUrl
2011 010 10:58:59,BSendEmail
2011 010 11:09:20,BUrl
2011 010 12:11:43,CUrl
2011 010 12:50:38,CSendEmail
2011 010 12:50:41,CSendEmail
2011 010 12:52:58,CUrl
2011 010 18:24:08,DUrl
2011 010 21:15:00,DNologon
2011 011 09:15:00,Blogon
2011 011 09:16:09,BUrl
2011 011 12:13:11,CUrl
2011 011 18:12:31,DSendEmail
2011 011 18:12:44,DUrl
2011 011 18:12:53,DSendEmail
2011 011 18:13:05,DUrl
2011 011 18:14:14,DSendEmail
2011 011 18:20:52,DUrl
2011 011 21:13:00,DNologon
2011 012 09:18:00,Blogon
2011 012 09:26:04,BUrl
2011 012 09:46:30,BSendEmail
2011 012 09:52:17,BUrl
2011 012 10:34:05,BSendEmail
2011 012 10:34:41,BSendEmail
2011 012 10:37:32,BUrl
2011 012 12:35:37,CUrl
2011 012 18:18:01,DUrl
2011 012 21:15:00,DNologon
2011 013 09:18:00,Blogon
2011 013 09:56:11,BUrl
2011 013 11:42:09,BSendEmail
2011 013 11:43:17,BSendEmail
2011 013 11:49:18,BUrl
2011 013 11:51:43,BSendEmail
2011 013 12:50:04,CUrl
2011 013 18:45:11,DUrl
2011 013 21:14:00,DNologon
2011 014 09:17:00,Blogon
2011 014 12:35:31,CUrl
2011 014 17:25:48,CSendEmail
2011 014 17:36:19,CUrl
2011 014 17:53:33,CSendEmail
2011 014 17:59:56,CSendEmail
2011 014 18:12:43,DUrl
2011 014 21:11:00,DNologon
2011 017 09:17:00,Blogon
2011 017 09:18:36,BUrl
2011 017 09:36:44,BSendEmail
2011 017 09:41:24,BUrl
2011 017 12:54:49,CUrl
2011 017 16:07:35,CSendEmail
2011 017 16:30:03,CUrl
2011 017 18:18:39,DSendEmail
2011 017 18:18:50,DUrl
2011 017 21:16:00,DNologon
2011 018 09:09:00,Blogon
2011 018 10:00:19,BUrl
2011 018 12:03:13,CUrl
2011 018 12:06:59,CSendEmail
2011 018 12:10:26,CSendEmail
2011 018 12:50:25,CUrl
2011 018 18:47:18,DUrl
2011 018 18:47:40,DSendEmail
2011 018 19:14:53,DUrl
2011 018 21:28:00,DNologon
2011 019 09:16:00,Blogon
2011 019 09:18:28,BUrl
2011 019 12:25:36,CUrl
2011 019 18:00:47,DUrl
2011 019 18:29:22,DSendEmail
2011 019 19:02:57,DSendEmail
2011 019 20:12:29,DUrl
2011 019 21:08:56,DSendEmail
2011 019 21:09:11,DUrl
2011 019 21:11:00,DNologon
2011 020 09:15:00,Blogon
2011 020 09:22:50,BUrl
2011 020 09:32:40,BSendEmail
2011 020 09:35:36,BUrl
2011 020 09:36:12,BSendEmail
2011 020 09:36:33,BSendEmail
2011 020 09:41:43,BUrl
2011 020 12:16:09,CUrl
2011 020 18:26:10,DUrl
2011 020 21:22:00,DNologon
2011 021 09:17:00,Blogon
2011 021 09:20:22,BUrl
2011 021 09:20:32,BSendEmail
2011 021 09:21:00,BUrl
2011 021 13:00:59,CSendEmail
2011 021 13:08:41,CUrl
2011 021 13:12:27,CSendEmail
2011 021 13:25:01,CUrl
2011 021 18:02:43,DUrl
2011 021 21:14:00,DNologon
2011 024 09:16:00,Blogon
2011 024 09:17:03,BUrl
2011 024 09:29:21,BSendEmail
2011 024 09:37:11,BSendEmail
2011 024 09:46:12,BUrl
2011 024 12:05:19,CUrl
2011 024 14:17:42,CSendEmail
2011 024 14:53:31,CUrl
2011 024 18:45:00,DUrl
2011 024 21:15:00,DNologon
2011 025 09:14:00,Blogon
2011 025 09:59:22,BUrl
2011 025 11:39:38,BSendEmail
2011 025 11:55:54,BUrl
2011 025 12:27:58,CSendEmail
2011 025 12:37:24,CUrl
2011 025 14:22:10,CSendEmail
2011 025 14:24:46,CUrl
2011 025 18:01:44,DUrl
2011 025 21:23:00,DNologon
2011 026 09:19:00,Blogon
2011 026 09:21:51,BUrl
2011 026 12:20:26,CUrl
2011 026 16:29:44,CSendEmail
2011 026 16:38:45,CSendEmail
2011 026 17:13:44,CUrl
2011 026 19:34:42,DUrl
2011 026 20:59:53,DSendEmail
2011 026 21:01:38,DUrl
2011 026 21:12:00,DNologon
2011 027 09:18:00,Blogon
2011 027 09:27:23,BUrl
2011 027 09:57:40,BSendEmail
2011 027 09:58:49,BSendEmail
2011 027 10:03:36,BUrl
2011 027 10:05:20,BSendEmail
2011 027 10:25:45,BUrl
2011 027 12:16:43,CUrl
2011 027 18:02:54,DUrl
2011 027 21:14:00,DNologon
2011 028 09:15:00,Blogon
2011 028 09:36:11,BUrl
2011 028 10:25:45,BSendEmail
2011 028 10:49:42,BUrl
2011 028 12:12:03,CUrl
2011 028 15:42:43,CSendEmail
2011 028 15:51:54,CUrl
2011 028 15:53:01,CSendEmail
2011 028 16:03:15,CUrl
2011 028 18:13:48,DUrl
2011 028 21:15:00,DNologon
2011 031 09:08:00,Blogon
2011 031 09:44:33,BSendEmail
2011 031 09:51:08,BSendEmail
2011 031 10:41:51,BUrl
2011 031 11:14:21,BSendEmail
2011 031 14:40:16,CUrl
2011 031 18:11:07,DUrl
2011 031 21:30:00,DNologon
2011 032 09:14:00,Blogon
2011 032 09:29:40,BUrl
2011 032 09:40:31,BSendEmail
2011 032 09:44:54,BUrl
2011 032 12:09:10,CUrl
2011 032 19:34:25,DSendEmail
2011 032 19:35:28,DSendEmail
2011 032 19:45:47,DUrl
2011 032 21:15:00,DNologon
2011 033 09:01:00,Blogon
2011 033 09:03:19,BUrl
2011 033 12:03:50,CUrl
2011 033 13:09:52,CSendEmail
2011 033 13:27:47,CSendEmail
2011 033 13:33:43,CSendEmail
2011 033 14:09:12,CUrl
2011 033 18:50:02,DUrl
2011 033 21:18:00,DNologon
2011 034 09:03:00,Blogon
2011 034 09:16:54,BUrl
2011 034 12:47:06,CUrl
2011 034 16:11:13,CSendEmail
2011 034 16:11:39,CSendEmail
2011 034 16:34:21,CUrl
2011 034 18:10:02,DUrl
2011 034 19:06:11,DSendEmail
2011 034 19:06:59,DUrl
2011 034 21:16:00,DNologon
2011 035 09:00:00,Blogon
2011 035 09:05:21,BUrl
2011 035 10:19:36,BSendEmail
2011 035 10:25:25,BUrl
2011 035 12:47:18,CSendEmail
2011 035 12:52:47,CUrl
2011 035 12:53:50,CSendEmail
2011 035 13:16:33,CUrl
2011 035 18:45:20,DUrl
2011 035 21:16:00,DNologon
2011 038 09:05:00,Blogon
2011 038 09:27:25,BUrl
2011 038 09:53:54,BSendEmail
2011 038 10:08:44,BSendEmail
2011 038 10:38:15,BUrl
2011 038 12:00:18,CUrl
2011 038 14:19:27,CSendEmail
2011 038 14:46:48,CUrl
2011 038 18:49:59,DUrl
2011 038 21:20:00,DNologon
2011 039 09:07:00,Blogon
2011 039 09:09:08,BUrl
2011 039 10:28:29,BSendEmail
2011 039 11:02:42,BUrl
2011 039 12:05:51,CUrl
2011 039 13:10:18,CSendEmail
2011 039 13:12:00,CSendEmail
2011 039 14:13:24,CUrl
2011 039 18:06:32,DUrl
2011 039 21:16:00,DNologon
2011 040 09:17:00,Blogon
2011 040 09:20:49,BUrl
2011 040 12:07:56,CUrl
2011 040 14:41:48,CSendEmail
2011 040 14:57:14,CUrl
2011 040 15:01:48,CSendEmail
2011 040 15:09:09,CSendEmail
2011 040 15:14:43,CUrl
2011 040 19:31:42,DUrl
2011 040 21:23:00,DNologon
2011 041 09:03:00,Blogon
2011 041 09:15:11,BUrl
2011 041 12:17:50,CUrl
2011 041 17:43:43,CSendEmail
2011 041 17:48:39,CSendEmail
2011 041 17:55:52,CSendEmail
2011 041 18:34:42,DUrl
2011 041 21:15:00,DNologon
2011 042 09:06:00,Blogon
2011 042 09:33:26,BUrl
2011 042 12:10:49,CUrl
2011 042 12:41:14,CSendEmail
2011 042 13:19:02,CSendEmail
2011 042 14:17:16,CUrl
2011 042 15:05:47,CSendEmail
2011 042 15:49:32,CUrl
2011 042 18:36:51,DUrl
2011 042 21:21:00,DNologon
2011 045 09:05:00,Blogon
2011 045 09:23:42,BUrl
2011 045 09:24:47,BSendEmail
2011 045 09:26:16,BSendEmail
2011 045 09:31:17,BUrl
2011 045 12:45:10,CUrl
2011 045 18:13:23,DUrl
2011 045 20:13:19,DSendEmail
2011 045 20:33:13,DUrl
2011 045 21:17:00,DNologon
2011 046 09:05:00,Blogon
2011 046 09:08:35,BUrl
2011 046 09:43:12,BSendEmail
2011 046 09:55:18,BUrl
2011 046 12:51:31,CUrl
2011 046 16:26:24,CSendEmail
2011 046 16:28:51,CSendEmail
2011 046 16:57:45,CUrl
2011 046 18:28:02,DUrl
2011 046 21:23:00,DNologon
2011 047 09:16:00,Blogon
2011 047 09:18:31,BSendEmail
2011 047 09:18:53,BSendEmail
2011 047 09:22:38,BSendEmail
2011 047 09:31:44,BUrl
2011 047 12:32:58,CUrl
2011 047 19:25:10,DUrl
2011 047 21:14:00,DNologon
2011 048 09:18:00,Blogon
2011 048 09:19:30,BUrl
2011 048 12:18:45,CUrl
2011 048 14:44:13,CSendEmail
2011 048 15:07:32,CUrl
2011 048 18:49:30,DUrl
2011 048 19:08:02,DSendEmail
2011 048 19:18:26,DUrl
2011 048 20:40:44,DSendEmail
2011 048 20:43:02,DUrl
2011 048 21:14:00,DNologon
2011 049 09:16:00,Blogon
2011 049 09:21:11,BUrl
2011 049 12:00:18,CUrl
2011 049 15:56:58,CSendEmail
2011 049 16:38:43,CUrl
2011 049 17:00:10,CSendEmail
2011 049 17:27:30,CSendEmail
2011 049 17:53:00,CUrl
2011 049 18:22:19,DUrl
2011 049 21:21:00,DNologon
2011 052 09:15:00,Blogon
2011 052 09:23:11,BUrl
2011 052 12:03:26,CSendEmail
2011 052 12:37:12,CUrl
2011 052 13:33:35,CSendEmail
2011 052 14:25:07,CUrl
2011 052 18:02:53,DUrl
2011 052 21:19:52,DSendEmail
2011 052 21:27:00,DNologon
2011 053 09:16:00,Blogon
2011 053 09:32:30,BUrl
2011 053 12:08:57,CUrl
2011 053 18:33:59,DSendEmail
2011 053 18:51:04,DUrl
2011 053 19:34:43,DSendEmail
2011 053 20:19:00,DUrl
2011 053 21:11:00,DNologon
2011 054 09:15:00,Blogon
2011 054 09:22:20,BUrl
2011 054 12:02:02,CUrl
2011 054 12:53:12,CSendEmail
2011 054 13:05:24,CUrl
2011 054 17:21:52,CSendEmail
2011 054 17:25:03,CSendEmail
2011 054 17:45:27,CUrl
2011 054 18:39:50,DUrl
2011 054 21:14:00,DNologon
2011 055 09:16:00,Blogon
2011 055 09:22:54,BUrl
2011 055 12:00:21,CUrl
2011 055 19:00:58,DUrl
2011 055 20:09:14,DSendEmail
2011 055 20:12:03,DSendEmail
2011 055 20:40:01,DUrl
2011 055 21:14:00,DNologon
2011 056 09:19:00,Blogon
2011 056 09:23:43,BUrl
2011 056 11:16:30,BSendEmail
2011 056 11:36:12,BSendEmail
2011 056 11:37:45,BSendEmail
2011 056 11:45:04,BUrl
2011 056 12:29:54,CUrl
2011 056 18:42:43,DUrl
2011 056 21:29:00,DNologon
2011 059 09:15:00,Blogon
2011 059 09:31:20,BSendEmail
2011 059 09:44:05,BSendEmail
2011 059 10:12:01,BUrl
2011 059 13:27:58,CUrl
2011 059 15:17:46,CSendEmail
2011 059 15:33:36,CUrl
2011 059 18:03:51,DUrl
2011 059 21:15:00,DNologon
2011 060 09:18:00,Blogon
2011 060 09:24:53,BUrl
2011 060 10:18:51,BSendEmail
2011 060 10:20:58,BUrl
2011 060 12:08:33,CUrl
2011 060 19:10:26,DSendEmail
2011 060 19:17:03,DUrl
2011 060 19:47:55,DSendEmail
2011 060 19:48:29,DUrl
2011 060 21:12:00,DNologon
2011 061 09:15:00,Blogon
2011 061 10:14:18,BUrl
2011 061 12:00:02,CUrl
2011 061 12:38:39,CSendEmail
2011 061 12:38:52,CSendEmail
2011 061 13:06:14,CUrl
2011 061 14:23:02,CSendEmail
2011 061 14:30:54,CUrl
2011 061 18:16:29,DUrl
2011 061 21:11:00,DNologon
2011 062 09:16:00,Blogon
2011 062 09:31:37,BUrl
2011 062 12:02:59,CUrl
2011 062 17:20:32,CSendEmail
2011 062 18:14:31,DUrl
2011 062 19:55:33,DSendEmail
2011 062 19:58:24,DUrl
2011 062 21:06:33,DSendEmail
2011 062 21:11:00,DNologon
2011 063 09:08:00,Blogon
2011 063 09:42:49,BUrl
2011 063 12:42:13,CUrl
2011 063 18:20:51,DUrl
2011 063 21:12:01,DSendEmail
2011 063 21:15:29,DUrl
2011 063 21:16:08,DSendEmail
2011 063 21:17:24,DSendEmail
2011 063 21:23:00,DNologon
2011 066 09:06:00,Blogon
2011 066 09:21:33,BUrl
2011 066 12:05:26,CUrl
2011 066 13:54:01,CSendEmail
2011 066 13:54:20,CSendEmail
2011 066 14:23:26,CUrl
2011 066 14:23:51,CSendEmail
2011 066 14:44:32,CUrl
2011 066 18:03:19,DUrl
2011 066 21:29:00,DNologon
2011 067 09:19:00,Blogon
2011 067 09:31:54,BUrl
2011 067 09:46:34,BSendEmail
2011 067 09:49:02,BSendEmail
2011 067 10:09:24,BUrl
2011 067 10:13:47,BSendEmail
2011 067 10:18:59,BUrl
2011 067 13:24:53,CUrl
2011 067 18:13:26,DUrl
2011 067 21:11:00,DNologon
2011 068 09:03:00,Blogon
2011 068 09:24:44,BUrl
2011 068 12:09:22,CUrl
2011 068 18:28:26,DSendEmail
2011 068 18:43:32,DSendEmail
2011 068 18:50:17,DSendEmail
2011 068 19:02:27,DUrl
2011 068 21:11:00,DNologon
2011 069 09:19:00,Blogon
2011 069 09:39:38,BUrl
2011 069 12:11:33,CUrl
2011 069 18:09:25,DUrl
2011 069 19:46:51,DSendEmail
2011 069 20:18:34,DSendEmail
2011 069 20:18:55,DUrl
2011 069 20:20:09,DSendEmail
2011 069 20:39:48,DUrl
2011 069 21:15:00,DNologon
2011 070 09:12:00,Blogon
2011 070 09:28:25,BUrl
2011 070 11:36:35,BSendEmail
2011 070 11:59:16,BUrl
2011 070 12:38:21,CUrl
2011 070 18:17:55,DUrl
2011 070 20:45:24,DSendEmail
2011 070 20:47:34,DUrl
2011 070 20:48:54,DSendEmail
2011 070 21:29:00,DNologon
2011 073 09:15:00,Blogon
2011 073 09:21:18,BSendEmail
2011 073 09:24:07,BSendEmail
2011 073 09:24:36,BSendEmail
2011 073 09:25:23,BUrl
2011 073 12:07:24,CUrl
2011 073 18:57:46,DUrl
2011 073 21:15:00,DNologon
2011 074 09:11:00,Blogon
2011 074 09:39:30,BSendEmail
2011 074 09:47:18,BUrl
2011 074 10:03:41,BSendEmail
2011 074 10:05:24,BSendEmail
2011 074 10:10:09,BUrl
2011 074 12:18:52,CUrl
2011 074 18:13:26,DUrl
2011 074 21:28:00,DNologon
2011 075 09:15:00,Blogon
2011 075 09:21:19,BUrl
2011 075 12:35:08,CSendEmail
2011 075 13:04:49,CUrl
2011 075 14:08:05,CSendEmail
2011 075 14:17:41,CUrl
2011 075 15:03:03,CSendEmail
2011 075 15:03:12,CUrl
2011 075 18:10:27,DUrl
2011 075 21:13:00,DNologon
2011 076 09:06:00,Blogon
2011 076 09:09:17,BUrl
2011 076 09:12:46,BSendEmail
2011 076 09:12:58,BUrl
2011 076 09:14:40,BSendEmail
2011 076 09:26:53,BUrl
2011 076 13:51:01,CUrl
2011 076 14:35:24,CSendEmail
2011 076 14:44:14,CUrl
2011 076 18:31:16,DUrl
2011 076 21:19:00,DNologon
2011 077 09:05:00,Blogon
2011 077 09:23:21,BUrl
2011 077 11:35:47,BSendEmail
2011 077 11:36:00,BSendEmail
2011 077 12:06:15,CUrl
2011 077 14:05:57,CSendEmail
2011 077 14:06:23,CUrl
2011 077 18:09:52,DUrl
2011 077 21:17:00,DNologon
2011 080 09:17:00,Blogon
2011 080 09:18:37,BSendEmail
2011 080 09:29:52,BUrl
2011 080 12:10:16,CUrl
2011 080 13:27:57,CSendEmail
2011 080 13:29:42,CSendEmail
2011 080 13:42:29,CUrl
2011 080 18:15:31,DUrl
2011 080 21:15:00,DNologon
2011 081 09:01:00,Blogon
2011 081 09:02:47,BUrl
2011 081 13:37:10,CUrl
2011 081 15:47:28,CSendEmail
2011 081 16:36:24,CUrl
2011 081 18:12:52,DUrl
2011 081 20:23:17,DSendEmail
2011 081 20:26:35,DSendEmail
2011 081 20:50:21,DUrl
2011 081 21:24:00,DNologon
2011 082 09:14:00,Blogon
2011 082 09:26:47,BUrl
2011 082 11:20:03,BSendEmail
2011 082 11:20:43,BSendEmail
2011 082 11:20:51,BSendEmail
2011 082 11:33:26,BUrl
2011 082 12:12:19,CUrl
2011 082 18:48:57,DUrl
2011 082 21:14:00,DNologon
2011 083 09:18:00,Blogon
2011 083 10:06:06,BUrl
2011 083 12:33:03,CUrl
2011 083 13:09:26,CSendEmail
2011 083 13:42:19,CSendEmail
2011 083 13:46:53,CUrl
2011 083 14:03:25,CSendEmail
2011 083 14:58:42,CUrl
2011 083 18:06:28,DUrl
2011 083 21:12:00,DNologon
2011 084 09:16:00,Blogon
2011 084 09:29:33,BUrl
2011 084 12:18:00,CSendEmail
2011 084 12:42:37,CUrl
2011 084 18:19:01,DUrl
2011 084 19:03:00,DSendEmail
2011 084 19:04:33,DSendEmail
2011 084 19:33:06,DUrl
2011 084 21:13:00,DNologon
2011 087 09:11:00,Blogon
2011 087 09:36:13,BUrl
2011 087 09:52:21,BSendEmail
2011 087 10:24:31,BUrl
2011 087 10:28:56,BSendEmail
2011 087 10:30:47,BUrl
2011 087 11:13:53,BSendEmail
2011 087 11:23:42,BUrl
2011 087 12:13:51,CUrl
2011 087 18:07:14,DUrl
2011 087 21:18:00,DNologon
2011 088 09:16:00,Blogon
2011 088 09:38:35,BUrl
2011 088 11:04:25,BSendEmail
2011 088 11:05:03,BUrl
2011 088 12:33:37,CUrl
2011 088 18:44:23,DUrl
2011 088 20:17:06,DSendEmail
2011 088 20:18:10,DSendEmail
2011 088 20:26:01,DUrl
2011 088 21:14:00,DNologon
2011 089 09:05:00,Blogon
2011 089 09:11:48,BUrl
2011 089 09:57:07,BSendEmail
2011 089 10:43:09,BUrl
2011 089 12:38:10,CUrl
2011 089 18:29:02,DUrl
2011 089 19:45:36,DSendEmail
2011 089 19:50:05,DSendEmail
2011 089 20:12:48,DUrl
2011 089 21:20:00,DNologon
2011 090 09:16:00,Blogon
2011 090 09:21:51,BUrl
2011 090 11:55:06,BSendEmail
2011 090 12:13:23,CUrl
2011 090 13:54:51,CSendEmail
2011 090 15:00:17,CUrl
2011 090 17:02:31,CSendEmail
2011 090 17:14:15,CUrl
2011 090 18:32:36,DUrl
2011 090 21:15:00,DNologon
2011 091 09:05:00,Blogon
2011 091 09:15:01,BUrl
2011 091 12:20:50,CSendEmail
2011 091 12:21:45,CSendEmail
2011 091 12:29:31,CSendEmail
2011 091 12:46:16,CUrl
2011 091 19:14:08,DUrl
2011 091 21:14:00,DNologon
2011 094 09:02:00,Blogon
2011 094 09:20:24,BUrl
2011 094 12:03:06,CUrl
2011 094 14:32:35,CSendEmail
2011 094 14:44:22,CSendEmail
2011 094 14:55:25,CSendEmail
2011 094 15:04:50,CUrl
2011 094 18:17:52,DUrl
2011 094 21:22:00,DNologon
2011 095 09:05:00,Blogon
2011 095 09:30:30,BUrl
2011 095 12:04:03,CUrl
2011 095 18:07:48,DUrl
2011 095 18:26:15,DSendEmail
2011 095 18:29:38,DUrl
2011 095 18:30:09,DSendEmail
2011 095 18:36:08,DSendEmail
2011 095 18:57:32,DUrl
2011 095 21:18:00,DNologon
2011 096 09:15:00,Blogon
2011 096 09:34:21,BUrl
2011 096 11:29:31,BSendEmail
2011 096 11:33:22,BSendEmail
2011 096 11:38:03,BSendEmail
2011 096 12:02:50,CUrl
2011 096 18:19:31,DUrl
2011 096 21:23:00,DNologon
2011 097 09:12:00,Blogon
2011 097 10:00:45,BUrl
2011 097 12:10:03,CUrl
2011 097 16:38:55,CSendEmail
2011 097 16:39:14,CSendEmail
2011 097 16:40:11,CSendEmail
2011 097 16:40:23,CUrl
2011 097 18:44:28,DUrl
2011 097 21:19:00,DNologon
2011 098 09:17:00,Blogon
2011 098 09:38:10,BUrl
2011 098 12:11:29,CUrl
2011 098 13:45:42,CSendEmail
2011 098 13:52:56,CUrl
2011 098 16:53:15,CSendEmail
2011 098 16:53:47,CSendEmail
2011 098 17:23:19,CUrl
2011 098 18:27:24,DUrl
2011 098 21:11:00,DNologon
2011 101 09:16:00,Blogon
2011 101 09:21:31,BSendEmail
2011 101 09:25:29,BUrl
2011 101 12:04:04,CUrl
2011 101 14:40:46,CSendEmail
2011 101 14:40:59,CUrl
2011 101 18:42:54,DUrl
2011 101 20:19:07,DSendEmail
2011 101 20:53:41,DUrl
2011 101 21:12:00,DNologon
2011 102 09:16:00,Blogon
2011 102 09:18:38,BUrl
2011 102 10:37:25,BSendEmail
2011 102 10:40:42,BUrl
2011 102 11:20:09,BSendEmail
2011 102 12:11:39,CUrl
2011 102 18:10:10,DUrl
2011 102 19:04:43,DSendEmail
2011 102 19:50:38,DUrl
2011 102 21:13:00,DNologon
2011 103 09:19:00,Blogon
2011 103 09:38:07,BUrl
2011 103 11:40:54,BSendEmail
2011 103 12:29:28,CUrl
2011 103 15:13:47,CSendEmail
2011 103 15:16:04,CUrl
2011 103 18:08:45,DUrl
2011 103 19:05:20,DSendEmail
2011 103 19:44:11,DUrl
2011 103 21:15:00,DNologon
2011 104 09:14:00,Blogon
2011 104 09:32:19,BUrl
2011 104 12:17:03,CUrl
2011 104 14:40:19,CSendEmail
2011 104 15:06:43,CUrl
2011 104 18:40:40,DSendEmail
2011 104 18:47:36,DSendEmail
2011 104 18:51:08,DUrl
2011 104 21:11:00,DNologon
2011 105 09:18:00,Blogon
2011 105 09:19:40,BUrl
2011 105 12:29:49,CUrl
2011 105 15:05:00,CSendEmail
2011 105 15:32:06,CUrl
2011 105 15:40:44,CSendEmail
2011 105 16:10:52,CUrl
2011 105 16:23:26,CSendEmail
2011 105 18:15:57,DUrl
2011 105 21:14:00,DNologon
2011 108 09:17:00,Blogon
2011 108 09:22:26,BUrl
2011 108 10:43:19,BSendEmail
2011 108 11:02:12,BUrl
2011 108 12:42:43,CUrl
2011 108 14:57:15,CSendEmail
2011 108 15:00:42,CUrl
2011 108 15:54:59,CSendEmail
2011 108 16:26:24,CUrl
2011 108 18:11:45,DUrl
2011 108 21:27:00,DNologon
2011 109 09:18:00,Blogon
2011 109 11:15:22,BUrl
2011 109 13:44:13,CUrl
2011 109 18:02:13,DUrl
2011 109 21:11:00,DNologon
2011 110 09:07:00,Blogon
2011 110 09:24:39,BUrl
2011 110 09:29:15,BSendEmail
2011 110 09:29:45,BUrl
2011 110 11:42:29,BSendEmail
2011 110 13:27:54,CUrl
2011 110 14:17:31,CSendEmail
2011 110 14:19:02,CUrl
2011 110 19:10:39,DUrl
2011 110 21:19:00,DNologon
2011 111 09:16:00,Blogon
2011 111 10:53:14,BUrl
2011 111 16:43:51,CUrl
2011 111 18:21:33,DUrl
2011 111 20:43:09,DSendEmail
2011 111 20:47:39,DSendEmail
2011 111 20:59:32,DUrl
2011 111 21:04:39,DSendEmail
2011 111 21:15:00,DNologon
2011 115 09:17:00,Blogon
2011 115 09:18:43,BSendEmail
2011 115 09:21:51,BUrl
2011 115 10:05:01,BSendEmail
2011 115 10:10:00,BUrl
2011 115 11:25:18,BSendEmail
2011 115 12:06:52,CUrl
2011 115 18:12:47,DUrl
2011 115 21:12:00,DNologon
2011 116 09:10:00,Blogon
2011 116 09:26:15,BUrl
2011 116 09:49:43,BSendEmail
2011 116 10:05:04,BUrl
2011 116 11:51:27,BSendEmail
2011 116 12:18:16,CUrl
2011 116 14:46:51,CSendEmail
2011 116 14:52:36,CUrl
2011 116 18:20:11,DUrl
2011 116 21:22:00,DNologon
2011 117 09:00:00,Blogon
2011 117 09:01:41,BUrl
2011 117 13:19:14,CUrl
2011 117 18:20:37,DUrl
2011 117 19:35:30,DSendEmail
2011 117 19:46:45,DUrl
2011 117 20:14:58,DSendEmail
2011 117 20:19:07,DSendEmail
2011 117 20:34:59,DUrl
2011 117 21:16:00,DNologon
2011 118 09:05:00,Blogon
2011 118 09:06:24,BUrl
2011 118 12:11:32,CUrl
2011 118 15:06:04,CSendEmail
2011 118 15:07:25,CSendEmail
2011 118 15:08:39,CSendEmail
2011 118 15:29:11,CUrl
2011 118 18:21:49,DUrl
2011 118 21:20:00,DNologon
2011 119 09:02:00,Blogon
2011 119 09:04:16,BUrl
2011 119 11:53:42,BSendEmail
2011 119 11:57:39,BUrl
2011 119 12:15:36,CUrl
2011 119 13:45:56,CSendEmail
2011 119 13:50:42,CSendEmail
2011 119 14:27:19,CUrl
2011 119 18:29:45,DUrl
2011 119 21:15:00,DNologon
2011 122 09:18:00,Blogon
2011 122 09:43:25,BUrl
2011 122 12:40:03,CUrl
2011 122 14:25:06,CSendEmail
2011 122 15:39:20,CUrl
2011 122 18:15:31,DUrl
2011 122 19:51:07,DSendEmail
2011 122 19:56:19,DUrl
2011 122 20:00:43,DSendEmail
2011 122 20:02:07,DUrl
2011 122 21:11:00,DNologon
2011 123 09:07:00,Blogon
2011 123 09:24:20,BUrl
2011 123 10:35:36,BSendEmail
2011 123 10:41:43,BUrl
2011 123 12:00:14,CUrl
2011 123 15:34:49,CSendEmail
2011 123 15:37:01,CUrl
2011 123 18:17:05,DUrl
2011 123 21:21:36,DSendEmail
2011 123 21:21:58,DUrl
2011 123 21:24:00,DNologon
2011 124 09:15:00,Blogon
2011 124 09:49:24,BUrl
2011 124 12:17:49,CSendEmail
2011 124 12:33:39,CUrl
2011 124 15:03:03,CSendEmail
2011 124 15:03:42,CUrl
2011 124 15:09:19,CSendEmail
2011 124 15:18:18,CUrl
2011 124 18:09:57,DUrl
2011 124 21:30:00,DNologon
2011 125 09:06:00,Blogon
2011 125 09:21:18,BSendEmail
2011 125 09:25:29,BSendEmail
2011 125 09:27:05,BUrl
2011 125 13:08:57,CUrl
2011 125 18:06:30,DUrl
2011 125 19:50:43,DSendEmail
2011 125 20:41:17,DUrl
2011 125 21:12:00,DNologon
2011 126 09:18:00,Blogon
2011 126 09:27:23,BUrl
2011 126 12:30:22,CUrl
2011 126 19:01:28,DUrl
2011 126 20:07:23,DSendEmail
2011 126 20:22:53,DUrl
2011 126 20:48:11,DSendEmail
2011 126 20:49:43,DSendEmail
2011 126 21:11:00,DNologon
2011 129 09:19:00,Blogon
2011 129 09:21:30,BUrl
2011 129 09:44:13,BSendEmail
2011 129 09:45:39,BSendEmail
2011 129 10:37:44,BUrl
2011 129 12:20:30,CUrl
2011 129 20:19:13,DUrl
2011 129 20:43:16,DSendEmail
2011 129 21:04:15,DUrl
2011 129 21:12:00,DNologon
2011 130 09:14:00,Blogon
2011 130 09:24:18,BUrl
2011 130 12:54:51,CUrl
2011 130 16:01:07,CSendEmail
2011 130 17:02:14,CUrl
2011 130 19:46:31,DUrl
2011 130 20:04:24,DSendEmail
2011 130 20:05:50,DSendEmail
2011 130 20:21:29,DUrl
2011 130 21:22:00,DNologon
2011 131 09:15:00,Blogon
2011 131 09:35:52,BUrl
2011 131 12:04:20,CUrl
2011 131 19:59:19,DSendEmail
2011 131 20:21:10,DUrl
2011 131 20:40:42,DSendEmail
2011 131 20:43:21,DUrl
2011 131 21:05:03,DSendEmail
2011 131 21:17:00,DNologon
2011 132 09:09:00,Blogon
2011 132 09:31:45,BUrl
2011 132 12:30:11,CUrl
2011 132 18:14:40,DSendEmail
2011 132 18:37:40,DUrl
2011 132 19:29:46,DSendEmail
2011 132 19:29:52,DUrl
2011 132 19:56:39,DSendEmail
2011 132 20:29:12,DUrl
2011 132 21:14:00,DNologon
2011 133 09:14:00,Blogon
2011 133 10:07:47,BUrl
2011 133 11:55:36,BSendEmail
2011 133 12:04:11,CUrl
2011 133 16:33:28,CSendEmail
2011 133 16:36:43,CSendEmail
2011 133 16:52:04,CUrl
2011 133 18:18:05,DUrl
2011 133 21:23:00,DNologon
2011 136 09:16:00,Blogon
2011 136 09:17:32,BUrl
2011 136 10:09:39,BSendEmail
2011 136 10:28:38,BUrl
2011 136 11:38:56,BSendEmail
2011 136 11:39:39,BSendEmail
2011 136 11:45:17,BUrl
2011 136 12:43:27,CUrl
2011 136 18:22:41,DUrl
2011 136 21:14:00,DNologon
