2010 004 07:33:00,Blogon
2010 004 11:18:07,BUrl
2010 004 12:28:02,CUrl
2010 004 16:58:00,CNologon
2010 005 07:46:00,Blogon
2010 005 08:06:03,BUrl
2010 005 09:25:06,BSendEmail
2010 005 09:38:58,BUrl
2010 005 12:53:36,CUrl
2010 005 16:45:00,CNologon
2010 006 07:47:00,Blogon
2010 006 07:50:51,BUrl
2010 006 12:42:34,CUrl
2010 006 16:28:45,CSendEmail
2010 006 16:31:25,CUrl
2010 006 16:51:00,CNologon
2010 007 07:45:00,Blogon
2010 007 08:18:04,BUrl
2010 007 13:16:21,CUrl
2010 007 15:18:02,CSendEmail
2010 007 16:12:21,CUrl
2010 007 16:44:00,CNologon
2010 008 07:32:00,Blogon
2010 008 07:45:11,BUrl
2010 008 11:32:19,BSendEmail
2010 008 11:32:33,BUrl
2010 008 14:00:30,CUrl
2010 008 16:53:00,CNologon
2010 011 07:43:00,Blogon
2010 011 08:18:20,BUrl
2010 011 08:45:58,BSendEmail
2010 011 09:44:49,BUrl
2010 011 12:27:23,CUrl
2010 011 16:49:00,CNologon
2010 012 07:43:00,Blogon
2010 012 08:48:17,BUrl
2010 012 14:12:44,CUrl
2010 012 14:24:54,CSendEmail
2010 012 14:42:33,CUrl
2010 012 16:45:00,CNologon
2010 013 07:48:00,Blogon
2010 013 07:51:02,BUrl
2010 013 12:23:38,CSendEmail
2010 013 12:29:42,CUrl
2010 013 16:45:00,CNologon
2010 014 07:32:00,Blogon
2010 014 07:34:32,BUrl
2010 014 12:17:39,CUrl
2010 014 13:35:55,CSendEmail
2010 014 13:41:52,CUrl
2010 014 16:46:00,CNologon
2010 015 07:45:00,Blogon
2010 015 08:33:40,BUrl
2010 015 11:45:57,BSendEmail
2010 015 14:14:50,CUrl
2010 015 16:45:00,CNologon
2010 018 07:41:00,Blogon
2010 018 08:06:53,BUrl
2010 018 12:36:53,CUrl
2010 018 12:42:22,CSendEmail
2010 018 13:09:02,CUrl
2010 018 16:45:00,CNologon
2010 019 07:38:00,Blogon
2010 019 07:42:46,BUrl
2010 019 12:24:51,CUrl
2010 019 13:19:15,CSendEmail
2010 019 15:27:11,CUrl
2010 019 16:50:00,CNologon
2010 020 07:44:00,Blogon
2010 020 09:09:19,BUrl
2010 020 12:21:02,CUrl
2010 020 13:45:37,CSendEmail
2010 020 15:26:08,CUrl
2010 020 16:45:00,CNologon
2010 021 07:46:00,Blogon
2010 021 08:19:26,BUrl
2010 021 12:02:47,CUrl
2010 021 13:19:33,CSendEmail
2010 021 14:37:10,CUrl
2010 021 16:43:00,CNologon
2010 022 07:41:00,Blogon
2010 022 07:42:53,BUrl
2010 022 12:47:43,CUrl
2010 022 13:08:20,CSendEmail
2010 022 15:30:47,CUrl
2010 022 16:53:00,CNologon
2010 025 07:45:00,Blogon
2010 025 07:57:17,BUrl
2010 025 12:59:27,CUrl
2010 025 13:56:50,CSendEmail
2010 025 13:59:51,CUrl
2010 025 16:47:00,CNologon
2010 026 07:40:00,Blogon
2010 026 09:24:05,BUrl
2010 026 12:25:12,CUrl
2010 026 14:54:32,CSendEmail
2010 026 15:29:16,CUrl
2010 026 16:51:00,CNologon
2010 027 07:39:00,Blogon
2010 027 07:40:14,BSendEmail
2010 027 07:40:17,BUrl
2010 027 12:53:02,CUrl
2010 027 16:54:00,CNologon
2010 028 07:45:00,Blogon
2010 028 08:42:23,BUrl
2010 028 09:05:42,BSendEmail
2010 028 10:09:12,BUrl
2010 028 12:00:08,CUrl
2010 028 16:52:00,CNologon
2010 029 07:45:00,Blogon
2010 029 08:07:58,BUrl
2010 029 12:47:39,CUrl
2010 029 16:37:02,CSendEmail
2010 029 16:45:00,CNologon
2010 032 07:30:00,Blogon
2010 032 08:25:30,BUrl
2010 032 13:21:05,CUrl
2010 032 16:09:23,CSendEmail
2010 032 16:17:53,CUrl
2010 032 16:48:00,CNologon
2010 033 07:47:00,Blogon
2010 033 07:57:05,BUrl
2010 033 12:08:57,CUrl
2010 033 16:45:00,CNologon
2010 034 07:47:00,Blogon
2010 034 08:00:08,BUrl
2010 034 12:10:08,CUrl
2010 034 15:17:31,CSendEmail
2010 034 16:03:02,CUrl
2010 034 16:43:00,CNologon
2010 035 07:45:00,Blogon
2010 035 08:04:04,BUrl
2010 035 13:00:41,CUrl
2010 035 15:22:15,CSendEmail
2010 035 16:33:10,CUrl
2010 035 16:44:00,CNologon
2010 036 07:47:00,Blogon
2010 036 07:51:08,BUrl
2010 036 10:23:59,BSendEmail
2010 036 12:21:41,CUrl
2010 036 16:44:00,CNologon
2010 039 07:39:00,Blogon
2010 039 08:06:20,BUrl
2010 039 12:00:37,CSendEmail
2010 039 13:38:43,CUrl
2010 039 16:42:00,CNologon
2010 040 07:45:00,Blogon
2010 040 08:09:28,BUrl
2010 040 09:39:15,BSendEmail
2010 040 10:00:59,BUrl
2010 040 12:14:17,CUrl
2010 040 16:42:00,CNologon
2010 041 07:48:00,Blogon
2010 041 07:58:46,BUrl
2010 041 12:11:52,CUrl
2010 041 14:01:35,CSendEmail
2010 041 14:49:04,CUrl
2010 041 16:45:00,CNologon
2010 042 07:43:00,Blogon
2010 042 07:49:46,BUrl
2010 042 10:05:20,BSendEmail
2010 042 10:43:05,BUrl
2010 042 12:20:55,CUrl
2010 042 17:00:00,CNologon
2010 043 07:45:00,Blogon
2010 043 07:54:29,BUrl
2010 043 14:00:51,CUrl
2010 043 15:30:48,CSendEmail
2010 043 16:21:08,CUrl
2010 043 16:44:00,CNologon
2010 046 07:31:00,Blogon
2010 046 07:34:48,BUrl
2010 046 09:28:30,BSendEmail
2010 046 11:10:06,BUrl
2010 046 12:33:07,CUrl
2010 046 16:45:00,CNologon
2010 047 07:46:00,Blogon
2010 047 07:47:42,BUrl
2010 047 12:25:14,CUrl
2010 047 15:02:22,CSendEmail
2010 047 16:24:07,CUrl
2010 047 16:43:00,CNologon
2010 048 07:35:00,Blogon
2010 048 07:56:44,BUrl
2010 048 09:22:23,BSendEmail
2010 048 09:45:39,BUrl
2010 048 14:37:58,CUrl
2010 048 16:47:00,CNologon
2010 049 07:45:00,Blogon
2010 049 07:59:19,BUrl
2010 049 09:39:04,BSendEmail
2010 049 09:50:06,BUrl
2010 049 13:26:55,CUrl
2010 049 16:48:00,CNologon
2010 050 07:36:00,Blogon
2010 050 07:37:29,BUrl
2010 050 10:56:02,BSendEmail
2010 050 12:06:47,CUrl
2010 050 16:56:00,CNologon
2010 053 07:44:00,Blogon
2010 053 08:30:57,BUrl
2010 053 10:39:01,BSendEmail
2010 053 13:43:20,CUrl
2010 053 16:58:00,CNologon
2010 054 07:40:00,Blogon
2010 054 08:22:46,BUrl
2010 054 13:39:58,CUrl
2010 054 16:40:02,CSendEmail
2010 054 16:44:00,CNologon
2010 055 07:47:00,Blogon
2010 055 07:52:09,BUrl
2010 055 13:03:50,CSendEmail
2010 055 13:36:41,CUrl
2010 055 16:44:00,CNologon
2010 056 07:46:00,Blogon
2010 056 08:02:56,BUrl
2010 056 12:13:39,CUrl
2010 056 16:32:54,CSendEmail
2010 056 16:42:58,CUrl
2010 056 16:45:00,CNologon
2010 057 07:38:00,Blogon
2010 057 07:39:36,BUrl
2010 057 08:56:52,BSendEmail
2010 057 08:59:48,BUrl
2010 057 12:01:24,CUrl
2010 057 16:59:00,CNologon
2010 060 07:31:00,Blogon
2010 060 09:22:06,BUrl
2010 060 13:39:18,CUrl
2010 060 17:00:00,CNologon
2010 061 07:34:00,Blogon
2010 061 07:37:36,BUrl
2010 061 08:45:04,BSendEmail
2010 061 10:28:48,BUrl
2010 061 15:57:25,CUrl
2010 061 16:48:00,CNologon
2010 062 07:47:00,Blogon
2010 062 09:15:39,BUrl
2010 062 10:53:24,BSendEmail
2010 062 13:43:59,CUrl
2010 062 16:45:00,CNologon
2010 063 07:33:00,Blogon
2010 063 08:01:06,BUrl
2010 063 09:42:02,BSendEmail
2010 063 10:11:50,BUrl
2010 063 13:30:04,CUrl
2010 063 16:57:00,CNologon
2010 064 07:46:00,Blogon
2010 064 08:04:16,BUrl
2010 064 10:06:49,BSendEmail
2010 064 11:17:55,BUrl
2010 064 14:41:19,CUrl
2010 064 16:53:00,CNologon
2010 067 07:45:00,Blogon
2010 067 08:17:36,BUrl
2010 067 09:17:41,BSendEmail
2010 067 09:22:13,BUrl
2010 067 13:01:27,CUrl
2010 067 16:45:00,CNologon
2010 068 07:42:00,Blogon
2010 068 09:37:50,BUrl
2010 068 12:10:33,CUrl
2010 068 16:45:00,CNologon
2010 069 07:35:00,Blogon
2010 069 08:01:48,BUrl
2010 069 13:16:17,CUrl
2010 069 16:00:19,CSendEmail
2010 069 16:46:45,CUrl
2010 069 16:48:00,CNologon
2010 070 07:47:00,Blogon
2010 070 07:52:38,BUrl
2010 070 12:03:04,CUrl
2010 070 16:38:50,CSendEmail
2010 070 16:43:00,CNologon
2010 071 07:40:00,Blogon
2010 071 07:43:51,BUrl
2010 071 08:31:39,BSendEmail
2010 071 09:16:30,BUrl
2010 071 12:46:54,CUrl
2010 071 16:55:00,CNologon
2010 074 07:45:00,Blogon
2010 074 08:15:13,BUrl
2010 074 11:25:17,BSendEmail
2010 074 11:43:58,BUrl
2010 074 13:52:48,CUrl
2010 074 16:49:00,CNologon
2010 075 07:48:00,Blogon
2010 075 08:05:23,BUrl
2010 075 12:02:28,CSendEmail
2010 075 13:01:46,CUrl
2010 075 16:57:00,CNologon
2010 076 07:33:00,Blogon
2010 076 07:35:23,BUrl
2010 076 08:02:49,BSendEmail
2010 076 09:02:29,BUrl
2010 076 12:03:05,CUrl
2010 076 16:45:00,CNologon
2010 077 07:40:00,Blogon
2010 077 08:06:47,BUrl
2010 077 13:05:28,CUrl
2010 077 16:57:00,CNologon
2010 078 07:46:00,Blogon
2010 078 08:24:25,BUrl
2010 078 12:04:03,CUrl
2010 078 13:45:39,CSendEmail
2010 078 15:56:13,CUrl
2010 078 16:45:00,CNologon
2010 081 07:39:00,Blogon
2010 081 08:01:33,BUrl
2010 081 13:20:19,CUrl
2010 081 16:21:20,CSendEmail
2010 081 16:55:00,CNologon
2010 082 07:35:00,Blogon
2010 082 08:32:15,BUrl
2010 082 14:16:46,CUrl
2010 082 15:08:42,CSendEmail
2010 082 15:10:18,CUrl
2010 082 16:54:00,CNologon
2010 083 07:41:00,Blogon
2010 083 07:53:51,BUrl
2010 083 11:47:22,BSendEmail
2010 083 11:51:04,BUrl
2010 083 12:56:46,CUrl
2010 083 16:49:00,CNologon
2010 084 07:46:00,Blogon
2010 084 08:04:31,BUrl
2010 084 10:27:39,BSendEmail
2010 084 11:17:57,BUrl
2010 084 13:44:13,CUrl
2010 084 16:42:00,CNologon
2010 085 07:38:00,Blogon
2010 085 07:52:09,BUrl
2010 085 13:57:33,CUrl
2010 085 15:21:48,CSendEmail
2010 085 15:43:26,CUrl
2010 085 16:53:00,CNologon
2010 088 07:33:00,Blogon
2010 088 07:39:35,BUrl
2010 088 09:31:23,BSendEmail
2010 088 09:47:40,BUrl
2010 088 12:09:42,CUrl
2010 088 16:56:00,CNologon
2010 089 07:37:00,Blogon
2010 089 08:23:35,BUrl
2010 089 12:27:13,CUrl
2010 089 16:26:21,CSendEmail
2010 089 16:41:10,CUrl
2010 089 16:46:00,CNologon
2010 090 07:40:00,Blogon
2010 090 09:51:07,BUrl
2010 090 12:05:20,CUrl
2010 090 14:45:46,CSendEmail
2010 090 14:58:29,CUrl
2010 090 16:44:00,CNologon
2010 091 07:33:00,Blogon
2010 091 07:39:38,BUrl
2010 091 12:54:22,CUrl
2010 091 15:27:04,CSendEmail
2010 091 16:39:40,CUrl
2010 091 16:53:00,CNologon
2010 095 07:43:00,Blogon
2010 095 08:30:41,BUrl
2010 095 12:58:42,CUrl
2010 095 13:23:24,CSendEmail
2010 095 14:02:46,CUrl
2010 095 16:48:00,CNologon
2010 096 07:44:00,Blogon
2010 096 07:48:29,BUrl
2010 096 12:16:48,CUrl
2010 096 12:28:34,CSendEmail
2010 096 14:23:43,CUrl
2010 096 16:45:00,CNologon
2010 097 07:42:00,Blogon
2010 097 08:06:18,BUrl
2010 097 08:54:10,BSendEmail
2010 097 13:33:04,CUrl
2010 097 16:55:00,CNologon
2010 098 07:46:00,Blogon
2010 098 08:08:07,BUrl
2010 098 11:41:53,BSendEmail
2010 098 11:42:02,BUrl
2010 098 12:09:28,CUrl
2010 098 16:42:00,CNologon
2010 099 07:45:00,Blogon
2010 099 07:57:30,BUrl
2010 099 12:31:19,CUrl
2010 099 16:18:01,CSendEmail
2010 099 16:21:17,CUrl
2010 099 16:45:00,CNologon
2010 102 07:37:00,Blogon
2010 102 07:42:07,BUrl
2010 102 12:48:08,CSendEmail
2010 102 12:54:11,CUrl
2010 102 16:44:00,CNologon
2010 103 07:44:00,Blogon
2010 103 07:46:59,BUrl
2010 103 13:05:39,CUrl
2010 103 15:15:53,CSendEmail
2010 103 15:44:50,CUrl
2010 103 16:46:00,CNologon
2010 104 07:35:00,Blogon
2010 104 07:44:20,BSendEmail
2010 104 08:36:29,BUrl
2010 104 12:27:17,CUrl
2010 104 17:00:00,CNologon
2010 105 07:47:00,Blogon
2010 105 09:51:04,BUrl
2010 105 11:32:12,BSendEmail
2010 105 12:12:56,CUrl
2010 105 16:45:00,CNologon
2010 106 07:46:00,Blogon
2010 106 09:33:59,BUrl
2010 106 12:03:00,CUrl
2010 106 12:26:03,CSendEmail
2010 106 13:19:52,CUrl
2010 106 16:55:00,CNologon
2010 109 07:30:00,Blogon
2010 109 09:05:56,BUrl
2010 109 12:06:51,CUrl
2010 109 14:05:21,CSendEmail
2010 109 14:18:46,CUrl
2010 109 17:00:00,CNologon
2010 110 07:47:00,Blogon
2010 110 08:55:11,BUrl
2010 110 09:50:32,BSendEmail
2010 110 10:34:11,BUrl
2010 110 12:35:46,CUrl
2010 110 16:52:00,CNologon
2010 111 07:35:00,Blogon
2010 111 07:41:24,BUrl
2010 111 12:16:50,CSendEmail
2010 111 12:46:16,CUrl
2010 111 16:53:00,CNologon
2010 112 07:46:00,Blogon
2010 112 07:47:38,BUrl
2010 112 13:05:11,CUrl
2010 112 15:30:01,CSendEmail
2010 112 16:08:05,CUrl
2010 112 16:51:00,CNologon
2010 113 07:47:00,Blogon
2010 113 08:26:04,BUrl
2010 113 10:41:06,BSendEmail
2010 113 12:32:26,CUrl
2010 113 16:42:00,CNologon
2010 116 07:45:00,Blogon
2010 116 08:01:54,BUrl
2010 116 10:45:18,BSendEmail
2010 116 12:45:31,CUrl
2010 116 16:43:00,CNologon
2010 117 07:33:00,Blogon
2010 117 08:22:56,BUrl
2010 117 09:39:16,BSendEmail
2010 117 11:05:47,BUrl
2010 117 12:35:11,CUrl
2010 117 16:52:00,CNologon
2010 118 07:39:00,Blogon
2010 118 07:52:14,BUrl
2010 118 12:48:02,CUrl
2010 118 16:23:38,CSendEmail
2010 118 16:31:42,CUrl
2010 118 16:51:00,CNologon
2010 119 07:45:00,Blogon
2010 119 08:02:00,BUrl
2010 119 12:23:06,CUrl
2010 119 16:07:15,CSendEmail
2010 119 16:17:25,CUrl
2010 119 16:44:00,CNologon
2010 120 07:38:00,Blogon
2010 120 08:19:41,BUrl
2010 120 12:24:30,CUrl
2010 120 15:44:49,CSendEmail
2010 120 16:16:18,CUrl
2010 120 16:51:00,CNologon
2010 123 07:47:00,Blogon
2010 123 08:58:20,BSendEmail
2010 123 09:15:59,BUrl
2010 123 12:16:04,CUrl
2010 123 16:44:00,CNologon
2010 124 07:32:00,Blogon
2010 124 08:03:04,BUrl
2010 124 11:35:36,BSendEmail
2010 124 12:57:27,CUrl
2010 124 16:53:00,CNologon
2010 125 07:46:00,Blogon
2010 125 09:09:09,BUrl
2010 125 09:52:40,BSendEmail
2010 125 11:17:26,BUrl
2010 125 13:23:05,CUrl
2010 125 16:43:00,CNologon
2010 126 07:47:00,Blogon
2010 126 08:17:52,BUrl
2010 126 10:05:09,BSendEmail
2010 126 11:00:14,BUrl
2010 126 12:21:24,CUrl
2010 126 16:42:00,CNologon
2010 127 07:38:00,Blogon
2010 127 07:40:04,BUrl
2010 127 12:03:06,CUrl
2010 127 16:16:39,CSendEmail
2010 127 16:37:14,CUrl
2010 127 16:46:00,CNologon
2010 130 07:45:00,Blogon
2010 130 08:07:30,BUrl
2010 130 12:05:20,CUrl
2010 130 14:30:11,CSendEmail
2010 130 16:17:19,CUrl
2010 130 16:44:00,CNologon
2010 131 07:33:00,Blogon
2010 131 08:14:44,BUrl
2010 131 14:13:09,CUrl
2010 131 16:25:10,CSendEmail
2010 131 16:46:00,CNologon
2010 132 07:33:00,Blogon
2010 132 08:08:08,BUrl
2010 132 12:15:56,CUrl
2010 132 12:45:58,CSendEmail
2010 132 12:57:02,CUrl
2010 132 16:56:00,CNologon
2010 133 07:36:00,Blogon
2010 133 07:47:49,BUrl
2010 133 09:45:08,BSendEmail
2010 133 11:41:12,BUrl
2010 133 13:09:24,CUrl
2010 133 16:48:00,CNologon
2010 134 07:43:00,Blogon
2010 134 07:47:55,BUrl
2010 134 12:35:52,CUrl
2010 134 14:44:05,CSendEmail
2010 134 15:30:39,CUrl
2010 134 16:54:00,CNologon
2010 137 07:47:00,Blogon
2010 137 09:10:49,BUrl
2010 137 13:03:04,CUrl
2010 137 13:27:21,CSendEmail
2010 137 13:57:11,CUrl
2010 137 16:47:00,CNologon
2010 138 07:42:00,Blogon
2010 138 08:09:56,BSendEmail
2010 138 08:13:09,BUrl
2010 138 12:41:18,CUrl
2010 138 16:55:00,CNologon
2010 139 07:48:00,Blogon
2010 139 08:05:27,BUrl
2010 139 11:35:44,BSendEmail
2010 139 12:23:19,CUrl
2010 139 16:48:00,CNologon
2010 140 07:41:00,Blogon
2010 140 08:15:18,BUrl
2010 140 12:01:06,CUrl
2010 140 15:09:43,CSendEmail
2010 140 15:14:09,CUrl
2010 140 16:56:00,CNologon
2010 141 07:42:00,Blogon
2010 141 07:50:55,BUrl
2010 141 12:19:55,CUrl
2010 141 16:26:52,CSendEmail
2010 141 16:54:00,CNologon
2010 144 07:38:00,Blogon
2010 144 08:25:59,BSendEmail
2010 144 08:44:32,BUrl
2010 144 13:13:03,CUrl
2010 144 16:56:00,CNologon
2010 145 07:45:00,Blogon
2010 145 07:58:35,BUrl
2010 145 09:58:03,BSendEmail
2010 145 09:58:43,BUrl
2010 145 14:23:55,CUrl
2010 145 16:44:00,CNologon
2010 146 07:48:00,Blogon
2010 146 07:54:28,BUrl
2010 146 12:40:02,CUrl
2010 146 14:57:26,CSendEmail
2010 146 15:39:02,CUrl
2010 146 16:43:00,CNologon
2010 147 07:42:00,Blogon
2010 147 08:39:27,BUrl
2010 147 13:41:45,CUrl
2010 147 14:17:55,CSendEmail
2010 147 16:49:18,CUrl
2010 147 16:55:00,CNologon
2010 148 07:44:00,Blogon
2010 148 07:47:41,BUrl
2010 148 10:51:40,BSendEmail
2010 148 11:29:34,BUrl
2010 148 12:14:28,CUrl
2010 148 16:57:00,CNologon
2010 152 07:45:00,Blogon
2010 152 08:53:57,BUrl
2010 152 09:07:37,BSendEmail
2010 152 11:24:17,BUrl
2010 152 12:13:36,CUrl
2010 152 16:45:00,CNologon
2010 153 07:46:00,Blogon
2010 153 07:57:03,BUrl
2010 153 10:59:06,BSendEmail
2010 153 13:01:00,CUrl
2010 153 16:55:00,CNologon
2010 154 07:31:00,Blogon
2010 154 07:35:09,BUrl
2010 154 07:35:47,BSendEmail
2010 154 07:56:58,BUrl
2010 154 14:46:07,CUrl
2010 154 16:57:00,CNologon
2010 155 07:34:00,Blogon
2010 155 08:32:40,BUrl
2010 155 08:43:29,BSendEmail
2010 155 09:18:02,BUrl
2010 155 12:23:26,CUrl
2010 155 16:55:00,CNologon
2010 158 07:45:00,Blogon
2010 158 08:19:19,BUrl
2010 158 12:34:22,CUrl
2010 158 14:33:04,CSendEmail
2010 158 15:06:39,CUrl
2010 158 16:50:00,CNologon
2010 159 07:45:00,Blogon
2010 159 08:03:06,BUrl
2010 159 13:14:01,CUrl
2010 159 13:43:22,CSendEmail
2010 159 14:36:13,CUrl
2010 159 16:42:00,CNologon
2010 160 07:36:00,Blogon
2010 160 09:40:38,BSendEmail
2010 160 09:45:17,BUrl
2010 160 12:24:48,CUrl
2010 160 16:49:00,CNologon
2010 161 07:32:00,Blogon
2010 161 09:41:25,BUrl
2010 161 14:02:47,CUrl
2010 161 16:36:00,CSendEmail
2010 161 16:39:21,CUrl
2010 161 16:56:00,CNologon
2010 162 07:35:00,Blogon
2010 162 08:44:56,BUrl
2010 162 10:29:56,BSendEmail
2010 162 12:31:59,CUrl
2010 162 16:49:00,CNologon
2010 165 07:44:00,Blogon
2010 165 08:25:18,BUrl
2010 165 09:13:27,BSendEmail
2010 165 09:15:56,BUrl
2010 165 12:31:18,CUrl
2010 165 16:54:00,CNologon
2010 166 07:39:00,Blogon
2010 166 08:30:33,BUrl
2010 166 11:55:04,BSendEmail
2010 166 12:40:50,CUrl
2010 166 16:57:00,CNologon
2010 167 07:47:00,Blogon
2010 167 08:04:21,BUrl
2010 167 12:10:51,CUrl
2010 167 16:44:00,CNologon
2010 168 07:47:00,Blogon
2010 168 07:56:20,BUrl
2010 168 12:10:29,CUrl
2010 168 12:32:42,CSendEmail
2010 168 12:58:08,CUrl
2010 168 16:44:00,CNologon
2010 169 07:47:00,Blogon
2010 169 07:59:51,BUrl
2010 169 08:05:17,BSendEmail
2010 169 08:05:31,BUrl
2010 169 12:52:39,CUrl
2010 169 16:44:00,CNologon
2010 172 07:41:00,Blogon
2010 172 07:47:45,BSendEmail
2010 172 08:43:45,BUrl
2010 172 13:46:36,CUrl
2010 172 16:57:00,CNologon
2010 173 07:42:00,Blogon
2010 173 07:46:34,BUrl
2010 173 13:18:03,CUrl
2010 173 16:54:22,CSendEmail
2010 173 16:56:00,CNologon
2010 174 07:45:00,Blogon
2010 174 08:03:56,BUrl
2010 174 08:46:15,BSendEmail
2010 174 09:26:57,BUrl
2010 174 13:19:40,CUrl
2010 174 16:58:00,CNologon
2010 175 07:47:00,Blogon
2010 175 08:15:29,BUrl
2010 175 14:00:46,CUrl
2010 175 14:41:05,CSendEmail
2010 175 16:10:56,CUrl
2010 175 16:43:00,CNologon
2010 176 07:31:00,Blogon
2010 176 07:34:46,BUrl
2010 176 13:37:22,CUrl
2010 176 13:50:59,CSendEmail
2010 176 15:25:18,CUrl
2010 176 16:54:00,CNologon
2010 179 07:37:00,Blogon
2010 179 07:49:06,BUrl
2010 179 10:15:08,BSendEmail
2010 179 10:55:42,BUrl
2010 179 13:26:14,CUrl
2010 179 16:59:00,CNologon
2010 180 07:48:00,Blogon
2010 180 07:55:34,BUrl
2010 180 10:30:27,BSendEmail
2010 180 10:44:06,BUrl
2010 180 13:19:10,CUrl
2010 180 16:42:00,CNologon
2010 181 07:45:00,Blogon
2010 181 09:18:41,BUrl
2010 181 13:38:00,CSendEmail
2010 181 14:02:21,CUrl
2010 181 16:43:00,CNologon
2010 182 07:43:00,Blogon
2010 182 07:45:08,BSendEmail
2010 182 08:32:56,BUrl
2010 182 12:08:04,CUrl
2010 182 16:58:00,CNologon
2010 183 07:34:00,Blogon
2010 183 07:42:37,BUrl
2010 183 12:27:47,CUrl
2010 183 13:37:44,CSendEmail
2010 183 13:58:59,CUrl
2010 183 16:53:00,CNologon
2010 187 07:41:00,Blogon
2010 187 08:35:07,BUrl
2010 187 10:48:00,BSendEmail
2010 187 11:08:13,BUrl
2010 187 12:15:35,CUrl
2010 187 16:56:00,CNologon
2010 188 07:46:00,Blogon
2010 188 08:22:08,BUrl
2010 188 10:32:11,BSendEmail
2010 188 10:50:25,BUrl
2010 188 16:23:36,CUrl
2010 188 16:44:00,CNologon
2010 189 07:38:00,Blogon
2010 189 09:19:36,BUrl
2010 189 14:03:38,CUrl
2010 189 16:32:52,CSendEmail
2010 189 16:43:15,CUrl
2010 189 16:52:00,CNologon
2010 190 07:47:00,Blogon
2010 190 09:16:44,BUrl
2010 190 11:01:06,BSendEmail
2010 190 11:42:48,BUrl
2010 190 12:07:50,CUrl
2010 190 16:45:00,CNologon
2010 193 07:47:00,Blogon
2010 193 08:35:07,BUrl
2010 193 10:12:08,BSendEmail
2010 193 10:23:44,BUrl
2010 193 13:24:56,CUrl
2010 193 16:42:00,CNologon
2010 194 07:40:00,Blogon
2010 194 08:10:18,BUrl
2010 194 12:26:47,CUrl
2010 194 15:00:14,CSendEmail
2010 194 16:04:22,CUrl
2010 194 16:42:00,CNologon
2010 195 07:48:00,Blogon
2010 195 08:12:21,BUrl
2010 195 09:41:36,BSendEmail
2010 195 13:07:00,CUrl
2010 195 16:45:00,CNologon
2010 196 07:40:00,Blogon
2010 196 07:57:51,BUrl
2010 196 12:20:29,CUrl
2010 196 14:44:10,CSendEmail
2010 196 15:24:27,CUrl
2010 196 16:47:00,CNologon
2010 197 07:47:00,Blogon
2010 197 07:50:20,BUrl
2010 197 12:17:49,CSendEmail
2010 197 13:13:16,CUrl
2010 197 16:43:00,CNologon
2010 200 07:47:00,Blogon
2010 200 08:17:59,BUrl
2010 200 13:26:25,CUrl
2010 200 16:40:27,CSendEmail
2010 200 16:42:00,CNologon
2010 201 07:48:00,Blogon
2010 201 07:56:38,BUrl
2010 201 08:51:16,BSendEmail
2010 201 11:19:55,BUrl
2010 201 12:15:09,CUrl
2010 201 16:59:00,CNologon
2010 202 07:48:00,Blogon
2010 202 07:57:55,BSendEmail
2010 202 08:10:56,BUrl
2010 202 12:44:32,CUrl
2010 202 16:52:00,CNologon
2010 203 07:45:00,Blogon
2010 203 08:05:17,BUrl
2010 203 10:47:32,BSendEmail
2010 203 11:27:30,BUrl
2010 203 13:47:37,CUrl
2010 203 16:50:00,CNologon
2010 204 07:45:00,Blogon
2010 204 07:49:37,BUrl
2010 204 13:21:31,CUrl
2010 204 15:41:01,CSendEmail
2010 204 15:46:09,CUrl
2010 204 16:44:00,CNologon
2010 207 07:37:00,Blogon
2010 207 07:38:33,BSendEmail
2010 207 07:52:06,BUrl
2010 207 14:05:19,CUrl
2010 207 16:45:00,CNologon
2010 208 07:47:00,Blogon
2010 208 08:42:05,BUrl
2010 208 10:05:39,BSendEmail
2010 208 10:10:55,BUrl
2010 208 12:38:18,CUrl
2010 208 16:43:00,CNologon
2010 209 07:46:00,Blogon
2010 209 08:45:23,BUrl
2010 209 10:52:49,BSendEmail
2010 209 10:53:23,BUrl
2010 209 12:28:10,CUrl
2010 209 16:42:00,CNologon
2010 210 07:32:00,Blogon
2010 210 07:39:33,BUrl
2010 210 12:26:03,CUrl
2010 210 14:20:03,CSendEmail
2010 210 14:23:02,CUrl
2010 210 16:53:00,CNologon
2010 211 07:48:00,Blogon
2010 211 07:57:43,BUrl
2010 211 13:05:26,CUrl
2010 211 13:19:22,CSendEmail
2010 211 13:52:58,CUrl
2010 211 16:42:00,CNologon
2010 214 07:34:00,Blogon
2010 214 08:47:07,BUrl
2010 214 08:57:01,BSendEmail
2010 214 10:19:36,BUrl
2010 214 12:02:36,CUrl
2010 214 16:57:00,CNologon
2010 215 07:45:00,Blogon
2010 215 07:51:47,BUrl
2010 215 11:03:57,BSendEmail
2010 215 12:20:42,CUrl
2010 215 16:45:00,CNologon
2010 216 07:30:00,Blogon
2010 216 07:55:37,BUrl
2010 216 12:59:25,CUrl
2010 216 15:23:49,CSendEmail
2010 216 15:54:10,CUrl
2010 216 17:00:00,CNologon
2010 217 07:45:00,Blogon
2010 217 08:02:45,BUrl
2010 217 12:01:18,CUrl
2010 217 14:58:25,CSendEmail
2010 217 15:05:30,CUrl
2010 217 16:45:00,CNologon
2010 218 07:45:00,Blogon
2010 218 07:46:09,BUrl
2010 218 10:10:32,BSendEmail
2010 218 10:15:02,BUrl
2010 218 13:03:58,CUrl
2010 218 16:42:00,CNologon
2010 221 07:45:00,Blogon
2010 221 08:18:13,BUrl
2010 221 12:35:32,CUrl
2010 221 14:37:09,CSendEmail
2010 221 15:24:16,CUrl
2010 221 16:43:00,CNologon
2010 222 07:45:00,Blogon
2010 222 07:50:28,BSendEmail
2010 222 08:00:49,BUrl
2010 222 13:37:25,CUrl
2010 222 16:52:00,CNologon
2010 223 07:37:00,Blogon
2010 223 08:14:08,BUrl
2010 223 13:33:16,CUrl
2010 223 14:11:30,CSendEmail
2010 223 14:50:39,CUrl
2010 223 16:46:00,CNologon
2010 224 07:44:00,Blogon
2010 224 08:59:47,BSendEmail
2010 224 09:22:49,BUrl
2010 224 12:00:18,CUrl
2010 224 16:47:00,CNologon
2010 225 07:46:00,Blogon
2010 225 07:52:12,BUrl
2010 225 12:25:21,CUrl
2010 225 14:47:03,CSendEmail
2010 225 15:20:53,CUrl
2010 225 16:45:00,CNologon
2010 228 07:36:00,Blogon
2010 228 07:41:10,BUrl
2010 228 08:16:59,BSendEmail
2010 228 08:36:06,BUrl
2010 228 15:39:05,CUrl
2010 228 16:48:00,CNologon
2010 229 07:48:00,Blogon
2010 229 07:51:29,BUrl
2010 229 11:02:57,BSendEmail
2010 229 12:20:00,CUrl
2010 229 16:43:00,CNologon
2010 230 07:33:00,Blogon
2010 230 07:52:53,BUrl
2010 230 13:58:27,CSendEmail
2010 230 14:16:51,CUrl
2010 230 16:59:00,CNologon
2010 231 07:36:00,Blogon
2010 231 09:55:43,BUrl
2010 231 10:39:31,BSendEmail
2010 231 10:49:49,BUrl
2010 231 15:40:53,CUrl
2010 231 16:48:00,CNologon
2010 232 07:37:00,Blogon
2010 232 07:48:15,BUrl
2010 232 10:36:03,BSendEmail
2010 232 11:07:43,BUrl
2010 232 12:01:51,CUrl
2010 232 16:44:00,CNologon
2010 235 07:30:00,Blogon
2010 235 08:10:17,BUrl
2010 235 15:44:39,CSendEmail
2010 235 16:24:00,CUrl
2010 235 16:58:00,CNologon
2010 236 07:45:00,Blogon
2010 236 07:47:57,BUrl
2010 236 14:01:10,CUrl
2010 236 14:06:18,CSendEmail
2010 236 14:20:53,CUrl
2010 236 16:45:00,CNologon
2010 237 07:48:00,Blogon
2010 237 07:49:13,BUrl
2010 237 09:44:45,BSendEmail
2010 237 11:15:23,BUrl
2010 237 12:19:20,CUrl
2010 237 16:45:00,CNologon
2010 238 07:48:00,Blogon
2010 238 08:00:59,BUrl
2010 238 14:33:36,CUrl
2010 238 15:55:04,CSendEmail
2010 238 16:12:20,CUrl
2010 238 16:44:00,CNologon
2010 239 07:48:00,Blogon
2010 239 07:53:47,BUrl
2010 239 13:10:59,CSendEmail
2010 239 13:18:28,CUrl
2010 239 16:45:00,CNologon
2010 242 07:47:00,Blogon
2010 242 08:25:21,BUrl
2010 242 10:25:20,BSendEmail
2010 242 12:28:36,CUrl
2010 242 16:42:00,CNologon
2010 243 07:46:00,Blogon
2010 243 08:09:30,BUrl
2010 243 12:18:07,CUrl
2010 243 12:28:01,CSendEmail
2010 243 13:08:42,CUrl
2010 243 16:45:00,CNologon
2010 244 07:47:00,Blogon
2010 244 09:22:26,BUrl
2010 244 11:18:09,BSendEmail
2010 244 12:29:36,CUrl
2010 244 16:44:00,CNologon
2010 245 07:48:00,Blogon
2010 245 08:01:01,BUrl
2010 245 09:59:53,BSendEmail
2010 245 11:47:02,BUrl
2010 245 12:04:31,CUrl
2010 245 16:43:00,CNologon
2010 246 07:47:00,Blogon
2010 246 08:00:01,BUrl
2010 246 10:58:22,BSendEmail
2010 246 13:23:10,CUrl
2010 246 16:48:00,CNologon
2010 250 07:36:00,Blogon
2010 250 08:06:26,BUrl
2010 250 12:04:32,CUrl
2010 250 16:46:44,CSendEmail
2010 250 17:00:00,CNologon
2010 251 07:45:00,Blogon
2010 251 09:21:50,BUrl
2010 251 09:22:40,BSendEmail
2010 251 09:23:04,BUrl
2010 251 16:43:00,CNologon
2010 252 07:39:00,Blogon
2010 252 07:41:51,BUrl
2010 252 13:09:33,CUrl
2010 252 15:49:33,CSendEmail
2010 252 16:04:38,CUrl
2010 252 16:57:00,CNologon
2010 253 07:48:00,Blogon
2010 253 07:56:02,BUrl
2010 253 14:34:55,CUrl
2010 253 14:58:15,CSendEmail
2010 253 15:24:32,CUrl
2010 253 16:43:00,CNologon
2010 256 07:31:00,Blogon
2010 256 07:33:50,BUrl
2010 256 12:09:52,CUrl
2010 256 15:28:00,CSendEmail
2010 256 16:01:05,CUrl
2010 256 16:53:00,CNologon
2010 257 07:44:00,Blogon
2010 257 08:12:07,BUrl
2010 257 12:38:16,CUrl
2010 257 16:48:00,CNologon
2010 258 07:31:00,Blogon
2010 258 07:37:08,BUrl
2010 258 13:07:37,CUrl
2010 258 14:46:19,CSendEmail
2010 258 15:17:24,CUrl
2010 258 16:49:00,CNologon
2010 259 07:48:00,Blogon
2010 259 07:55:39,BSendEmail
2010 259 07:57:29,BUrl
2010 259 12:36:43,CUrl
2010 259 16:43:00,CNologon
2010 260 07:46:00,Blogon
2010 260 07:59:24,BUrl
2010 260 13:01:05,CSendEmail
2010 260 13:08:23,CUrl
2010 260 16:49:00,CNologon
2010 263 07:36:00,Blogon
2010 263 08:54:59,BUrl
2010 263 13:17:16,CUrl
2010 263 13:42:37,CSendEmail
2010 263 14:53:15,CUrl
2010 263 16:52:00,CNologon
2010 264 07:35:00,Blogon
2010 264 07:46:07,BSendEmail
2010 264 08:00:01,BUrl
2010 264 12:06:51,CUrl
2010 264 17:00:00,CNologon
2010 265 07:46:00,Blogon
2010 265 07:55:23,BUrl
2010 265 09:28:05,BSendEmail
2010 265 09:44:07,BUrl
2010 265 12:25:08,CUrl
2010 265 16:45:00,CNologon
2010 266 07:48:00,Blogon
2010 266 07:55:01,BUrl
2010 266 08:57:02,BSendEmail
2010 266 10:31:31,BUrl
2010 266 12:34:49,CUrl
2010 266 16:43:00,CNologon
2010 267 07:46:00,Blogon
2010 267 08:01:57,BUrl
2010 267 12:30:30,CUrl
2010 267 16:39:29,CSendEmail
2010 267 16:45:00,CNologon
2010 270 07:30:00,Blogon
2010 270 07:42:49,BUrl
2010 270 10:20:42,BSendEmail
2010 270 11:21:46,BUrl
2010 270 12:09:12,CUrl
2010 270 16:53:00,CNologon
2010 271 07:30:00,Blogon
2010 271 07:34:37,BUrl
2010 271 13:32:52,CUrl
2010 271 15:10:18,CSendEmail
2010 271 15:40:25,CUrl
2010 271 16:54:00,CNologon
2010 272 07:33:00,Blogon
2010 272 07:45:39,BUrl
2010 272 08:16:06,BSendEmail
2010 272 09:26:39,BUrl
2010 272 12:55:37,CUrl
2010 272 16:55:00,CNologon
2010 273 07:41:00,Blogon
2010 273 08:11:09,BUrl
2010 273 08:13:06,BSendEmail
2010 273 11:03:18,BUrl
2010 273 12:04:06,CUrl
2010 273 16:49:00,CNologon
2010 274 07:32:00,Blogon
2010 274 07:40:12,BUrl
2010 274 11:07:44,BSendEmail
2010 274 11:54:27,BUrl
2010 274 12:21:41,CUrl
2010 274 16:58:00,CNologon
2010 277 07:46:00,Blogon
2010 277 08:37:29,BUrl
2010 277 11:01:08,BSendEmail
2010 277 11:42:38,BUrl
2010 277 12:13:10,CUrl
2010 277 16:47:00,CNologon
2010 278 07:43:00,Blogon
2010 278 07:54:21,BUrl
2010 278 13:21:17,CSendEmail
2010 278 13:46:23,CUrl
2010 278 16:53:00,CNologon
2010 279 07:48:00,Blogon
2010 279 08:00:58,BUrl
2010 279 13:08:55,CUrl
2010 279 14:45:29,CSendEmail
2010 279 14:46:15,CUrl
2010 279 16:45:00,CNologon
2010 280 07:33:00,Blogon
2010 280 08:02:23,BUrl
2010 280 11:02:22,BSendEmail
2010 280 11:05:39,BUrl
2010 280 12:47:06,CUrl
2010 280 16:46:00,CNologon
2010 281 07:48:00,Blogon
2010 281 08:21:49,BUrl
2010 281 12:16:38,CUrl
2010 281 16:25:34,CSendEmail
2010 281 16:43:38,CUrl
2010 281 16:45:00,CNologon
2010 284 07:46:00,Blogon
2010 284 08:00:11,BUrl
2010 284 13:00:28,CUrl
2010 284 16:00:28,CSendEmail
2010 284 16:42:51,CUrl
2010 284 16:45:00,CNologon
2010 285 07:48:00,Blogon
2010 285 08:09:19,BUrl
2010 285 12:36:42,CUrl
2010 285 16:36:12,CSendEmail
2010 285 16:43:00,CNologon
2010 286 07:42:00,Blogon
2010 286 07:57:57,BUrl
2010 286 10:38:15,BSendEmail
2010 286 12:18:07,CUrl
2010 286 16:43:00,CNologon
2010 287 07:32:00,Blogon
2010 287 07:48:27,BUrl
2010 287 14:03:37,CSendEmail
2010 287 14:04:12,CUrl
2010 287 16:50:00,CNologon
2010 288 07:48:00,Blogon
2010 288 07:55:43,BUrl
2010 288 13:27:45,CUrl
2010 288 14:36:27,CSendEmail
2010 288 15:32:04,CUrl
2010 288 16:46:00,CNologon
2010 291 07:33:00,Blogon
2010 291 07:40:39,BUrl
2010 291 11:54:14,BSendEmail
2010 291 12:47:40,CUrl
2010 291 16:57:00,CNologon
2010 292 07:45:00,Blogon
2010 292 08:59:55,BUrl
2010 292 12:23:18,CUrl
2010 292 12:41:32,CSendEmail
2010 292 13:10:55,CUrl
2010 292 16:55:00,CNologon
2010 293 07:30:00,Blogon
2010 293 10:29:51,BUrl
2010 293 10:53:22,BSendEmail
2010 293 11:23:32,BUrl
2010 293 16:13:09,CUrl
2010 293 16:52:00,CNologon
2010 294 07:46:00,Blogon
2010 294 08:24:49,BUrl
2010 294 09:38:17,BSendEmail
2010 294 09:38:23,BUrl
2010 294 14:51:58,CUrl
2010 294 16:59:00,CNologon
2010 295 07:47:00,Blogon
2010 295 09:49:42,BUrl
2010 295 12:53:59,CUrl
2010 295 16:45:00,CNologon
2010 298 07:46:00,Blogon
2010 298 08:13:55,BUrl
2010 298 08:34:13,BSendEmail
2010 298 08:48:29,BUrl
2010 298 12:41:19,CUrl
2010 298 16:45:00,CNologon
2010 299 07:43:00,Blogon
2010 299 08:17:47,BUrl
2010 299 13:13:00,CUrl
2010 299 14:59:39,CSendEmail
2010 299 15:16:18,CUrl
2010 299 16:51:00,CNologon
2010 300 07:43:00,Blogon
2010 300 08:00:38,BUrl
2010 300 12:19:35,CSendEmail
2010 300 13:08:01,CUrl
2010 300 16:43:00,CNologon
2010 301 07:31:00,Blogon
2010 301 07:57:40,BUrl
2010 301 10:48:46,BSendEmail
2010 301 11:10:31,BUrl
2010 301 14:44:56,CUrl
2010 301 16:56:00,CNologon
2010 302 07:47:00,Blogon
2010 302 07:50:40,BUrl
2010 302 08:20:14,BSendEmail
2010 302 10:48:38,BUrl
2010 302 12:28:09,CUrl
2010 302 16:42:00,CNologon
2010 305 07:48:00,Blogon
2010 305 08:22:38,BUrl
2010 305 12:22:14,CUrl
2010 305 16:18:44,CSendEmail
2010 305 16:41:14,CUrl
2010 305 16:45:00,CNologon
2010 306 07:33:00,Blogon
2010 306 08:13:48,BUrl
2010 306 12:20:49,CUrl
2010 306 15:01:00,CSendEmail
2010 306 15:46:47,CUrl
2010 306 16:54:00,CNologon
2010 307 07:41:00,Blogon
2010 307 08:11:05,BUrl
2010 307 12:13:14,CSendEmail
2010 307 12:18:46,CUrl
2010 307 16:44:00,CNologon
2010 308 07:45:00,Blogon
2010 308 08:11:52,BUrl
2010 308 14:12:18,CUrl
2010 308 14:19:46,CSendEmail
2010 308 14:19:50,CUrl
2010 308 16:42:00,CNologon
2010 309 07:37:00,Blogon
2010 309 07:55:23,BUrl
2010 309 13:41:28,CSendEmail
2010 309 15:02:25,CUrl
2010 309 16:43:00,CNologon
2010 312 07:43:00,Blogon
2010 312 08:28:54,BUrl
2010 312 12:27:26,CUrl
2010 312 12:53:19,CSendEmail
2010 312 14:32:43,CUrl
2010 312 16:56:00,CNologon
2010 313 07:45:00,Blogon
2010 313 08:11:29,BUrl
2010 313 13:35:29,CUrl
2010 313 15:20:39,CSendEmail
2010 313 15:23:39,CUrl
2010 313 16:45:00,CNologon
2010 314 07:40:00,Blogon
2010 314 07:45:51,BUrl
2010 314 08:19:58,BSendEmail
2010 314 10:21:22,BUrl
2010 314 12:15:49,CUrl
2010 314 16:58:00,CNologon
2010 315 07:45:00,Blogon
2010 315 08:11:02,BUrl
2010 315 08:20:19,BSendEmail
2010 315 08:31:54,BUrl
2010 315 13:39:19,CUrl
2010 315 16:51:00,CNologon
2010 316 07:35:00,Blogon
2010 316 07:39:17,BUrl
2010 316 10:29:49,BSendEmail
2010 316 12:01:47,CUrl
2010 316 16:47:00,CNologon
2010 319 07:46:00,Blogon
2010 319 08:10:53,BUrl
2010 319 12:05:31,CSendEmail
2010 319 13:44:04,CUrl
2010 319 16:44:00,CNologon
2010 320 07:33:00,Blogon
2010 320 07:40:04,BUrl
2010 320 12:16:51,CUrl
2010 320 12:51:05,CSendEmail
2010 320 14:17:35,CUrl
2010 320 16:57:00,CNologon
2010 321 07:41:00,Blogon
2010 321 08:05:02,BUrl
2010 321 10:21:26,BSendEmail
2010 321 11:17:47,BUrl
2010 321 12:03:23,CUrl
2010 321 16:49:00,CNologon
2010 322 07:39:00,Blogon
2010 322 07:58:38,BUrl
2010 322 13:11:48,CUrl
2010 322 16:11:17,CSendEmail
2010 322 16:22:59,CUrl
2010 322 16:43:00,CNologon
2010 323 07:48:00,Blogon
2010 323 08:39:49,BUrl
2010 323 12:11:47,CUrl
2010 323 16:15:41,CSendEmail
2010 323 16:26:21,CUrl
2010 323 16:59:00,CNologon
2010 326 07:48:00,Blogon
2010 326 08:00:20,BUrl
2010 326 12:00:23,CUrl
2010 326 16:39:34,CSendEmail
2010 326 16:42:00,CNologon
2010 327 07:32:00,Blogon
2010 327 07:37:58,BUrl
2010 327 10:40:43,BSendEmail
2010 327 11:01:41,BUrl
2010 327 12:25:12,CUrl
2010 327 16:50:00,CNologon
2010 328 07:39:00,Blogon
2010 328 09:46:50,BUrl
2010 328 11:34:28,BSendEmail
2010 328 13:49:30,CUrl
2010 328 16:45:00,CNologon
2010 333 07:45:00,Blogon
2010 333 07:47:45,BUrl
2010 333 12:24:05,CUrl
2010 333 16:18:57,CSendEmail
2010 333 16:32:09,CUrl
2010 333 16:42:00,CNologon
2010 334 07:47:00,Blogon
2010 334 08:15:16,BUrl
2010 334 12:09:40,CUrl
2010 334 13:02:58,CSendEmail
2010 334 15:14:04,CUrl
2010 334 16:42:00,CNologon
2010 335 07:47:00,Blogon
2010 335 08:24:25,BSendEmail
2010 335 08:28:25,BUrl
2010 335 14:51:56,CUrl
2010 335 16:42:00,CNologon
2010 336 07:46:00,Blogon
2010 336 07:50:23,BUrl
2010 336 12:48:55,CUrl
2010 336 15:11:21,CSendEmail
2010 336 16:55:00,CNologon
2010 337 07:41:00,Blogon
2010 337 08:07:44,BUrl
2010 337 10:24:58,BSendEmail
2010 337 10:29:21,BUrl
2010 337 13:36:06,CUrl
2010 337 16:59:00,CNologon
2010 340 07:37:00,Blogon
2010 340 08:16:11,BUrl
2010 340 12:41:45,CUrl
2010 340 16:54:00,CNologon
2010 341 07:40:00,Blogon
2010 341 08:11:10,BUrl
2010 341 08:25:21,BSendEmail
2010 341 10:33:49,BUrl
2010 341 13:02:07,CUrl
2010 341 16:54:00,CNologon
2010 342 07:44:00,Blogon
2010 342 08:02:58,BUrl
2010 342 14:39:43,CUrl
2010 342 16:16:45,CSendEmail
2010 342 16:26:23,CUrl
2010 342 16:55:00,CNologon
2010 343 07:48:00,Blogon
2010 343 08:57:34,BUrl
2010 343 12:19:46,CUrl
2010 343 13:33:06,CSendEmail
2010 343 14:01:03,CUrl
2010 343 16:46:00,CNologon
2010 344 07:48:00,Blogon
2010 344 08:37:03,BUrl
2010 344 12:06:42,CUrl
2010 344 15:24:06,CSendEmail
2010 344 16:12:01,CUrl
2010 344 16:47:00,CNologon
2010 347 07:43:00,Blogon
2010 347 08:14:05,BUrl
2010 347 11:57:24,BSendEmail
2010 347 13:08:43,CUrl
2010 347 16:49:00,CNologon
2010 348 07:45:00,Blogon
2010 348 07:48:01,BUrl
2010 348 12:11:38,CSendEmail
2010 348 12:29:27,CUrl
2010 348 16:48:00,CNologon
2010 349 07:47:00,Blogon
2010 349 08:10:43,BUrl
2010 349 11:25:17,BSendEmail
2010 349 13:52:51,CUrl
2010 349 16:42:00,CNologon
2010 350 07:47:00,Blogon
2010 350 07:56:52,BUrl
2010 350 13:49:07,CUrl
2010 350 14:49:24,CSendEmail
2010 350 14:59:47,CUrl
2010 350 16:42:00,CNologon
2010 351 07:47:00,Blogon
2010 351 08:06:14,BUrl
2010 351 12:21:30,CUrl
2010 351 13:54:03,CSendEmail
2010 351 13:57:06,CUrl
2010 351 16:44:00,CNologon
2010 354 07:40:00,Blogon
2010 354 07:54:53,BUrl
2010 354 12:54:03,CUrl
2010 354 16:36:15,CSendEmail
2010 354 16:42:00,CNologon
2010 355 07:47:00,Blogon
2010 355 07:54:01,BUrl
2010 355 12:13:35,CUrl
2010 355 16:43:00,CNologon
2010 356 07:47:00,Blogon
2010 356 07:53:59,BUrl
2010 356 12:08:38,CUrl
2010 356 16:09:05,CSendEmail
2010 356 16:48:55,CUrl
2010 356 16:57:00,CNologon
2010 361 07:47:00,Blogon
2010 361 09:05:13,BUrl
2010 361 10:19:51,BSendEmail
2010 361 10:54:25,BUrl
2010 361 12:39:17,CUrl
2010 361 16:43:00,CNologon
2010 362 07:41:00,Blogon
2010 362 08:02:59,BUrl
2010 362 10:01:04,BSendEmail
2010 362 11:53:51,BUrl
2010 362 13:56:56,CUrl
2010 362 16:45:00,CNologon
2010 363 07:46:00,Blogon
2010 363 08:11:03,BUrl
2010 363 10:15:01,BSendEmail
2010 363 10:38:59,BUrl
2010 363 12:13:03,CUrl
2010 363 16:43:00,CNologon
2010 364 07:45:00,Blogon
2010 364 08:50:01,BUrl
2010 364 09:29:33,BSendEmail
2010 364 09:31:03,BUrl
2010 364 13:10:07,CUrl
2010 364 16:42:00,CNologon
2011 003 07:32:00,Blogon
2011 003 07:55:09,BUrl
2011 003 12:40:06,CUrl
2011 003 15:54:17,CSendEmail
2011 003 16:50:00,CNologon
2011 004 07:48:00,Blogon
2011 004 07:50:36,BUrl
2011 004 12:48:08,CUrl
2011 004 16:12:17,CSendEmail
2011 004 16:45:00,CNologon
2011 005 07:48:00,Blogon
2011 005 08:21:21,BUrl
2011 005 13:18:20,CUrl
2011 005 16:42:00,CNologon
2011 006 07:46:00,Blogon
2011 006 07:57:57,BUrl
2011 006 12:28:10,CUrl
2011 006 13:33:02,CSendEmail
2011 006 13:59:06,CUrl
2011 006 16:42:00,CNologon
2011 007 07:41:00,Blogon
2011 007 08:14:06,BSendEmail
2011 007 08:16:54,BUrl
2011 007 12:33:09,CUrl
2011 007 16:56:00,CNologon
2011 010 07:47:00,Blogon
2011 010 08:16:09,BUrl
2011 010 15:26:11,CUrl
2011 010 16:24:13,CSendEmail
2011 010 16:29:57,CUrl
2011 010 16:45:00,CNologon
2011 011 07:46:00,Blogon
2011 011 07:58:42,BUrl
2011 011 10:36:07,BSendEmail
2011 011 11:28:09,BUrl
2011 011 14:24:26,CUrl
2011 011 16:45:00,CNologon
2011 012 07:46:00,Blogon
2011 012 09:03:22,BUrl
2011 012 12:50:06,CSendEmail
2011 012 12:58:17,CUrl
2011 012 16:44:00,CNologon
2011 013 07:45:00,Blogon
2011 013 08:59:48,BUrl
2011 013 12:07:07,CUrl
2011 013 16:58:00,CNologon
2011 014 07:45:00,Blogon
2011 014 09:00:50,BUrl
2011 014 11:48:26,BSendEmail
2011 014 13:37:22,CUrl
2011 014 16:42:00,CNologon
2011 017 07:37:00,Blogon
2011 017 07:43:46,BUrl
2011 017 12:03:39,CUrl
2011 017 15:46:01,CSendEmail
2011 017 15:51:13,CUrl
2011 017 16:42:00,CNologon
2011 018 07:44:00,Blogon
2011 018 07:50:43,BUrl
2011 018 08:44:20,BSendEmail
2011 018 09:49:33,BUrl
2011 018 13:37:53,CUrl
2011 018 16:57:00,CNologon
2011 019 07:36:00,Blogon
2011 019 08:04:47,BUrl
2011 019 11:12:14,BSendEmail
2011 019 12:41:27,CUrl
2011 019 16:42:00,CNologon
2011 020 07:44:00,Blogon
2011 020 08:01:23,BSendEmail
2011 020 08:07:15,BUrl
2011 020 13:13:00,CUrl
2011 020 16:57:00,CNologon
2011 021 07:45:00,Blogon
2011 021 08:26:28,BUrl
2011 021 09:00:57,BSendEmail
2011 021 09:06:06,BUrl
2011 021 14:04:11,CUrl
2011 021 16:44:00,CNologon
2011 024 07:46:00,Blogon
2011 024 08:02:08,BUrl
2011 024 13:50:59,CUrl
2011 024 14:12:16,CSendEmail
2011 024 14:16:20,CUrl
2011 024 16:53:00,CNologon
2011 025 07:48:00,Blogon
2011 025 08:16:08,BUrl
2011 025 14:16:22,CUrl
2011 025 14:50:51,CSendEmail
2011 025 15:49:16,CUrl
2011 025 16:42:00,CNologon
2011 026 07:46:00,Blogon
2011 026 08:08:01,BUrl
2011 026 09:07:28,BSendEmail
2011 026 09:18:42,BUrl
2011 026 12:20:43,CUrl
2011 026 16:43:00,CNologon
2011 027 07:45:00,Blogon
2011 027 08:12:11,BUrl
2011 027 10:45:35,BSendEmail
2011 027 12:12:50,CUrl
2011 027 16:58:00,CNologon
2011 028 07:48:00,Blogon
2011 028 07:55:07,BUrl
2011 028 10:24:38,BSendEmail
2011 028 10:29:19,BUrl
2011 028 14:03:43,CUrl
2011 028 16:45:00,CNologon
2011 031 07:37:00,Blogon
2011 031 07:40:36,BUrl
2011 031 12:42:31,CUrl
2011 031 13:07:15,CSendEmail
2011 031 15:48:33,CUrl
2011 031 16:46:00,CNologon
2011 032 07:32:00,Blogon
2011 032 08:07:57,BUrl
2011 032 11:50:15,BSendEmail
2011 032 11:56:26,BUrl
2011 032 12:59:00,CUrl
2011 032 16:42:00,CNologon
2011 033 07:32:00,Blogon
2011 033 07:47:24,BUrl
2011 033 12:32:49,CUrl
2011 033 12:35:13,CSendEmail
2011 033 13:07:01,CUrl
2011 033 16:47:00,CNologon
2011 034 07:43:00,Blogon
2011 034 08:14:29,BSendEmail
2011 034 09:22:34,BUrl
2011 034 13:38:40,CUrl
2011 034 16:44:00,CNologon
2011 035 07:42:00,Blogon
2011 035 07:46:32,BUrl
2011 035 12:38:16,CUrl
2011 035 16:04:26,CSendEmail
2011 035 16:05:39,CUrl
2011 035 16:45:00,CNologon
2011 038 07:36:00,Blogon
2011 038 07:38:17,BUrl
2011 038 09:59:06,BSendEmail
2011 038 10:23:10,BUrl
2011 038 12:09:54,CUrl
2011 038 16:53:00,CNologon
2011 039 07:42:00,Blogon
2011 039 07:58:18,BUrl
2011 039 08:18:19,BSendEmail
2011 039 08:23:05,BUrl
2011 039 12:50:45,CUrl
2011 039 17:00:00,CNologon
2011 040 07:48:00,Blogon
2011 040 07:49:22,BUrl
2011 040 12:38:49,CUrl
2011 040 13:58:04,CSendEmail
2011 040 16:02:10,CUrl
2011 040 16:44:00,CNologon
2011 041 07:44:00,Blogon
2011 041 08:13:47,BUrl
2011 041 13:51:21,CSendEmail
2011 041 13:59:54,CUrl
2011 041 16:50:00,CNologon
2011 042 07:46:00,Blogon
2011 042 07:50:32,BUrl
2011 042 12:24:16,CUrl
2011 042 14:08:07,CSendEmail
2011 042 15:25:40,CUrl
2011 042 16:57:00,CNologon
2011 045 07:40:00,Blogon
2011 045 07:48:25,BUrl
2011 045 08:26:46,BSendEmail
2011 045 08:55:21,BUrl
2011 045 12:11:02,CUrl
2011 045 16:47:00,CNologon
2011 046 07:31:00,Blogon
2011 046 09:05:47,BUrl
2011 046 10:00:36,BSendEmail
2011 046 10:20:56,BUrl
2011 046 12:05:09,CUrl
2011 046 16:58:00,CNologon
2011 047 07:45:00,Blogon
2011 047 08:39:02,BUrl
2011 047 15:24:49,CUrl
2011 047 15:25:46,CSendEmail
2011 047 15:54:26,CUrl
2011 047 16:45:00,CNologon
2011 048 07:45:00,Blogon
2011 048 08:39:55,BUrl
2011 048 12:07:41,CUrl
2011 048 12:25:57,CSendEmail
2011 048 13:00:45,CUrl
2011 048 16:44:00,CNologon
2011 049 07:31:00,Blogon
2011 049 09:05:11,BUrl
2011 049 10:35:50,BSendEmail
2011 049 10:42:26,BUrl
2011 049 12:12:12,CUrl
2011 049 16:46:00,CNologon
2011 052 07:48:00,Blogon
2011 052 07:50:47,BUrl
2011 052 12:25:35,CUrl
2011 052 14:36:38,CSendEmail
2011 052 14:51:33,CUrl
2011 052 16:43:00,CNologon
2011 053 07:30:00,Blogon
2011 053 07:42:02,BUrl
2011 053 12:35:15,CSendEmail
2011 053 12:39:24,CUrl
2011 053 16:44:00,CNologon
2011 054 07:45:00,Blogon
2011 054 08:37:00,BUrl
2011 054 12:11:23,CUrl
2011 054 15:33:56,CSendEmail
2011 054 15:36:58,CUrl
2011 054 16:45:00,CNologon
2011 055 07:46:00,Blogon
2011 055 09:20:19,BSendEmail
2011 055 11:04:02,BUrl
2011 055 12:05:52,CUrl
2011 055 16:46:00,CNologon
2011 056 07:46:00,Blogon
2011 056 07:51:30,BUrl
2011 056 09:03:22,BSendEmail
2011 056 10:37:50,BUrl
2011 056 12:27:00,CUrl
2011 056 16:45:00,CNologon
2011 059 07:48:00,Blogon
2011 059 08:05:24,BUrl
2011 059 12:40:48,CUrl
2011 059 13:56:40,CSendEmail
2011 059 14:55:47,CUrl
2011 059 16:45:00,CNologon
2011 060 07:47:00,Blogon
2011 060 07:51:55,BUrl
2011 060 08:19:51,BSendEmail
2011 060 09:11:31,BUrl
2011 060 12:05:32,CUrl
2011 060 16:44:00,CNologon
2011 061 07:47:00,Blogon
2011 061 07:58:51,BUrl
2011 061 12:06:46,CUrl
2011 061 16:07:22,CSendEmail
2011 061 16:11:31,CUrl
2011 061 16:42:00,CNologon
2011 062 07:47:00,Blogon
2011 062 08:35:03,BUrl
2011 062 12:14:16,CUrl
2011 062 15:54:49,CSendEmail
2011 062 16:19:02,CUrl
2011 062 16:45:00,CNologon
2011 063 07:33:00,Blogon
2011 063 07:34:40,BUrl
2011 063 11:49:52,BSendEmail
2011 063 13:30:32,CUrl
2011 063 16:42:00,CNologon
2011 066 07:37:00,Blogon
2011 066 07:59:21,BSendEmail
2011 066 08:43:05,BUrl
2011 066 13:29:45,CUrl
2011 066 16:57:00,CNologon
2011 067 07:47:00,Blogon
2011 067 08:06:22,BUrl
2011 067 10:38:53,BSendEmail
2011 067 13:05:14,CUrl
2011 067 16:44:00,CNologon
2011 068 07:45:00,Blogon
2011 068 08:27:37,BUrl
2011 068 12:07:05,CSendEmail
2011 068 12:54:56,CUrl
2011 068 16:44:00,CNologon
2011 069 07:47:00,Blogon
2011 069 09:06:58,BUrl
2011 069 12:32:11,CUrl
2011 069 14:46:55,CSendEmail
2011 069 15:18:42,CUrl
2011 069 16:42:00,CNologon
2011 070 07:45:00,Blogon
2011 070 07:49:38,BUrl
2011 070 12:23:08,CUrl
2011 070 13:44:43,CSendEmail
2011 070 15:00:43,CUrl
2011 070 16:59:00,CNologon
2011 073 07:46:00,Blogon
2011 073 07:47:25,BUrl
2011 073 09:09:14,BSendEmail
2011 073 11:11:26,BUrl
2011 073 13:27:54,CUrl
2011 073 16:45:00,CNologon
2011 074 07:36:00,Blogon
2011 074 07:40:58,BUrl
2011 074 12:08:27,CUrl
2011 074 15:01:20,CSendEmail
2011 074 16:21:08,CUrl
2011 074 16:53:00,CNologon
2011 075 07:48:00,Blogon
2011 075 08:11:53,BSendEmail
2011 075 09:05:21,BUrl
2011 075 12:38:13,CUrl
2011 075 16:44:00,CNologon
2011 076 07:37:00,Blogon
2011 076 07:40:17,BUrl
2011 076 08:55:23,BSendEmail
2011 076 09:18:37,BUrl
2011 076 12:08:05,CUrl
2011 076 16:48:00,CNologon
2011 077 07:47:00,Blogon
2011 077 08:04:41,BUrl
2011 077 15:05:19,CUrl
2011 077 16:18:34,CSendEmail
2011 077 16:45:00,CNologon
2011 080 07:47:00,Blogon
2011 080 07:58:24,BUrl
2011 080 13:12:20,CUrl
2011 080 15:33:22,CSendEmail
2011 080 16:15:05,CUrl
2011 080 16:43:00,CNologon
2011 081 07:32:00,Blogon
2011 081 07:50:48,BUrl
2011 081 13:05:53,CUrl
2011 081 16:22:48,CSendEmail
2011 081 16:47:17,CUrl
2011 081 16:56:00,CNologon
2011 082 07:48:00,Blogon
2011 082 08:19:29,BUrl
2011 082 12:18:27,CUrl
2011 082 13:17:37,CSendEmail
2011 082 14:21:59,CUrl
2011 082 16:52:00,CNologon
2011 083 07:46:00,Blogon
2011 083 07:48:20,BUrl
2011 083 10:24:55,BSendEmail
2011 083 11:19:24,BUrl
2011 083 12:53:37,CUrl
2011 083 16:45:00,CNologon
2011 084 07:32:00,Blogon
2011 084 07:36:10,BSendEmail
2011 084 07:58:16,BUrl
2011 084 12:28:26,CUrl
2011 084 16:57:00,CNologon
2011 087 07:44:00,Blogon
2011 087 07:47:55,BUrl
2011 087 07:48:01,BSendEmail
2011 087 07:48:34,BUrl
2011 087 14:22:19,CUrl
2011 087 16:46:00,CNologon
2011 088 07:32:00,Blogon
2011 088 07:48:55,BUrl
2011 088 07:56:56,BSendEmail
2011 088 08:22:53,BUrl
2011 088 12:32:35,CUrl
2011 088 16:50:00,CNologon
2011 089 07:40:00,Blogon
2011 089 07:53:18,BUrl
2011 089 10:11:07,BSendEmail
2011 089 11:54:49,BUrl
2011 089 13:16:00,CUrl
2011 089 16:48:00,CNologon
2011 090 07:47:00,Blogon
2011 090 08:03:13,BUrl
2011 090 08:18:11,BSendEmail
2011 090 08:34:19,BUrl
2011 090 12:09:06,CUrl
2011 090 16:44:00,CNologon
2011 091 07:48:00,Blogon
2011 091 09:19:42,BUrl
2011 091 12:40:25,CUrl
2011 091 15:03:39,CSendEmail
2011 091 15:47:06,CUrl
2011 091 16:44:00,CNologon
2011 094 07:47:00,Blogon
2011 094 08:38:13,BUrl
2011 094 12:21:21,CUrl
2011 094 14:44:19,CSendEmail
2011 094 16:16:36,CUrl
2011 094 16:42:00,CNologon
2011 095 07:33:00,Blogon
2011 095 08:35:01,BUrl
2011 095 11:35:37,BSendEmail
2011 095 13:29:31,CUrl
2011 095 16:49:00,CNologon
2011 096 07:44:00,Blogon
2011 096 08:08:06,BUrl
2011 096 12:37:49,CUrl
2011 096 14:07:41,CSendEmail
2011 096 15:12:10,CUrl
2011 096 16:53:00,CNologon
2011 097 07:31:00,Blogon
2011 097 07:32:48,BUrl
2011 097 11:52:32,BSendEmail
2011 097 12:06:36,CUrl
2011 097 16:53:00,CNologon
2011 098 07:47:00,Blogon
2011 098 08:14:44,BUrl
2011 098 09:06:38,BSendEmail
2011 098 09:10:56,BUrl
2011 098 12:59:30,CUrl
2011 098 16:44:00,CNologon
2011 101 07:45:00,Blogon
2011 101 07:46:32,BUrl
2011 101 13:27:01,CUrl
2011 101 14:44:52,CSendEmail
2011 101 15:26:58,CUrl
2011 101 16:44:00,CNologon
2011 102 07:48:00,Blogon
2011 102 08:06:17,BUrl
2011 102 12:02:16,CUrl
2011 102 16:41:35,CSendEmail
2011 102 16:43:00,CNologon
2011 103 07:33:00,Blogon
2011 103 08:24:56,BUrl
2011 103 12:32:50,CSendEmail
2011 103 12:37:19,CUrl
2011 103 16:44:00,CNologon
2011 104 07:41:00,Blogon
2011 104 07:42:34,BUrl
2011 104 13:41:34,CUrl
2011 104 14:02:27,CSendEmail
2011 104 15:16:59,CUrl
2011 104 16:45:00,CNologon
2011 105 07:48:00,Blogon
2011 105 07:54:36,BUrl
2011 105 15:30:07,CUrl
2011 105 16:06:14,CSendEmail
2011 105 16:21:09,CUrl
2011 105 16:45:00,CNologon
2011 108 07:48:00,Blogon
2011 108 08:23:11,BUrl
2011 108 12:25:43,CUrl
2011 108 13:45:09,CSendEmail
2011 108 14:50:07,CUrl
2011 108 16:54:00,CNologon
2011 109 07:46:00,Blogon
2011 109 08:01:32,BUrl
2011 109 12:11:25,CUrl
2011 109 12:34:50,CSendEmail
2011 109 16:13:09,CUrl
2011 109 16:42:00,CNologon
2011 110 07:31:00,Blogon
2011 110 07:43:06,BSendEmail
2011 110 08:00:35,BUrl
2011 110 13:42:34,CUrl
2011 110 16:57:00,CNologon
2011 111 07:48:00,Blogon
2011 111 07:51:24,BUrl
2011 111 09:58:08,BSendEmail
2011 111 10:15:49,BUrl
2011 111 13:11:45,CUrl
2011 111 16:45:00,CNologon
2011 115 07:48:00,Blogon
2011 115 07:57:00,BUrl
2011 115 09:30:33,BSendEmail
2011 115 09:37:30,BUrl
2011 115 12:59:43,CUrl
2011 115 16:45:00,CNologon
2011 116 07:31:00,Blogon
2011 116 07:34:35,BUrl
2011 116 09:16:06,BSendEmail
2011 116 09:53:21,BUrl
2011 116 12:06:08,CUrl
2011 116 16:57:00,CNologon
2011 117 07:30:00,Blogon
2011 117 08:44:25,BUrl
2011 117 13:35:41,CUrl
2011 117 16:21:20,CSendEmail
2011 117 16:30:20,CUrl
2011 117 16:50:00,CNologon
2011 118 07:45:00,Blogon
2011 118 07:51:45,BUrl
2011 118 12:11:02,CUrl
2011 118 14:25:33,CSendEmail
2011 118 15:00:38,CUrl
2011 118 16:42:00,CNologon
2011 119 07:46:00,Blogon
2011 119 08:18:38,BUrl
2011 119 12:16:11,CUrl
2011 119 16:48:00,CNologon
2011 122 07:46:00,Blogon
2011 122 08:03:04,BUrl
2011 122 12:11:23,CUrl
2011 122 13:27:59,CSendEmail
2011 122 13:45:00,CUrl
2011 122 16:42:00,CNologon
2011 123 07:31:00,Blogon
2011 123 08:27:02,BUrl
2011 123 11:57:56,BSendEmail
2011 123 12:17:44,CUrl
2011 123 16:42:00,CNologon
2011 124 07:42:00,Blogon
2011 124 07:46:29,BUrl
2011 124 07:48:34,BSendEmail
2011 124 07:56:43,BUrl
2011 124 13:10:56,CUrl
2011 124 16:49:00,CNologon
2011 125 07:37:00,Blogon
2011 125 07:40:50,BUrl
2011 125 13:47:09,CUrl
2011 125 13:56:17,CSendEmail
2011 125 14:05:00,CUrl
2011 125 16:52:00,CNologon
2011 126 07:47:00,Blogon
2011 126 08:06:19,BUrl
2011 126 12:18:19,CUrl
2011 126 15:00:20,CSendEmail
2011 126 15:03:42,CUrl
2011 126 16:45:00,CNologon
2011 129 07:48:00,Blogon
2011 129 08:35:38,BUrl
2011 129 09:47:23,BSendEmail
2011 129 12:11:41,CUrl
2011 129 16:45:00,CNologon
2011 130 07:37:00,Blogon
2011 130 07:54:10,BUrl
2011 130 12:33:09,CUrl
2011 130 15:26:59,CSendEmail
2011 130 16:47:00,CNologon
2011 131 07:41:00,Blogon
2011 131 07:59:00,BUrl
2011 131 08:04:59,BSendEmail
2011 131 08:41:54,BUrl
2011 131 12:25:57,CUrl
2011 131 16:44:00,CNologon
2011 132 07:45:00,Blogon
2011 132 07:56:39,BUrl
2011 132 12:08:59,CUrl
2011 132 16:44:00,CNologon
2011 133 07:40:00,Blogon
2011 133 08:08:36,BUrl
2011 133 12:04:06,CUrl
2011 133 16:30:18,CSendEmail
2011 133 16:36:22,CUrl
2011 133 16:47:00,CNologon
2011 136 07:33:00,Blogon
2011 136 07:52:41,BUrl
2011 136 13:21:56,CUrl
2011 136 13:23:10,CSendEmail
2011 136 14:43:05,CUrl
2011 136 16:59:00,CNologon
