2010 004 07:53:00,Blogon
2010 004 09:38:25,BUrl
2010 004 13:05:11,CUrl
2010 004 16:50:33,CSendEmail
2010 004 17:08:14,CUrl
2010 004 18:10:00,DNologon
2010 005 07:56:00,Blogon
2010 005 08:14:10,BUrl
2010 005 10:29:16,BSendEmail
2010 005 10:33:04,BUrl
2010 005 14:16:07,CUrl
2010 005 17:55:00,CNologon
2010 006 07:47:00,Blogon
2010 006 08:01:28,BUrl
2010 006 08:17:21,BSendEmail
2010 006 09:26:02,BUrl
2010 006 12:46:31,CUrl
2010 006 17:50:00,CNologon
2010 007 08:07:00,Blogon
2010 007 08:26:41,BUrl
2010 007 13:23:18,CUrl
2010 007 17:25:20,CSendEmail
2010 007 17:58:00,CNologon
2010 008 07:46:00,Blogon
2010 008 07:48:51,BUrl
2010 008 13:36:09,CUrl
2010 008 14:14:32,CSendEmail
2010 008 14:18:40,CUrl
2010 008 17:51:00,CNologon
2010 011 07:46:00,Blogon
2010 011 08:36:51,BUrl
2010 011 12:44:09,CSendEmail
2010 011 14:00:52,CUrl
2010 011 18:01:00,DNologon
2010 012 07:52:00,Blogon
2010 012 08:59:22,BUrl
2010 012 09:41:10,BSendEmail
2010 012 10:08:06,BUrl
2010 012 13:16:54,CUrl
2010 012 18:02:24,DUrl
2010 012 18:13:00,DNologon
2010 013 08:00:00,Blogon
2010 013 08:33:56,BUrl
2010 013 12:33:35,CUrl
2010 013 14:51:14,CSendEmail
2010 013 15:09:20,CUrl
2010 013 17:59:00,CNologon
2010 014 07:52:00,Blogon
2010 014 07:58:51,BUrl
2010 014 13:19:20,CUrl
2010 014 14:35:17,CSendEmail
2010 014 15:48:52,CUrl
2010 014 18:03:52,DUrl
2010 014 18:06:00,DNologon
2010 015 08:07:00,Blogon
2010 015 08:15:52,BUrl
2010 015 14:45:53,CUrl
2010 015 17:04:24,CSendEmail
2010 015 17:12:42,CUrl
2010 015 17:53:00,CNologon
2010 018 07:56:00,Blogon
2010 018 07:58:38,BUrl
2010 018 12:43:51,CUrl
2010 018 13:59:42,CSendEmail
2010 018 15:16:27,CUrl
2010 018 18:03:00,DNologon
2010 019 07:49:00,Blogon
2010 019 07:59:07,BUrl
2010 019 12:10:59,CUrl
2010 019 13:58:30,CSendEmail
2010 019 15:15:23,CUrl
2010 019 18:07:35,DUrl
2010 019 18:15:00,DNologon
2010 020 08:00:00,Blogon
2010 020 09:07:50,BUrl
2010 020 11:56:10,BSendEmail
2010 020 11:56:45,BUrl
2010 020 13:05:51,CUrl
2010 020 18:02:00,DNologon
2010 021 08:00:00,Blogon
2010 021 08:56:04,BUrl
2010 021 13:18:32,CUrl
2010 021 17:08:17,CSendEmail
2010 021 17:26:57,CUrl
2010 021 17:51:00,CNologon
2010 022 07:57:00,Blogon
2010 022 08:13:53,BUrl
2010 022 12:03:45,CUrl
2010 022 14:21:02,CSendEmail
2010 022 15:32:23,CUrl
2010 022 18:06:00,DNologon
2010 025 07:56:00,Blogon
2010 025 09:31:01,BUrl
2010 025 11:59:21,BSendEmail
2010 025 13:16:10,CUrl
2010 025 18:06:00,DNologon
2010 026 08:01:00,Blogon
2010 026 08:04:15,BUrl
2010 026 12:17:55,CUrl
2010 026 13:01:10,CSendEmail
2010 026 14:15:21,CUrl
2010 026 18:00:00,DNologon
2010 027 07:55:00,Blogon
2010 027 08:23:22,BUrl
2010 027 11:40:14,BSendEmail
2010 027 11:47:50,BUrl
2010 027 12:05:30,CUrl
2010 027 18:03:00,DNologon
2010 028 07:48:00,Blogon
2010 028 09:17:16,BUrl
2010 028 12:35:38,CUrl
2010 028 13:26:11,CSendEmail
2010 028 13:28:42,CUrl
2010 028 18:06:00,DNologon
2010 029 08:03:00,Blogon
2010 029 08:39:48,BUrl
2010 029 12:40:06,CUrl
2010 029 17:37:29,CSendEmail
2010 029 17:56:00,CNologon
2010 032 08:10:00,Blogon
2010 032 08:39:11,BUrl
2010 032 12:47:59,CSendEmail
2010 032 13:36:00,CUrl
2010 032 17:52:00,CNologon
2010 033 08:06:00,Blogon
2010 033 08:28:45,BUrl
2010 033 08:41:50,BSendEmail
2010 033 09:13:17,BUrl
2010 033 14:06:10,CUrl
2010 033 17:51:00,CNologon
2010 034 08:10:00,Blogon
2010 034 08:43:02,BUrl
2010 034 12:23:48,CUrl
2010 034 17:51:00,CNologon
2010 035 08:05:00,Blogon
2010 035 08:39:54,BUrl
2010 035 12:08:12,CUrl
2010 035 15:15:34,CSendEmail
2010 035 17:11:37,CUrl
2010 035 17:52:00,CNologon
2010 036 08:00:00,Blogon
2010 036 08:17:04,BUrl
2010 036 14:13:27,CUrl
2010 036 17:34:37,CSendEmail
2010 036 17:50:00,CNologon
2010 039 08:08:00,Blogon
2010 039 08:59:08,BUrl
2010 039 09:11:15,BSendEmail
2010 039 09:47:14,BUrl
2010 039 12:16:09,CUrl
2010 039 18:06:00,DNologon
2010 040 08:08:00,Blogon
2010 040 08:10:15,BUrl
2010 040 12:17:16,CUrl
2010 040 14:18:45,CSendEmail
2010 040 16:49:26,CUrl
2010 040 17:53:00,CNologon
2010 041 08:10:00,Blogon
2010 041 08:11:47,BUrl
2010 041 12:36:38,CSendEmail
2010 041 12:58:38,CUrl
2010 041 17:59:00,CNologon
2010 042 08:01:00,Blogon
2010 042 08:30:40,BUrl
2010 042 11:27:12,BSendEmail
2010 042 12:28:11,CUrl
2010 042 17:51:00,CNologon
2010 043 08:08:00,Blogon
2010 043 09:19:11,BUrl
2010 043 11:55:14,BSendEmail
2010 043 12:48:12,CUrl
2010 043 17:51:00,CNologon
2010 046 07:53:00,Blogon
2010 046 08:03:39,BUrl
2010 046 13:11:50,CUrl
2010 046 16:07:22,CSendEmail
2010 046 16:48:03,CUrl
2010 046 18:11:00,DNologon
2010 047 08:04:00,Blogon
2010 047 08:18:14,BSendEmail
2010 047 08:19:30,BUrl
2010 047 13:23:37,CUrl
2010 047 18:00:00,DNologon
2010 048 07:55:00,Blogon
2010 048 09:10:21,BUrl
2010 048 09:16:36,BSendEmail
2010 048 10:07:22,BUrl
2010 048 12:35:18,CUrl
2010 048 18:08:00,DNologon
2010 049 07:45:00,Blogon
2010 049 07:57:19,BUrl
2010 049 10:17:14,BSendEmail
2010 049 11:56:14,BUrl
2010 049 13:36:25,CUrl
2010 049 17:50:00,CNologon
2010 050 07:56:00,Blogon
2010 050 08:08:27,BUrl
2010 050 13:02:03,CUrl
2010 050 13:36:02,CSendEmail
2010 050 13:44:42,CUrl
2010 050 18:01:00,DNologon
2010 053 07:57:00,Blogon
2010 053 09:54:09,BUrl
2010 053 10:11:42,BSendEmail
2010 053 10:50:01,BUrl
2010 053 14:51:14,CUrl
2010 053 18:12:00,DNologon
2010 054 08:00:00,Blogon
2010 054 08:04:25,BUrl
2010 054 12:19:09,CUrl
2010 054 17:13:19,CSendEmail
2010 054 17:47:32,CUrl
2010 054 18:06:00,DNologon
2010 055 08:09:00,Blogon
2010 055 08:36:20,BUrl
2010 055 13:04:16,CUrl
2010 055 13:42:42,CSendEmail
2010 055 14:01:00,CUrl
2010 055 17:52:00,CNologon
2010 056 08:04:00,Blogon
2010 056 08:09:31,BSendEmail
2010 056 09:31:51,BUrl
2010 056 12:39:47,CUrl
2010 056 17:53:00,CNologon
2010 057 07:56:00,Blogon
2010 057 08:01:41,BUrl
2010 057 08:57:28,BSendEmail
2010 057 10:11:10,BUrl
2010 057 12:57:07,CUrl
2010 057 17:52:00,CNologon
2010 060 07:55:00,Blogon
2010 060 08:03:45,BSendEmail
2010 060 08:21:51,BUrl
2010 060 12:06:25,CUrl
2010 060 18:07:00,DNologon
2010 061 08:07:00,Blogon
2010 061 08:13:49,BUrl
2010 061 10:19:53,BSendEmail
2010 061 10:39:39,BUrl
2010 061 12:25:45,CUrl
2010 061 18:07:00,DNologon
2010 062 08:06:00,Blogon
2010 062 08:39:17,BUrl
2010 062 11:19:53,BSendEmail
2010 062 13:11:52,CUrl
2010 062 17:57:00,CNologon
2010 063 07:51:00,Blogon
2010 063 07:59:55,BUrl
2010 063 14:11:09,CUrl
2010 063 17:40:07,CSendEmail
2010 063 17:51:00,CNologon
2010 064 07:50:00,Blogon
2010 064 08:22:12,BUrl
2010 064 14:33:09,CUrl
2010 064 15:36:05,CSendEmail
2010 064 16:16:16,CUrl
2010 064 17:58:00,CNologon
2010 067 08:03:00,Blogon
2010 067 08:13:46,BUrl
2010 067 12:29:10,CUrl
2010 067 17:08:51,CSendEmail
2010 067 17:10:31,CUrl
2010 067 17:50:00,CNologon
2010 068 07:52:00,Blogon
2010 068 07:54:01,BUrl
2010 068 13:05:24,CUrl
2010 068 17:40:53,CSendEmail
2010 068 17:44:51,CUrl
2010 068 18:08:00,DNologon
2010 069 07:57:00,Blogon
2010 069 08:17:58,BUrl
2010 069 12:02:39,CUrl
2010 069 12:31:20,CSendEmail
2010 069 12:51:43,CUrl
2010 069 18:00:00,DNologon
2010 070 07:46:00,Blogon
2010 070 08:32:28,BUrl
2010 070 13:16:04,CUrl
2010 070 17:43:06,CSendEmail
2010 070 17:55:00,CNologon
2010 071 07:50:00,Blogon
2010 071 08:13:09,BUrl
2010 071 08:54:24,BSendEmail
2010 071 09:37:25,BUrl
2010 071 13:11:10,CUrl
2010 071 18:01:00,DNologon
2010 074 07:57:00,Blogon
2010 074 09:40:34,BUrl
2010 074 12:41:09,CUrl
2010 074 15:10:11,CSendEmail
2010 074 16:04:36,CUrl
2010 074 18:05:00,DNologon
2010 075 08:08:00,Blogon
2010 075 08:21:44,BUrl
2010 075 12:41:35,CUrl
2010 075 13:09:16,CSendEmail
2010 075 16:04:25,CUrl
2010 075 17:51:00,CNologon
2010 076 08:07:00,Blogon
2010 076 08:25:34,BUrl
2010 076 15:34:07,CSendEmail
2010 076 15:38:22,CUrl
2010 076 17:59:00,CNologon
2010 077 08:07:00,Blogon
2010 077 08:37:33,BUrl
2010 077 13:35:11,CUrl
2010 077 16:36:44,CSendEmail
2010 077 16:43:38,CUrl
2010 077 18:11:00,DNologon
2010 078 08:04:00,Blogon
2010 078 08:17:02,BUrl
2010 078 09:37:41,BSendEmail
2010 078 10:30:24,BUrl
2010 078 13:15:30,CUrl
2010 078 18:01:00,DNologon
2010 081 07:57:00,Blogon
2010 081 08:14:26,BUrl
2010 081 09:59:57,BSendEmail
2010 081 10:49:29,BUrl
2010 081 13:07:57,CUrl
2010 081 18:07:00,DNologon
2010 082 07:58:00,Blogon
2010 082 08:24:24,BUrl
2010 082 12:35:56,CUrl
2010 082 13:03:03,CSendEmail
2010 082 13:25:42,CUrl
2010 082 17:51:00,CNologon
2010 083 07:50:00,Blogon
2010 083 09:35:20,BSendEmail
2010 083 10:13:33,BUrl
2010 083 12:01:47,CUrl
2010 083 18:09:35,DUrl
2010 083 18:12:00,DNologon
2010 084 08:02:00,Blogon
2010 084 09:09:14,BUrl
2010 084 12:42:07,CUrl
2010 084 17:28:38,CSendEmail
2010 084 17:55:00,CNologon
2010 085 07:49:00,Blogon
2010 085 08:01:42,BUrl
2010 085 11:43:56,BSendEmail
2010 085 12:54:56,CUrl
2010 085 18:09:00,DNologon
2010 088 07:55:00,Blogon
2010 088 09:47:32,BUrl
2010 088 12:40:49,CUrl
2010 088 15:17:29,CSendEmail
2010 088 15:27:52,CUrl
2010 088 18:00:00,DNologon
2010 089 07:46:00,Blogon
2010 089 08:47:56,BUrl
2010 089 15:53:55,CUrl
2010 089 17:06:24,CSendEmail
2010 089 17:21:16,CUrl
2010 089 17:57:00,CNologon
2010 090 08:02:00,Blogon
2010 090 09:38:12,BUrl
2010 090 12:20:42,CUrl
2010 090 15:48:05,CSendEmail
2010 090 16:48:20,CUrl
2010 090 18:00:00,DNologon
2010 091 07:58:00,Blogon
2010 091 08:32:36,BUrl
2010 091 10:08:28,BSendEmail
2010 091 11:55:19,BUrl
2010 091 13:07:27,CUrl
2010 091 18:10:22,DUrl
2010 091 18:13:00,DNologon
2010 095 07:50:00,Blogon
2010 095 09:51:05,BSendEmail
2010 095 09:54:24,BUrl
2010 095 14:06:42,CUrl
2010 095 18:01:00,DNologon
2010 096 07:50:00,Blogon
2010 096 09:00:10,BUrl
2010 096 09:52:13,BSendEmail
2010 096 10:59:16,BUrl
2010 096 12:02:00,CUrl
2010 096 18:13:00,DNologon
2010 097 07:55:00,Blogon
2010 097 08:47:04,BUrl
2010 097 13:56:54,CUrl
2010 097 14:15:31,CSendEmail
2010 097 16:02:09,CUrl
2010 097 18:04:00,DNologon
2010 098 08:00:00,Blogon
2010 098 08:13:34,BUrl
2010 098 14:02:17,CUrl
2010 098 15:14:55,CSendEmail
2010 098 15:25:38,CUrl
2010 098 18:00:00,DNologon
2010 099 08:08:00,Blogon
2010 099 08:17:17,BUrl
2010 099 13:13:01,CUrl
2010 099 14:05:14,CSendEmail
2010 099 16:18:39,CUrl
2010 099 18:09:22,DUrl
2010 099 18:12:00,DNologon
2010 102 07:58:00,Blogon
2010 102 07:59:55,BSendEmail
2010 102 08:05:23,BUrl
2010 102 14:29:27,CUrl
2010 102 18:02:17,DUrl
2010 102 18:08:00,DNologon
2010 103 07:57:00,Blogon
2010 103 09:13:51,BUrl
2010 103 13:24:06,CUrl
2010 103 14:32:20,CSendEmail
2010 103 15:51:27,CUrl
2010 103 18:05:00,DNologon
2010 104 07:51:00,Blogon
2010 104 07:54:47,BUrl
2010 104 12:37:48,CUrl
2010 104 14:24:07,CSendEmail
2010 104 14:42:11,CUrl
2010 104 18:11:00,DNologon
2010 105 08:04:00,Blogon
2010 105 08:45:05,BUrl
2010 105 13:27:58,CUrl
2010 105 17:46:46,CSendEmail
2010 105 17:53:00,CNologon
2010 106 08:08:00,Blogon
2010 106 08:46:26,BUrl
2010 106 14:36:42,CUrl
2010 106 14:45:41,CSendEmail
2010 106 15:07:56,CUrl
2010 106 18:11:00,DNologon
2010 109 07:56:00,Blogon
2010 109 09:17:53,BUrl
2010 109 13:01:38,CUrl
2010 109 14:13:49,CSendEmail
2010 109 17:01:21,CUrl
2010 109 18:05:00,DNologon
2010 110 08:00:00,Blogon
2010 110 08:13:32,BUrl
2010 110 12:05:36,CUrl
2010 110 16:52:58,CSendEmail
2010 110 17:08:16,CUrl
2010 110 17:50:00,CNologon
2010 111 07:59:00,Blogon
2010 111 08:29:31,BUrl
2010 111 10:35:45,BSendEmail
2010 111 11:14:51,BUrl
2010 111 13:09:32,CUrl
2010 111 18:15:00,DNologon
2010 112 07:54:00,Blogon
2010 112 08:50:13,BUrl
2010 112 11:11:46,BSendEmail
2010 112 11:39:53,BUrl
2010 112 16:24:25,CUrl
2010 112 17:57:00,CNologon
2010 113 08:07:00,Blogon
2010 113 08:42:17,BUrl
2010 113 12:10:21,CUrl
2010 113 17:35:58,CSendEmail
2010 113 17:58:00,CNologon
2010 116 07:55:00,Blogon
2010 116 07:57:10,BUrl
2010 116 12:26:59,CSendEmail
2010 116 12:44:14,CUrl
2010 116 17:55:00,CNologon
2010 117 07:46:00,Blogon
2010 117 07:52:13,BSendEmail
2010 117 08:05:56,BUrl
2010 117 12:44:12,CUrl
2010 117 18:04:00,DNologon
2010 118 08:07:00,Blogon
2010 118 09:07:25,BUrl
2010 118 17:04:11,CUrl
2010 118 17:37:06,CSendEmail
2010 118 17:52:55,CUrl
2010 118 18:08:00,DNologon
2010 119 08:07:00,Blogon
2010 119 08:25:03,BUrl
2010 119 12:35:02,CSendEmail
2010 119 13:01:01,CUrl
2010 119 17:53:00,CNologon
2010 120 07:49:00,Blogon
2010 120 08:30:40,BSendEmail
2010 120 08:32:31,BUrl
2010 120 12:47:37,CUrl
2010 120 18:02:00,DNologon
2010 123 08:07:00,Blogon
2010 123 08:27:01,BUrl
2010 123 08:33:11,BSendEmail
2010 123 09:33:57,BUrl
2010 123 14:45:12,CUrl
2010 123 17:54:00,CNologon
2010 124 07:52:00,Blogon
2010 124 08:20:19,BUrl
2010 124 12:11:42,CUrl
2010 124 15:52:30,CSendEmail
2010 124 16:47:39,CUrl
2010 124 18:09:00,DNologon
2010 125 08:10:00,Blogon
2010 125 08:39:11,BUrl
2010 125 12:06:40,CUrl
2010 125 15:58:05,CSendEmail
2010 125 17:32:31,CUrl
2010 125 17:51:00,CNologon
2010 126 08:05:00,Blogon
2010 126 08:07:18,BUrl
2010 126 08:37:46,BSendEmail
2010 126 08:59:09,BUrl
2010 126 12:07:11,CUrl
2010 126 17:52:00,CNologon
2010 127 07:48:00,Blogon
2010 127 07:52:35,BUrl
2010 127 09:26:20,BSendEmail
2010 127 10:32:13,BUrl
2010 127 12:05:02,CUrl
2010 127 17:50:00,CNologon
2010 130 08:09:00,Blogon
2010 130 09:46:32,BUrl
2010 130 12:14:29,CUrl
2010 130 17:52:00,CNologon
2010 131 07:55:00,Blogon
2010 131 08:28:36,BSendEmail
2010 131 08:29:32,BUrl
2010 131 12:13:49,CUrl
2010 131 18:05:00,DNologon
2010 132 08:01:00,Blogon
2010 132 08:28:12,BUrl
2010 132 13:18:23,CUrl
2010 132 17:58:55,CSendEmail
2010 132 18:00:00,DNologon
2010 133 07:54:00,Blogon
2010 133 07:55:03,BUrl
2010 133 12:15:51,CUrl
2010 133 13:07:47,CSendEmail
2010 133 14:27:07,CUrl
2010 133 18:13:00,DNologon
2010 134 07:47:00,Blogon
2010 134 08:00:51,BUrl
2010 134 13:03:36,CUrl
2010 134 16:41:42,CSendEmail
2010 134 17:35:20,CUrl
2010 134 18:02:20,DUrl
2010 134 18:14:00,DNologon
2010 137 08:01:00,Blogon
2010 137 08:20:53,BUrl
2010 137 12:35:19,CUrl
2010 137 17:45:44,CSendEmail
2010 137 17:50:00,CNologon
2010 138 07:48:00,Blogon
2010 138 08:17:24,BUrl
2010 138 10:39:32,BSendEmail
2010 138 10:40:06,BUrl
2010 138 13:30:41,CUrl
2010 138 17:54:00,CNologon
2010 139 08:05:00,Blogon
2010 139 08:17:27,BUrl
2010 139 08:57:52,BSendEmail
2010 139 09:50:29,BUrl
2010 139 13:09:23,CUrl
2010 139 18:05:00,DNologon
2010 140 07:49:00,Blogon
2010 140 08:09:06,BUrl
2010 140 11:07:22,BSendEmail
2010 140 11:33:18,BUrl
2010 140 13:45:27,CUrl
2010 140 18:12:00,DNologon
2010 141 07:54:00,Blogon
2010 141 07:58:45,BSendEmail
2010 141 08:19:27,BUrl
2010 141 13:27:13,CUrl
2010 141 18:14:00,DNologon
2010 144 08:00:00,Blogon
2010 144 08:39:22,BUrl
2010 144 10:18:23,BSendEmail
2010 144 12:09:11,CUrl
2010 144 18:13:00,DNologon
2010 145 08:03:00,Blogon
2010 145 08:06:40,BUrl
2010 145 09:02:57,BSendEmail
2010 145 11:01:14,BUrl
2010 145 13:10:49,CUrl
2010 145 17:59:00,CNologon
2010 146 08:08:00,Blogon
2010 146 08:17:06,BUrl
2010 146 11:11:54,BSendEmail
2010 146 12:41:17,CUrl
2010 146 17:59:00,CNologon
2010 147 07:51:00,Blogon
2010 147 07:57:33,BUrl
2010 147 12:25:42,CSendEmail
2010 147 15:01:40,CUrl
2010 147 18:11:00,DNologon
2010 148 07:48:00,Blogon
2010 148 08:13:31,BUrl
2010 148 12:16:16,CUrl
2010 148 15:10:12,CSendEmail
2010 148 17:19:42,CUrl
2010 148 18:00:00,DNologon
2010 152 08:07:00,Blogon
2010 152 09:37:03,BUrl
2010 152 10:22:02,BSendEmail
2010 152 10:24:50,BUrl
2010 152 12:17:51,CUrl
2010 152 18:11:00,DNologon
2010 153 07:57:00,Blogon
2010 153 08:10:54,BUrl
2010 153 13:13:21,CSendEmail
2010 153 13:38:24,CUrl
2010 153 18:05:00,DNologon
2010 154 08:02:00,Blogon
2010 154 08:09:26,BUrl
2010 154 10:19:31,BSendEmail
2010 154 10:52:00,BUrl
2010 154 12:41:06,CUrl
2010 154 18:01:00,DNologon
2010 155 07:54:00,Blogon
2010 155 08:02:51,BUrl
2010 155 08:55:22,BSendEmail
2010 155 09:48:51,BUrl
2010 155 12:59:14,CUrl
2010 155 18:02:00,DNologon
2010 158 07:56:00,Blogon
2010 158 08:04:57,BUrl
2010 158 12:50:40,CSendEmail
2010 158 14:34:08,CUrl
2010 158 18:07:00,DNologon
2010 159 08:00:00,Blogon
2010 159 09:10:13,BUrl
2010 159 12:11:29,CUrl
2010 159 16:38:34,CSendEmail
2010 159 17:28:02,CUrl
2010 159 17:54:00,CNologon
2010 160 07:51:00,Blogon
2010 160 10:37:55,BUrl
2010 160 13:39:56,CUrl
2010 160 17:41:57,CSendEmail
2010 160 18:07:08,DUrl
2010 160 18:09:00,DNologon
2010 161 07:55:00,Blogon
2010 161 08:09:00,BUrl
2010 161 12:01:17,CUrl
2010 161 15:52:35,CSendEmail
2010 161 16:59:03,CUrl
2010 161 18:03:00,DNologon
2010 162 07:54:00,Blogon
2010 162 07:58:50,BUrl
2010 162 12:48:50,CUrl
2010 162 17:47:27,CSendEmail
2010 162 17:55:00,CNologon
2010 165 07:53:00,Blogon
2010 165 08:02:26,BUrl
2010 165 09:29:31,BSendEmail
2010 165 10:28:12,BUrl
2010 165 12:16:40,CUrl
2010 165 17:54:00,CNologon
2010 166 07:56:00,Blogon
2010 166 08:39:47,BUrl
2010 166 12:16:35,CUrl
2010 166 12:33:55,CSendEmail
2010 166 16:24:12,CUrl
2010 166 18:02:00,DNologon
2010 167 08:06:00,Blogon
2010 167 08:45:38,BUrl
2010 167 13:06:45,CUrl
2010 167 16:57:17,CSendEmail
2010 167 17:04:43,CUrl
2010 167 18:14:00,DNologon
2010 168 08:05:00,Blogon
2010 168 08:10:54,BUrl
2010 168 14:20:52,CUrl
2010 168 15:20:18,CSendEmail
2010 168 15:44:09,CUrl
2010 168 17:55:00,CNologon
2010 169 08:08:00,Blogon
2010 169 08:32:26,BUrl
2010 169 12:01:30,CSendEmail
2010 169 13:02:05,CUrl
2010 169 17:58:00,CNologon
2010 172 07:51:00,Blogon
2010 172 07:54:19,BUrl
2010 172 11:58:26,BSendEmail
2010 172 13:04:24,CUrl
2010 172 18:00:44,DUrl
2010 172 18:06:00,DNologon
2010 173 07:59:00,Blogon
2010 173 08:06:09,BUrl
2010 173 09:26:20,BSendEmail
2010 173 09:31:47,BUrl
2010 173 12:55:55,CUrl
2010 173 18:06:00,DNologon
2010 174 07:53:00,Blogon
2010 174 08:12:05,BUrl
2010 174 13:23:12,CUrl
2010 174 17:41:36,CSendEmail
2010 174 17:57:08,CUrl
2010 174 18:07:00,DNologon
2010 175 07:48:00,Blogon
2010 175 07:59:58,BUrl
2010 175 14:21:19,CSendEmail
2010 175 14:49:21,CUrl
2010 175 17:52:00,CNologon
2010 176 07:59:00,Blogon
2010 176 08:00:26,BUrl
2010 176 13:42:32,CSendEmail
2010 176 17:37:35,CUrl
2010 176 18:01:00,DNologon
2010 179 07:52:00,Blogon
2010 179 08:05:22,BUrl
2010 179 13:55:00,CUrl
2010 179 14:35:36,CSendEmail
2010 179 16:06:44,CUrl
2010 179 18:08:08,DUrl
2010 179 18:14:00,DNologon
2010 180 08:01:00,Blogon
2010 180 08:17:12,BUrl
2010 180 12:02:08,CUrl
2010 180 17:50:36,CSendEmail
2010 180 18:08:52,DUrl
2010 180 18:10:00,DNologon
2010 181 08:04:00,Blogon
2010 181 09:17:33,BUrl
2010 181 12:38:25,CUrl
2010 181 14:57:14,CSendEmail
2010 181 15:39:14,CUrl
2010 181 17:57:00,CNologon
2010 182 07:54:00,Blogon
2010 182 08:29:11,BUrl
2010 182 14:56:16,CUrl
2010 182 16:16:48,CSendEmail
2010 182 16:24:37,CUrl
2010 182 18:08:00,DNologon
2010 183 07:52:00,Blogon
2010 183 08:53:54,BUrl
2010 183 09:44:15,BSendEmail
2010 183 10:34:12,BUrl
2010 183 13:02:30,CUrl
2010 183 18:01:00,DNologon
2010 187 07:56:00,Blogon
2010 187 08:53:30,BUrl
2010 187 12:41:52,CUrl
2010 187 16:25:28,CSendEmail
2010 187 17:21:33,CUrl
2010 187 17:59:00,CNologon
2010 188 08:07:00,Blogon
2010 188 08:39:52,BUrl
2010 188 11:06:20,BSendEmail
2010 188 11:17:20,BUrl
2010 188 15:36:40,CUrl
2010 188 17:55:00,CNologon
2010 189 07:47:00,Blogon
2010 189 08:10:45,BUrl
2010 189 14:48:21,CUrl
2010 189 15:27:33,CSendEmail
2010 189 17:53:18,CUrl
2010 189 17:59:00,CNologon
2010 190 08:01:00,Blogon
2010 190 08:19:31,BUrl
2010 190 14:00:33,CUrl
2010 190 17:29:30,CSendEmail
2010 190 17:29:48,CUrl
2010 190 17:54:00,CNologon
2010 193 08:08:00,Blogon
2010 193 08:37:49,BUrl
2010 193 12:54:52,CUrl
2010 193 15:43:37,CSendEmail
2010 193 17:06:29,CUrl
2010 193 18:13:00,DNologon
2010 194 08:00:00,Blogon
2010 194 08:28:59,BUrl
2010 194 08:29:17,BSendEmail
2010 194 08:31:40,BUrl
2010 194 16:32:08,CUrl
2010 194 17:59:00,CNologon
2010 195 08:09:00,Blogon
2010 195 08:41:18,BUrl
2010 195 14:49:36,CUrl
2010 195 17:36:27,CSendEmail
2010 195 17:50:00,CNologon
2010 196 08:01:00,Blogon
2010 196 09:12:46,BUrl
2010 196 13:01:29,CUrl
2010 196 13:45:46,CSendEmail
2010 196 14:07:05,CUrl
2010 196 18:00:00,DNologon
2010 197 08:09:00,Blogon
2010 197 08:23:47,BUrl
2010 197 08:41:54,BSendEmail
2010 197 09:50:06,BUrl
2010 197 15:44:32,CUrl
2010 197 17:59:00,CNologon
2010 200 08:05:00,Blogon
2010 200 08:48:04,BUrl
2010 200 12:40:46,CUrl
2010 200 13:25:47,CSendEmail
2010 200 14:42:30,CUrl
2010 200 18:00:00,DNologon
2010 201 08:02:00,Blogon
2010 201 08:17:28,BUrl
2010 201 13:09:00,CSendEmail
2010 201 15:43:20,CUrl
2010 201 17:50:00,CNologon
2010 202 08:06:00,Blogon
2010 202 08:07:29,BUrl
2010 202 11:14:50,BSendEmail
2010 202 13:51:30,CUrl
2010 202 17:59:00,CNologon
2010 203 07:58:00,Blogon
2010 203 08:08:02,BUrl
2010 203 12:04:19,CUrl
2010 203 17:32:51,CSendEmail
2010 203 18:15:00,DNologon
2010 204 07:53:00,Blogon
2010 204 08:58:50,BUrl
2010 204 12:41:58,CUrl
2010 204 14:23:11,CSendEmail
2010 204 15:17:23,CUrl
2010 204 17:50:00,CNologon
2010 207 07:49:00,Blogon
2010 207 08:55:55,BUrl
2010 207 13:34:00,CUrl
2010 207 17:24:29,CSendEmail
2010 207 17:53:00,CNologon
2010 208 08:10:00,Blogon
2010 208 08:46:23,BUrl
2010 208 14:11:18,CUrl
2010 208 17:14:50,CSendEmail
2010 208 17:20:46,CUrl
2010 208 17:51:00,CNologon
2010 209 08:10:00,Blogon
2010 209 08:57:24,BUrl
2010 209 12:09:13,CUrl
2010 209 12:19:56,CSendEmail
2010 209 12:32:06,CUrl
2010 209 17:53:00,CNologon
2010 210 07:49:00,Blogon
2010 210 07:55:41,BUrl
2010 210 12:20:59,CUrl
2010 210 12:25:20,CSendEmail
2010 210 12:46:04,CUrl
2010 210 17:54:00,CNologon
2010 211 08:06:00,Blogon
2010 211 08:17:21,BUrl
2010 211 11:01:04,BSendEmail
2010 211 11:50:39,BUrl
2010 211 13:56:11,CUrl
2010 211 17:51:00,CNologon
2010 214 07:57:00,Blogon
2010 214 09:36:22,BUrl
2010 214 12:46:12,CUrl
2010 214 13:45:50,CSendEmail
2010 214 14:49:36,CUrl
2010 214 17:57:00,CNologon
2010 215 07:45:00,Blogon
2010 215 08:07:26,BUrl
2010 215 09:10:50,BSendEmail
2010 215 10:59:34,BUrl
2010 215 12:45:51,CUrl
2010 215 18:08:00,DNologon
2010 216 07:56:00,Blogon
2010 216 08:36:36,BUrl
2010 216 12:54:42,CUrl
2010 216 15:29:32,CSendEmail
2010 216 15:32:39,CUrl
2010 216 18:09:00,DNologon
2010 217 08:06:00,Blogon
2010 217 09:32:58,BUrl
2010 217 12:13:12,CUrl
2010 217 15:26:28,CSendEmail
2010 217 16:03:12,CUrl
2010 217 18:11:00,DNologon
2010 218 08:02:00,Blogon
2010 218 09:10:53,BUrl
2010 218 11:02:30,BSendEmail
2010 218 11:09:50,BUrl
2010 218 12:02:17,CUrl
2010 218 17:52:00,CNologon
2010 221 08:07:00,Blogon
2010 221 08:09:04,BUrl
2010 221 08:56:41,BSendEmail
2010 221 11:24:21,BUrl
2010 221 12:59:33,CUrl
2010 221 18:00:00,DNologon
2010 222 07:45:00,Blogon
2010 222 08:15:23,BUrl
2010 222 12:18:10,CSendEmail
2010 222 12:46:24,CUrl
2010 222 18:01:00,DNologon
2010 223 07:59:00,Blogon
2010 223 10:05:22,BUrl
2010 223 10:11:21,BSendEmail
2010 223 10:40:08,BUrl
2010 223 15:40:48,CUrl
2010 223 18:02:00,DNologon
2010 224 07:49:00,Blogon
2010 224 09:44:22,BUrl
2010 224 11:22:54,BSendEmail
2010 224 13:31:11,CUrl
2010 224 18:00:29,DUrl
2010 224 18:03:00,DNologon
2010 225 08:02:00,Blogon
2010 225 08:05:42,BUrl
2010 225 12:55:30,CUrl
2010 225 16:24:01,CSendEmail
2010 225 17:36:28,CUrl
2010 225 17:56:00,CNologon
2010 228 08:06:00,Blogon
2010 228 08:22:04,BUrl
2010 228 12:02:18,CUrl
2010 228 17:35:19,CSendEmail
2010 228 17:40:07,CUrl
2010 228 18:14:00,DNologon
2010 229 08:05:00,Blogon
2010 229 09:33:27,BUrl
2010 229 12:25:42,CUrl
2010 229 14:00:12,CSendEmail
2010 229 14:00:51,CUrl
2010 229 17:57:00,CNologon
2010 230 07:54:00,Blogon
2010 230 08:04:02,BUrl
2010 230 12:17:06,CUrl
2010 230 17:08:12,CSendEmail
2010 230 17:45:55,CUrl
2010 230 18:06:00,DNologon
2010 231 07:51:00,Blogon
2010 231 08:57:31,BUrl
2010 231 13:39:18,CUrl
2010 231 18:06:00,DNologon
2010 232 08:09:00,Blogon
2010 232 08:29:04,BUrl
2010 232 16:55:54,CUrl
2010 232 17:53:00,CNologon
2010 235 07:46:00,Blogon
2010 235 09:09:52,BUrl
2010 235 12:12:26,CUrl
2010 235 13:52:34,CSendEmail
2010 235 16:21:17,CUrl
2010 235 18:11:00,DNologon
2010 236 08:09:00,Blogon
2010 236 08:21:07,BUrl
2010 236 13:03:01,CSendEmail
2010 236 14:48:38,CUrl
2010 236 17:59:00,CNologon
2010 237 08:05:00,Blogon
2010 237 08:13:52,BUrl
2010 237 08:20:45,BSendEmail
2010 237 08:40:06,BUrl
2010 237 16:39:47,CUrl
2010 237 17:56:00,CNologon
2010 238 08:05:00,Blogon
2010 238 08:28:34,BUrl
2010 238 09:24:24,BSendEmail
2010 238 10:40:42,BUrl
2010 238 15:22:24,CUrl
2010 238 17:59:00,CNologon
2010 239 07:54:00,Blogon
2010 239 07:58:11,BUrl
2010 239 07:58:46,BSendEmail
2010 239 08:42:36,BUrl
2010 239 15:04:49,CUrl
2010 239 17:57:00,CNologon
2010 242 08:04:00,Blogon
2010 242 08:43:19,BUrl
2010 242 09:32:33,BSendEmail
2010 242 12:14:26,CUrl
2010 242 17:55:00,CNologon
2010 243 08:01:00,Blogon
2010 243 08:18:20,BUrl
2010 243 14:16:08,CSendEmail
2010 243 14:16:39,CUrl
2010 243 17:59:00,CNologon
2010 244 08:03:00,Blogon
2010 244 08:07:15,BUrl
2010 244 12:40:08,CUrl
2010 244 12:51:47,CSendEmail
2010 244 14:35:08,CUrl
2010 244 17:54:00,CNologon
2010 245 08:08:00,Blogon
2010 245 08:44:08,BUrl
2010 245 09:28:29,BSendEmail
2010 245 09:31:21,BUrl
2010 245 13:24:54,CUrl
2010 245 18:01:24,DUrl
2010 245 18:04:00,DNologon
2010 246 07:55:00,Blogon
2010 246 09:35:20,BUrl
2010 246 13:02:52,CUrl
2010 246 13:31:06,CSendEmail
2010 246 13:41:05,CUrl
2010 246 18:05:00,DNologon
2010 250 07:56:00,Blogon
2010 250 08:15:11,BSendEmail
2010 250 08:15:20,BUrl
2010 250 12:41:30,CUrl
2010 250 18:08:00,DNologon
2010 251 08:07:00,Blogon
2010 251 08:42:28,BUrl
2010 251 12:21:06,CUrl
2010 251 14:07:42,CSendEmail
2010 251 14:56:08,CUrl
2010 251 17:59:00,CNologon
2010 252 08:03:00,Blogon
2010 252 08:12:22,BUrl
2010 252 10:16:30,BSendEmail
2010 252 11:13:04,BUrl
2010 252 13:30:51,CUrl
2010 252 18:09:00,DNologon
2010 253 08:08:00,Blogon
2010 253 08:12:51,BUrl
2010 253 12:01:42,CUrl
2010 253 12:54:10,CSendEmail
2010 253 13:33:36,CUrl
2010 253 17:59:00,CNologon
2010 256 07:58:00,Blogon
2010 256 08:53:30,BUrl
2010 256 12:01:26,CSendEmail
2010 256 12:50:55,CUrl
2010 256 18:06:00,DNologon
2010 257 07:57:00,Blogon
2010 257 08:15:40,BUrl
2010 257 12:20:48,CUrl
2010 257 15:32:33,CSendEmail
2010 257 17:10:36,CUrl
2010 257 18:05:00,DNologon
2010 258 08:00:00,Blogon
2010 258 08:02:43,BUrl
2010 258 08:54:32,BSendEmail
2010 258 08:56:22,BUrl
2010 258 12:47:41,CUrl
2010 258 17:55:00,CNologon
2010 259 07:58:00,Blogon
2010 259 08:01:17,BUrl
2010 259 14:25:38,CUrl
2010 259 15:32:48,CSendEmail
2010 259 16:13:51,CUrl
2010 259 18:00:00,DNologon
2010 260 07:46:00,Blogon
2010 260 08:07:55,BUrl
2010 260 12:19:18,CUrl
2010 260 14:28:12,CSendEmail
2010 260 14:42:22,CUrl
2010 260 17:51:00,CNologon
2010 263 07:58:00,Blogon
2010 263 08:02:52,BUrl
2010 263 13:22:03,CSendEmail
2010 263 16:35:52,CUrl
2010 263 18:12:00,DNologon
2010 264 07:47:00,Blogon
2010 264 07:59:30,BUrl
2010 264 10:01:07,BSendEmail
2010 264 11:23:01,BUrl
2010 264 12:45:35,CUrl
2010 264 18:12:40,DUrl
2010 264 18:15:00,DNologon
2010 265 08:04:00,Blogon
2010 265 09:40:15,BUrl
2010 265 12:26:17,CUrl
2010 265 15:10:56,CSendEmail
2010 265 15:27:47,CUrl
2010 265 17:57:00,CNologon
2010 266 08:01:00,Blogon
2010 266 08:04:38,BUrl
2010 266 12:31:00,CUrl
2010 266 15:34:08,CSendEmail
2010 266 17:35:25,CUrl
2010 266 17:54:00,CNologon
2010 267 08:10:00,Blogon
2010 267 08:21:49,BUrl
2010 267 12:12:08,CUrl
2010 267 14:12:11,CSendEmail
2010 267 14:19:15,CUrl
2010 267 17:55:00,CNologon
2010 270 08:00:00,Blogon
2010 270 09:30:31,BUrl
2010 270 13:43:07,CUrl
2010 270 14:04:55,CSendEmail
2010 270 17:18:49,CUrl
2010 270 18:09:00,DNologon
2010 271 07:45:00,Blogon
2010 271 10:29:12,BUrl
2010 271 12:52:13,CUrl
2010 271 17:13:12,CSendEmail
2010 271 17:13:34,CUrl
2010 271 18:05:00,DNologon
2010 272 07:50:00,Blogon
2010 272 08:02:56,BUrl
2010 272 12:24:15,CUrl
2010 272 17:08:33,CSendEmail
2010 272 17:50:29,CUrl
2010 272 18:02:00,DNologon
2010 273 07:49:00,Blogon
2010 273 08:20:15,BSendEmail
2010 273 08:22:58,BUrl
2010 273 12:21:32,CUrl
2010 273 18:07:00,DNologon
2010 274 07:53:00,Blogon
2010 274 07:57:02,BUrl
2010 274 08:33:14,BSendEmail
2010 274 10:37:09,BUrl
2010 274 13:23:41,CUrl
2010 274 18:03:00,DNologon
2010 277 08:03:00,Blogon
2010 277 08:28:25,BUrl
2010 277 09:19:14,BSendEmail
2010 277 09:40:43,BUrl
2010 277 12:25:08,CUrl
2010 277 17:54:00,CNologon
2010 278 07:48:00,Blogon
2010 278 07:59:15,BUrl
2010 278 09:13:31,BSendEmail
2010 278 09:13:37,BUrl
2010 278 13:45:00,CUrl
2010 278 18:05:00,DNologon
2010 279 08:06:00,Blogon
2010 279 08:21:02,BUrl
2010 279 12:55:15,CSendEmail
2010 279 13:25:21,CUrl
2010 279 17:54:00,CNologon
2010 280 07:48:00,Blogon
2010 280 08:17:31,BUrl
2010 280 09:04:09,BSendEmail
2010 280 11:08:32,BUrl
2010 280 12:56:03,CUrl
2010 280 18:04:00,DNologon
2010 281 08:08:00,Blogon
2010 281 08:30:20,BUrl
2010 281 13:18:13,CSendEmail
2010 281 13:37:02,CUrl
2010 281 17:53:00,CNologon
2010 284 08:09:00,Blogon
2010 284 08:32:34,BUrl
2010 284 12:25:33,CUrl
2010 284 13:23:29,CSendEmail
2010 284 13:48:36,CUrl
2010 284 17:56:00,CNologon
2010 285 08:10:00,Blogon
2010 285 08:34:57,BUrl
2010 285 11:37:03,BSendEmail
2010 285 12:02:19,CUrl
2010 285 17:51:00,CNologon
2010 286 08:04:00,Blogon
2010 286 08:30:11,BUrl
2010 286 12:01:48,CUrl
2010 286 16:25:51,CSendEmail
2010 286 17:20:20,CUrl
2010 286 18:03:00,DNologon
2010 287 07:49:00,Blogon
2010 287 07:55:51,BUrl
2010 287 08:35:06,BSendEmail
2010 287 09:06:01,BUrl
2010 287 14:45:28,CUrl
2010 287 18:03:00,DNologon
2010 288 08:06:00,Blogon
2010 288 08:14:29,BUrl
2010 288 13:48:58,CUrl
2010 288 15:02:16,CSendEmail
2010 288 17:19:29,CUrl
2010 288 17:52:00,CNologon
2010 291 07:53:00,Blogon
2010 291 08:11:36,BUrl
2010 291 08:26:10,BSendEmail
2010 291 18:10:00,DNologon
2010 292 07:52:00,Blogon
2010 292 08:22:36,BUrl
2010 292 12:28:57,CSendEmail
2010 292 16:18:50,CUrl
2010 292 18:04:30,DUrl
2010 292 18:09:00,DNologon
2010 293 07:54:00,Blogon
2010 293 08:21:08,BUrl
2010 293 12:49:30,CUrl
2010 293 13:52:20,CSendEmail
2010 293 16:02:45,CUrl
2010 293 18:07:00,DNologon
2010 294 07:51:00,Blogon
2010 294 08:02:20,BUrl
2010 294 12:31:57,CUrl
2010 294 16:29:12,CSendEmail
2010 294 16:29:15,CUrl
2010 294 17:58:00,CNologon
2010 295 08:06:00,Blogon
2010 295 08:20:21,BUrl
2010 295 12:08:16,CUrl
2010 295 15:57:11,CSendEmail
2010 295 17:54:00,CNologon
2010 298 08:02:00,Blogon
2010 298 08:28:01,BUrl
2010 298 12:33:53,CUrl
2010 298 13:34:39,CSendEmail
2010 298 14:15:41,CUrl
2010 298 17:58:00,CNologon
2010 299 08:00:00,Blogon
2010 299 08:05:02,BUrl
2010 299 09:56:26,BSendEmail
2010 299 11:00:56,BUrl
2010 299 13:03:41,CUrl
2010 299 18:02:00,DNologon
2010 300 08:04:00,Blogon
2010 300 08:29:30,BUrl
2010 300 08:40:51,BSendEmail
2010 300 09:11:58,BUrl
2010 300 12:14:32,CUrl
2010 300 18:15:00,DNologon
2010 301 07:52:00,Blogon
2010 301 09:27:46,BUrl
2010 301 12:38:56,CUrl
2010 301 17:25:31,CSendEmail
2010 301 17:38:11,CUrl
2010 301 18:02:00,DNologon
2010 302 07:50:00,Blogon
2010 302 07:54:38,BUrl
2010 302 12:16:32,CUrl
2010 302 17:52:24,CSendEmail
2010 302 18:13:00,DNologon
2010 305 08:09:00,Blogon
2010 305 10:33:01,BUrl
2010 305 12:27:55,CUrl
2010 305 15:57:21,CSendEmail
2010 305 16:00:21,CUrl
2010 305 17:57:00,CNologon
2010 306 07:54:00,Blogon
2010 306 08:37:29,BUrl
2010 306 13:55:10,CUrl
2010 306 15:52:26,CSendEmail
2010 306 16:57:57,CUrl
2010 306 18:03:00,DNologon
2010 307 08:04:00,Blogon
2010 307 08:05:18,BUrl
2010 307 09:18:20,BSendEmail
2010 307 10:12:28,BUrl
2010 307 12:32:33,CUrl
2010 307 18:06:00,DNologon
2010 308 08:06:00,Blogon
2010 308 08:31:18,BUrl
2010 308 11:34:43,BSendEmail
2010 308 11:47:06,BUrl
2010 308 13:36:33,CUrl
2010 308 17:56:00,CNologon
2010 309 08:10:00,Blogon
2010 309 08:38:10,BUrl
2010 309 11:53:25,BSendEmail
2010 309 12:36:14,CUrl
2010 309 17:55:00,CNologon
2010 312 07:45:00,Blogon
2010 312 08:12:50,BUrl
2010 312 13:54:37,CUrl
2010 312 17:59:00,CNologon
2010 313 08:06:00,Blogon
2010 313 08:18:26,BUrl
2010 313 12:32:37,CUrl
2010 313 13:00:22,CSendEmail
2010 313 13:21:36,CUrl
2010 313 17:56:00,CNologon
2010 314 07:53:00,Blogon
2010 314 18:14:00,DNologon
2010 315 08:05:00,Blogon
2010 315 08:19:59,BUrl
2010 315 12:04:42,CUrl
2010 315 13:17:38,CSendEmail
2010 315 13:21:00,CUrl
2010 315 18:05:00,DNologon
2010 316 07:46:00,Blogon
2010 316 08:02:04,BSendEmail
2010 316 08:08:29,BUrl
2010 316 12:04:06,CUrl
2010 316 18:13:00,DNologon
2010 319 07:57:00,Blogon
2010 319 08:14:39,BUrl
2010 319 12:57:45,CUrl
2010 319 17:47:30,CSendEmail
2010 319 17:54:38,CUrl
2010 319 18:00:00,DNologon
2010 320 07:50:00,Blogon
2010 320 07:51:28,BUrl
2010 320 12:01:24,CSendEmail
2010 320 12:21:37,CUrl
2010 320 18:10:00,DNologon
2010 321 08:07:00,Blogon
2010 321 08:30:00,BUrl
2010 321 13:13:00,CSendEmail
2010 321 13:55:22,CUrl
2010 321 18:12:00,DNologon
2010 322 07:53:00,Blogon
2010 322 07:56:37,BUrl
2010 322 12:14:20,CUrl
2010 322 16:39:26,CSendEmail
2010 322 16:47:13,CUrl
2010 322 18:13:00,DNologon
2010 323 08:00:00,Blogon
2010 323 08:04:40,BUrl
2010 323 12:03:29,CUrl
2010 323 18:00:37,DSendEmail
2010 323 18:12:00,DNologon
2010 326 07:56:00,Blogon
2010 326 08:43:43,BUrl
2010 326 11:58:38,BSendEmail
2010 326 12:09:54,CUrl
2010 326 18:02:00,DNologon
2010 327 07:47:00,Blogon
2010 327 08:36:43,BUrl
2010 327 12:19:12,CUrl
2010 327 16:28:35,CSendEmail
2010 327 18:11:37,DUrl
2010 327 18:13:00,DNologon
2010 328 07:46:00,Blogon
2010 328 08:18:36,BUrl
2010 328 12:22:20,CSendEmail
2010 328 14:04:03,CUrl
2010 328 18:15:00,DNologon
2010 333 07:46:00,Blogon
2010 333 08:14:41,BSendEmail
2010 333 08:49:14,BUrl
2010 333 12:33:50,CUrl
2010 333 18:03:34,DUrl
2010 333 18:13:00,DNologon
2010 334 08:01:00,Blogon
2010 334 08:33:06,BUrl
2010 334 12:08:18,CSendEmail
2010 334 15:15:17,CUrl
2010 334 17:53:00,CNologon
2010 335 08:00:00,Blogon
2010 335 08:13:41,BUrl
2010 335 12:24:59,CUrl
2010 335 17:44:53,CSendEmail
2010 335 17:54:00,CNologon
2010 336 07:49:00,Blogon
2010 336 07:52:38,BUrl
2010 336 12:25:33,CUrl
2010 336 12:34:21,CSendEmail
2010 336 12:54:59,CUrl
2010 336 18:00:00,DNologon
2010 337 07:59:00,Blogon
2010 337 08:38:57,BUrl
2010 337 12:38:05,CUrl
2010 337 15:07:56,CSendEmail
2010 337 15:33:56,CUrl
2010 337 18:05:00,DNologon
2010 340 07:56:00,Blogon
2010 340 08:25:30,BUrl
2010 340 10:17:54,BSendEmail
2010 340 10:20:09,BUrl
2010 340 15:03:46,CUrl
2010 340 18:03:00,DNologon
2010 341 08:06:00,Blogon
2010 341 08:07:56,BUrl
2010 341 12:48:03,CUrl
2010 341 14:04:01,CSendEmail
2010 341 14:49:42,CUrl
2010 341 18:00:00,DNologon
2010 342 07:45:00,Blogon
2010 342 07:53:33,BSendEmail
2010 342 08:13:32,BUrl
2010 342 12:16:01,CUrl
2010 342 18:06:00,DNologon
2010 343 08:10:00,Blogon
2010 343 08:17:23,BUrl
2010 343 09:22:58,BSendEmail
2010 343 10:24:35,BUrl
2010 343 13:44:30,CUrl
2010 343 17:53:00,CNologon
2010 344 07:56:00,Blogon
2010 344 08:07:15,BUrl
2010 344 13:16:55,CSendEmail
2010 344 14:28:53,CUrl
2010 344 18:10:00,DNologon
2010 347 08:03:00,Blogon
2010 347 08:05:30,BUrl
2010 347 13:29:25,CUrl
2010 347 14:12:23,CSendEmail
2010 347 14:45:23,CUrl
2010 347 18:02:00,DNologon
2010 348 07:58:00,Blogon
2010 348 08:29:12,BUrl
2010 348 12:05:37,CUrl
2010 348 16:34:24,CSendEmail
2010 348 16:55:30,CUrl
2010 348 17:59:00,CNologon
2010 349 08:06:00,Blogon
2010 349 08:12:02,BUrl
2010 349 12:27:24,CUrl
2010 349 13:04:10,CSendEmail
2010 349 13:55:51,CUrl
2010 349 17:57:00,CNologon
2010 350 08:04:00,Blogon
2010 350 08:38:51,BUrl
2010 350 10:36:02,BSendEmail
2010 350 11:43:00,BUrl
2010 350 12:17:31,CUrl
2010 350 17:53:00,CNologon
2010 351 08:10:00,Blogon
2010 351 09:16:00,BUrl
2010 351 14:25:14,CSendEmail
2010 351 14:25:25,CUrl
2010 351 17:55:00,CNologon
2010 354 07:59:00,Blogon
2010 354 08:18:09,BUrl
2010 354 12:04:08,CSendEmail
2010 354 14:34:08,CUrl
2010 354 17:50:00,CNologon
2010 355 07:50:00,Blogon
2010 355 09:38:21,BUrl
2010 355 13:09:41,CUrl
2010 355 14:55:10,CSendEmail
2010 355 15:43:30,CUrl
2010 355 17:52:00,CNologon
2010 356 07:47:00,Blogon
2010 356 07:53:57,BUrl
2010 356 09:57:38,BSendEmail
2010 356 10:04:15,BUrl
2010 356 13:44:42,CUrl
2010 356 18:04:00,DNologon
2010 361 08:10:00,Blogon
2010 361 08:39:58,BUrl
2010 361 12:14:24,CUrl
2010 361 12:59:42,CSendEmail
2010 361 13:26:09,CUrl
2010 361 17:50:00,CNologon
2010 362 07:51:00,Blogon
2010 362 07:57:10,BSendEmail
2010 362 08:17:33,BUrl
2010 362 15:30:16,CUrl
2010 362 18:00:21,DUrl
2010 362 18:10:00,DNologon
2010 363 08:00:00,Blogon
2010 363 09:03:49,BUrl
2010 363 12:42:46,CUrl
2010 363 17:58:00,CNologon
2010 364 08:04:00,Blogon
2010 364 08:27:08,BUrl
2010 364 13:18:30,CUrl
2010 364 17:29:08,CSendEmail
2010 364 17:57:00,CNologon
2011 003 08:05:00,Blogon
2011 003 08:40:56,BUrl
2011 003 13:00:08,CUrl
2011 003 17:18:28,CSendEmail
2011 003 17:56:00,CNologon
2011 004 08:10:00,Blogon
2011 004 08:11:38,BSendEmail
2011 004 08:19:05,BUrl
2011 004 13:46:24,CUrl
2011 004 17:53:00,CNologon
2011 005 08:06:00,Blogon
2011 005 09:37:49,BUrl
2011 005 09:40:51,BSendEmail
2011 005 11:05:03,BUrl
2011 005 12:25:37,CUrl
2011 005 17:50:00,CNologon
2011 006 08:10:00,Blogon
2011 006 08:32:48,BUrl
2011 006 12:20:28,CUrl
2011 006 17:05:25,CSendEmail
2011 006 17:31:45,CUrl
2011 006 17:59:00,CNologon
2011 007 07:55:00,Blogon
2011 007 08:12:23,BUrl
2011 007 11:53:33,BSendEmail
2011 007 12:10:47,CUrl
2011 007 18:09:00,DNologon
2011 010 08:06:00,Blogon
2011 010 14:08:55,CUrl
2011 010 15:09:22,CSendEmail
2011 010 17:51:00,CNologon
2011 011 08:07:00,Blogon
2011 011 09:04:17,BUrl
2011 011 12:47:12,CUrl
2011 011 15:06:10,CSendEmail
2011 011 15:38:23,CUrl
2011 011 17:52:00,CNologon
2011 012 08:06:00,Blogon
2011 012 08:12:05,BUrl
2011 012 09:48:37,BSendEmail
2011 012 10:16:25,BUrl
2011 012 15:22:55,CUrl
2011 012 18:04:00,DNologon
2011 013 08:05:00,Blogon
2011 013 08:20:19,BUrl
2011 013 14:45:50,CUrl
2011 013 15:02:32,CSendEmail
2011 013 16:18:50,CUrl
2011 013 18:06:00,DNologon
2011 014 07:51:00,Blogon
2011 014 08:32:40,BUrl
2011 014 11:18:53,BSendEmail
2011 014 14:44:28,CUrl
2011 014 17:52:00,CNologon
2011 017 08:08:00,Blogon
2011 017 08:18:15,BUrl
2011 017 10:37:53,BSendEmail
2011 017 11:01:41,BUrl
2011 017 13:08:52,CUrl
2011 017 18:02:00,DNologon
2011 018 07:55:00,Blogon
2011 018 07:58:59,BUrl
2011 018 12:24:37,CUrl
2011 018 17:57:52,CSendEmail
2011 018 18:00:30,DUrl
2011 018 18:13:00,DNologon
2011 019 08:07:00,Blogon
2011 019 09:05:55,BUrl
2011 019 12:36:00,CUrl
2011 019 17:27:57,CSendEmail
2011 019 17:39:40,CUrl
2011 019 17:55:00,CNologon
2011 020 08:09:00,Blogon
2011 020 08:20:50,BUrl
2011 020 12:01:28,CSendEmail
2011 020 12:13:44,CUrl
2011 020 18:13:00,DNologon
2011 021 08:10:00,Blogon
2011 021 08:19:31,BUrl
2011 021 13:58:35,CUrl
2011 021 15:25:58,CSendEmail
2011 021 15:29:24,CUrl
2011 021 17:52:00,CNologon
2011 024 07:53:00,Blogon
2011 024 08:00:08,BUrl
2011 024 14:10:34,CUrl
2011 024 16:23:29,CSendEmail
2011 024 16:33:10,CUrl
2011 024 17:55:00,CNologon
2011 025 08:04:00,Blogon
2011 025 08:15:08,BUrl
2011 025 09:07:35,BSendEmail
2011 025 10:35:05,BUrl
2011 025 14:54:31,CUrl
2011 025 18:06:29,DUrl
2011 025 18:12:00,DNologon
2011 026 08:07:00,Blogon
2011 026 08:50:58,BUrl
2011 026 12:31:05,CSendEmail
2011 026 14:57:16,CUrl
2011 026 18:03:00,DNologon
2011 027 07:46:00,Blogon
2011 027 08:09:42,BUrl
2011 027 12:11:39,CUrl
2011 027 17:57:00,CNologon
2011 028 08:02:00,Blogon
2011 028 08:58:12,BUrl
2011 028 11:26:13,BSendEmail
2011 028 13:05:54,CUrl
2011 028 17:52:00,CNologon
2011 031 07:58:00,Blogon
2011 031 08:16:49,BUrl
2011 031 11:19:44,BSendEmail
2011 031 12:56:22,CUrl
2011 031 17:55:00,CNologon
2011 032 07:53:00,Blogon
2011 032 08:57:21,BUrl
2011 032 13:26:20,CSendEmail
2011 032 14:23:25,CUrl
2011 032 17:58:00,CNologon
2011 033 07:53:00,Blogon
2011 033 07:58:09,BUrl
2011 033 12:12:28,CUrl
2011 033 15:13:05,CSendEmail
2011 033 15:46:12,CUrl
2011 033 18:09:00,DNologon
2011 034 07:52:00,Blogon
2011 034 08:39:24,BUrl
2011 034 11:06:21,BSendEmail
2011 034 13:03:06,CUrl
2011 034 17:51:00,CNologon
2011 035 07:55:00,Blogon
2011 035 08:58:39,BUrl
2011 035 10:35:53,BSendEmail
2011 035 11:15:49,BUrl
2011 035 13:15:49,CUrl
2011 035 18:04:17,DUrl
2011 035 18:08:00,DNologon
2011 038 07:47:00,Blogon
2011 038 07:55:08,BUrl
2011 038 14:05:43,CUrl
2011 038 17:13:19,CSendEmail
2011 038 18:06:41,DUrl
2011 038 18:11:00,DNologon
2011 039 07:48:00,Blogon
2011 039 08:51:43,BUrl
2011 039 12:05:45,CUrl
2011 039 16:10:19,CSendEmail
2011 039 17:15:43,CUrl
2011 039 18:08:00,DNologon
2011 040 08:00:00,Blogon
2011 040 09:00:57,BUrl
2011 040 14:59:04,CUrl
2011 040 16:45:38,CSendEmail
2011 040 16:55:44,CUrl
2011 040 17:55:00,CNologon
2011 041 07:54:00,Blogon
2011 041 08:03:14,BUrl
2011 041 15:28:26,CUrl
2011 041 17:35:04,CSendEmail
2011 041 17:47:42,CUrl
2011 041 18:03:00,DNologon
2011 042 08:04:00,Blogon
2011 042 08:25:51,BUrl
2011 042 12:00:07,CUrl
2011 042 15:41:39,CSendEmail
2011 042 16:01:52,CUrl
2011 042 17:58:00,CNologon
2011 045 07:58:00,Blogon
2011 045 08:55:40,BUrl
2011 045 11:24:38,BSendEmail
2011 045 14:18:33,CUrl
2011 045 18:04:00,DNologon
2011 046 07:53:00,Blogon
2011 046 08:14:29,BUrl
2011 046 12:55:43,CUrl
2011 046 17:36:55,CSendEmail
2011 046 17:58:31,CUrl
2011 046 18:04:00,DNologon
2011 047 08:05:00,Blogon
2011 047 08:30:40,BUrl
2011 047 10:07:43,BSendEmail
2011 047 10:29:50,BUrl
2011 047 12:12:07,CUrl
2011 047 17:50:00,CNologon
2011 048 08:09:00,Blogon
2011 048 08:40:41,BUrl
2011 048 10:04:48,BSendEmail
2011 048 10:36:25,BUrl
2011 048 12:39:36,CUrl
2011 048 18:13:00,DNologon
2011 049 07:50:00,Blogon
2011 049 10:24:48,BUrl
2011 049 16:26:51,CUrl
2011 049 16:31:42,CSendEmail
2011 049 16:40:37,CUrl
2011 049 18:09:00,DNologon
2011 052 07:56:00,Blogon
2011 052 08:05:13,BUrl
2011 052 12:33:44,CUrl
2011 052 16:56:54,CSendEmail
2011 052 17:06:05,CUrl
2011 052 17:56:00,CNologon
2011 053 08:01:00,Blogon
2011 053 08:05:19,BUrl
2011 053 11:40:59,BSendEmail
2011 053 11:53:44,BUrl
2011 053 12:49:28,CUrl
2011 053 17:54:00,CNologon
2011 054 07:59:00,Blogon
2011 054 08:02:32,BUrl
2011 054 13:00:26,CSendEmail
2011 054 13:25:18,CUrl
2011 054 17:56:00,CNologon
2011 055 08:09:00,Blogon
2011 055 10:56:05,BUrl
2011 055 12:08:21,CUrl
2011 055 17:36:50,CSendEmail
2011 055 17:52:10,CUrl
2011 055 17:55:00,CNologon
2011 056 08:01:00,Blogon
2011 056 08:04:09,BUrl
2011 056 12:27:54,CUrl
2011 056 16:44:16,CSendEmail
2011 056 17:01:17,CUrl
2011 056 17:51:00,CNologon
2011 059 08:06:00,Blogon
2011 059 09:02:01,BUrl
2011 059 12:44:47,CSendEmail
2011 059 13:39:34,CUrl
2011 059 17:57:00,CNologon
2011 060 08:03:00,Blogon
2011 060 08:07:55,BUrl
2011 060 15:03:58,CUrl
2011 060 15:35:02,CSendEmail
2011 060 15:50:02,CUrl
2011 060 18:00:00,DNologon
2011 061 08:09:00,Blogon
2011 061 08:13:35,BUrl
2011 061 12:33:52,CSendEmail
2011 061 12:39:54,CUrl
2011 061 17:51:00,CNologon
2011 062 08:01:00,Blogon
2011 062 08:28:16,BUrl
2011 062 13:17:49,CUrl
2011 062 17:03:52,CSendEmail
2011 062 17:38:05,CUrl
2011 062 17:55:00,CNologon
2011 063 07:54:00,Blogon
2011 063 08:07:13,BUrl
2011 063 12:29:12,CUrl
2011 063 16:21:44,CSendEmail
2011 063 16:35:48,CUrl
2011 063 17:50:00,CNologon
2011 066 07:51:00,Blogon
2011 066 09:43:07,BUrl
2011 066 12:50:01,CSendEmail
2011 066 13:52:39,CUrl
2011 066 18:02:00,DNologon
2011 067 08:00:00,Blogon
2011 067 08:06:19,BUrl
2011 067 10:41:51,BSendEmail
2011 067 10:47:07,BUrl
2011 067 12:28:18,CUrl
2011 067 17:53:00,CNologon
2011 068 08:05:00,Blogon
2011 068 08:22:14,BUrl
2011 068 10:39:34,BSendEmail
2011 068 12:36:50,CUrl
2011 068 18:02:35,DUrl
2011 068 18:13:00,DNologon
2011 069 08:09:00,Blogon
2011 069 08:21:53,BUrl
2011 069 08:27:06,BSendEmail
2011 069 08:54:39,BUrl
2011 069 12:02:59,CUrl
2011 069 17:57:00,CNologon
2011 070 07:53:00,Blogon
2011 070 08:11:35,BUrl
2011 070 12:07:32,CUrl
2011 070 17:38:12,CSendEmail
2011 070 17:52:00,CUrl
2011 070 18:08:00,DNologon
2011 073 08:04:00,Blogon
2011 073 08:27:43,BUrl
2011 073 13:02:54,CSendEmail
2011 073 14:04:57,CUrl
2011 073 17:51:00,CNologon
2011 074 07:48:00,Blogon
2011 074 07:53:44,BUrl
2011 074 11:16:38,BSendEmail
2011 074 12:28:20,CUrl
2011 074 18:07:00,DNologon
2011 075 08:08:00,Blogon
2011 075 08:54:00,BUrl
2011 075 14:01:31,CUrl
2011 075 16:16:00,CSendEmail
2011 075 17:32:53,CUrl
2011 075 17:51:00,CNologon
2011 076 07:53:00,Blogon
2011 076 09:02:06,BUrl
2011 076 10:55:48,BSendEmail
2011 076 12:48:25,CUrl
2011 076 18:06:00,DNologon
2011 077 07:54:00,Blogon
2011 077 08:32:01,BUrl
2011 077 12:58:13,CUrl
2011 077 13:18:15,CSendEmail
2011 077 15:48:35,CUrl
2011 077 17:55:00,CNologon
2011 080 08:02:00,Blogon
2011 080 08:59:43,BUrl
2011 080 14:14:26,CUrl
2011 080 17:09:36,CSendEmail
2011 080 17:53:49,CUrl
2011 080 17:59:00,CNologon
2011 081 07:54:00,Blogon
2011 081 08:19:39,BUrl
2011 081 12:23:26,CUrl
2011 081 17:06:44,CSendEmail
2011 081 17:27:50,CUrl
2011 081 18:09:00,DNologon
2011 082 08:10:00,Blogon
2011 082 08:19:48,BUrl
2011 082 13:20:11,CUrl
2011 082 13:22:00,CSendEmail
2011 082 14:42:21,CUrl
2011 082 17:59:00,CNologon
2011 083 08:01:00,Blogon
2011 083 08:20:27,BUrl
2011 083 12:29:40,CUrl
2011 083 18:06:00,DNologon
2011 084 08:06:00,Blogon
2011 084 08:24:17,BUrl
2011 084 14:34:15,CUrl
2011 084 17:07:07,CSendEmail
2011 084 17:28:53,CUrl
2011 084 18:03:00,DNologon
2011 087 07:49:00,Blogon
2011 087 07:55:03,BUrl
2011 087 15:51:07,CUrl
2011 087 16:40:05,CSendEmail
2011 087 17:25:20,CUrl
2011 087 18:06:00,DNologon
2011 088 07:51:00,Blogon
2011 088 07:59:11,BUrl
2011 088 12:31:19,CUrl
2011 088 14:59:39,CSendEmail
2011 088 15:41:38,CUrl
2011 088 18:00:00,DNologon
2011 089 07:46:00,Blogon
2011 089 08:48:54,BUrl
2011 089 12:06:19,CUrl
2011 089 15:48:12,CSendEmail
2011 089 16:02:31,CUrl
2011 089 18:05:00,DNologon
2011 090 08:07:00,Blogon
2011 090 08:18:11,BUrl
2011 090 09:29:23,BSendEmail
2011 090 10:31:29,BUrl
2011 090 12:00:11,CUrl
2011 090 17:52:00,CNologon
2011 091 07:47:00,Blogon
2011 091 07:48:22,BUrl
2011 091 13:28:28,CUrl
2011 091 17:53:59,CSendEmail
2011 091 17:55:00,CNologon
2011 094 07:59:00,Blogon
2011 094 08:08:23,BUrl
2011 094 12:26:16,CUrl
2011 094 13:18:31,CSendEmail
2011 094 14:22:28,CUrl
2011 094 18:06:38,DUrl
2011 094 18:09:00,DNologon
2011 095 08:00:00,Blogon
2011 095 08:37:46,BUrl
2011 095 12:17:26,CUrl
2011 095 18:02:00,DNologon
2011 096 07:46:00,Blogon
2011 096 10:20:48,BUrl
2011 096 12:13:27,CUrl
2011 096 14:09:19,CSendEmail
2011 096 17:20:51,CUrl
2011 096 18:07:00,DNologon
2011 097 08:00:00,Blogon
2011 097 08:02:49,BUrl
2011 097 12:05:24,CUrl
2011 097 14:21:22,CSendEmail
2011 097 15:11:27,CUrl
2011 097 18:04:45,DUrl
2011 097 18:11:00,DNologon
2011 098 08:02:00,Blogon
2011 098 08:13:22,BUrl
2011 098 10:16:47,BSendEmail
2011 098 10:51:09,BUrl
2011 098 12:24:25,CUrl
2011 098 17:56:00,CNologon
2011 101 08:05:00,Blogon
2011 101 09:00:38,BUrl
2011 101 13:08:37,CSendEmail
2011 101 13:10:59,CUrl
2011 101 17:54:00,CNologon
2011 102 08:09:00,Blogon
2011 102 08:14:09,BUrl
2011 102 12:30:44,CUrl
2011 102 17:51:14,CSendEmail
2011 102 17:59:00,CNologon
2011 103 08:04:00,Blogon
2011 103 09:02:45,BUrl
2011 103 12:57:16,CUrl
2011 103 16:17:28,CSendEmail
2011 103 16:26:30,CUrl
2011 103 18:00:00,DNologon
2011 104 08:09:00,Blogon
2011 104 08:12:12,BUrl
2011 104 12:48:21,CSendEmail
2011 104 13:56:26,CUrl
2011 104 17:54:00,CNologon
2011 105 08:01:00,Blogon
2011 105 08:09:17,BUrl
2011 105 08:24:00,BSendEmail
2011 105 08:24:11,BUrl
2011 105 15:04:22,CUrl
2011 105 17:56:00,CNologon
2011 108 07:59:00,Blogon
2011 108 08:05:57,BUrl
2011 108 11:01:59,BSendEmail
2011 108 11:13:08,BUrl
2011 108 13:17:12,CUrl
2011 108 18:13:00,DNologon
2011 109 08:10:00,Blogon
2011 109 08:14:14,BUrl
2011 109 13:06:41,CUrl
2011 109 13:14:05,CSendEmail
2011 109 14:35:04,CUrl
2011 109 18:00:00,DNologon
2011 110 07:58:00,Blogon
2011 110 08:47:41,BUrl
2011 110 11:50:41,BSendEmail
2011 110 12:52:43,CUrl
2011 110 18:07:00,DNologon
2011 111 08:08:00,Blogon
2011 111 08:11:37,BUrl
2011 111 12:18:06,CUrl
2011 111 13:35:03,CSendEmail
2011 111 17:10:30,CUrl
2011 111 17:50:00,CNologon
2011 115 08:06:00,Blogon
2011 115 08:08:36,BUrl
2011 115 08:27:31,BSendEmail
2011 115 08:37:40,BUrl
2011 115 13:07:34,CUrl
2011 115 17:55:00,CNologon
2011 116 08:00:00,Blogon
2011 116 08:19:51,BUrl
2011 116 09:43:07,BSendEmail
2011 116 10:12:27,BUrl
2011 116 13:52:48,CUrl
2011 116 18:15:00,DNologon
2011 117 08:08:00,Blogon
2011 117 09:16:20,BUrl
2011 117 12:02:35,CUrl
2011 117 15:56:43,CSendEmail
2011 117 16:14:53,CUrl
2011 117 17:59:00,CNologon
2011 118 07:48:00,Blogon
2011 118 08:12:36,BUrl
2011 118 12:17:28,CUrl
2011 118 13:55:42,CSendEmail
2011 118 14:18:47,CUrl
2011 118 17:50:00,CNologon
2011 119 07:45:00,Blogon
2011 119 07:58:14,BSendEmail
2011 119 08:01:39,BUrl
2011 119 13:09:13,CUrl
2011 119 18:05:00,DNologon
2011 122 08:09:00,Blogon
2011 122 08:37:52,BUrl
2011 122 12:11:12,CUrl
2011 122 13:14:24,CSendEmail
2011 122 13:43:31,CUrl
2011 122 18:00:00,DNologon
2011 123 08:02:00,Blogon
2011 123 09:27:04,BUrl
2011 123 10:12:45,BSendEmail
2011 123 11:04:02,BUrl
2011 123 12:10:01,CUrl
2011 123 17:59:00,CNologon
2011 124 07:56:00,Blogon
2011 124 08:33:58,BUrl
2011 124 09:53:51,BSendEmail
2011 124 11:14:47,BUrl
2011 124 13:40:01,CUrl
2011 124 18:12:00,DNologon
2011 125 08:03:00,Blogon
2011 125 08:25:03,BUrl
2011 125 10:41:50,BSendEmail
2011 125 11:49:52,BUrl
2011 125 12:09:09,CUrl
2011 125 18:01:00,DNologon
2011 126 08:07:00,Blogon
2011 126 08:23:01,BUrl
2011 126 11:44:27,BSendEmail
2011 126 12:19:38,CUrl
2011 126 17:51:00,CNologon
2011 129 08:03:00,Blogon
2011 129 09:24:11,BUrl
2011 129 13:01:37,CUrl
2011 129 15:51:06,CSendEmail
2011 129 15:53:37,CUrl
2011 129 17:53:00,CNologon
2011 130 07:59:00,Blogon
2011 130 08:18:11,BUrl
2011 130 12:24:03,CUrl
2011 130 12:38:25,CSendEmail
2011 130 12:48:41,CUrl
2011 130 18:02:07,DUrl
2011 130 18:11:00,DNologon
2011 131 07:48:00,Blogon
2011 131 07:54:04,BUrl
2011 131 13:20:24,CUrl
2011 131 14:00:37,CSendEmail
2011 131 14:04:31,CUrl
2011 131 18:15:00,DNologon
2011 132 07:58:00,Blogon
2011 132 08:41:13,BUrl
2011 132 13:59:29,CSendEmail
2011 132 17:06:36,CUrl
2011 132 17:52:00,CNologon
2011 133 07:59:00,Blogon
2011 133 08:15:40,BUrl
2011 133 12:11:54,CUrl
2011 133 16:05:43,CSendEmail
2011 133 17:43:30,CUrl
2011 133 17:59:00,CNologon
2011 136 08:08:00,Blogon
2011 136 08:26:12,BSendEmail
2011 136 10:15:37,BUrl
2011 136 12:13:21,CUrl
2011 136 18:05:00,DNologon
