2010 004 08:16:00,Blogon
2010 004 08:18:23,BUrl
2010 004 08:40:23,BSendEmail
2010 004 08:43:26,BUrl
2010 004 09:12:17,BSendEmail
2010 004 09:24:50,BUrl
2010 004 12:29:05,CUrl
2010 004 16:02:23,CSendEmail
2010 004 16:13:28,CUrl
2010 004 16:36:00,CNologon
2010 005 08:30:00,Blogon
2010 005 08:31:38,BUrl
2010 005 08:36:40,BSendEmail
2010 005 08:37:24,BSendEmail
2010 005 08:43:52,BSendEmail
2010 005 08:56:42,BUrl
2010 005 12:53:05,CUrl
2010 005 16:29:00,CNologon
2010 006 08:30:00,Blogon
2010 006 08:53:34,BUrl
2010 006 11:36:14,BSendEmail
2010 006 11:36:21,BSendEmail
2010 006 12:39:15,CUrl
2010 006 13:23:43,CSendEmail
2010 006 13:39:47,CUrl
2010 006 16:41:00,CNologon
2010 007 08:32:00,Blogon
2010 007 09:04:02,BUrl
2010 007 11:37:36,BSendEmail
2010 007 11:42:02,BUrl
2010 007 11:48:24,BSendEmail
2010 007 11:55:34,BUrl
2010 007 12:02:08,CUrl
2010 007 16:30:00,CNologon
2010 008 08:21:00,Blogon
2010 008 08:26:45,BUrl
2010 008 09:49:33,BSendEmail
2010 008 09:52:10,BSendEmail
2010 008 09:54:48,BUrl
2010 008 12:06:23,CUrl
2010 008 15:09:32,CSendEmail
2010 008 15:27:03,CUrl
2010 008 16:38:00,CNologon
2010 011 08:19:00,Blogon
2010 011 08:22:20,BSendEmail
2010 011 09:22:28,BUrl
2010 011 10:34:30,BSendEmail
2010 011 10:55:03,BUrl
2010 011 12:05:41,CUrl
2010 011 14:47:18,CSendEmail
2010 011 14:54:20,CUrl
2010 011 16:43:00,CNologon
2010 012 08:25:00,Blogon
2010 012 08:44:23,BSendEmail
2010 012 08:47:46,BSendEmail
2010 012 08:59:13,BUrl
2010 012 12:09:49,CUrl
2010 012 14:27:45,CSendEmail
2010 012 14:41:02,CUrl
2010 012 16:37:00,CNologon
2010 013 08:32:00,Blogon
2010 013 08:33:07,BUrl
2010 013 10:05:17,BSendEmail
2010 013 10:57:31,BUrl
2010 013 11:14:46,BSendEmail
2010 013 11:21:07,BUrl
2010 013 11:26:58,BSendEmail
2010 013 12:16:53,CUrl
2010 013 16:30:00,CNologon
2010 014 08:30:00,Blogon
2010 014 08:41:01,BUrl
2010 014 09:04:20,BSendEmail
2010 014 09:26:56,BUrl
2010 014 09:57:32,BConnect
2010 014 09:57:35,BFileCopy
2010 014 09:57:42,BFileCopy
2010 014 09:57:44,BFileCopy
2010 014 09:58:03,BFileCopy
2010 014 09:58:43,BFileCopy
2010 014 09:58:52,BDisconnect
2010 014 10:05:58,BUrl
2010 014 11:00:46,BSendEmail
2010 014 11:16:44,BUrl
2010 014 12:00:24,CSendEmail
2010 014 13:00:29,CUrl
2010 014 16:43:00,CNologon
2010 015 08:30:00,Blogon
2010 015 08:38:00,BUrl
2010 015 12:26:11,CUrl
2010 015 14:19:14,CSendEmail
2010 015 14:23:40,CUrl
2010 015 14:29:22,CSendEmail
2010 015 14:56:23,CUrl
2010 015 16:27:00,CNologon
2010 018 08:28:00,Blogon
2010 018 08:58:40,BUrl
2010 018 10:08:58,BSendEmail
2010 018 10:21:08,BUrl
2010 018 11:17:12,BSendEmail
2010 018 11:17:29,BUrl
2010 018 11:19:08,BSendEmail
2010 018 11:29:36,BUrl
2010 018 12:10:57,CUrl
2010 018 16:40:00,CNologon
2010 019 08:27:00,Blogon
2010 019 08:40:24,BUrl
2010 019 09:16:54,BConnect
2010 019 09:28:53,BFileCopy
2010 019 09:31:37,BUrl
2010 019 09:35:11,BDisconnect
2010 019 10:44:54,BUrl
2010 019 10:51:43,BSendEmail
2010 019 10:53:47,BUrl
2010 019 12:49:00,CUrl
2010 019 16:45:00,CNologon
2010 020 08:27:00,Blogon
2010 020 09:08:33,BUrl
2010 020 11:25:03,BSendEmail
2010 020 11:47:59,BUrl
2010 020 12:04:12,CUrl
2010 020 12:20:03,CSendEmail
2010 020 12:34:46,CUrl
2010 020 13:41:00,CSendEmail
2010 020 13:45:56,CUrl
2010 020 16:35:00,CNologon
2010 021 08:21:00,Blogon
2010 021 08:25:46,BUrl
2010 021 10:32:30,BSendEmail
2010 021 10:35:29,BUrl
2010 021 12:05:57,CUrl
2010 021 16:06:22,CSendEmail
2010 021 16:11:09,CSendEmail
2010 021 16:14:20,CUrl
2010 021 16:27:00,CNologon
2010 022 08:18:00,Blogon
2010 022 09:06:00,BUrl
2010 022 12:08:49,CUrl
2010 022 13:46:49,CSendEmail
2010 022 15:43:56,CUrl
2010 022 16:03:17,CSendEmail
2010 022 16:17:13,CSendEmail
2010 022 16:30:17,CUrl
2010 022 16:33:00,CNologon
2010 025 08:26:00,Blogon
2010 025 08:49:34,BUrl
2010 025 09:03:49,BConnect
2010 025 09:14:54,BUrl
2010 025 10:04:04,BDisconnect
2010 025 10:28:21,BUrl
2010 025 11:29:15,BSendEmail
2010 025 11:32:02,BSendEmail
2010 025 11:32:14,BSendEmail
2010 025 11:33:35,BUrl
2010 025 12:02:21,CUrl
2010 025 12:45:16,CConnect
2010 025 12:45:23,CUrl
2010 025 12:48:38,CDisconnect
2010 025 12:49:55,CUrl
2010 025 16:44:00,CNologon
2010 026 08:32:00,Blogon
2010 026 08:33:27,BUrl
2010 026 12:16:45,CUrl
2010 026 13:20:10,CSendEmail
2010 026 13:37:40,CSendEmail
2010 026 13:39:31,CUrl
2010 026 13:47:45,CSendEmail
2010 026 13:49:53,CUrl
2010 026 16:29:00,CNologon
2010 027 08:25:00,Blogon
2010 027 09:30:28,BUrl
2010 027 12:07:14,CSendEmail
2010 027 12:08:34,CSendEmail
2010 027 12:15:24,CUrl
2010 027 15:16:29,CSendEmail
2010 027 15:24:04,CUrl
2010 027 16:43:00,CNologon
2010 028 08:30:00,Blogon
2010 028 08:35:59,BUrl
2010 028 10:01:38,BSendEmail
2010 028 11:28:56,BUrl
2010 028 12:30:11,CUrl
2010 028 13:22:33,CConnect
2010 028 13:25:37,CUrl
2010 028 13:34:00,CFileCopy
2010 028 13:35:21,CUrl
2010 028 13:55:43,CFileCopy
2010 028 13:58:27,CFileCopy
2010 028 14:05:24,CFileCopy
2010 028 14:11:47,CDisconnect
2010 028 14:45:01,CUrl
2010 028 14:48:10,CSendEmail
2010 028 14:54:42,CUrl
2010 028 16:30:00,CNologon
2010 029 08:31:00,Blogon
2010 029 08:32:28,BUrl
2010 029 12:00:38,CUrl
2010 029 14:29:02,CSendEmail
2010 029 14:30:54,CSendEmail
2010 029 14:39:09,CSendEmail
2010 029 15:08:13,CUrl
2010 029 16:29:00,CNologon
2010 032 08:19:00,Blogon
2010 032 08:31:50,BUrl
2010 032 09:03:17,BSendEmail
2010 032 09:03:45,BUrl
2010 032 09:03:52,BSendEmail
2010 032 09:06:05,BSendEmail
2010 032 09:06:39,BUrl
2010 032 12:15:37,CUrl
2010 032 16:29:00,CNologon
2010 033 08:32:00,Blogon
2010 033 08:46:02,BUrl
2010 033 12:15:13,CConnect
2010 033 12:15:23,CFileCopy
2010 033 12:15:56,CFileCopy
2010 033 12:16:33,CFileCopy
2010 033 12:19:28,CFileCopy
2010 033 12:21:09,CDisconnect
2010 033 12:23:53,CUrl
2010 033 15:30:53,CSendEmail
2010 033 15:32:46,CUrl
2010 033 16:18:41,CSendEmail
2010 033 16:24:15,CSendEmail
2010 033 16:25:10,CUrl
2010 033 16:27:00,CNologon
2010 034 08:30:00,Blogon
2010 034 08:36:55,BUrl
2010 034 12:10:27,CUrl
2010 034 13:59:56,CSendEmail
2010 034 14:00:20,CSendEmail
2010 034 14:14:16,CUrl
2010 034 15:32:47,CSendEmail
2010 034 15:33:21,CUrl
2010 034 16:27:00,CNologon
2010 035 08:31:00,Blogon
2010 035 08:46:56,BUrl
2010 035 10:28:05,BSendEmail
2010 035 10:44:39,BUrl
2010 035 11:22:39,BSendEmail
2010 035 11:32:07,BSendEmail
2010 035 11:36:04,BUrl
2010 035 12:19:21,CUrl
2010 035 16:30:00,CNologon
2010 036 08:30:00,Blogon
2010 036 08:34:25,BUrl
2010 036 12:06:44,CSendEmail
2010 036 12:07:57,CSendEmail
2010 036 12:07:58,CSendEmail
2010 036 12:21:38,CUrl
2010 036 16:30:00,CNologon
2010 039 08:21:00,Blogon
2010 039 08:22:50,BUrl
2010 039 10:03:48,BSendEmail
2010 039 10:22:16,BUrl
2010 039 11:13:17,BSendEmail
2010 039 11:35:48,BUrl
2010 039 12:04:02,CSendEmail
2010 039 13:01:28,CUrl
2010 039 16:30:00,CNologon
2010 040 08:33:00,Blogon
2010 040 08:36:01,BUrl
2010 040 11:21:40,BSendEmail
2010 040 11:51:14,BSendEmail
2010 040 11:54:55,BUrl
2010 040 12:00:01,CUrl
2010 040 12:26:36,CSendEmail
2010 040 13:31:17,CUrl
2010 040 16:29:00,CNologon
2010 041 08:33:00,Blogon
2010 041 08:37:14,BUrl
2010 041 08:38:12,BSendEmail
2010 041 08:39:59,BUrl
2010 041 12:13:12,CUrl
2010 041 14:57:18,CSendEmail
2010 041 14:59:34,CUrl
2010 041 15:38:14,CSendEmail
2010 041 15:59:10,CUrl
2010 041 16:29:00,CNologon
2010 042 08:32:00,Blogon
2010 042 09:05:53,BUrl
2010 042 12:24:00,CUrl
2010 042 14:12:39,Clogon
2010 042 14:25:38,CNologon
2010 042 14:33:46,CUrl
2010 042 15:21:22,CSendEmail
2010 042 15:29:18,CUrl
2010 042 15:34:52,CSendEmail
2010 042 15:43:43,CSendEmail
2010 042 16:04:46,CUrl
2010 042 16:27:00,CNologon
2010 043 08:33:00,Blogon
2010 043 08:49:12,BUrl
2010 043 12:56:59,CUrl
2010 043 14:16:31,CSendEmail
2010 043 14:19:33,CUrl
2010 043 16:30:00,CNologon
2010 046 08:19:00,Blogon
2010 046 08:36:48,BUrl
2010 046 12:09:24,CUrl
2010 046 12:52:01,CSendEmail
2010 046 12:57:08,CSendEmail
2010 046 12:59:10,CUrl
2010 046 14:50:01,CSendEmail
2010 046 15:25:09,CUrl
2010 046 16:44:00,CNologon
2010 047 08:31:00,Blogon
2010 047 08:32:16,BUrl
2010 047 10:08:24,BSendEmail
2010 047 10:22:54,BUrl
2010 047 10:24:24,BSendEmail
2010 047 10:29:43,BUrl
2010 047 11:36:13,BSendEmail
2010 047 12:04:52,CUrl
2010 047 16:30:00,CNologon
2010 048 08:28:00,Blogon
2010 048 08:30:32,BUrl
2010 048 09:01:21,BSendEmail
2010 048 09:19:59,BUrl
2010 048 09:20:11,BSendEmail
2010 048 09:57:28,BUrl
2010 048 12:02:39,CUrl
2010 048 14:50:42,CConnect
2010 048 14:54:55,CDisconnect
2010 048 15:06:13,CUrl
2010 048 15:27:38,Clogon
2010 048 15:32:03,CUrl
2010 048 15:35:27,CSendEmail
2010 048 15:58:55,CUrl
2010 048 16:21:08,CNologon
2010 048 16:32:00,CNologon
2010 049 08:31:00,Blogon
2010 049 08:38:04,BUrl
2010 049 11:13:03,BSendEmail
2010 049 11:15:39,BUrl
2010 049 12:02:02,CUrl
2010 049 15:11:10,CSendEmail
2010 049 15:21:55,CUrl
2010 049 15:35:10,CSendEmail
2010 049 16:00:15,CUrl
2010 049 16:27:00,CNologon
2010 050 08:24:00,Blogon
2010 050 08:32:40,BUrl
2010 050 09:58:33,BSendEmail
2010 050 10:37:06,BSendEmail
2010 050 10:40:10,BUrl
2010 050 11:27:30,BConnect
2010 050 11:42:23,BUrl
2010 050 11:55:35,BFileCopy
2010 050 11:58:20,BUrl
2010 050 12:19:51,CUrl
2010 050 13:10:20,CDisconnect
2010 050 13:16:40,CUrl
2010 050 13:20:48,CSendEmail
2010 050 13:30:11,CUrl
2010 050 16:31:00,CNologon
2010 053 08:15:00,Blogon
2010 053 08:30:52,BUrl
2010 053 12:14:57,CSendEmail
2010 053 12:17:39,CUrl
2010 053 13:34:42,CSendEmail
2010 053 13:36:07,CSendEmail
2010 053 13:55:09,CUrl
2010 053 16:35:00,CNologon
2010 054 08:21:00,Blogon
2010 054 08:36:30,BUrl
2010 054 08:53:06,BSendEmail
2010 054 08:59:53,BSendEmail
2010 054 09:01:45,BUrl
2010 054 11:08:07,BSendEmail
2010 054 11:12:33,BConnect
2010 054 11:13:02,BUrl
2010 054 11:16:54,BFileCopy
2010 054 11:30:40,BFileCopy
2010 054 11:30:50,BUrl
2010 054 12:09:44,CFileCopy
2010 054 12:09:56,CFileCopy
2010 054 12:12:24,CDisconnect
2010 054 12:27:21,CUrl
2010 054 16:30:00,CNologon
2010 055 08:30:00,Blogon
2010 055 08:32:32,BUrl
2010 055 10:41:02,BSendEmail
2010 055 10:47:08,BSendEmail
2010 055 10:50:46,BUrl
2010 055 11:02:06,BSendEmail
2010 055 11:03:57,BUrl
2010 055 12:09:36,CUrl
2010 055 16:30:00,CNologon
2010 056 08:31:00,Blogon
2010 056 08:40:07,BUrl
2010 056 10:10:19,BConnect
2010 056 10:17:19,BDisconnect
2010 056 11:46:57,BUrl
2010 056 11:58:26,BSendEmail
2010 056 11:58:52,BSendEmail
2010 056 12:00:48,CUrl
2010 056 12:07:22,CSendEmail
2010 056 12:08:10,CUrl
2010 056 16:27:00,CNologon
2010 057 08:30:00,Blogon
2010 057 08:42:11,BUrl
2010 057 10:29:29,BSendEmail
2010 057 10:34:15,BSendEmail
2010 057 10:37:56,BUrl
2010 057 12:06:09,CUrl
2010 057 14:38:38,CSendEmail
2010 057 15:09:19,CUrl
2010 057 16:31:00,CNologon
2010 060 08:19:00,Blogon
2010 060 08:22:51,BUrl
2010 060 10:14:33,BSendEmail
2010 060 10:15:30,BUrl
2010 060 12:13:48,CUrl
2010 060 13:54:32,CSendEmail
2010 060 14:43:01,CUrl
2010 060 15:18:19,CSendEmail
2010 060 15:20:03,CUrl
2010 060 16:41:00,CNologon
2010 061 08:18:00,Blogon
2010 061 08:31:36,BUrl
2010 061 12:07:06,CConnect
2010 061 12:14:58,CUrl
2010 061 12:53:46,CDisconnect
2010 061 13:00:28,CUrl
2010 061 16:03:04,CSendEmail
2010 061 16:04:51,CUrl
2010 061 16:05:49,CSendEmail
2010 061 16:07:16,CUrl
2010 061 16:07:19,CSendEmail
2010 061 16:15:16,CUrl
2010 061 16:27:00,CNologon
2010 062 08:32:00,Blogon
2010 062 08:58:42,BUrl
2010 062 09:19:04,BSendEmail
2010 062 09:35:14,BSendEmail
2010 062 09:39:47,BUrl
2010 062 10:01:57,BSendEmail
2010 062 10:26:42,BUrl
2010 062 12:06:15,CUrl
2010 062 14:27:25,CConnect
2010 062 14:47:07,CUrl
2010 062 15:23:19,CDisconnect
2010 062 15:24:58,CUrl
2010 062 16:28:00,CNologon
2010 063 08:30:00,Blogon
2010 063 08:33:10,BUrl
2010 063 10:31:12,BSendEmail
2010 063 10:43:47,BUrl
2010 063 10:57:49,BSendEmail
2010 063 11:16:26,BUrl
2010 063 12:14:53,CUrl
2010 063 15:36:11,CSendEmail
2010 063 15:45:23,CUrl
2010 063 15:45:44,Clogon
2010 063 15:47:34,CUrl
2010 063 15:57:29,CNologon
2010 063 16:09:06,CUrl
2010 063 16:34:00,CNologon
2010 064 08:30:00,Blogon
2010 064 09:54:20,BSendEmail
2010 064 11:15:03,BUrl
2010 064 12:14:29,CSendEmail
2010 064 12:18:26,CUrl
2010 064 13:42:26,CSendEmail
2010 064 13:43:57,CUrl
2010 064 16:28:00,CNologon
2010 067 08:32:00,Blogon
2010 067 08:38:17,BUrl
2010 067 12:00:58,CUrl
2010 067 15:57:48,CSendEmail
2010 067 15:57:53,CUrl
2010 067 16:19:20,CSendEmail
2010 067 16:23:02,CSendEmail
2010 067 16:23:29,Clogon
2010 067 16:25:56,CNologon
2010 067 16:28:00,CNologon
2010 068 08:28:00,Blogon
2010 068 08:37:02,BUrl
2010 068 12:48:06,CUrl
2010 068 14:52:04,CSendEmail
2010 068 14:52:20,CSendEmail
2010 068 14:52:30,CSendEmail
2010 068 15:03:55,CUrl
2010 068 16:38:00,CNologon
2010 069 08:18:00,Blogon
2010 069 08:24:46,BUrl
2010 069 09:32:40,BSendEmail
2010 069 09:39:09,BUrl
2010 069 11:01:37,BSendEmail
2010 069 11:14:42,BUrl
2010 069 12:15:36,CUrl
2010 069 15:56:06,CSendEmail
2010 069 15:57:11,CUrl
2010 069 16:44:00,CNologon
2010 070 08:33:00,Blogon
2010 070 08:36:14,BUrl
2010 070 11:25:13,BSendEmail
2010 070 12:23:37,CSendEmail
2010 070 12:23:59,CUrl
2010 070 16:15:43,CSendEmail
2010 070 16:28:00,CNologon
2010 071 08:30:00,Blogon
2010 071 08:36:30,BUrl
2010 071 12:25:26,CUrl
2010 071 12:29:23,CSendEmail
2010 071 12:30:41,CSendEmail
2010 071 12:57:37,CUrl
2010 071 16:36:16,CSendEmail
2010 071 16:43:00,CNologon
2010 074 08:22:00,Blogon
2010 074 08:32:11,BUrl
2010 074 09:09:03,BSendEmail
2010 074 09:11:11,BUrl
2010 074 09:11:34,BSendEmail
2010 074 09:12:49,BUrl
2010 074 09:14:02,BSendEmail
2010 074 09:14:07,BUrl
2010 074 12:01:44,CUrl
2010 074 12:20:47,CConnect
2010 074 12:22:03,CUrl
2010 074 12:53:40,CFileCopy
2010 074 13:14:54,CDisconnect
2010 074 13:37:49,CUrl
2010 074 14:31:12,CConnect
2010 074 14:52:33,CUrl
2010 074 15:04:19,CFileCopy
2010 074 15:22:57,CUrl
2010 074 15:24:12,CDisconnect
2010 074 15:43:20,CUrl
2010 074 16:45:00,CNologon
2010 075 08:33:00,Blogon
2010 075 08:51:47,BUrl
2010 075 09:57:26,BSendEmail
2010 075 10:04:12,BUrl
2010 075 12:18:08,CSendEmail
2010 075 12:18:23,CUrl
2010 075 14:56:43,CConnect
2010 075 14:59:23,CUrl
2010 075 15:06:07,CDisconnect
2010 075 15:20:10,CSendEmail
2010 075 15:24:48,CUrl
2010 075 16:29:00,CNologon
2010 076 08:15:00,Blogon
2010 076 08:20:31,BUrl
2010 076 08:25:27,BSendEmail
2010 076 08:28:22,BUrl
2010 076 12:04:10,CUrl
2010 076 14:13:55,CConnect
2010 076 14:15:05,CFileCopy
2010 076 14:20:49,CFileCopy
2010 076 14:24:47,CDisconnect
2010 076 14:46:47,CUrl
2010 076 15:44:01,CSendEmail
2010 076 16:02:09,CUrl
2010 076 16:06:44,CSendEmail
2010 076 16:07:59,CUrl
2010 076 16:27:00,CNologon
2010 077 08:19:00,Blogon
2010 077 08:31:58,BSendEmail
2010 077 08:34:47,BUrl
2010 077 08:39:51,BSendEmail
2010 077 08:45:48,BUrl
2010 077 10:53:04,BConnect
2010 077 10:58:17,BFileCopy
2010 077 11:04:41,BFileCopy
2010 077 11:05:23,BUrl
2010 077 11:29:55,BFileCopy
2010 077 11:52:02,BUrl
2010 077 11:56:25,BFileCopy
2010 077 11:59:36,BFileCopy
2010 077 12:22:37,CDisconnect
2010 077 12:42:58,CUrl
2010 077 15:20:39,CSendEmail
2010 077 15:23:31,CUrl
2010 077 16:44:00,CNologon
2010 078 08:33:00,Blogon
2010 078 08:37:27,BUrl
2010 078 10:35:58,BSendEmail
2010 078 10:36:44,BUrl
2010 078 10:37:52,BSendEmail
2010 078 11:18:14,BUrl
2010 078 12:38:47,CUrl
2010 078 12:58:58,CSendEmail
2010 078 12:59:33,CUrl
2010 078 13:23:40,CConnect
2010 078 13:26:21,CUrl
2010 078 14:17:31,CDisconnect
2010 078 15:43:19,CUrl
2010 078 16:32:00,CNologon
2010 081 08:25:00,Blogon
2010 081 08:36:47,BUrl
2010 081 12:32:03,CUrl
2010 081 16:26:06,CSendEmail
2010 081 16:26:31,CUrl
2010 081 16:27:52,CSendEmail
2010 081 16:28:08,CSendEmail
2010 081 16:32:00,CNologon
2010 082 08:27:00,Blogon
2010 082 08:41:57,BUrl
2010 082 10:50:23,BSendEmail
2010 082 11:06:39,BUrl
2010 082 12:34:01,CUrl
2010 082 13:01:20,CSendEmail
2010 082 13:12:03,CUrl
2010 082 13:19:01,CSendEmail
2010 082 13:21:27,CUrl
2010 082 16:30:00,CNologon
2010 083 08:17:00,Blogon
2010 083 08:19:55,BUrl
2010 083 09:57:10,BConnect
2010 083 10:14:54,BFileCopy
2010 083 10:15:40,BFileCopy
2010 083 10:17:24,BUrl
2010 083 10:18:25,BFileCopy
2010 083 10:31:49,BDisconnect
2010 083 10:38:24,BUrl
2010 083 11:58:11,BSendEmail
2010 083 12:00:02,CUrl
2010 083 13:06:01,CSendEmail
2010 083 13:09:37,CUrl
2010 083 13:54:05,CSendEmail
2010 083 14:06:52,CUrl
2010 083 16:45:00,CNologon
2010 084 08:33:00,Blogon
2010 084 08:35:13,BUrl
2010 084 08:47:08,BConnect
2010 084 08:47:26,BUrl
2010 084 08:50:05,BDisconnect
2010 084 09:02:16,BUrl
2010 084 10:15:27,BSendEmail
2010 084 10:24:21,BUrl
2010 084 11:51:11,BSendEmail
2010 084 12:06:36,CSendEmail
2010 084 12:33:12,CUrl
2010 084 16:29:00,CNologon
2010 085 08:17:00,Blogon
2010 085 08:24:08,BUrl
2010 085 10:18:29,BSendEmail
2010 085 10:30:50,BSendEmail
2010 085 10:37:56,BUrl
2010 085 12:10:57,CUrl
2010 085 14:42:06,CSendEmail
2010 085 15:02:50,CUrl
2010 085 16:41:00,CNologon
2010 088 08:17:00,Blogon
2010 088 08:19:58,BUrl
2010 088 12:03:36,CUrl
2010 088 13:53:19,CSendEmail
2010 088 13:58:15,CUrl
2010 088 14:23:58,CSendEmail
2010 088 14:48:39,CUrl
2010 088 15:27:23,CSendEmail
2010 088 15:28:12,CUrl
2010 088 16:45:00,CNologon
2010 089 08:16:00,Blogon
2010 089 08:18:17,BUrl
2010 089 08:47:36,BSendEmail
2010 089 09:31:49,BUrl
2010 089 10:09:47,BSendEmail
2010 089 10:19:44,BUrl
2010 089 12:12:12,CUrl
2010 089 16:27:00,CNologon
2010 090 08:32:00,Blogon
2010 090 08:39:53,BSendEmail
2010 090 08:40:35,BSendEmail
2010 090 08:40:44,BUrl
2010 090 09:52:30,BSendEmail
2010 090 10:32:37,BUrl
2010 090 12:14:44,CUrl
2010 090 12:58:46,CConnect
2010 090 13:14:03,CUrl
2010 090 13:31:54,CDisconnect
2010 090 13:47:57,CUrl
2010 090 16:32:00,CNologon
2010 091 08:21:00,Blogon
2010 091 08:28:08,BUrl
2010 091 09:24:23,BSendEmail
2010 091 09:29:09,BUrl
2010 091 09:52:33,BSendEmail
2010 091 09:56:02,BSendEmail
2010 091 10:27:54,BUrl
2010 091 12:13:26,CUrl
2010 091 14:27:35,CConnect
2010 091 14:33:29,CFileCopy
2010 091 14:37:34,CUrl
2010 091 15:00:23,CFileCopy
2010 091 15:12:16,CUrl
2010 091 15:23:52,CFileCopy
2010 091 15:30:14,CFileCopy
2010 091 15:32:07,CUrl
2010 091 15:35:53,CFileCopy
2010 091 15:36:03,CDisconnect
2010 091 15:51:24,CUrl
2010 091 16:45:00,CNologon
2010 095 08:21:00,Blogon
2010 095 08:22:06,BUrl
2010 095 12:04:06,CUrl
2010 095 15:55:48,CSendEmail
2010 095 15:59:46,CSendEmail
2010 095 16:01:10,CUrl
2010 095 16:02:32,CSendEmail
2010 095 16:07:19,CUrl
2010 095 16:33:00,CNologon
2010 096 08:18:00,Blogon
2010 096 08:26:22,BUrl
2010 096 08:37:06,BSendEmail
2010 096 08:54:05,BUrl
2010 096 12:16:50,CUrl
2010 096 15:12:46,CSendEmail
2010 096 15:14:29,CUrl
2010 096 15:16:23,CSendEmail
2010 096 15:28:48,CUrl
2010 096 16:31:00,CNologon
2010 097 08:20:00,Blogon
2010 097 09:04:54,BConnect
2010 097 09:08:32,BFileCopy
2010 097 09:18:38,BDisconnect
2010 097 09:19:23,BUrl
2010 097 09:48:50,BSendEmail
2010 097 09:53:36,BUrl
2010 097 12:02:45,CSendEmail
2010 097 12:11:54,CUrl
2010 097 12:32:16,CConnect
2010 097 12:46:37,CUrl
2010 097 13:31:12,CDisconnect
2010 097 13:32:32,CUrl
2010 097 16:27:28,CSendEmail
2010 097 16:28:28,CUrl
2010 097 16:31:00,CNologon
2010 098 08:32:00,Blogon
2010 098 08:41:49,BUrl
2010 098 12:24:33,CUrl
2010 098 14:34:31,CSendEmail
2010 098 14:42:06,CUrl
2010 098 15:54:26,CSendEmail
2010 098 16:01:59,CSendEmail
2010 098 16:07:24,CUrl
2010 098 16:27:00,CNologon
2010 099 08:31:00,Blogon
2010 099 08:34:59,BUrl
2010 099 12:06:46,CUrl
2010 099 12:36:16,CSendEmail
2010 099 13:18:46,CUrl
2010 099 15:41:32,CSendEmail
2010 099 15:49:50,CUrl
2010 099 16:05:04,CSendEmail
2010 099 16:15:39,CUrl
2010 099 16:27:00,CNologon
2010 102 08:15:00,Blogon
2010 102 09:00:16,BUrl
2010 102 11:18:47,BConnect
2010 102 11:22:20,BFileCopy
2010 102 11:24:55,BFileCopy
2010 102 11:27:16,BFileCopy
2010 102 11:27:35,BFileCopy
2010 102 11:34:04,BFileCopy
2010 102 11:36:37,BDisconnect
2010 102 11:50:29,BSendEmail
2010 102 12:17:42,CUrl
2010 102 13:23:33,Clogon
2010 102 13:59:10,CNologon
2010 102 14:40:37,CUrl
2010 102 15:28:32,CSendEmail
2010 102 15:39:28,CSendEmail
2010 102 15:40:09,CUrl
2010 102 16:40:00,CNologon
2010 103 08:28:00,Blogon
2010 103 08:31:30,BUrl
2010 103 12:08:25,CSendEmail
2010 103 12:14:14,CUrl
2010 103 13:55:17,CSendEmail
2010 103 14:26:31,CUrl
2010 103 14:58:46,CSendEmail
2010 103 15:08:53,CUrl
2010 103 16:38:00,CNologon
2010 104 08:24:00,Blogon
2010 104 09:01:38,BUrl
2010 104 11:12:03,BSendEmail
2010 104 11:39:20,BUrl
2010 104 12:00:38,CUrl
2010 104 14:17:13,CConnect
2010 104 14:22:10,CFileCopy
2010 104 14:24:21,CFileCopy
2010 104 14:25:19,CFileCopy
2010 104 14:28:17,CFileCopy
2010 104 14:30:04,CDisconnect
2010 104 15:15:09,CUrl
2010 104 16:30:05,CSendEmail
2010 104 16:30:30,CUrl
2010 104 16:32:00,CNologon
2010 105 08:32:00,Blogon
2010 105 08:43:49,BUrl
2010 105 09:54:43,BSendEmail
2010 105 10:00:34,BUrl
2010 105 12:20:58,CUrl
2010 105 16:08:33,CSendEmail
2010 105 16:09:14,CUrl
2010 105 16:22:26,CSendEmail
2010 105 16:28:00,CNologon
2010 106 08:27:00,Blogon
2010 106 08:46:33,BUrl
2010 106 10:22:20,Blogon
2010 106 10:28:09,BNologon
2010 106 10:37:12,BUrl
2010 106 12:21:44,CUrl
2010 106 14:20:34,CConnect
2010 106 14:21:57,CUrl
2010 106 15:13:31,CSendEmail
2010 106 15:20:51,CSendEmail
2010 106 15:30:40,CUrl
2010 106 15:37:43,CDisconnect
2010 106 15:44:53,CUrl
2010 106 16:34:43,CSendEmail
2010 106 16:41:00,CNologon
2010 109 08:23:00,Blogon
2010 109 08:31:50,BUrl
2010 109 08:34:09,BSendEmail
2010 109 08:38:02,BUrl
2010 109 08:44:14,BSendEmail
2010 109 09:21:42,BUrl
2010 109 12:04:29,CSendEmail
2010 109 12:14:19,CUrl
2010 109 16:45:00,CNologon
2010 110 08:33:00,Blogon
2010 110 08:38:16,BUrl
2010 110 08:42:41,BSendEmail
2010 110 08:46:44,BSendEmail
2010 110 08:58:17,BUrl
2010 110 12:08:57,CUrl
2010 110 13:08:36,CSendEmail
2010 110 14:18:05,CUrl
2010 110 16:27:00,CNologon
2010 111 08:25:00,Blogon
2010 111 08:31:02,BUrl
2010 111 11:24:06,BConnect
2010 111 11:36:43,BFileCopy
2010 111 11:48:18,BDisconnect
2010 111 12:02:51,CUrl
2010 111 13:46:20,CSendEmail
2010 111 14:11:02,CUrl
2010 111 15:29:26,CSendEmail
2010 111 15:43:27,CSendEmail
2010 111 16:15:59,CConnect
2010 111 16:18:12,CUrl
2010 111 16:18:44,CFileCopy
2010 111 16:19:43,CFileCopy
2010 111 16:22:10,CDisconnect
2010 111 16:23:21,CUrl
2010 111 16:34:00,CNologon
2010 112 08:30:00,Blogon
2010 112 08:33:51,BUrl
2010 112 09:33:22,BSendEmail
2010 112 09:33:33,BSendEmail
2010 112 09:35:42,BSendEmail
2010 112 09:55:31,BUrl
2010 112 11:57:45,BConnect
2010 112 12:02:06,CFileCopy
2010 112 12:03:50,CFileCopy
2010 112 12:04:05,CFileCopy
2010 112 12:04:20,CDisconnect
2010 112 12:20:29,CUrl
2010 112 16:28:00,CNologon
2010 113 08:32:00,Blogon
2010 113 08:33:16,BUrl
2010 113 10:25:06,BSendEmail
2010 113 10:34:33,BUrl
2010 113 11:04:36,BSendEmail
2010 113 11:05:11,BUrl
2010 113 12:04:25,CUrl
2010 113 13:32:05,CSendEmail
2010 113 13:33:53,CUrl
2010 113 16:27:00,CNologon
2010 116 08:33:00,Blogon
2010 116 08:36:34,BUrl
2010 116 12:05:19,CUrl
2010 116 14:13:23,CSendEmail
2010 116 14:47:22,CUrl
2010 116 15:45:32,Clogon
2010 116 15:53:12,CNologon
2010 116 15:53:31,CUrl
2010 116 15:54:40,CSendEmail
2010 116 15:55:43,CSendEmail
2010 116 16:28:00,CNologon
2010 117 08:29:00,Blogon
2010 117 09:10:21,BUrl
2010 117 12:33:21,CUrl
2010 117 14:55:01,CSendEmail
2010 117 15:24:04,CSendEmail
2010 117 15:30:52,CUrl
2010 117 15:33:57,CSendEmail
2010 117 15:41:02,CUrl
2010 117 16:37:00,CNologon
2010 118 08:26:00,Blogon
2010 118 08:42:58,BUrl
2010 118 12:02:29,CUrl
2010 118 16:31:56,CSendEmail
2010 118 16:32:30,CUrl
2010 118 16:33:39,CSendEmail
2010 118 16:34:38,CSendEmail
2010 118 16:37:00,CNologon
2010 119 08:32:00,Blogon
2010 119 08:52:14,BUrl
2010 119 10:31:08,BConnect
2010 119 10:41:14,BUrl
2010 119 12:27:16,CDisconnect
2010 119 12:30:31,CSendEmail
2010 119 12:36:34,CUrl
2010 119 12:40:00,CSendEmail
2010 119 12:47:30,CUrl
2010 119 16:29:00,CNologon
2010 120 08:21:00,Blogon
2010 120 08:22:33,BUrl
2010 120 08:42:56,BSendEmail
2010 120 08:50:58,BUrl
2010 120 08:51:38,BSendEmail
2010 120 08:52:50,BUrl
2010 120 09:02:46,BSendEmail
2010 120 09:12:34,BUrl
2010 120 12:39:33,CUrl
2010 120 13:39:44,CConnect
2010 120 13:46:20,CUrl
2010 120 13:48:19,CFileCopy
2010 120 13:59:28,CFileCopy
2010 120 14:04:50,CFileCopy
2010 120 14:07:57,CDisconnect
2010 120 15:02:31,CUrl
2010 120 16:42:00,CNologon
2010 123 08:33:00,Blogon
2010 123 08:37:05,BUrl
2010 123 10:30:18,BConnect
2010 123 10:34:33,BUrl
2010 123 10:50:49,BDisconnect
2010 123 11:29:59,BUrl
2010 123 12:00:17,CUrl
2010 123 14:00:38,CSendEmail
2010 123 14:03:52,CUrl
2010 123 14:13:17,CSendEmail
2010 123 14:15:18,CUrl
2010 123 16:17:49,CSendEmail
2010 123 16:18:45,CUrl
2010 123 16:28:00,CNologon
2010 124 08:30:00,Blogon
2010 124 08:33:29,BUrl
2010 124 09:18:26,BConnect
2010 124 09:18:53,BDisconnect
2010 124 16:12:56,CUrl
2010 124 16:17:56,CSendEmail
2010 124 16:18:57,CUrl
2010 124 16:29:00,CNologon
2010 125 08:31:00,Blogon
2010 125 08:41:02,BUrl
2010 125 12:36:43,CUrl
2010 125 15:06:06,CSendEmail
2010 125 15:10:39,CSendEmail
2010 125 15:20:20,CSendEmail
2010 125 15:54:28,CUrl
2010 125 16:27:00,CNologon
2010 126 08:30:00,Blogon
2010 126 08:35:24,BSendEmail
2010 126 08:39:36,BSendEmail
2010 126 08:47:39,BUrl
2010 126 09:01:00,BSendEmail
2010 126 09:18:20,BUrl
2010 126 12:06:58,CUrl
2010 126 16:30:00,CNologon
2010 127 08:33:00,Blogon
2010 127 08:56:26,BUrl
2010 127 09:58:57,BSendEmail
2010 127 10:19:26,BUrl
2010 127 12:02:15,CUrl
2010 127 13:40:01,CSendEmail
2010 127 14:28:48,CUrl
2010 127 16:28:00,CNologon
2010 130 08:32:00,Blogon
2010 130 08:41:46,BUrl
2010 130 12:04:40,CUrl
2010 130 12:09:24,CSendEmail
2010 130 12:11:46,CUrl
2010 130 14:26:49,CSendEmail
2010 130 14:50:21,CUrl
2010 130 16:29:00,CNologon
2010 131 08:29:00,Blogon
2010 131 08:32:27,BUrl
2010 131 11:04:50,BSendEmail
2010 131 11:07:24,BSendEmail
2010 131 11:22:14,BUrl
2010 131 12:06:29,CUrl
2010 131 14:59:44,CSendEmail
2010 131 15:03:19,CUrl
2010 131 16:35:00,CNologon
2010 132 08:30:00,Blogon
2010 132 08:52:12,BUrl
2010 132 12:23:03,CUrl
2010 132 12:24:17,CSendEmail
2010 132 12:34:58,CUrl
2010 132 14:05:18,CSendEmail
2010 132 14:36:55,CUrl
2010 132 16:26:55,CSendEmail
2010 132 16:28:00,CNologon
2010 133 08:18:00,Blogon
2010 133 08:35:03,BUrl
2010 133 12:31:38,CUrl
2010 133 15:02:38,CSendEmail
2010 133 15:19:48,CSendEmail
2010 133 15:20:28,CUrl
2010 133 15:25:28,CConnect
2010 133 15:25:42,CUrl
2010 133 15:32:17,CFileCopy
2010 133 15:37:09,CDisconnect
2010 133 16:02:26,CSendEmail
2010 133 16:30:00,CNologon
2010 134 08:26:00,Blogon
2010 134 08:30:00,BUrl
2010 134 12:07:06,CUrl
2010 134 14:02:21,CSendEmail
2010 134 14:04:58,CUrl
2010 134 14:07:04,CSendEmail
2010 134 14:16:34,CSendEmail
2010 134 14:48:54,CUrl
2010 134 16:32:00,CNologon
2010 137 08:33:00,Blogon
2010 137 11:30:07,BUrl
2010 137 13:21:27,CSendEmail
2010 137 13:23:55,CUrl
2010 137 13:28:48,CSendEmail
2010 137 15:07:14,CUrl
2010 137 16:45:00,CNologon
2010 138 08:23:00,Blogon
2010 138 08:27:46,BUrl
2010 138 11:30:35,BSendEmail
2010 138 11:51:38,BSendEmail
2010 138 12:20:34,CUrl
2010 138 13:35:08,CSendEmail
2010 138 13:59:35,CConnect
2010 138 14:24:49,CDisconnect
2010 138 14:34:50,CUrl
2010 138 16:27:00,CNologon
2010 139 08:19:00,Blogon
2010 139 08:39:07,BUrl
2010 139 12:19:13,CUrl
2010 139 12:41:21,CSendEmail
2010 139 13:00:32,CUrl
2010 139 13:04:24,CSendEmail
2010 139 13:36:21,CUrl
2010 139 16:07:29,CSendEmail
2010 139 16:11:18,CUrl
2010 139 16:43:00,CNologon
2010 140 08:16:00,Blogon
2010 140 08:25:02,BUrl
2010 140 12:20:04,CUrl
2010 140 14:45:56,CSendEmail
2010 140 14:58:47,CUrl
2010 140 15:48:05,CSendEmail
2010 140 15:48:06,CSendEmail
2010 140 15:55:20,CUrl
2010 140 16:28:00,CNologon
2010 141 08:24:00,Blogon
2010 141 08:34:18,BUrl
2010 141 12:07:46,CUrl
2010 141 16:36:30,CSendEmail
2010 141 16:37:05,CSendEmail
2010 141 16:38:46,CUrl
2010 141 16:41:40,CSendEmail
2010 141 16:43:00,CNologon
2010 144 08:28:00,Blogon
2010 144 08:44:10,BUrl
2010 144 09:29:19,BSendEmail
2010 144 09:33:29,BUrl
2010 144 09:49:35,BSendEmail
2010 144 09:58:57,BSendEmail
2010 144 10:18:08,BUrl
2010 144 12:05:25,CUrl
2010 144 16:28:00,CNologon
2010 145 08:30:00,Blogon
2010 145 08:35:45,BUrl
2010 145 10:17:06,BSendEmail
2010 145 10:37:57,BUrl
2010 145 10:46:09,BSendEmail
2010 145 10:51:27,BSendEmail
2010 145 10:52:59,BUrl
2010 145 12:16:48,CUrl
2010 145 16:30:00,CNologon
2010 146 08:33:00,Blogon
2010 146 08:36:19,BUrl
2010 146 11:34:02,BSendEmail
2010 146 11:35:40,BSendEmail
2010 146 11:39:53,BSendEmail
2010 146 11:51:40,BUrl
2010 146 12:24:27,CUrl
2010 146 16:28:00,CNologon
2010 147 08:29:00,Blogon
2010 147 08:30:26,BSendEmail
2010 147 08:48:33,BUrl
2010 147 12:24:47,CUrl
2010 147 14:46:42,CSendEmail
2010 147 14:57:17,CUrl
2010 147 15:13:18,CSendEmail
2010 147 15:30:38,CUrl
2010 147 16:31:00,CNologon
2010 148 08:16:00,Blogon
2010 148 08:17:48,BUrl
2010 148 10:59:47,BSendEmail
2010 148 11:06:59,BUrl
2010 148 11:08:29,BSendEmail
2010 148 11:20:32,BUrl
2010 148 12:00:12,CSendEmail
2010 148 12:01:04,CUrl
2010 148 16:30:00,CNologon
2010 152 08:33:00,Blogon
2010 152 08:59:57,BConnect
2010 152 09:01:39,BDisconnect
2010 152 09:02:00,BUrl
2010 152 10:43:45,BSendEmail
2010 152 10:50:08,BUrl
2010 152 10:55:32,BSendEmail
2010 152 11:09:44,BUrl
2010 152 12:08:16,CSendEmail
2010 152 12:20:36,CUrl
2010 152 14:49:13,CConnect
2010 152 14:55:26,CUrl
2010 152 15:52:32,CDisconnect
2010 152 16:02:46,CUrl
2010 152 16:29:00,CNologon
2010 153 08:27:00,Blogon
2010 153 08:30:22,BUrl
2010 153 12:12:54,CUrl
2010 153 12:16:59,CSendEmail
2010 153 12:22:14,CSendEmail
2010 153 12:27:51,CSendEmail
2010 153 12:56:22,CUrl
2010 153 16:36:00,CNologon
2010 154 08:23:00,Blogon
2010 154 08:41:34,BUrl
2010 154 10:21:58,BSendEmail
2010 154 10:23:16,BUrl
2010 154 12:44:57,CUrl
2010 154 12:46:50,CSendEmail
2010 154 13:20:15,CUrl
2010 154 14:28:32,CSendEmail
2010 154 14:55:12,CUrl
2010 154 16:38:00,CNologon
2010 155 08:25:00,Blogon
2010 155 08:34:17,BUrl
2010 155 09:08:06,BConnect
2010 155 09:11:32,BUrl
2010 155 09:29:15,BDisconnect
2010 155 09:42:25,BUrl
2010 155 09:42:40,BSendEmail
2010 155 10:15:28,BUrl
2010 155 10:18:08,BSendEmail
2010 155 10:39:38,BUrl
2010 155 12:00:10,CUrl
2010 155 12:10:55,CConnect
2010 155 12:58:33,CDisconnect
2010 155 13:00:31,CUrl
2010 155 15:29:46,CSendEmail
2010 155 15:34:43,CUrl
2010 155 16:33:00,CNologon
2010 158 08:24:00,Blogon
2010 158 08:26:32,BUrl
2010 158 08:27:40,BSendEmail
2010 158 08:55:52,BUrl
2010 158 09:14:34,BSendEmail
2010 158 09:58:15,BUrl
2010 158 11:58:22,BSendEmail
2010 158 12:35:22,CUrl
2010 158 16:42:00,CNologon
2010 159 08:33:00,Blogon
2010 159 08:48:09,BUrl
2010 159 11:02:41,BSendEmail
2010 159 11:25:34,BUrl
2010 159 11:26:53,BSendEmail
2010 159 11:43:11,BUrl
2010 159 12:12:29,CUrl
2010 159 13:47:53,CSendEmail
2010 159 14:24:34,CUrl
2010 159 16:29:00,CNologon
2010 160 08:19:00,Blogon
2010 160 08:27:51,BUrl
2010 160 10:40:05,BSendEmail
2010 160 10:52:13,BSendEmail
2010 160 10:57:16,BUrl
2010 160 12:08:42,CUrl
2010 160 16:28:35,CSendEmail
2010 160 16:37:00,CNologon
2010 161 08:25:00,Blogon
2010 161 08:41:36,BUrl
2010 161 09:39:01,BSendEmail
2010 161 09:40:05,BUrl
2010 161 09:45:31,BSendEmail
2010 161 10:09:04,BUrl
2010 161 10:32:54,BSendEmail
2010 161 10:36:05,BUrl
2010 161 12:54:14,CUrl
2010 161 16:30:00,CNologon
2010 162 08:23:00,Blogon
2010 162 08:25:03,BUrl
2010 162 08:25:05,BSendEmail
2010 162 08:25:30,BUrl
2010 162 08:25:37,BSendEmail
2010 162 08:25:45,BUrl
2010 162 08:27:14,BSendEmail
2010 162 08:55:32,BUrl
2010 162 12:24:06,CUrl
2010 162 16:30:00,CNologon
2010 165 08:20:00,Blogon
2010 165 08:42:13,BUrl
2010 165 08:55:38,BSendEmail
2010 165 09:01:36,BUrl
2010 165 09:06:39,BSendEmail
2010 165 09:21:41,BUrl
2010 165 11:00:13,BConnect
2010 165 11:14:30,BUrl
2010 165 11:34:13,BFileCopy
2010 165 11:48:50,BFileCopy
2010 165 11:48:58,BFileCopy
2010 165 11:51:31,BUrl
2010 165 12:03:31,CDisconnect
2010 165 12:11:19,CSendEmail
2010 165 12:42:20,CUrl
2010 165 16:27:00,CNologon
2010 166 08:24:00,Blogon
2010 166 08:25:02,BUrl
2010 166 12:07:30,CUrl
2010 166 13:52:15,CSendEmail
2010 166 13:52:16,CSendEmail
2010 166 13:53:03,CSendEmail
2010 166 14:16:27,CUrl
2010 166 16:35:00,CNologon
2010 167 08:32:00,Blogon
2010 167 08:40:09,BUrl
2010 167 10:10:11,BSendEmail
2010 167 10:23:48,BUrl
2010 167 11:31:35,BSendEmail
2010 167 11:54:21,BUrl
2010 167 12:20:52,CUrl
2010 167 16:23:52,CSendEmail
2010 167 16:25:42,CUrl
2010 167 16:29:00,CNologon
2010 168 08:31:00,Blogon
2010 168 09:31:50,BUrl
2010 168 11:47:18,BSendEmail
2010 168 12:17:50,CConnect
2010 168 12:29:26,CDisconnect
2010 168 12:46:33,CUrl
2010 168 13:35:48,CConnect
2010 168 13:44:34,CDisconnect
2010 168 13:57:21,CUrl
2010 168 16:09:11,CSendEmail
2010 168 16:12:00,CUrl
2010 168 16:26:51,CSendEmail
2010 168 16:29:00,CNologon
2010 169 08:33:00,Blogon
2010 169 08:58:26,BUrl
2010 169 09:13:03,BSendEmail
2010 169 09:13:38,BSendEmail
2010 169 09:15:35,BUrl
2010 169 09:17:46,BSendEmail
2010 169 10:06:02,BUrl
2010 169 12:17:19,CUrl
2010 169 14:05:06,CConnect
2010 169 14:05:29,CUrl
2010 169 14:15:33,CDisconnect
2010 169 14:21:20,CUrl
2010 169 14:44:27,CConnect
2010 169 14:45:45,CFileCopy
2010 169 14:50:34,CDisconnect
2010 169 14:53:08,CUrl
2010 169 16:29:00,CNologon
2010 172 08:17:00,Blogon
2010 172 08:23:31,Blogon
2010 172 08:30:01,BUrl
2010 172 08:41:09,BNologon
2010 172 08:46:50,BUrl
2010 172 12:48:42,CUrl
2010 172 14:40:12,CSendEmail
2010 172 14:40:25,CSendEmail
2010 172 14:47:57,CUrl
2010 172 16:20:22,CSendEmail
2010 172 16:39:00,CNologon
2010 173 08:25:00,Blogon
2010 173 08:29:14,BUrl
2010 173 11:08:33,BSendEmail
2010 173 11:15:31,BSendEmail
2010 173 11:21:51,BSendEmail
2010 173 11:35:29,BUrl
2010 173 12:00:33,CUrl
2010 173 14:00:03,CConnect
2010 173 14:03:58,CFileCopy
2010 173 14:07:44,CUrl
2010 173 14:13:54,CFileCopy
2010 173 14:14:05,CFileCopy
2010 173 14:16:44,CDisconnect
2010 173 14:29:33,CUrl
2010 173 16:39:00,CNologon
2010 174 08:25:00,Blogon
2010 174 08:26:03,BUrl
2010 174 09:55:10,BSendEmail
2010 174 10:29:33,BUrl
2010 174 12:47:52,CUrl
2010 174 14:14:52,CSendEmail
2010 174 15:32:18,CUrl
2010 174 16:25:25,CSendEmail
2010 174 16:26:56,CUrl
2010 174 16:36:00,CNologon
2010 175 08:16:00,Blogon
2010 175 08:59:10,BUrl
2010 175 11:37:52,BSendEmail
2010 175 11:40:01,BUrl
2010 175 12:07:15,CUrl
2010 175 14:54:11,CSendEmail
2010 175 15:04:09,CSendEmail
2010 175 15:17:59,CUrl
2010 175 16:28:00,CNologon
2010 176 08:30:00,Blogon
2010 176 09:00:11,BUrl
2010 176 12:14:52,CUrl
2010 176 13:38:30,CConnect
2010 176 13:42:45,CDisconnect
2010 176 14:01:00,CUrl
2010 176 16:33:00,CNologon
2010 179 08:28:00,Blogon
2010 179 08:29:37,BSendEmail
2010 179 09:07:16,BSendEmail
2010 179 09:21:18,BUrl
2010 179 09:31:55,BSendEmail
2010 179 10:02:34,BUrl
2010 179 12:00:31,CUrl
2010 179 16:33:00,CNologon
2010 180 08:18:00,Blogon
2010 180 08:37:44,BUrl
2010 180 10:03:26,BConnect
2010 180 10:04:37,BDisconnect
2010 180 10:58:03,BUrl
2010 180 12:00:06,CUrl
2010 180 12:50:59,CSendEmail
2010 180 12:51:59,CSendEmail
2010 180 12:54:26,CSendEmail
2010 180 12:57:31,CUrl
2010 180 16:28:00,CNologon
2010 181 08:32:00,Blogon
2010 181 08:38:10,BUrl
2010 181 08:54:55,BSendEmail
2010 181 09:16:27,BUrl
2010 181 09:54:55,BSendEmail
2010 181 09:55:03,BUrl
2010 181 10:51:24,BSendEmail
2010 181 11:04:59,BUrl
2010 181 12:11:11,CUrl
2010 181 16:30:00,CNologon
2010 182 08:26:00,Blogon
2010 182 08:29:29,BSendEmail
2010 182 08:32:07,BUrl
2010 182 08:40:28,BSendEmail
2010 182 08:53:18,BUrl
2010 182 10:11:45,BSendEmail
2010 182 10:44:05,BUrl
2010 182 12:52:40,CUrl
2010 182 16:38:00,CNologon
2010 183 08:25:00,Blogon
2010 183 08:27:32,BUrl
2010 183 11:16:07,BSendEmail
2010 183 11:18:09,BSendEmail
2010 183 11:18:28,BUrl
2010 183 11:51:12,BSendEmail
2010 183 12:10:34,CUrl
2010 183 16:34:00,CNologon
2010 187 08:15:00,Blogon
2010 187 08:38:57,BUrl
2010 187 12:15:46,CUrl
2010 187 16:33:00,CNologon
2010 188 08:30:00,Blogon
2010 188 08:32:17,BUrl
2010 188 12:17:30,CUrl
2010 188 12:42:23,CSendEmail
2010 188 13:00:20,CUrl
2010 188 13:03:47,CSendEmail
2010 188 13:29:16,CUrl
2010 188 15:25:39,CSendEmail
2010 188 15:44:12,CUrl
2010 188 16:27:00,CNologon
2010 189 08:25:00,Blogon
2010 189 08:42:09,BUrl
2010 189 10:16:13,BSendEmail
2010 189 10:23:47,BUrl
2010 189 11:43:24,BSendEmail
2010 189 11:47:01,BUrl
2010 189 12:02:33,CUrl
2010 189 16:06:45,CSendEmail
2010 189 16:20:58,CUrl
2010 189 16:30:00,CNologon
2010 190 08:32:00,Blogon
2010 190 08:33:09,BUrl
2010 190 12:04:21,CUrl
2010 190 13:57:05,CConnect
2010 190 14:03:24,CDisconnect
2010 190 14:03:31,CUrl
2010 190 14:26:35,CConnect
2010 190 14:32:01,CDisconnect
2010 190 14:33:14,CUrl
2010 190 15:29:09,CSendEmail
2010 190 15:30:11,CUrl
2010 190 15:31:06,CSendEmail
2010 190 16:19:52,CUrl
2010 190 16:25:33,CSendEmail
2010 190 16:26:15,CUrl
2010 190 16:30:00,CNologon
2010 193 08:32:00,Blogon
2010 193 08:34:01,BUrl
2010 193 08:36:17,BSendEmail
2010 193 08:45:56,BUrl
2010 193 09:24:33,BSendEmail
2010 193 09:56:10,BUrl
2010 193 12:02:34,CUrl
2010 193 13:48:29,CSendEmail
2010 193 14:15:27,CUrl
2010 193 16:27:00,CNologon
2010 194 08:30:00,Blogon
2010 194 08:44:07,BUrl
2010 194 10:49:53,BSendEmail
2010 194 10:56:42,BUrl
2010 194 12:29:59,CUrl
2010 194 13:35:44,CConnect
2010 194 13:36:41,CFileCopy
2010 194 13:38:33,CFileCopy
2010 194 13:40:19,CFileCopy
2010 194 13:45:14,CFileCopy
2010 194 13:47:40,CDisconnect
2010 194 13:51:11,CUrl
2010 194 15:00:30,CSendEmail
2010 194 15:00:57,CSendEmail
2010 194 15:55:57,CUrl
2010 194 16:28:00,CNologon
2010 195 08:30:00,Blogon
2010 195 08:31:55,BUrl
2010 195 09:49:28,BSendEmail
2010 195 09:55:51,BUrl
2010 195 11:21:32,BSendEmail
2010 195 11:41:19,BUrl
2010 195 12:16:28,CUrl
2010 195 14:25:32,CSendEmail
2010 195 14:27:40,CUrl
2010 195 16:30:00,CNologon
2010 196 08:29:00,Blogon
2010 196 08:56:06,BUrl
2010 196 12:09:59,CUrl
2010 196 14:32:52,CConnect
2010 196 14:51:33,CUrl
2010 196 15:44:47,CDisconnect
2010 196 15:47:11,CUrl
2010 196 15:58:08,CSendEmail
2010 196 16:00:29,CUrl
2010 196 16:04:11,CSendEmail
2010 196 16:06:52,CUrl
2010 196 16:09:37,CSendEmail
2010 196 16:09:51,CUrl
2010 196 16:30:00,CNologon
2010 197 08:32:00,Blogon
2010 197 08:37:22,BUrl
2010 197 10:06:57,BSendEmail
2010 197 10:07:21,BSendEmail
2010 197 10:13:34,BSendEmail
2010 197 10:21:55,BUrl
2010 197 12:01:37,CUrl
2010 197 14:08:15,CConnect
2010 197 14:32:28,CFileCopy
2010 197 14:37:53,CFileCopy
2010 197 14:38:40,CDisconnect
2010 197 14:39:21,CUrl
2010 197 16:30:00,CNologon
2010 200 08:31:00,Blogon
2010 200 08:32:17,BSendEmail
2010 200 08:33:31,BUrl
2010 200 12:04:22,CUrl
2010 200 16:30:00,CNologon
2010 201 08:32:00,Blogon
2010 201 08:49:39,BUrl
2010 201 12:22:01,CUrl
2010 201 14:40:15,CSendEmail
2010 201 14:48:08,CSendEmail
2010 201 15:09:51,CSendEmail
2010 201 15:15:50,CUrl
2010 201 16:30:00,CNologon
2010 202 08:31:00,Blogon
2010 202 08:34:38,BUrl
2010 202 11:30:11,BSendEmail
2010 202 11:55:05,BUrl
2010 202 12:13:11,CUrl
2010 202 13:12:07,CSendEmail
2010 202 14:00:02,CUrl
2010 202 15:50:58,CConnect
2010 202 15:52:44,CFileCopy
2010 202 15:55:24,CFileCopy
2010 202 15:55:29,CFileCopy
2010 202 15:56:02,CFileCopy
2010 202 15:56:04,CUrl
2010 202 15:57:16,CFileCopy
2010 202 15:58:20,CFileCopy
2010 202 15:59:58,CFileCopy
2010 202 16:00:20,CDisconnect
2010 202 16:16:41,CUrl
2010 202 16:28:00,CNologon
2010 203 08:26:00,Blogon
2010 203 08:32:30,BUrl
2010 203 09:08:26,BSendEmail
2010 203 09:16:44,BUrl
2010 203 12:16:33,CUrl
2010 203 16:34:39,CSendEmail
2010 203 16:41:00,CNologon
2010 204 08:24:00,Blogon
2010 204 08:29:06,BSendEmail
2010 204 08:40:45,BUrl
2010 204 12:55:43,CUrl
2010 204 14:25:06,CSendEmail
2010 204 14:30:26,CSendEmail
2010 204 14:38:42,CUrl
2010 204 16:33:00,CNologon
2010 207 08:33:00,Blogon
2010 207 08:47:39,BUrl
2010 207 12:10:35,CUrl
2010 207 12:38:44,CConnect
2010 207 12:57:17,CDisconnect
2010 207 13:32:42,CUrl
2010 207 13:40:15,CSendEmail
2010 207 14:15:38,CSendEmail
2010 207 14:16:33,CUrl
2010 207 14:18:19,CSendEmail
2010 207 14:33:06,CUrl
2010 207 16:30:00,CNologon
2010 208 08:30:00,Blogon
2010 208 08:33:59,BUrl
2010 208 11:15:10,BSendEmail
2010 208 12:41:54,CUrl
2010 208 16:29:00,CNologon
2010 209 08:33:00,Blogon
2010 209 08:40:53,BUrl
2010 209 12:02:12,CUrl
2010 209 12:12:28,CSendEmail
2010 209 12:20:32,CUrl
2010 209 15:25:09,CSendEmail
2010 209 15:35:28,CSendEmail
2010 209 15:45:04,CUrl
2010 209 16:30:00,CNologon
2010 210 08:25:00,Blogon
2010 210 08:44:41,BUrl
2010 210 09:05:25,BSendEmail
2010 210 09:06:20,BUrl
2010 210 12:17:58,CSendEmail
2010 210 12:19:12,CConnect
2010 210 12:20:05,CSendEmail
2010 210 13:03:41,CDisconnect
2010 210 13:09:13,CUrl
2010 210 16:39:00,CNologon
2010 211 08:30:00,Blogon
2010 211 08:37:01,BUrl
2010 211 11:20:47,BSendEmail
2010 211 11:21:47,BSendEmail
2010 211 11:22:44,BSendEmail
2010 211 11:33:45,BUrl
2010 211 12:50:57,CUrl
2010 211 16:30:00,CNologon
2010 214 08:33:00,Blogon
2010 214 08:53:15,BUrl
2010 214 12:17:47,CUrl
2010 214 14:48:45,CSendEmail
2010 214 14:56:45,CSendEmail
2010 214 15:12:48,CUrl
2010 214 15:44:55,CSendEmail
2010 214 15:48:13,CUrl
2010 214 16:30:00,CNologon
2010 215 08:33:00,Blogon
2010 215 08:34:24,BSendEmail
2010 215 08:34:56,BUrl
2010 215 10:00:32,BSendEmail
2010 215 10:08:32,BSendEmail
2010 215 11:08:06,BUrl
2010 215 12:49:34,CUrl
2010 215 16:38:00,CNologon
2010 216 08:19:00,Blogon
2010 216 08:50:08,BUrl
2010 216 09:15:02,BSendEmail
2010 216 09:16:52,BSendEmail
2010 216 09:21:45,BUrl
2010 216 09:27:01,BSendEmail
2010 216 09:46:54,BUrl
2010 216 12:04:30,CUrl
2010 216 16:31:00,CNologon
2010 217 08:31:00,Blogon
2010 217 08:34:23,BUrl
2010 217 09:24:41,BSendEmail
2010 217 09:45:06,BUrl
2010 217 12:23:55,CUrl
2010 217 12:35:41,CSendEmail
2010 217 12:40:13,CUrl
2010 217 13:01:42,CConnect
2010 217 13:14:11,CFileCopy
2010 217 13:15:13,CUrl
2010 217 13:42:12,CSendEmail
2010 217 14:24:19,CUrl
2010 217 14:27:16,CDisconnect
2010 217 14:30:09,CUrl
2010 217 16:29:00,CNologon
2010 218 08:30:00,Blogon
2010 218 08:32:32,BUrl
2010 218 09:55:43,BConnect
2010 218 10:02:37,BFileCopy
2010 218 10:04:38,BFileCopy
2010 218 10:10:57,BFileCopy
2010 218 10:30:53,BFileCopy
2010 218 10:34:08,BDisconnect
2010 218 10:51:00,BUrl
2010 218 11:53:33,BSendEmail
2010 218 11:58:04,BSendEmail
2010 218 12:15:05,CUrl
2010 218 12:32:16,CSendEmail
2010 218 12:49:11,CUrl
2010 218 16:28:00,CNologon
2010 221 08:21:00,Blogon
2010 221 08:22:50,BUrl
2010 221 11:35:23,Blogon
2010 221 11:56:59,BUrl
2010 221 12:12:41,CNologon
2010 221 12:28:59,CUrl
2010 221 14:20:34,CSendEmail
2010 221 14:27:07,CSendEmail
2010 221 14:44:49,CUrl
2010 221 15:14:18,CSendEmail
2010 221 15:15:28,CUrl
2010 221 16:27:00,CNologon
2010 222 08:22:00,Blogon
2010 222 08:23:38,BUrl
2010 222 09:38:37,BConnect
2010 222 09:49:45,BFileCopy
2010 222 09:52:01,BUrl
2010 222 10:07:38,BDisconnect
2010 222 10:17:12,BUrl
2010 222 12:02:08,CUrl
2010 222 12:36:57,CSendEmail
2010 222 12:37:20,CSendEmail
2010 222 12:38:56,CUrl
2010 222 14:20:34,CSendEmail
2010 222 15:28:44,CUrl
2010 222 16:35:00,CNologon
2010 223 08:32:00,Blogon
2010 223 08:59:50,BConnect
2010 223 09:03:32,BUrl
2010 223 09:53:48,BDisconnect
2010 223 09:57:54,BSendEmail
2010 223 10:49:22,BUrl
2010 223 12:01:09,CUrl
2010 223 13:44:46,CSendEmail
2010 223 13:52:57,CUrl
2010 223 13:59:04,CSendEmail
2010 223 15:31:46,CUrl
2010 223 16:44:00,CNologon
2010 224 08:19:00,Blogon
2010 224 08:37:53,BUrl
2010 224 12:19:26,CUrl
2010 224 13:24:59,CSendEmail
2010 224 13:25:31,CSendEmail
2010 224 13:26:20,CUrl
2010 224 15:07:20,CSendEmail
2010 224 15:53:52,CUrl
2010 224 16:39:00,CNologon
2010 225 08:31:00,Blogon
2010 225 08:43:07,BUrl
2010 225 08:50:16,BSendEmail
2010 225 09:05:07,BUrl
2010 225 12:09:49,CUrl
2010 225 14:11:44,CSendEmail
2010 225 14:13:30,CSendEmail
2010 225 15:06:43,CUrl
2010 225 16:29:00,CNologon
2010 228 08:31:00,Blogon
2010 228 08:34:14,BUrl
2010 228 12:01:09,CUrl
2010 228 12:23:04,CSendEmail
2010 228 12:27:36,CSendEmail
2010 228 12:28:43,CUrl
2010 228 12:57:42,CSendEmail
2010 228 13:36:46,CUrl
2010 228 16:28:00,CNologon
2010 229 08:33:00,Blogon
2010 229 08:38:45,BUrl
2010 229 10:29:41,BSendEmail
2010 229 10:53:41,BUrl
2010 229 12:37:59,CUrl
2010 229 16:14:32,CSendEmail
2010 229 16:23:16,CSendEmail
2010 229 16:28:00,CNologon
2010 230 08:26:00,Blogon
2010 230 08:28:42,BUrl
2010 230 12:11:12,CUrl
2010 230 15:25:58,CSendEmail
2010 230 15:35:19,CSendEmail
2010 230 15:53:20,CUrl
2010 230 15:56:27,CSendEmail
2010 230 15:59:40,CUrl
2010 230 16:37:00,CNologon
2010 231 08:28:00,Blogon
2010 231 08:32:50,BUrl
2010 231 10:42:02,BSendEmail
2010 231 10:44:33,BUrl
2010 231 12:04:57,CUrl
2010 231 16:07:49,CSendEmail
2010 231 16:09:12,CUrl
2010 231 16:12:25,CSendEmail
2010 231 16:14:03,CUrl
2010 231 16:43:00,CNologon
2010 232 08:33:00,Blogon
2010 232 08:54:48,BUrl
2010 232 09:01:06,BSendEmail
2010 232 09:04:32,BUrl
2010 232 11:04:08,BSendEmail
2010 232 11:29:33,BUrl
2010 232 12:21:22,CSendEmail
2010 232 12:49:31,CUrl
2010 232 14:07:19,CConnect
2010 232 14:10:02,CFileCopy
2010 232 14:10:08,CFileCopy
2010 232 14:11:05,CFileCopy
2010 232 14:12:31,CFileCopy
2010 232 14:12:47,CDisconnect
2010 232 14:15:58,CUrl
2010 232 16:29:00,CNologon
2010 235 08:29:00,Blogon
2010 235 08:35:30,BUrl
2010 235 10:39:16,BSendEmail
2010 235 10:40:41,BSendEmail
2010 235 10:54:52,BUrl
2010 235 12:12:29,CUrl
2010 235 14:26:49,CSendEmail
2010 235 14:35:12,CUrl
2010 235 16:31:00,CNologon
2010 236 08:31:00,Blogon
2010 236 08:54:19,BUrl
2010 236 13:11:57,CUrl
2010 236 14:09:18,CSendEmail
2010 236 14:10:48,CUrl
2010 236 16:17:41,CSendEmail
2010 236 16:19:05,CSendEmail
2010 236 16:25:22,CUrl
2010 236 16:30:00,CNologon
2010 237 08:32:00,Blogon
2010 237 08:55:50,BUrl
2010 237 12:50:35,CUrl
2010 237 15:52:34,CSendEmail
2010 237 16:04:07,CUrl
2010 237 16:14:50,CSendEmail
2010 237 16:25:20,CSendEmail
2010 237 16:27:00,CNologon
2010 238 08:32:00,Blogon
2010 238 08:34:48,BUrl
2010 238 08:47:06,BSendEmail
2010 238 08:57:18,BUrl
2010 238 12:21:41,CUrl
2010 238 16:07:52,CSendEmail
2010 238 16:08:16,CUrl
2010 238 16:13:17,CSendEmail
2010 238 16:14:30,CUrl
2010 238 16:29:00,CNologon
2010 239 08:32:00,Blogon
2010 239 08:55:06,BUrl
2010 239 09:22:13,BSendEmail
2010 239 09:23:42,BSendEmail
2010 239 09:25:10,BUrl
2010 239 12:10:40,CUrl
2010 239 13:17:38,CSendEmail
2010 239 13:40:30,CUrl
2010 239 16:27:00,CNologon
2010 242 08:33:00,Blogon
2010 242 08:45:21,BUrl
2010 242 12:02:39,CUrl
2010 242 15:43:31,CSendEmail
2010 242 15:51:34,CUrl
2010 242 16:14:12,CSendEmail
2010 242 16:15:45,CSendEmail
2010 242 16:24:35,CUrl
2010 242 16:27:00,CNologon
2010 243 08:31:00,Blogon
2010 243 08:48:17,BSendEmail
2010 243 08:49:08,BUrl
2010 243 09:00:02,BSendEmail
2010 243 09:37:36,BUrl
2010 243 09:49:14,BConnect
2010 243 09:52:18,BDisconnect
2010 243 09:56:08,BUrl
2010 243 09:59:22,BSendEmail
2010 243 09:59:52,BUrl
2010 243 12:29:24,CUrl
2010 243 16:27:00,CNologon
2010 244 08:32:00,Blogon
2010 244 08:39:20,BUrl
2010 244 10:49:49,BSendEmail
2010 244 11:10:12,BUrl
2010 244 12:25:46,CUrl
2010 244 14:51:58,CSendEmail
2010 244 14:54:36,CUrl
2010 244 15:35:58,CSendEmail
2010 244 15:47:26,CUrl
2010 244 16:27:00,CNologon
2010 245 08:31:00,Blogon
2010 245 08:38:56,BUrl
2010 245 12:17:53,CUrl
2010 245 16:27:00,CNologon
2010 246 08:33:00,Blogon
2010 246 08:49:01,BUrl
2010 246 10:04:50,BSendEmail
2010 246 10:28:45,BUrl
2010 246 11:02:30,BSendEmail
2010 246 11:06:47,BUrl
2010 246 12:01:53,CUrl
2010 246 12:24:01,CSendEmail
2010 246 12:35:06,CUrl
2010 246 16:35:00,CNologon
2010 250 08:22:00,Blogon
2010 250 08:31:50,BUrl
2010 250 11:12:11,BConnect
2010 250 11:20:13,BFileCopy
2010 250 11:23:50,BDisconnect
2010 250 11:33:47,BUrl
2010 250 11:34:30,BSendEmail
2010 250 11:36:31,BUrl
2010 250 12:16:20,CUrl
2010 250 13:35:26,CSendEmail
2010 250 13:46:02,CUrl
2010 250 15:20:59,CSendEmail
2010 250 15:41:48,CUrl
2010 250 16:29:00,CNologon
2010 251 08:33:00,Blogon
2010 251 08:56:53,BUrl
2010 251 10:28:00,BConnect
2010 251 10:32:31,BFileCopy
2010 251 10:44:51,BFileCopy
2010 251 11:08:10,BDisconnect
2010 251 11:11:44,BUrl
2010 251 11:44:09,BSendEmail
2010 251 11:52:40,BSendEmail
2010 251 12:47:37,CUrl
2010 251 15:49:28,CSendEmail
2010 251 16:11:39,CUrl
2010 251 16:29:00,CNologon
2010 252 08:30:00,Blogon
2010 252 08:43:27,BUrl
2010 252 12:19:01,CUrl
2010 252 15:44:08,CSendEmail
2010 252 15:44:19,CSendEmail
2010 252 15:49:49,CUrl
2010 252 16:14:32,CSendEmail
2010 252 16:34:00,CNologon
2010 253 08:33:00,Blogon
2010 253 09:01:44,BUrl
2010 253 10:46:37,BSendEmail
2010 253 10:53:13,BUrl
2010 253 12:05:24,CUrl
2010 253 12:38:40,CSendEmail
2010 253 12:43:33,CUrl
2010 253 15:43:57,CSendEmail
2010 253 16:00:07,CUrl
2010 253 16:28:00,CNologon
2010 256 08:22:00,Blogon
2010 256 08:43:00,BUrl
2010 256 12:03:39,CUrl
2010 256 15:45:35,CSendEmail
2010 256 15:46:57,CUrl
2010 256 16:32:24,CSendEmail
2010 256 16:35:00,CNologon
2010 257 08:29:00,Blogon
2010 257 08:37:12,BUrl
2010 257 12:26:46,CSendEmail
2010 257 12:37:09,CSendEmail
2010 257 12:39:14,CUrl
2010 257 13:54:12,CSendEmail
2010 257 13:58:30,CUrl
2010 257 15:11:45,CConnect
2010 257 15:38:40,CDisconnect
2010 257 15:43:17,CUrl
2010 257 16:45:00,CNologon
2010 258 08:26:00,Blogon
2010 258 08:29:28,BUrl
2010 258 10:03:11,BSendEmail
2010 258 10:14:27,BUrl
2010 258 10:17:10,BSendEmail
2010 258 10:21:51,BUrl
2010 258 12:14:58,CUrl
2010 258 14:02:00,CSendEmail
2010 258 14:02:29,CUrl
2010 258 16:40:00,CNologon
2010 259 08:30:00,Blogon
2010 259 08:53:41,BUrl
2010 259 11:19:21,BSendEmail
2010 259 11:19:25,BSendEmail
2010 259 11:23:06,BSendEmail
2010 259 11:34:45,BUrl
2010 259 12:21:54,CUrl
2010 259 13:46:59,CConnect
2010 259 13:53:34,CFileCopy
2010 259 13:58:05,CFileCopy
2010 259 14:00:13,CFileCopy
2010 259 14:02:43,CUrl
2010 259 14:08:09,CFileCopy
2010 259 14:09:58,CFileCopy
2010 259 14:11:56,CFileCopy
2010 259 14:13:54,CUrl
2010 259 14:13:55,CFileCopy
2010 259 14:16:48,CFileCopy
2010 259 14:17:06,CUrl
2010 259 14:20:05,CDisconnect
2010 259 14:20:42,CUrl
2010 259 16:29:00,CNologon
2010 260 08:33:00,Blogon
2010 260 08:59:53,BUrl
2010 260 09:51:48,BSendEmail
2010 260 09:55:01,BSendEmail
2010 260 10:00:50,BUrl
2010 260 10:33:50,BSendEmail
2010 260 10:45:29,BUrl
2010 260 12:01:56,CUrl
2010 260 16:29:00,CNologon
2010 263 08:27:00,Blogon
2010 263 08:29:46,BUrl
2010 263 12:11:11,CUrl
2010 263 16:32:31,CSendEmail
2010 263 16:33:01,CSendEmail
2010 263 16:39:58,CSendEmail
2010 263 16:42:00,CNologon
2010 264 08:26:00,Blogon
2010 264 08:42:15,BUrl
2010 264 12:27:31,CUrl
2010 264 12:44:58,CSendEmail
2010 264 12:45:04,CSendEmail
2010 264 12:45:07,CUrl
2010 264 12:45:16,CSendEmail
2010 264 13:22:29,CUrl
2010 264 16:45:00,CNologon
2010 265 08:30:00,Blogon
2010 265 08:33:33,BUrl
2010 265 10:35:04,BConnect
2010 265 10:54:17,BDisconnect
2010 265 10:54:32,BUrl
2010 265 11:14:02,BSendEmail
2010 265 11:21:10,BSendEmail
2010 265 11:21:34,BUrl
2010 265 12:02:43,CUrl
2010 265 13:35:00,CSendEmail
2010 265 13:47:02,CUrl
2010 265 16:41:00,CNologon
2010 266 08:33:00,Blogon
2010 266 08:34:58,BUrl
2010 266 09:14:46,BConnect
2010 266 09:19:57,BDisconnect
2010 266 09:27:19,BUrl
2010 266 12:07:44,CUrl
2010 266 13:15:32,CSendEmail
2010 266 13:15:35,CUrl
2010 266 13:19:29,CSendEmail
2010 266 13:20:40,CSendEmail
2010 266 13:33:15,CUrl
2010 266 16:27:00,CNologon
2010 267 08:33:00,Blogon
2010 267 08:38:17,BUrl
2010 267 12:15:54,CUrl
2010 267 15:33:29,CSendEmail
2010 267 15:36:54,CSendEmail
2010 267 16:09:38,CUrl
2010 267 16:23:58,CSendEmail
2010 267 16:24:46,CUrl
2010 267 16:27:00,CNologon
2010 270 08:33:00,Blogon
2010 270 09:07:17,BUrl
2010 270 11:07:11,BSendEmail
2010 270 11:09:33,BUrl
2010 270 11:13:10,BSendEmail
2010 270 11:22:56,BSendEmail
2010 270 11:47:15,BUrl
2010 270 12:22:33,CUrl
2010 270 14:36:32,Clogon
2010 270 14:39:28,CNologon
2010 270 15:18:09,CUrl
2010 270 16:45:00,CNologon
2010 271 08:20:00,Blogon
2010 271 08:28:59,BSendEmail
2010 271 08:40:20,BUrl
2010 271 09:39:23,BConnect
2010 271 09:47:31,BDisconnect
2010 271 09:51:00,BUrl
2010 271 12:24:32,CUrl
2010 271 16:27:08,CSendEmail
2010 271 16:27:49,CUrl
2010 271 16:29:47,CSendEmail
2010 271 16:33:00,CNologon
2010 272 08:19:00,Blogon
2010 272 08:23:07,BUrl
2010 272 08:58:51,BSendEmail
2010 272 08:59:29,BUrl
2010 272 09:29:36,BSendEmail
2010 272 09:35:41,BUrl
2010 272 13:22:22,CUrl
2010 272 14:30:32,CSendEmail
2010 272 15:25:52,CUrl
2010 272 16:43:00,CNologon
2010 273 08:29:00,Blogon
2010 273 08:37:20,BUrl
2010 273 08:39:45,BSendEmail
2010 273 09:04:55,BUrl
2010 273 12:19:10,CUrl
2010 273 13:30:32,CSendEmail
2010 273 13:40:43,CUrl
2010 273 14:50:57,CSendEmail
2010 273 14:53:35,CUrl
2010 273 16:35:00,CNologon
2010 274 08:28:00,Blogon
2010 274 08:30:57,BSendEmail
2010 274 08:33:44,BUrl
2010 274 08:53:06,BSendEmail
2010 274 08:53:34,BUrl
2010 274 11:43:57,BConnect
2010 274 11:45:08,BDisconnect
2010 274 11:49:45,BUrl
2010 274 12:26:20,CUrl
2010 274 12:31:53,CConnect
2010 274 12:43:46,CUrl
2010 274 13:07:53,CDisconnect
2010 274 13:10:32,CSendEmail
2010 274 13:21:56,CUrl
2010 274 16:28:00,CNologon
2010 277 08:26:00,Blogon
2010 277 08:35:53,BUrl
2010 277 08:47:51,BSendEmail
2010 277 08:54:01,BUrl
2010 277 10:07:53,BSendEmail
2010 277 10:09:36,BUrl
2010 277 11:27:44,BSendEmail
2010 277 11:33:25,BUrl
2010 277 12:44:50,CUrl
2010 277 16:27:00,CNologon
2010 278 08:25:00,Blogon
2010 278 08:30:44,BUrl
2010 278 08:34:45,BSendEmail
2010 278 08:36:13,BUrl
2010 278 08:54:10,BSendEmail
2010 278 08:57:45,BUrl
2010 278 09:35:40,BSendEmail
2010 278 09:41:24,BUrl
2010 278 12:21:14,CUrl
2010 278 16:33:00,CNologon
2010 279 08:31:00,Blogon
2010 279 08:32:22,BUrl
2010 279 08:32:36,BSendEmail
2010 279 08:32:44,BSendEmail
2010 279 09:41:05,BUrl
2010 279 12:08:54,CUrl
2010 279 13:12:40,CSendEmail
2010 279 13:21:03,CUrl
2010 279 16:28:00,CNologon
2010 280 08:27:00,Blogon
2010 280 08:28:15,BUrl
2010 280 08:39:39,BSendEmail
2010 280 08:39:47,BUrl
2010 280 08:40:15,BSendEmail
2010 280 09:01:36,BUrl
2010 280 12:00:13,CUrl
2010 280 13:56:53,CSendEmail
2010 280 14:00:32,CUrl
2010 280 16:43:00,CNologon
2010 281 08:31:00,Blogon
2010 281 08:46:57,BUrl
2010 281 09:08:48,BSendEmail
2010 281 09:11:56,BUrl
2010 281 09:20:44,BSendEmail
2010 281 09:24:32,BUrl
2010 281 10:10:37,BConnect
2010 281 10:39:25,BFileCopy
2010 281 10:48:47,BUrl
2010 281 11:20:12,BDisconnect
2010 281 12:03:40,CUrl
2010 281 14:31:22,CSendEmail
2010 281 14:33:53,CUrl
2010 281 16:30:00,CNologon
2010 284 08:33:00,Blogon
2010 284 08:47:39,BUrl
2010 284 12:03:41,CUrl
2010 284 14:30:30,CSendEmail
2010 284 14:30:34,CUrl
2010 284 15:03:46,CSendEmail
2010 284 15:07:23,CUrl
2010 284 15:50:29,CSendEmail
2010 284 16:11:10,CUrl
2010 284 16:27:00,CNologon
2010 285 08:32:00,Blogon
2010 285 09:30:05,BUrl
2010 285 11:39:48,BConnect
2010 285 11:49:11,BDisconnect
2010 285 12:42:24,CUrl
2010 285 13:42:43,CSendEmail
2010 285 13:44:25,CSendEmail
2010 285 13:46:31,CUrl
2010 285 15:42:29,CSendEmail
2010 285 16:04:55,CUrl
2010 285 16:30:00,CNologon
2010 286 08:30:00,Blogon
2010 286 08:50:22,BUrl
2010 286 10:10:43,BSendEmail
2010 286 10:18:29,BSendEmail
2010 286 10:21:05,BUrl
2010 286 10:43:49,BSendEmail
2010 286 10:45:33,BConnect
2010 286 10:49:48,BUrl
2010 286 11:57:05,BDisconnect
2010 286 12:59:15,CUrl
2010 286 16:41:00,CNologon
2010 287 08:24:00,Blogon
2010 287 08:34:41,BUrl
2010 287 11:06:27,BSendEmail
2010 287 11:07:06,BUrl
2010 287 12:06:36,CSendEmail
2010 287 12:10:24,CUrl
2010 287 16:03:58,CSendEmail
2010 287 16:04:08,CUrl
2010 287 16:30:00,CNologon
2010 288 08:28:00,Blogon
2010 288 08:30:10,BUrl
2010 288 10:56:43,BSendEmail
2010 288 10:59:05,BUrl
2010 288 11:31:36,BSendEmail
2010 288 11:44:33,BUrl
2010 288 12:40:07,CUrl
2010 288 15:17:32,CSendEmail
2010 288 15:18:55,CUrl
2010 288 16:31:00,CNologon
2010 291 08:22:00,Blogon
2010 291 08:38:08,BUrl
2010 291 10:28:58,BConnect
2010 291 10:30:34,BFileCopy
2010 291 10:34:15,BUrl
2010 291 10:41:23,BFileCopy
2010 291 10:41:35,BDisconnect
2010 291 10:58:34,BUrl
2010 291 12:04:50,CUrl
2010 291 13:53:51,CSendEmail
2010 291 13:56:27,CUrl
2010 291 15:17:28,CSendEmail
2010 291 15:22:18,CUrl
2010 291 16:14:07,CSendEmail
2010 291 16:22:34,CUrl
2010 291 16:34:00,CNologon
2010 292 08:27:00,Blogon
2010 292 08:38:45,BUrl
2010 292 12:07:38,CUrl
2010 292 13:07:30,CSendEmail
2010 292 13:22:41,CUrl
2010 292 13:25:45,CSendEmail
2010 292 13:27:15,CSendEmail
2010 292 13:27:57,CUrl
2010 292 16:44:00,CNologon
2010 293 08:26:00,Blogon
2010 293 08:38:12,BUrl
2010 293 12:24:04,CSendEmail
2010 293 12:25:31,CUrl
2010 293 13:51:21,CSendEmail
2010 293 14:19:14,CSendEmail
2010 293 15:02:29,CUrl
2010 293 16:39:00,CNologon
2010 294 08:16:00,Blogon
2010 294 08:21:59,BUrl
2010 294 12:01:56,CUrl
2010 294 14:37:47,CSendEmail
2010 294 14:48:05,CSendEmail
2010 294 14:53:00,CUrl
2010 294 14:57:08,CSendEmail
2010 294 15:02:25,CUrl
2010 294 16:39:00,CNologon
2010 295 08:32:00,Blogon
2010 295 08:35:25,BUrl
2010 295 10:15:13,BSendEmail
2010 295 10:17:20,BSendEmail
2010 295 10:22:24,BConnect
2010 295 10:42:47,BUrl
2010 295 12:01:33,CFileCopy
2010 295 12:08:25,CUrl
2010 295 12:41:03,CDisconnect
2010 295 12:41:10,CUrl
2010 295 14:34:17,CSendEmail
2010 295 14:42:00,CUrl
2010 295 16:28:00,CNologon
2010 298 08:33:00,Blogon
2010 298 08:42:17,BUrl
2010 298 09:25:57,BSendEmail
2010 298 09:49:32,BUrl
2010 298 10:56:35,BSendEmail
2010 298 10:57:03,BUrl
2010 298 12:15:19,CUrl
2010 298 13:33:48,CConnect
2010 298 13:35:06,CUrl
2010 298 13:43:02,CFileCopy
2010 298 13:43:17,CSendEmail
2010 298 13:53:19,CDisconnect
2010 298 14:21:32,CUrl
2010 298 16:28:00,CNologon
2010 299 08:19:00,Blogon
2010 299 08:33:08,BUrl
2010 299 10:35:20,BSendEmail
2010 299 10:51:48,BUrl
2010 299 12:25:39,CUrl
2010 299 16:12:30,CSendEmail
2010 299 16:15:57,CUrl
2010 299 16:28:34,CSendEmail
2010 299 16:30:32,CUrl
2010 299 16:35:00,CNologon
2010 300 08:31:00,Blogon
2010 300 08:32:40,BUrl
2010 300 12:14:08,CUrl
2010 300 13:26:22,CSendEmail
2010 300 13:45:27,CSendEmail
2010 300 13:55:01,CSendEmail
2010 300 14:09:21,CUrl
2010 300 16:28:00,CNologon
2010 301 08:27:00,Blogon
2010 301 08:35:47,BUrl
2010 301 12:14:30,CUrl
2010 301 16:18:12,CSendEmail
2010 301 16:19:14,CUrl
2010 301 16:19:28,CSendEmail
2010 301 16:27:58,CUrl
2010 301 16:28:53,CSendEmail
2010 301 16:38:02,CUrl
2010 301 16:42:00,CNologon
2010 302 08:15:00,Blogon
2010 302 08:41:55,BUrl
2010 302 10:33:26,BConnect
2010 302 10:33:50,BUrl
2010 302 10:57:38,BFileCopy
2010 302 11:06:22,BFileCopy
2010 302 11:07:06,BUrl
2010 302 11:11:02,BSendEmail
2010 302 11:20:51,BFileCopy
2010 302 11:24:39,BFileCopy
2010 302 11:29:59,BDisconnect
2010 302 12:21:12,CUrl
2010 302 12:23:54,CSendEmail
2010 302 13:11:00,CUrl
2010 302 13:29:39,CSendEmail
2010 302 13:58:39,CUrl
2010 302 16:32:00,CNologon
2010 305 08:30:00,Blogon
2010 305 09:06:44,BSendEmail
2010 305 09:08:51,BSendEmail
2010 305 09:28:09,BUrl
2010 305 09:30:56,BSendEmail
2010 305 09:42:24,BConnect
2010 305 09:49:45,BUrl
2010 305 10:33:23,BDisconnect
2010 305 15:52:11,CUrl
2010 305 16:28:00,CNologon
2010 306 08:21:00,Blogon
2010 306 08:30:42,BUrl
2010 306 08:32:33,BSendEmail
2010 306 08:34:33,BUrl
2010 306 09:55:09,BSendEmail
2010 306 10:05:36,BUrl
2010 306 10:22:18,BSendEmail
2010 306 10:22:53,BUrl
2010 306 12:03:57,CUrl
2010 306 16:31:00,CNologon
2010 307 08:21:00,Blogon
2010 307 08:25:25,BUrl
2010 307 11:39:15,BSendEmail
2010 307 11:54:10,BUrl
2010 307 11:54:56,BSendEmail
2010 307 11:57:29,BUrl
2010 307 12:49:27,CUrl
2010 307 14:11:16,CSendEmail
2010 307 14:14:20,CConnect
2010 307 14:19:13,CFileCopy
2010 307 14:23:31,CFileCopy
2010 307 14:38:14,CFileCopy
2010 307 14:46:52,CFileCopy
2010 307 14:47:10,CDisconnect
2010 307 14:54:43,CUrl
2010 307 16:33:00,CNologon
2010 308 08:32:00,Blogon
2010 308 08:38:17,BUrl
2010 308 12:09:43,CUrl
2010 308 12:36:05,CSendEmail
2010 308 12:37:56,CSendEmail
2010 308 12:48:29,CSendEmail
2010 308 12:48:33,CUrl
2010 308 16:29:00,CNologon
2010 309 08:33:00,Blogon
2010 309 08:47:42,BUrl
2010 309 10:48:21,BSendEmail
2010 309 10:50:10,BUrl
2010 309 12:09:48,CUrl
2010 309 14:03:19,CSendEmail
2010 309 14:06:55,CUrl
2010 309 14:41:25,CSendEmail
2010 309 15:25:37,CUrl
2010 309 16:29:00,CNologon
2010 312 08:28:00,Blogon
2010 312 08:30:01,BUrl
2010 312 08:59:20,BSendEmail
2010 312 09:01:09,BUrl
2010 312 09:01:36,BSendEmail
2010 312 09:05:33,BUrl
2010 312 10:20:05,BSendEmail
2010 312 10:20:24,BUrl
2010 312 12:06:31,CUrl
2010 312 16:27:00,CNologon
2010 313 08:30:00,Blogon
2010 313 08:34:07,BUrl
2010 313 09:01:28,BSendEmail
2010 313 09:14:50,BSendEmail
2010 313 09:23:24,BSendEmail
2010 313 09:30:30,BUrl
2010 313 12:00:25,CUrl
2010 313 16:30:00,CNologon
2010 314 08:28:00,Blogon
2010 314 08:36:09,BUrl
2010 314 12:09:47,CUrl
2010 314 13:21:27,CSendEmail
2010 314 13:31:55,CSendEmail
2010 314 13:32:47,CUrl
2010 314 13:46:59,CSendEmail
2010 314 14:02:38,CConnect
2010 314 14:04:54,CUrl
2010 314 14:17:39,CFileCopy
2010 314 14:18:28,CUrl
2010 314 14:24:12,CFileCopy
2010 314 14:26:24,CUrl
2010 314 14:33:52,CFileCopy
2010 314 14:34:07,CFileCopy
2010 314 14:36:08,CDisconnect
2010 314 14:56:20,CUrl
2010 314 16:41:00,CNologon
2010 315 08:29:00,Blogon
2010 315 08:39:04,BUrl
2010 315 10:01:50,BSendEmail
2010 315 10:05:04,BUrl
2010 315 12:07:14,CUrl
2010 315 14:38:11,CSendEmail
2010 315 15:03:31,CUrl
2010 315 16:38:00,CNologon
2010 316 08:33:00,Blogon
2010 316 08:36:45,BUrl
2010 316 10:45:53,BSendEmail
2010 316 10:46:22,BUrl
2010 316 11:06:18,BSendEmail
2010 316 11:10:23,BUrl
2010 316 11:12:35,BSendEmail
2010 316 11:41:37,BUrl
2010 316 12:10:49,CUrl
2010 316 16:39:00,CNologon
2010 319 08:30:00,Blogon
2010 319 08:40:34,BSendEmail
2010 319 08:41:06,BUrl
2010 319 08:54:14,BSendEmail
2010 319 09:04:46,BUrl
2010 319 11:39:42,BSendEmail
2010 319 11:49:06,BUrl
2010 319 12:04:40,CUrl
2010 319 16:38:00,CNologon
2010 320 08:19:00,Blogon
2010 320 08:21:26,BUrl
2010 320 11:54:12,BSendEmail
2010 320 12:08:49,CUrl
2010 320 15:08:55,CSendEmail
2010 320 15:11:13,CSendEmail
2010 320 15:22:09,CUrl
2010 320 16:35:00,CNologon
2010 321 08:25:00,Blogon
2010 321 08:35:45,BUrl
2010 321 12:13:20,CUrl
2010 321 13:59:34,CSendEmail
2010 321 14:13:48,CSendEmail
2010 321 14:23:32,CUrl
2010 321 14:49:36,CSendEmail
2010 321 14:49:49,CUrl
2010 321 16:35:00,CNologon
2010 322 08:18:00,Blogon
2010 322 09:05:43,BUrl
2010 322 09:19:06,BSendEmail
2010 322 09:22:06,BConnect
2010 322 09:23:18,BFileCopy
2010 322 09:27:05,BFileCopy
2010 322 09:28:52,BUrl
2010 322 09:31:16,BFileCopy
2010 322 09:33:13,BUrl
2010 322 09:45:29,BFileCopy
2010 322 09:45:43,BSendEmail
2010 322 09:45:50,BDisconnect
2010 322 09:47:22,BUrl
2010 322 10:41:24,Blogon
2010 322 10:48:57,BUrl
2010 322 11:14:03,BNologon
2010 322 11:24:52,BUrl
2010 322 11:40:48,BSendEmail
2010 322 11:42:41,BUrl
2010 322 12:02:50,CUrl
2010 322 16:43:00,CNologon
2010 323 08:32:00,Blogon
2010 323 08:47:28,BUrl
2010 323 11:01:38,BSendEmail
2010 323 11:02:33,BSendEmail
2010 323 11:05:19,BSendEmail
2010 323 11:06:39,BUrl
2010 323 12:20:07,CUrl
2010 323 16:28:00,CNologon
2010 326 08:27:00,Blogon
2010 326 08:42:12,BUrl
2010 326 09:31:12,BSendEmail
2010 326 09:31:25,BUrl
2010 326 10:59:41,BSendEmail
2010 326 11:12:36,BSendEmail
2010 326 11:19:44,BUrl
2010 326 12:05:37,CUrl
2010 326 16:45:00,CNologon
2010 327 08:16:00,Blogon
2010 327 09:46:46,BSendEmail
2010 327 10:01:54,BUrl
2010 327 10:06:32,BSendEmail
2010 327 10:07:00,BUrl
2010 327 10:12:36,BSendEmail
2010 327 10:12:38,BUrl
2010 327 12:12:12,Clogon
2010 327 12:13:04,CUrl
2010 327 13:04:29,CNologon
2010 327 13:47:57,CConnect
2010 327 14:19:41,CUrl
2010 327 14:27:16,CFileCopy
2010 327 14:42:00,CDisconnect
2010 327 14:44:40,CConnect
2010 327 14:49:25,CFileCopy
2010 327 15:14:43,CDisconnect
2010 327 16:36:00,CNologon
2010 328 08:28:00,Blogon
2010 328 08:42:39,BUrl
2010 328 09:28:29,BSendEmail
2010 328 09:35:16,BUrl
2010 328 09:55:47,BSendEmail
2010 328 10:22:55,BUrl
2010 328 12:14:55,CUrl
2010 328 12:48:31,CSendEmail
2010 328 12:53:03,CUrl
2010 328 16:31:00,CNologon
2010 333 08:33:00,Blogon
2010 333 08:53:29,BUrl
2010 333 10:36:15,BConnect
2010 333 10:49:36,BDisconnect
2010 333 10:51:15,BUrl
2010 333 12:22:53,CUrl
2010 333 15:45:08,CSendEmail
2010 333 15:45:40,CSendEmail
2010 333 15:46:06,CSendEmail
2010 333 15:52:18,CUrl
2010 333 16:30:00,CNologon
2010 334 08:31:00,Blogon
2010 334 08:35:58,BUrl
2010 334 08:47:53,BSendEmail
2010 334 08:50:38,BSendEmail
2010 334 08:50:40,BUrl
2010 334 09:09:25,BSendEmail
2010 334 09:10:32,BUrl
2010 334 12:17:10,CUrl
2010 334 16:29:00,CNologon
2010 335 08:31:00,Blogon
2010 335 08:56:23,BUrl
2010 335 12:34:20,CSendEmail
2010 335 12:34:29,CUrl
2010 335 12:34:31,CSendEmail
2010 335 12:34:36,CSendEmail
2010 335 12:44:43,CUrl
2010 335 16:29:00,CNologon
2010 336 08:29:00,Blogon
2010 336 08:43:36,BUrl
2010 336 12:06:05,CUrl
2010 336 12:30:46,CSendEmail
2010 336 12:31:40,CUrl
2010 336 12:32:35,CSendEmail
2010 336 12:58:21,CUrl
2010 336 16:30:00,CNologon
2010 337 08:16:00,Blogon
2010 337 08:17:49,BUrl
2010 337 10:02:58,BConnect
2010 337 10:08:48,BFileCopy
2010 337 10:19:14,BFileCopy
2010 337 10:20:56,BFileCopy
2010 337 10:21:00,BUrl
2010 337 10:26:29,BFileCopy
2010 337 10:31:27,BUrl
2010 337 10:32:31,BFileCopy
2010 337 10:34:56,BDisconnect
2010 337 11:25:01,BUrl
2010 337 12:16:13,CUrl
2010 337 14:57:44,CSendEmail
2010 337 15:12:44,CSendEmail
2010 337 15:32:39,CUrl
2010 337 16:19:30,CSendEmail
2010 337 16:20:41,CUrl
2010 337 16:38:00,CNologon
2010 340 08:16:00,Blogon
2010 340 08:25:18,BUrl
2010 340 09:59:32,Blogon
2010 340 10:01:38,BNologon
2010 340 10:16:44,BUrl
2010 340 12:06:45,CUrl
2010 340 12:10:53,CConnect
2010 340 13:11:29,CDisconnect
2010 340 13:15:48,CUrl
2010 340 14:48:34,CSendEmail
2010 340 14:49:18,CUrl
2010 340 15:05:12,CSendEmail
2010 340 15:14:36,CUrl
2010 340 15:34:23,CConnect
2010 340 15:51:17,CUrl
2010 340 15:54:23,CDisconnect
2010 340 15:58:11,CUrl
2010 340 16:42:00,CNologon
2010 341 08:31:00,Blogon
2010 341 09:49:03,BUrl
2010 341 12:00:26,CUrl
2010 341 16:09:06,CSendEmail
2010 341 16:10:02,CUrl
2010 341 16:13:16,CSendEmail
2010 341 16:13:49,CUrl
2010 341 16:17:02,CSendEmail
2010 341 16:17:16,CUrl
2010 341 16:30:00,CNologon
2010 342 08:29:00,Blogon
2010 342 08:33:04,BUrl
2010 342 10:52:20,BSendEmail
2010 342 10:52:58,BUrl
2010 342 10:53:12,BSendEmail
2010 342 10:53:16,BSendEmail
2010 342 11:10:25,BUrl
2010 342 12:03:32,CUrl
2010 342 13:48:48,CConnect
2010 342 13:48:53,CFileCopy
2010 342 13:48:56,CUrl
2010 342 13:49:58,CFileCopy
2010 342 13:50:19,CDisconnect
2010 342 14:04:13,CUrl
2010 342 16:39:00,CNologon
2010 343 08:30:00,Blogon
2010 343 08:52:24,BUrl
2010 343 09:46:34,Blogon
2010 343 09:49:04,BUrl
2010 343 09:55:34,BNologon
2010 343 10:02:53,BUrl
2010 343 11:08:57,BSendEmail
2010 343 11:10:34,BUrl
2010 343 11:17:57,BSendEmail
2010 343 11:19:11,BUrl
2010 343 12:10:17,CUrl
2010 343 15:38:12,CSendEmail
2010 343 15:46:22,CUrl
2010 343 16:40:00,CNologon
2010 344 08:33:00,Blogon
2010 344 08:37:55,BUrl
2010 344 08:41:13,BSendEmail
2010 344 08:41:18,BSendEmail
2010 344 08:46:25,BUrl
2010 344 13:01:59,CUrl
2010 344 14:40:21,CSendEmail
2010 344 15:21:39,CUrl
2010 344 16:41:00,CNologon
2010 347 08:29:00,Blogon
2010 347 08:30:43,BUrl
2010 347 08:33:21,BSendEmail
2010 347 08:36:49,BUrl
2010 347 10:10:01,BConnect
2010 347 10:10:53,BFileCopy
2010 347 10:11:54,BFileCopy
2010 347 10:14:35,BDisconnect
2010 347 10:20:56,BUrl
2010 347 10:39:13,BSendEmail
2010 347 10:46:55,BUrl
2010 347 12:28:07,CUrl
2010 347 15:13:38,CConnect
2010 347 15:20:47,CFileCopy
2010 347 15:22:54,CUrl
2010 347 15:24:46,CDisconnect
2010 347 15:59:15,CUrl
2010 347 16:33:00,CNologon
2010 348 08:27:00,Blogon
2010 348 08:34:13,BUrl
2010 348 08:34:23,BSendEmail
2010 348 08:53:15,BUrl
2010 348 11:42:51,BSendEmail
2010 348 11:43:14,BConnect
2010 348 11:43:25,BUrl
2010 348 11:45:26,BFileCopy
2010 348 11:47:15,BSendEmail
2010 348 11:52:57,BFileCopy
2010 348 12:15:10,CFileCopy
2010 348 12:16:09,CUrl
2010 348 12:19:16,CFileCopy
2010 348 12:23:20,CDisconnect
2010 348 12:28:01,CUrl
2010 348 16:45:00,CNologon
2010 349 08:33:00,Blogon
2010 349 08:47:06,BUrl
2010 349 12:07:58,CUrl
2010 349 12:53:10,CSendEmail
2010 349 12:56:38,CSendEmail
2010 349 13:16:18,CUrl
2010 349 16:14:52,CSendEmail
2010 349 16:22:24,CUrl
2010 349 16:27:00,CNologon
2010 350 08:31:00,Blogon
2010 350 08:38:32,BUrl
2010 350 10:52:43,BSendEmail
2010 350 11:05:51,BUrl
2010 350 11:36:27,BSendEmail
2010 350 11:42:26,BUrl
2010 350 13:37:51,CUrl
2010 350 13:41:32,CSendEmail
2010 350 13:42:58,CUrl
2010 350 16:29:00,CNologon
2010 351 08:32:00,Blogon
2010 351 09:04:55,BUrl
2010 351 11:49:18,BSendEmail
2010 351 11:56:12,BSendEmail
2010 351 12:03:53,CUrl
2010 351 14:55:17,CSendEmail
2010 351 15:12:46,CUrl
2010 351 16:29:00,CNologon
2010 354 08:24:00,Blogon
2010 354 08:42:16,BUrl
2010 354 12:00:18,CUrl
2010 354 14:13:20,CSendEmail
2010 354 14:36:13,CSendEmail
2010 354 14:41:42,CSendEmail
2010 354 14:43:02,CUrl
2010 354 16:37:00,CNologon
2010 355 08:26:00,Blogon
2010 355 08:47:53,BUrl
2010 355 10:19:52,BSendEmail
2010 355 10:23:50,BUrl
2010 355 12:08:28,CUrl
2010 355 12:10:50,CConnect
2010 355 12:36:53,CUrl
2010 355 12:50:45,CSendEmail
2010 355 12:55:15,CUrl
2010 355 13:15:57,CDisconnect
2010 355 13:23:00,CUrl
2010 355 14:22:03,CConnect
2010 355 14:22:22,CFileCopy
2010 355 14:57:21,CDisconnect
2010 355 15:23:26,CUrl
2010 355 16:25:46,CSendEmail
2010 355 16:33:00,CNologon
2010 356 08:30:00,Blogon
2010 356 08:31:46,BConnect
2010 356 09:16:13,BUrl
2010 356 09:36:36,BFileCopy
2010 356 09:38:47,BFileCopy
2010 356 09:46:27,BFileCopy
2010 356 09:47:31,BDisconnect
2010 356 10:17:46,BUrl
2010 356 10:36:04,BSendEmail
2010 356 11:48:26,BUrl
2010 356 12:16:14,CUrl
2010 356 13:57:47,CSendEmail
2010 356 14:13:54,CUrl
2010 356 14:38:57,CSendEmail
2010 356 14:44:27,CUrl
2010 356 16:30:00,CNologon
2010 361 08:32:00,Blogon
2010 361 08:44:32,BUrl
2010 361 09:28:49,BSendEmail
2010 361 09:45:09,BUrl
2010 361 10:08:25,BSendEmail
2010 361 10:14:19,BUrl
2010 361 12:02:13,CUrl
2010 361 16:21:07,CSendEmail
2010 361 16:28:00,CNologon
2010 362 08:30:00,Blogon
2010 362 08:59:33,BUrl
2010 362 11:12:37,BSendEmail
2010 362 11:16:32,BUrl
2010 362 11:19:07,BSendEmail
2010 362 11:43:21,BUrl
2010 362 12:15:53,CSendEmail
2010 362 13:09:55,CUrl
2010 362 16:45:00,CNologon
2010 363 08:33:00,Blogon
2010 363 09:02:24,BUrl
2010 363 09:12:04,BSendEmail
2010 363 09:14:38,BUrl
2010 363 11:11:29,BConnect
2010 363 11:13:10,BFileCopy
2010 363 11:18:32,BUrl
2010 363 11:21:10,BFileCopy
2010 363 11:28:43,BUrl
2010 363 11:29:16,BDisconnect
2010 363 11:30:44,BUrl
2010 363 12:09:34,CUrl
2010 363 13:17:28,CSendEmail
2010 363 13:28:39,CUrl
2010 363 13:56:01,CSendEmail
2010 363 14:18:42,CUrl
2010 363 16:30:00,CNologon
2010 364 08:31:00,Blogon
2010 364 08:32:51,BUrl
2010 364 12:15:33,CUrl
2010 364 14:04:43,CSendEmail
2010 364 14:29:07,CSendEmail
2010 364 14:33:40,CSendEmail
2010 364 14:59:17,CUrl
2010 364 16:30:00,CNologon
2011 003 08:33:00,Blogon
2011 003 08:58:43,BUrl
2011 003 09:54:19,BConnect
2011 003 09:54:46,BFileCopy
2011 003 10:00:51,BFileCopy
2011 003 10:11:20,BUrl
2011 003 10:24:22,BDisconnect
2011 003 10:51:26,BSendEmail
2011 003 10:56:14,BUrl
2011 003 12:05:37,CUrl
2011 003 14:10:25,CSendEmail
2011 003 14:32:13,CSendEmail
2011 003 14:32:48,CUrl
2011 003 15:04:23,CConnect
2011 003 15:26:35,CUrl
2011 003 15:26:41,CFileCopy
2011 003 15:34:32,CUrl
2011 003 15:51:30,CDisconnect
2011 003 15:59:26,CUrl
2011 003 16:43:00,CNologon
2011 004 08:30:00,Blogon
2011 004 08:33:05,BUrl
2011 004 10:18:55,BSendEmail
2011 004 10:19:55,BUrl
2011 004 12:11:50,CUrl
2011 004 12:47:09,CSendEmail
2011 004 12:48:43,CUrl
2011 004 13:56:16,CSendEmail
2011 004 13:56:33,CUrl
2011 004 16:27:00,CNologon
2011 005 08:33:00,Blogon
2011 005 08:35:57,BUrl
2011 005 11:19:06,BSendEmail
2011 005 11:21:35,BSendEmail
2011 005 11:23:02,BSendEmail
2011 005 11:23:53,BUrl
2011 005 12:12:45,CConnect
2011 005 12:13:01,CDisconnect
2011 005 12:41:04,CUrl
2011 005 16:27:00,CNologon
2011 006 08:30:00,Blogon
2011 006 08:32:39,BUrl
2011 006 12:08:13,CUrl
2011 006 12:23:03,CConnect
2011 006 12:24:32,CFileCopy
2011 006 12:24:43,CUrl
2011 006 13:30:35,CDisconnect
2011 006 13:47:11,CUrl
2011 006 15:37:54,CSendEmail
2011 006 15:45:50,CUrl
2011 006 16:07:03,CSendEmail
2011 006 16:12:41,CSendEmail
2011 006 16:16:53,CUrl
2011 006 16:29:00,CNologon
2011 007 08:17:00,Blogon
2011 007 08:21:02,BUrl
2011 007 09:06:04,BSendEmail
2011 007 09:06:11,BUrl
2011 007 12:07:31,CUrl
2011 007 12:35:04,CSendEmail
2011 007 13:22:00,CUrl
2011 007 15:09:03,CSendEmail
2011 007 15:21:48,CUrl
2011 007 16:42:00,CNologon
2011 010 08:32:00,Blogon
2011 010 08:41:24,BUrl
2011 010 10:53:18,BSendEmail
2011 010 11:03:30,BUrl
2011 010 11:06:02,BSendEmail
2011 010 11:08:26,BSendEmail
2011 010 11:10:48,BUrl
2011 010 12:16:48,CUrl
2011 010 16:29:00,CNologon
2011 011 08:33:00,Blogon
2011 011 08:34:59,BConnect
2011 011 08:35:19,BFileCopy
2011 011 08:36:08,BFileCopy
2011 011 08:37:10,BUrl
2011 011 08:40:05,BDisconnect
2011 011 08:40:28,BUrl
2011 011 12:06:07,CUrl
2011 011 16:08:23,CSendEmail
2011 011 16:09:18,CSendEmail
2011 011 16:10:57,CUrl
2011 011 16:19:56,CSendEmail
2011 011 16:29:00,CNologon
2011 012 08:22:00,Blogon
2011 012 08:26:44,BUrl
2011 012 12:07:50,CUrl
2011 012 13:22:12,CSendEmail
2011 012 13:27:49,CSendEmail
2011 012 13:31:08,CUrl
2011 012 13:36:01,CSendEmail
2011 012 13:36:26,CUrl
2011 012 16:28:00,CNologon
2011 013 08:26:00,Blogon
2011 013 08:37:14,BUrl
2011 013 10:15:04,BSendEmail
2011 013 10:32:59,BUrl
2011 013 12:16:03,CUrl
2011 013 15:35:28,CSendEmail
2011 013 15:36:27,CSendEmail
2011 013 16:10:38,CUrl
2011 013 16:27:00,CNologon
2011 014 08:31:00,Blogon
2011 014 08:40:51,BUrl
2011 014 09:16:11,BSendEmail
2011 014 09:42:10,BSendEmail
2011 014 09:42:34,BUrl
2011 014 09:55:13,BSendEmail
2011 014 10:10:41,BUrl
2011 014 12:16:01,CUrl
2011 014 16:27:00,CNologon
2011 017 08:22:00,Blogon
2011 017 08:25:55,BUrl
2011 017 08:33:14,BSendEmail
2011 017 08:37:22,BUrl
2011 017 11:48:35,BSendEmail
2011 017 12:03:57,CUrl
2011 017 13:38:37,CSendEmail
2011 017 13:42:26,CUrl
2011 017 16:30:00,CNologon
2011 018 08:28:00,Blogon
2011 018 08:30:11,BUrl
2011 018 08:32:56,BSendEmail
2011 018 09:06:53,BUrl
2011 018 12:36:40,CUrl
2011 018 13:06:31,CSendEmail
2011 018 13:14:10,CUrl
2011 018 13:47:41,CSendEmail
2011 018 14:10:03,CUrl
2011 018 16:35:00,CNologon
2011 019 08:32:00,Blogon
2011 019 09:52:18,BUrl
2011 019 12:06:00,CUrl
2011 019 14:58:03,CSendEmail
2011 019 15:10:43,CSendEmail
2011 019 15:22:38,CSendEmail
2011 019 15:26:25,CUrl
2011 019 16:30:00,CNologon
2011 020 08:32:00,Blogon
2011 020 08:42:28,BUrl
2011 020 08:49:21,BSendEmail
2011 020 08:52:03,BUrl
2011 020 11:03:15,BSendEmail
2011 020 11:12:52,BUrl
2011 020 13:00:51,CUrl
2011 020 16:34:24,CSendEmail
2011 020 16:36:42,CUrl
2011 020 16:39:00,CNologon
2011 021 08:30:00,Blogon
2011 021 08:32:51,BUrl
2011 021 10:34:19,BConnect
2011 021 10:39:48,BUrl
2011 021 11:16:42,BDisconnect
2011 021 11:47:02,BUrl
2011 021 12:06:52,CUrl
2011 021 13:55:19,CSendEmail
2011 021 14:06:44,CUrl
2011 021 14:10:07,CSendEmail
2011 021 14:17:59,CUrl
2011 021 14:19:28,CSendEmail
2011 021 14:39:49,CUrl
2011 021 16:27:00,CNologon
2011 024 08:31:00,Blogon
2011 024 08:36:27,BUrl
2011 024 12:49:48,CUrl
2011 024 14:40:05,CConnect
2011 024 14:40:33,CFileCopy
2011 024 14:45:45,CUrl
2011 024 15:04:10,CFileCopy
2011 024 15:16:01,CFileCopy
2011 024 15:18:05,CDisconnect
2011 024 15:23:39,CUrl
2011 024 16:29:00,CNologon
2011 025 08:17:00,Blogon
2011 025 08:18:07,BSendEmail
2011 025 08:18:18,BSendEmail
2011 025 08:18:20,BSendEmail
2011 025 08:18:22,BUrl
2011 025 12:04:25,CUrl
2011 025 16:28:00,CNologon
2011 026 08:30:00,Blogon
2011 026 08:45:02,BUrl
2011 026 12:10:17,CUrl
2011 026 15:05:15,CSendEmail
2011 026 15:05:24,CSendEmail
2011 026 15:08:38,CSendEmail
2011 026 15:18:50,CUrl
2011 026 16:43:00,CNologon
2011 027 08:33:00,Blogon
2011 027 08:46:21,BUrl
2011 027 08:47:27,BSendEmail
2011 027 08:47:42,BUrl
2011 027 08:49:03,BSendEmail
2011 027 08:50:56,BSendEmail
2011 027 11:40:52,BUrl
2011 027 12:11:51,CUrl
2011 027 16:29:00,CNologon
2011 028 08:32:00,Blogon
2011 028 08:42:58,BUrl
2011 028 12:12:38,CUrl
2011 028 12:41:06,CSendEmail
2011 028 13:08:14,CUrl
2011 028 13:33:34,CSendEmail
2011 028 13:35:20,CUrl
2011 028 15:33:35,CSendEmail
2011 028 15:40:09,CUrl
2011 028 16:30:00,CNologon
2011 031 08:29:00,Blogon
2011 031 08:30:19,BUrl
2011 031 12:04:06,CUrl
2011 031 12:13:23,CConnect
2011 031 12:17:59,CFileCopy
2011 031 12:20:34,CUrl
2011 031 12:28:14,CFileCopy
2011 031 12:30:46,CDisconnect
2011 031 12:40:10,CUrl
2011 031 13:27:36,CSendEmail
2011 031 13:31:49,CSendEmail
2011 031 13:34:59,CUrl
2011 031 13:35:10,CSendEmail
2011 031 14:08:22,CUrl
2011 031 16:31:00,CNologon
2011 032 08:27:00,Blogon
2011 032 08:45:28,BUrl
2011 032 09:11:30,BConnect
2011 032 09:48:37,BUrl
2011 032 11:54:56,BDisconnect
2011 032 12:12:41,CUrl
2011 032 14:01:50,CSendEmail
2011 032 14:02:28,CSendEmail
2011 032 14:03:39,CSendEmail
2011 032 14:23:03,CUrl
2011 032 16:33:00,CNologon
2011 033 08:27:00,Blogon
2011 033 08:31:57,BUrl
2011 033 12:18:29,CSendEmail
2011 033 12:26:05,CUrl
2011 033 12:26:36,CSendEmail
2011 033 12:42:34,CUrl
2011 033 12:49:43,CSendEmail
2011 033 14:05:21,CUrl
2011 033 16:32:00,CNologon
2011 034 08:22:00,Blogon
2011 034 08:27:43,BSendEmail
2011 034 08:31:44,BUrl
2011 034 08:39:02,BSendEmail
2011 034 08:39:19,BUrl
2011 034 12:40:46,CUrl
2011 034 16:42:00,CNologon
2011 035 08:24:00,Blogon
2011 035 08:27:19,BUrl
2011 035 10:26:19,BSendEmail
2011 035 10:32:43,BUrl
2011 035 10:36:52,BSendEmail
2011 035 10:40:36,BUrl
2011 035 10:41:39,BSendEmail
2011 035 11:09:03,BUrl
2011 035 12:19:49,CUrl
2011 035 12:48:58,CConnect
2011 035 12:49:59,CFileCopy
2011 035 12:51:20,CFileCopy
2011 035 12:51:48,CDisconnect
2011 035 13:40:30,CUrl
2011 035 16:32:00,CNologon
2011 038 08:23:00,Blogon
2011 038 09:03:14,BSendEmail
2011 038 09:06:05,BUrl
2011 038 11:00:39,BSendEmail
2011 038 11:03:11,BUrl
2011 038 12:34:20,CUrl
2011 038 14:06:15,CSendEmail
2011 038 14:20:14,CUrl
2011 038 16:30:00,CNologon
2011 039 08:21:00,Blogon
2011 039 08:43:59,BUrl
2011 039 08:57:57,BSendEmail
2011 039 09:16:28,BUrl
2011 039 11:06:49,BSendEmail
2011 039 11:26:44,BUrl
2011 039 12:02:09,CUrl
2011 039 14:19:26,CSendEmail
2011 039 14:27:30,CUrl
2011 039 16:43:00,CNologon
2011 040 08:31:00,Blogon
2011 040 08:33:56,BUrl
2011 040 10:57:51,BSendEmail
2011 040 10:58:02,BUrl
2011 040 10:59:13,BSendEmail
2011 040 11:00:18,BUrl
2011 040 12:37:44,CUrl
2011 040 13:35:34,CSendEmail
2011 040 13:36:27,CUrl
2011 040 16:27:00,CNologon
2011 041 08:27:00,Blogon
2011 041 08:33:58,BUrl
2011 041 10:59:03,BSendEmail
2011 041 11:03:30,BUrl
2011 041 11:39:28,BSendEmail
2011 041 11:39:44,BSendEmail
2011 041 11:40:12,BUrl
2011 041 12:00:01,CUrl
2011 041 16:45:00,CNologon
2011 042 08:23:00,Blogon
2011 042 08:36:29,BUrl
2011 042 11:12:58,BSendEmail
2011 042 11:14:07,BSendEmail
2011 042 14:35:21,CSendEmail
2011 042 14:47:54,CUrl
2011 042 16:33:00,CNologon
2011 045 08:27:00,Blogon
2011 045 08:35:15,BUrl
2011 045 12:08:24,CUrl
2011 045 15:36:42,CSendEmail
2011 045 15:45:44,CSendEmail
2011 045 15:53:48,CUrl
2011 045 16:06:34,CSendEmail
2011 045 16:07:49,CUrl
2011 045 16:36:00,CNologon
2011 046 08:18:00,Blogon
2011 046 08:20:02,BUrl
2011 046 08:39:35,BSendEmail
2011 046 08:54:58,BSendEmail
2011 046 08:56:22,BUrl
2011 046 09:45:48,BSendEmail
2011 046 09:51:04,BUrl
2011 046 12:00:29,CUrl
2011 046 16:31:00,CNologon
2011 047 08:32:00,Blogon
2011 047 08:37:59,BUrl
2011 047 10:00:49,BSendEmail
2011 047 10:09:13,BSendEmail
2011 047 10:31:31,BUrl
2011 047 10:46:34,BSendEmail
2011 047 10:46:35,BUrl
2011 047 12:16:05,CUrl
2011 047 16:30:00,CNologon
2011 048 08:31:00,Blogon
2011 048 08:39:50,BUrl
2011 048 11:08:02,BConnect
2011 048 11:10:17,BUrl
2011 048 11:26:18,BSendEmail
2011 048 11:29:12,BDisconnect
2011 048 11:31:26,BUrl
2011 048 11:46:26,BSendEmail
2011 048 12:21:09,CUrl
2011 048 12:37:35,CSendEmail
2011 048 12:58:37,CUrl
2011 048 15:57:31,CConnect
2011 048 16:16:05,CDisconnect
2011 048 16:30:00,CNologon
2011 049 08:32:00,Blogon
2011 049 08:38:07,BUrl
2011 049 08:43:12,BSendEmail
2011 049 09:26:37,BUrl
2011 049 12:08:56,CUrl
2011 049 12:35:19,CSendEmail
2011 049 12:38:27,CUrl
2011 049 13:20:22,CSendEmail
2011 049 13:23:41,CUrl
2011 049 16:30:00,CNologon
2011 052 08:32:00,Blogon
2011 052 08:34:38,BUrl
2011 052 12:00:18,CUrl
2011 052 12:27:03,CSendEmail
2011 052 12:52:42,CUrl
2011 052 13:27:48,CSendEmail
2011 052 13:33:19,CSendEmail
2011 052 13:47:10,CUrl
2011 052 16:29:00,CNologon
2011 053 08:31:00,Blogon
2011 053 09:07:17,BUrl
2011 053 09:20:51,BSendEmail
2011 053 09:23:53,BSendEmail
2011 053 09:27:42,BUrl
2011 053 09:29:53,BSendEmail
2011 053 10:06:20,BUrl
2011 053 12:32:47,CUrl
2011 053 13:31:51,CConnect
2011 053 13:58:57,CUrl
2011 053 15:19:58,CDisconnect
2011 053 15:22:15,CUrl
2011 053 16:29:00,CNologon
2011 054 08:32:00,Blogon
2011 054 08:36:25,BUrl
2011 054 12:04:44,CUrl
2011 054 14:18:18,CSendEmail
2011 054 14:20:22,CSendEmail
2011 054 14:33:42,CUrl
2011 054 15:31:36,CSendEmail
2011 054 15:35:49,CUrl
2011 054 16:30:00,CNologon
2011 055 08:33:00,Blogon
2011 055 08:43:09,BUrl
2011 055 11:45:27,BSendEmail
2011 055 11:51:56,BUrl
2011 055 12:20:37,CUrl
2011 055 12:21:43,CSendEmail
2011 055 12:29:52,CUrl
2011 055 13:17:55,CSendEmail
2011 055 13:31:31,CUrl
2011 055 16:30:00,CNologon
2011 056 08:33:00,Blogon
2011 056 09:02:38,BUrl
2011 056 09:19:12,BSendEmail
2011 056 09:20:53,BUrl
2011 056 11:31:18,BSendEmail
2011 056 11:32:31,BUrl
2011 056 11:47:30,BSendEmail
2011 056 11:47:50,BUrl
2011 056 12:23:25,CUrl
2011 056 16:33:00,CNologon
2011 059 08:30:00,Blogon
2011 059 08:35:34,BUrl
2011 059 10:40:45,BSendEmail
2011 059 10:55:51,BSendEmail
2011 059 11:33:39,BUrl
2011 059 12:22:15,CUrl
2011 059 13:02:56,CSendEmail
2011 059 13:27:21,CUrl
2011 059 16:29:00,CNologon
2011 060 08:30:00,Blogon
2011 060 08:34:06,BUrl
2011 060 12:00:50,CUrl
2011 060 12:05:13,CConnect
2011 060 12:07:49,CUrl
2011 060 12:12:24,CFileCopy
2011 060 12:16:48,CDisconnect
2011 060 12:23:19,CUrl
2011 060 12:44:48,CSendEmail
2011 060 12:45:46,CUrl
2011 060 12:53:14,CSendEmail
2011 060 12:58:42,CUrl
2011 060 13:11:39,CSendEmail
2011 060 13:45:03,CUrl
2011 060 16:28:00,CNologon
2011 061 08:33:00,Blogon
2011 061 08:42:25,BUrl
2011 061 12:03:06,CUrl
2011 061 14:23:55,CConnect
2011 061 14:31:19,CDisconnect
2011 061 14:35:25,CSendEmail
2011 061 14:39:58,CUrl
2011 061 14:57:25,CSendEmail
2011 061 15:12:15,CSendEmail
2011 061 15:18:46,CUrl
2011 061 16:30:00,CNologon
2011 062 08:31:00,Blogon
2011 062 08:42:30,BUrl
2011 062 09:17:37,BSendEmail
2011 062 10:00:54,BUrl
2011 062 12:05:37,CUrl
2011 062 15:07:10,CSendEmail
2011 062 15:17:37,CSendEmail
2011 062 15:45:01,CUrl
2011 062 16:28:00,CNologon
2011 063 08:27:00,Blogon
2011 063 08:30:19,BUrl
2011 063 12:05:41,CUrl
2011 063 12:56:57,CConnect
2011 063 13:34:54,CUrl
2011 063 13:53:23,CSendEmail
2011 063 13:55:39,CSendEmail
2011 063 13:57:19,CSendEmail
2011 063 14:10:27,CUrl
2011 063 14:53:07,CDisconnect
2011 063 15:38:27,CUrl
2011 063 16:40:00,CNologon
2011 066 08:19:00,Blogon
2011 066 08:40:01,BUrl
2011 066 10:29:42,BConnect
2011 066 10:34:25,BFileCopy
2011 066 10:40:41,BFileCopy
2011 066 10:42:17,BSendEmail
2011 066 10:43:56,BDisconnect
2011 066 11:26:17,BUrl
2011 066 12:02:32,CSendEmail
2011 066 12:04:00,CUrl
2011 066 16:27:30,CSendEmail
2011 066 16:28:32,CUrl
2011 066 16:34:00,CNologon
2011 067 08:31:00,Blogon
2011 067 08:37:24,BUrl
2011 067 12:16:23,CUrl
2011 067 13:17:30,CSendEmail
2011 067 13:31:47,CUrl
2011 067 14:06:38,CSendEmail
2011 067 14:15:07,CUrl
2011 067 16:06:24,CSendEmail
2011 067 16:16:41,CUrl
2011 067 16:29:00,CNologon
2011 068 08:25:00,Blogon
2011 068 09:15:19,BUrl
2011 068 12:38:51,CUrl
2011 068 13:00:24,CSendEmail
2011 068 13:43:54,CUrl
2011 068 13:59:27,CSendEmail
2011 068 13:59:42,CUrl
2011 068 14:56:23,CConnect
2011 068 15:00:14,CUrl
2011 068 15:08:19,CFileCopy
2011 068 15:14:43,CFileCopy
2011 068 15:16:34,CFileCopy
2011 068 15:22:35,CDisconnect
2011 068 15:24:43,CSendEmail
2011 068 15:44:50,CUrl
2011 068 16:28:00,CNologon
2011 069 08:21:00,Blogon
2011 069 08:41:55,BUrl
2011 069 09:11:26,BSendEmail
2011 069 09:12:38,BSendEmail
2011 069 09:48:35,BUrl
2011 069 12:22:34,CUrl
2011 069 13:06:42,CSendEmail
2011 069 13:16:28,CUrl
2011 069 16:43:00,CNologon
2011 070 08:16:00,Blogon
2011 070 08:19:42,BUrl
2011 070 09:34:38,BSendEmail
2011 070 09:40:12,BUrl
2011 070 10:41:16,BConnect
2011 070 11:03:38,BFileCopy
2011 070 11:10:07,BUrl
2011 070 11:14:52,BFileCopy
2011 070 11:18:03,BDisconnect
2011 070 11:26:18,BSendEmail
2011 070 11:26:28,BUrl
2011 070 12:05:30,CUrl
2011 070 12:11:32,CSendEmail
2011 070 12:19:57,CUrl
2011 070 16:41:00,CNologon
2011 073 08:30:00,Blogon
2011 073 10:00:30,BSendEmail
2011 073 10:08:28,BUrl
2011 073 10:12:09,BSendEmail
2011 073 10:28:17,BSendEmail
2011 073 11:23:58,BUrl
2011 073 12:11:27,CUrl
2011 073 16:29:00,CNologon
2011 074 08:20:00,Blogon
2011 074 09:03:31,BUrl
2011 074 10:56:56,BSendEmail
2011 074 10:57:11,BSendEmail
2011 074 11:21:07,BUrl
2011 074 12:03:31,CUrl
2011 074 13:51:30,CSendEmail
2011 074 14:22:31,CUrl
2011 074 16:42:00,CNologon
2011 075 08:33:00,Blogon
2011 075 08:40:34,BUrl
2011 075 09:36:59,BSendEmail
2011 075 09:42:19,BUrl
2011 075 11:07:04,BSendEmail
2011 075 13:37:17,CUrl
2011 075 16:21:50,CSendEmail
2011 075 16:22:22,CUrl
2011 075 16:29:00,CNologon
2011 076 08:15:00,Blogon
2011 076 08:21:47,BUrl
2011 076 09:27:08,BSendEmail
2011 076 09:32:05,BUrl
2011 076 12:58:51,CConnect
2011 076 13:01:45,CFileCopy
2011 076 13:18:44,CUrl
2011 076 13:32:57,CFileCopy
2011 076 13:38:09,CFileCopy
2011 076 13:41:30,CFileCopy
2011 076 13:42:18,CDisconnect
2011 076 14:28:39,CSendEmail
2011 076 14:34:14,CSendEmail
2011 076 14:37:10,CUrl
2011 076 16:34:00,CNologon
2011 077 08:31:00,Blogon
2011 077 08:55:40,BUrl
2011 077 11:43:27,BSendEmail
2011 077 11:56:47,BUrl
2011 077 12:10:28,CUrl
2011 077 12:36:36,CSendEmail
2011 077 12:39:25,CUrl
2011 077 12:49:43,CConnect
2011 077 12:57:03,CUrl
2011 077 13:11:26,CFileCopy
2011 077 13:15:03,CSendEmail
2011 077 13:32:58,CDisconnect
2011 077 13:44:10,CUrl
2011 077 16:34:00,CNologon
2011 080 08:33:00,Blogon
2011 080 08:34:11,BSendEmail
2011 080 08:38:14,BSendEmail
2011 080 08:52:32,BUrl
2011 080 10:37:24,BSendEmail
2011 080 10:43:36,BUrl
2011 080 12:00:28,CUrl
2011 080 16:27:00,CNologon
2011 081 08:29:00,Blogon
2011 081 08:37:00,BUrl
2011 081 12:49:23,CUrl
2011 081 15:48:50,CSendEmail
2011 081 15:58:52,CSendEmail
2011 081 15:59:07,CSendEmail
2011 081 16:20:04,CUrl
2011 081 16:33:00,CNologon
2011 082 08:30:00,Blogon
2011 082 08:31:07,BUrl
2011 082 10:56:30,BSendEmail
2011 082 11:00:20,BUrl
2011 082 12:06:37,CUrl
2011 082 14:15:17,CSendEmail
2011 082 14:39:51,CUrl
2011 082 14:44:18,CSendEmail
2011 082 14:52:52,CUrl
2011 082 16:27:00,CNologon
2011 083 08:30:00,Blogon
2011 083 08:40:29,BUrl
2011 083 11:31:42,BSendEmail
2011 083 11:32:32,BSendEmail
2011 083 12:14:34,CUrl
2011 083 15:12:41,CSendEmail
2011 083 15:37:28,CUrl
2011 083 16:07:02,CConnect
2011 083 16:14:02,CUrl
2011 083 16:19:05,CFileCopy
2011 083 16:20:04,CDisconnect
2011 083 16:24:18,CUrl
2011 083 16:27:00,CNologon
2011 084 08:33:00,Blogon
2011 084 08:37:00,BUrl
2011 084 11:47:46,BSendEmail
2011 084 12:26:12,CUrl
2011 084 13:29:07,CSendEmail
2011 084 13:31:24,CSendEmail
2011 084 13:45:08,CUrl
2011 084 16:38:00,CNologon
2011 087 08:22:00,Blogon
2011 087 08:25:35,BUrl
2011 087 12:10:07,CUrl
2011 087 12:16:43,CSendEmail
2011 087 12:55:58,CSendEmail
2011 087 13:05:03,CUrl
2011 087 15:36:09,CSendEmail
2011 087 16:19:51,CUrl
2011 087 16:32:00,CNologon
2011 088 08:33:00,Blogon
2011 088 09:07:14,BSendEmail
2011 088 09:08:33,BUrl
2011 088 09:30:54,BSendEmail
2011 088 09:41:05,BSendEmail
2011 088 10:05:30,BUrl
2011 088 10:59:20,BConnect
2011 088 11:05:00,BFileCopy
2011 088 11:21:44,BFileCopy
2011 088 11:22:14,BDisconnect
2011 088 11:26:22,BUrl
2011 088 12:20:28,CUrl
2011 088 14:18:43,Clogon
2011 088 14:45:41,CUrl
2011 088 15:06:38,CNologon
2011 088 15:18:38,CUrl
2011 088 16:30:00,CNologon
2011 089 08:33:00,Blogon
2011 089 08:34:27,BUrl
2011 089 11:12:16,BSendEmail
2011 089 11:15:23,BSendEmail
2011 089 11:31:25,BUrl
2011 089 12:00:52,CUrl
2011 089 16:32:00,CNologon
2011 090 08:31:00,Blogon
2011 090 08:37:05,BUrl
2011 090 12:14:03,CUrl
2011 090 13:51:06,CSendEmail
2011 090 13:51:31,CSendEmail
2011 090 13:52:49,CSendEmail
2011 090 14:09:31,CUrl
2011 090 16:27:00,CNologon
2011 091 08:22:00,Blogon
2011 091 08:24:32,BUrl
2011 091 11:47:55,BConnect
2011 091 12:13:06,CUrl
2011 091 12:44:29,CDisconnect
2011 091 12:56:55,CUrl
2011 091 13:18:20,CSendEmail
2011 091 13:18:58,CUrl
2011 091 13:22:59,CSendEmail
2011 091 13:35:04,CUrl
2011 091 13:52:03,CSendEmail
2011 091 13:58:05,CUrl
2011 091 16:36:00,CNologon
2011 094 08:30:00,Blogon
2011 094 08:33:16,BUrl
2011 094 11:21:22,BSendEmail
2011 094 11:27:58,BUrl
2011 094 12:12:18,CUrl
2011 094 12:21:48,CSendEmail
2011 094 12:43:17,CUrl
2011 094 13:46:18,CSendEmail
2011 094 14:20:05,CUrl
2011 094 16:39:00,CNologon
2011 095 08:24:00,Blogon
2011 095 08:32:27,BUrl
2011 095 12:20:00,CUrl
2011 095 12:26:16,CSendEmail
2011 095 12:29:43,CUrl
2011 095 13:13:07,CSendEmail
2011 095 13:15:46,CUrl
2011 095 14:36:02,CSendEmail
2011 095 14:41:25,CUrl
2011 095 16:41:00,CNologon
2011 096 08:17:00,Blogon
2011 096 09:06:47,BUrl
2011 096 11:30:38,BConnect
2011 096 11:39:33,BSendEmail
2011 096 12:07:35,CUrl
2011 096 12:18:45,CFileCopy
2011 096 12:20:52,CUrl
2011 096 12:24:29,CDisconnect
2011 096 12:29:03,CUrl
2011 096 14:30:16,CSendEmail
2011 096 14:34:08,CUrl
2011 096 15:03:34,CSendEmail
2011 096 15:21:54,CUrl
2011 096 16:31:00,CNologon
2011 097 08:19:00,Blogon
2011 097 08:33:05,BUrl
2011 097 10:36:34,BSendEmail
2011 097 10:57:22,BUrl
2011 097 11:36:56,BSendEmail
2011 097 11:41:56,BUrl
2011 097 11:43:31,BConnect
2011 097 11:52:54,BDisconnect
2011 097 11:55:54,BUrl
2011 097 11:58:42,BSendEmail
2011 097 12:05:16,CConnect
2011 097 12:14:06,CDisconnect
2011 097 12:39:17,CUrl
2011 097 14:21:44,CConnect
2011 097 14:26:11,CFileCopy
2011 097 14:30:07,CUrl
2011 097 14:32:22,CDisconnect
2011 097 14:33:12,CUrl
2011 097 16:36:00,CNologon
2011 098 08:31:00,Blogon
2011 098 08:38:56,BUrl
2011 098 10:37:35,BSendEmail
2011 098 10:39:24,BSendEmail
2011 098 10:40:08,BSendEmail
2011 098 10:41:13,BUrl
2011 098 10:42:30,BConnect
2011 098 10:43:22,BFileCopy
2011 098 10:43:46,BFileCopy
2011 098 10:44:39,BDisconnect
2011 098 10:44:53,BUrl
2011 098 13:23:21,CUrl
2011 098 16:28:00,CNologon
2011 101 08:30:00,Blogon
2011 101 08:31:18,BUrl
2011 101 08:48:55,BSendEmail
2011 101 08:56:06,BUrl
2011 101 09:44:24,BSendEmail
2011 101 10:02:43,BUrl
2011 101 11:00:36,BConnect
2011 101 11:05:22,BDisconnect
2011 101 11:13:46,BUrl
2011 101 12:04:19,CSendEmail
2011 101 12:21:25,CUrl
2011 101 16:28:00,CNologon
2011 102 08:32:00,Blogon
2011 102 09:07:51,BUrl
2011 102 10:32:05,BConnect
2011 102 10:44:20,BUrl
2011 102 10:46:05,BFileCopy
2011 102 10:47:40,BFileCopy
2011 102 10:50:44,BUrl
2011 102 10:59:13,BFileCopy
2011 102 11:21:22,BUrl
2011 102 12:09:58,CDisconnect
2011 102 12:59:20,CUrl
2011 102 16:25:23,CSendEmail
2011 102 16:26:39,CSendEmail
2011 102 16:27:10,CUrl
2011 102 16:27:31,CSendEmail
2011 102 16:30:00,CNologon
2011 103 08:24:00,Blogon
2011 103 08:38:32,BUrl
2011 103 12:41:30,CSendEmail
2011 103 12:41:55,CUrl
2011 103 14:19:24,CSendEmail
2011 103 14:21:20,CUrl
2011 103 16:06:43,CSendEmail
2011 103 16:21:57,CUrl
2011 103 16:37:00,CNologon
2011 104 08:19:00,Blogon
2011 104 08:32:42,BUrl
2011 104 08:34:46,BSendEmail
2011 104 08:36:18,BUrl
2011 104 09:00:16,BSendEmail
2011 104 09:04:14,BSendEmail
2011 104 09:32:31,BUrl
2011 104 12:21:08,CUrl
2011 104 16:29:00,CNologon
2011 105 08:33:00,Blogon
2011 105 10:36:34,BSendEmail
2011 105 10:38:05,BUrl
2011 105 11:58:11,BSendEmail
2011 105 12:01:06,CUrl
2011 105 12:27:44,CSendEmail
2011 105 13:22:22,CUrl
2011 105 16:30:00,CNologon
2011 108 08:33:00,Blogon
2011 108 08:34:40,BUrl
2011 108 12:22:01,CUrl
2011 108 12:42:59,CSendEmail
2011 108 12:44:47,CSendEmail
2011 108 13:33:20,CUrl
2011 108 16:38:00,CNologon
2011 109 08:30:00,Blogon
2011 109 08:36:26,BUrl
2011 109 08:55:56,BSendEmail
2011 109 09:22:55,BUrl
2011 109 12:11:39,CUrl
2011 109 13:30:26,CSendEmail
2011 109 13:54:07,CSendEmail
2011 109 13:55:08,CUrl
2011 109 16:27:00,CNologon
2011 110 08:17:00,Blogon
2011 110 08:30:32,BSendEmail
2011 110 08:37:37,BUrl
2011 110 12:24:59,CSendEmail
2011 110 12:26:25,CUrl
2011 110 15:53:35,CSendEmail
2011 110 16:09:19,CUrl
2011 110 16:35:00,CNologon
2011 111 08:32:00,Blogon
2011 111 08:45:17,BUrl
2011 111 08:51:14,BSendEmail
2011 111 09:19:27,BUrl
2011 111 09:45:28,BSendEmail
2011 111 09:48:08,BUrl
2011 111 11:45:41,BSendEmail
2011 111 11:49:18,BUrl
2011 111 12:34:14,CUrl
2011 111 16:27:00,CNologon
2011 115 08:30:00,Blogon
2011 115 08:57:49,BUrl
2011 115 12:05:28,CUrl
2011 115 14:35:36,CSendEmail
2011 115 14:45:26,CUrl
2011 115 14:50:07,CSendEmail
2011 115 14:53:47,CUrl
2011 115 15:24:42,CSendEmail
2011 115 15:52:52,CUrl
2011 115 16:28:00,CNologon
2011 116 08:25:00,Blogon
2011 116 08:31:03,BUrl
2011 116 11:14:47,BSendEmail
2011 116 12:02:44,CSendEmail
2011 116 12:10:54,CUrl
2011 116 12:23:08,CSendEmail
2011 116 12:24:38,CUrl
2011 116 16:34:00,CNologon
2011 117 08:30:00,Blogon
2011 117 08:48:21,BUrl
2011 117 12:00:22,CSendEmail
2011 117 12:01:17,CUrl
2011 117 12:01:28,CSendEmail
2011 117 12:01:33,CUrl
2011 117 12:09:05,CSendEmail
2011 117 13:40:16,CUrl
2011 117 16:43:00,CNologon
2011 118 08:24:00,Blogon
2011 118 10:08:17,BUrl
2011 118 11:59:10,BSendEmail
2011 118 12:06:01,CUrl
2011 118 12:54:34,CSendEmail
2011 118 12:54:57,CUrl
2011 118 12:55:35,CSendEmail
2011 118 13:09:49,CUrl
2011 118 16:38:00,CNologon
2011 119 08:19:00,Blogon
2011 119 08:20:05,BUrl
2011 119 08:20:07,BSendEmail
2011 119 08:20:12,BSendEmail
2011 119 08:20:14,BSendEmail
2011 119 08:47:06,BUrl
2011 119 12:22:51,CUrl
2011 119 16:41:00,CNologon
2011 122 08:31:00,Blogon
2011 122 08:46:51,BUrl
2011 122 10:27:13,BSendEmail
2011 122 10:35:35,BUrl
2011 122 12:27:19,CUrl
2011 122 15:43:42,CSendEmail
2011 122 15:46:23,CUrl
2011 122 15:48:46,CSendEmail
2011 122 16:12:14,CUrl
2011 122 16:29:00,CNologon
2011 123 08:20:00,Blogon
2011 123 08:35:39,BUrl
2011 123 12:52:09,CUrl
2011 123 12:56:29,CSendEmail
2011 123 12:56:41,CUrl
2011 123 13:02:30,CSendEmail
2011 123 13:33:23,CUrl
2011 123 15:07:55,CSendEmail
2011 123 16:09:05,CUrl
2011 123 16:28:00,CNologon
2011 124 08:24:00,Blogon
2011 124 08:31:29,BUrl
2011 124 10:35:45,BConnect
2011 124 10:37:59,BFileCopy
2011 124 10:41:10,BFileCopy
2011 124 10:43:33,BFileCopy
2011 124 10:46:24,BFileCopy
2011 124 10:50:28,BFileCopy
2011 124 10:52:08,BDisconnect
2011 124 11:23:56,BUrl
2011 124 11:40:17,BSendEmail
2011 124 11:43:50,BUrl
2011 124 12:12:24,CUrl
2011 124 13:22:42,CSendEmail
2011 124 13:46:59,CUrl
2011 124 14:57:43,CSendEmail
2011 124 15:43:53,CUrl
2011 124 16:38:00,CNologon
2011 125 08:25:00,Blogon
2011 125 08:29:03,BUrl
2011 125 10:23:16,BSendEmail
2011 125 12:23:30,CUrl
2011 125 15:00:32,CSendEmail
2011 125 15:12:40,CUrl
2011 125 15:42:40,CSendEmail
2011 125 15:43:23,CUrl
2011 125 16:38:00,CNologon
2011 126 08:30:00,Blogon
2011 126 08:37:31,BUrl
2011 126 09:08:14,BSendEmail
2011 126 09:09:27,BUrl
2011 126 12:04:01,CUrl
2011 126 12:26:59,CSendEmail
2011 126 12:41:41,CUrl
2011 126 15:28:56,CSendEmail
2011 126 15:37:49,CUrl
2011 126 16:30:00,CNologon
2011 129 08:33:00,Blogon
2011 129 08:35:50,BUrl
2011 129 09:21:40,BSendEmail
2011 129 09:39:26,BUrl
2011 129 10:05:33,BSendEmail
2011 129 10:08:38,BUrl
2011 129 10:47:48,BSendEmail
2011 129 10:57:34,BUrl
2011 129 12:31:38,CUrl
2011 129 16:28:00,CNologon
2011 130 08:29:00,Blogon
2011 130 08:34:51,BUrl
2011 130 09:23:37,BSendEmail
2011 130 09:29:09,BUrl
2011 130 12:07:57,CUrl
2011 130 15:24:07,CSendEmail
2011 130 15:25:06,CSendEmail
2011 130 15:27:26,CUrl
2011 130 16:38:00,CNologon
2011 131 08:25:00,Blogon
2011 131 08:44:32,BUrl
2011 131 10:46:43,BSendEmail
2011 131 10:50:25,BUrl
2011 131 11:04:36,BSendEmail
2011 131 11:14:40,BUrl
2011 131 11:20:03,BSendEmail
2011 131 11:23:24,BUrl
2011 131 12:12:47,CUrl
2011 131 16:36:00,CNologon
2011 132 08:24:00,Blogon
2011 132 08:49:49,BUrl
2011 132 10:52:36,BSendEmail
2011 132 11:08:25,BUrl
2011 132 13:03:17,CSendEmail
2011 132 13:32:40,CUrl
2011 132 13:55:03,CSendEmail
2011 132 14:22:58,CUrl
2011 132 16:32:00,CNologon
2011 133 08:32:00,Blogon
2011 133 08:33:52,BUrl
2011 133 09:23:09,BConnect
2011 133 09:24:44,BUrl
2011 133 10:06:09,BDisconnect
2011 133 10:23:06,BUrl
2011 133 12:32:15,CUrl
2011 133 13:59:04,CSendEmail
2011 133 14:00:42,CUrl
2011 133 14:08:08,CSendEmail
2011 133 14:10:23,CSendEmail
2011 133 14:16:33,CUrl
2011 133 15:13:24,CConnect
2011 133 15:15:37,CDisconnect
2011 133 15:17:11,CUrl
2011 133 16:34:00,CNologon
2011 136 08:30:00,Blogon
2011 136 08:41:09,BUrl
2011 136 11:15:04,BSendEmail
2011 136 11:28:33,BUrl
2011 136 12:06:42,CUrl
2011 136 13:14:14,CSendEmail
2011 136 13:15:26,CUrl
2011 136 13:23:03,CSendEmail
2011 136 13:50:56,CUrl
2011 136 16:27:00,CNologon
