2010 004 08:30:00,Blogon
2010 004 09:22:16,BUrl
2010 004 10:12:46,BSendEmail
2010 004 11:18:41,BUrl
2010 004 12:50:30,CUrl
2010 004 18:00:33,DUrl
2010 004 19:41:00,DNologon
2010 005 08:30:00,Blogon
2010 005 08:52:18,BUrl
2010 005 13:03:32,CUrl
2010 005 14:50:27,CSendEmail
2010 005 15:28:04,CUrl
2010 005 19:32:00,DNologon
2010 006 08:19:00,Blogon
2010 006 09:46:37,BUrl
2010 006 12:31:32,CUrl
2010 006 14:51:37,CSendEmail
2010 006 14:54:00,CUrl
2010 006 19:19:30,DUrl
2010 006 19:37:00,DNologon
2010 007 08:32:00,Blogon
2010 007 08:39:10,BUrl
2010 007 12:51:08,CUrl
2010 007 15:56:55,CSendEmail
2010 007 17:58:48,CUrl
2010 007 18:51:44,DUrl
2010 007 19:25:00,DNologon
2010 008 08:30:00,Blogon
2010 008 08:37:15,BUrl
2010 008 08:56:49,BSendEmail
2010 008 09:01:03,BUrl
2010 008 13:36:22,CUrl
2010 008 18:00:53,DUrl
2010 008 19:38:00,DNologon
2010 011 08:27:00,Blogon
2010 011 08:29:25,BUrl
2010 011 12:31:38,CUrl
2010 011 13:31:32,CSendEmail
2010 011 14:41:30,CUrl
2010 011 19:11:58,DUrl
2010 011 19:33:00,DNologon
2010 012 08:22:00,Blogon
2010 012 08:27:02,BUrl
2010 012 09:19:43,BSendEmail
2010 012 09:26:22,BUrl
2010 012 12:21:38,CUrl
2010 012 18:06:16,DUrl
2010 012 19:39:00,DNologon
2010 013 08:30:00,Blogon
2010 013 09:04:14,BUrl
2010 013 12:07:17,CUrl
2010 013 18:12:44,DUrl
2010 013 18:24:47,DSendEmail
2010 013 18:33:30,DUrl
2010 013 19:27:00,DNologon
2010 014 08:30:00,Blogon
2010 014 08:31:54,BUrl
2010 014 12:02:36,CUrl
2010 014 18:02:03,DUrl
2010 014 18:14:52,DSendEmail
2010 014 19:43:00,DNologon
2010 015 08:30:00,Blogon
2010 015 09:36:37,BUrl
2010 015 12:33:47,CUrl
2010 015 14:38:51,CSendEmail
2010 015 14:59:47,CUrl
2010 015 18:25:20,DUrl
2010 015 19:25:00,DNologon
2010 018 08:31:00,Blogon
2010 018 08:32:17,BUrl
2010 018 12:37:28,CUrl
2010 018 17:35:38,CSendEmail
2010 018 17:42:00,CUrl
2010 018 19:29:00,DNologon
2010 019 08:24:00,Blogon
2010 019 09:02:34,BSendEmail
2010 019 09:15:22,BUrl
2010 019 12:41:00,CUrl
2010 019 18:17:26,DUrl
2010 019 19:44:00,DNologon
2010 020 08:30:00,Blogon
2010 020 08:56:05,BUrl
2010 020 13:08:08,CUrl
2010 020 15:55:35,CSendEmail
2010 020 16:19:13,CUrl
2010 020 18:15:16,DUrl
2010 020 19:30:00,DNologon
2010 021 08:34:00,Blogon
2010 021 08:35:14,BUrl
2010 021 08:50:01,BSendEmail
2010 021 11:06:08,BUrl
2010 021 12:41:07,CUrl
2010 021 18:16:22,DUrl
2010 021 19:25:00,DNologon
2010 022 08:24:00,Blogon
2010 022 08:44:35,BUrl
2010 022 12:05:31,CUrl
2010 022 18:49:21,DSendEmail
2010 022 18:53:53,DUrl
2010 022 19:44:00,DNologon
2010 025 08:21:00,Blogon
2010 025 09:14:32,BUrl
2010 025 13:39:01,CUrl
2010 025 19:08:25,DUrl
2010 025 19:31:25,DSendEmail
2010 025 19:32:46,DUrl
2010 025 19:37:00,DNologon
2010 026 08:24:00,Blogon
2010 026 09:03:56,BUrl
2010 026 10:41:53,BSendEmail
2010 026 11:13:32,BUrl
2010 026 12:24:30,CUrl
2010 026 19:08:14,DUrl
2010 026 19:29:00,DNologon
2010 027 08:16:00,Blogon
2010 027 08:54:45,BUrl
2010 027 12:30:13,CUrl
2010 027 12:30:33,CSendEmail
2010 027 13:47:24,CUrl
2010 027 19:30:25,DUrl
2010 027 19:33:00,DNologon
2010 028 08:31:00,Blogon
2010 028 08:32:57,BUrl
2010 028 10:38:39,BSendEmail
2010 028 11:54:35,BUrl
2010 028 12:40:00,CUrl
2010 028 18:23:40,DUrl
2010 028 19:28:00,DNologon
2010 029 08:34:00,Blogon
2010 029 08:51:29,BSendEmail
2010 029 08:59:59,BUrl
2010 029 12:58:19,CUrl
2010 029 18:04:45,DUrl
2010 029 19:28:00,DNologon
2010 032 08:35:00,Blogon
2010 032 09:30:42,BUrl
2010 032 13:42:03,CUrl
2010 032 18:16:31,DUrl
2010 032 18:22:29,DSendEmail
2010 032 19:28:00,DNologon
2010 033 08:32:00,Blogon
2010 033 08:53:52,BUrl
2010 033 12:45:19,CUrl
2010 033 15:41:56,CSendEmail
2010 033 16:11:34,CUrl
2010 033 18:32:11,DUrl
2010 033 19:25:00,DNologon
2010 034 08:35:00,Blogon
2010 034 08:52:42,BUrl
2010 034 10:12:13,BSendEmail
2010 034 11:10:19,BUrl
2010 034 14:06:51,CUrl
2010 034 18:13:57,DUrl
2010 034 19:26:00,DNologon
2010 035 08:34:00,Blogon
2010 035 09:03:15,BUrl
2010 035 12:17:30,CUrl
2010 035 16:01:04,CSendEmail
2010 035 16:31:21,CUrl
2010 035 18:12:15,DUrl
2010 035 19:25:00,DNologon
2010 036 08:33:00,Blogon
2010 036 09:14:01,BUrl
2010 036 13:43:02,CUrl
2010 036 18:29:48,DUrl
2010 036 18:30:17,DSendEmail
2010 036 19:04:56,DUrl
2010 036 19:32:00,DNologon
2010 039 08:31:00,Blogon
2010 039 08:44:12,BUrl
2010 039 12:30:06,CUrl
2010 039 14:19:54,CSendEmail
2010 039 17:30:14,CUrl
2010 039 18:52:38,DUrl
2010 039 19:28:00,DNologon
2010 040 08:34:00,Blogon
2010 040 08:39:44,BUrl
2010 040 12:22:25,CSendEmail
2010 040 15:52:44,CUrl
2010 040 18:31:07,DUrl
2010 040 19:26:00,DNologon
2010 041 08:31:00,Blogon
2010 041 08:34:12,BUrl
2010 041 12:29:28,CUrl
2010 041 18:07:17,DSendEmail
2010 041 18:21:37,DUrl
2010 041 19:29:00,DNologon
2010 042 08:32:00,Blogon
2010 042 10:09:45,BUrl
2010 042 13:21:27,CUrl
2010 042 17:27:26,CSendEmail
2010 042 17:54:53,CUrl
2010 042 19:27:00,DNologon
2010 043 08:35:00,Blogon
2010 043 10:24:50,BUrl
2010 043 12:13:44,CUrl
2010 043 13:22:10,CSendEmail
2010 043 15:52:39,CUrl
2010 043 18:13:06,DUrl
2010 043 19:27:00,DNologon
2010 046 08:17:00,Blogon
2010 046 08:58:56,BUrl
2010 046 12:45:31,CUrl
2010 046 18:35:52,DUrl
2010 046 18:50:08,DSendEmail
2010 046 19:13:57,DUrl
2010 046 19:31:00,DNologon
2010 047 08:30:00,Blogon
2010 047 08:47:21,BUrl
2010 047 12:42:11,CUrl
2010 047 17:43:42,CSendEmail
2010 047 19:25:00,DNologon
2010 048 08:15:00,Blogon
2010 048 08:17:00,BUrl
2010 048 12:41:56,CUrl
2010 048 13:52:24,CSendEmail
2010 048 16:15:58,CUrl
2010 048 18:56:47,DUrl
2010 048 19:38:00,DNologon
2010 049 08:16:00,Blogon
2010 049 08:25:54,BUrl
2010 049 11:36:39,BSendEmail
2010 049 12:43:31,CUrl
2010 049 18:15:46,DUrl
2010 049 19:32:00,DNologon
2010 050 08:28:00,Blogon
2010 050 08:40:25,BUrl
2010 050 13:17:52,CUrl
2010 050 13:42:36,CSendEmail
2010 050 16:24:30,CUrl
2010 050 18:12:34,DUrl
2010 050 19:37:00,DNologon
2010 053 08:27:00,Blogon
2010 053 09:07:46,BUrl
2010 053 14:44:25,CUrl
2010 053 16:30:33,CSendEmail
2010 053 17:29:09,CUrl
2010 053 19:32:22,DUrl
2010 053 19:41:00,DNologon
2010 054 08:20:00,Blogon
2010 054 08:55:15,BUrl
2010 054 12:10:17,CUrl
2010 054 12:38:31,CSendEmail
2010 054 12:43:52,CUrl
2010 054 18:55:51,DUrl
2010 054 19:30:00,DNologon
2010 055 08:32:00,Blogon
2010 055 08:46:42,BUrl
2010 055 11:43:00,BSendEmail
2010 055 12:23:00,CUrl
2010 055 18:05:30,DUrl
2010 055 19:26:00,DNologon
2010 056 08:32:00,Blogon
2010 056 08:51:40,BUrl
2010 056 11:32:51,BSendEmail
2010 056 14:11:58,CUrl
2010 056 18:25:17,DUrl
2010 056 19:25:00,DNologon
2010 057 08:25:00,Blogon
2010 057 08:38:38,BUrl
2010 057 13:49:07,CUrl
2010 057 14:18:47,CSendEmail
2010 057 14:25:37,CUrl
2010 057 19:27:10,DUrl
2010 057 19:43:00,DNologon
2010 060 08:26:00,Blogon
2010 060 09:07:37,BUrl
2010 060 15:18:54,CUrl
2010 060 18:24:37,DSendEmail
2010 060 19:04:58,DUrl
2010 060 19:32:00,DNologon
2010 061 08:33:00,Blogon
2010 061 08:35:04,BUrl
2010 061 13:35:41,CUrl
2010 061 14:37:05,CSendEmail
2010 061 14:59:41,CUrl
2010 061 19:06:40,DUrl
2010 061 19:42:00,DNologon
2010 062 08:31:00,Blogon
2010 062 08:41:04,BUrl
2010 062 12:25:11,CSendEmail
2010 062 13:26:59,CUrl
2010 062 19:30:00,DNologon
2010 063 08:23:00,Blogon
2010 063 08:25:19,BUrl
2010 063 09:20:11,BSendEmail
2010 063 14:22:17,CUrl
2010 063 18:01:28,DUrl
2010 063 19:43:00,DNologon
2010 064 08:33:00,Blogon
2010 064 08:37:10,BUrl
2010 064 13:39:19,CSendEmail
2010 064 13:48:26,CUrl
2010 064 18:37:33,DUrl
2010 064 19:26:00,DNologon
2010 067 08:30:00,Blogon
2010 067 08:32:58,BUrl
2010 067 12:49:27,CUrl
2010 067 12:56:41,CSendEmail
2010 067 13:18:07,CUrl
2010 067 19:30:00,DNologon
2010 068 08:20:00,Blogon
2010 068 08:39:08,BUrl
2010 068 12:29:09,CSendEmail
2010 068 14:13:39,CUrl
2010 068 18:17:38,DUrl
2010 068 19:38:00,DNologon
2010 069 08:30:00,Blogon
2010 069 09:06:52,BUrl
2010 069 12:44:57,CUrl
2010 069 16:40:24,CSendEmail
2010 069 18:34:43,DUrl
2010 069 19:39:00,DNologon
2010 070 08:30:00,Blogon
2010 070 08:55:08,BUrl
2010 070 09:11:57,BSendEmail
2010 070 09:57:37,BUrl
2010 070 12:43:42,CUrl
2010 070 19:36:44,DUrl
2010 070 19:38:00,DNologon
2010 071 08:19:00,Blogon
2010 071 09:04:03,BUrl
2010 071 10:22:09,BSendEmail
2010 071 10:23:55,BUrl
2010 071 13:36:54,CUrl
2010 071 18:52:54,DUrl
2010 071 19:37:00,DNologon
2010 074 08:19:00,Blogon
2010 074 09:29:12,BUrl
2010 074 12:33:58,CUrl
2010 074 15:38:01,CSendEmail
2010 074 15:56:40,CUrl
2010 074 18:21:31,DUrl
2010 074 19:39:00,DNologon
2010 075 08:29:00,Blogon
2010 075 08:45:51,BUrl
2010 075 12:10:59,CUrl
2010 075 12:29:20,CSendEmail
2010 075 12:46:35,CUrl
2010 075 19:29:00,DNologon
2010 076 08:33:00,Blogon
2010 076 08:52:14,BUrl
2010 076 13:44:39,CUrl
2010 076 14:52:07,CSendEmail
2010 076 15:09:44,CUrl
2010 076 18:36:32,DUrl
2010 076 19:28:00,DNologon
2010 077 08:22:00,Blogon
2010 077 09:17:19,BUrl
2010 077 15:26:14,CUrl
2010 077 16:01:01,CSendEmail
2010 077 16:55:15,CUrl
2010 077 18:45:10,DUrl
2010 077 19:40:00,DNologon
2010 078 08:18:00,Blogon
2010 078 09:14:30,BUrl
2010 078 09:55:36,BSendEmail
2010 078 10:42:51,BUrl
2010 078 12:35:03,CUrl
2010 078 18:19:17,DUrl
2010 078 19:26:00,DNologon
2010 081 08:15:00,Blogon
2010 081 08:45:52,BUrl
2010 081 09:10:08,BSendEmail
2010 081 10:30:48,BUrl
2010 081 12:28:52,CUrl
2010 081 19:00:47,DUrl
2010 081 19:43:00,DNologon
2010 082 08:20:00,Blogon
2010 082 08:30:06,BUrl
2010 082 10:17:31,BSendEmail
2010 082 11:35:19,BUrl
2010 082 13:28:16,CUrl
2010 082 18:02:32,DUrl
2010 082 19:35:00,DNologon
2010 083 08:22:00,Blogon
2010 083 08:34:11,BSendEmail
2010 083 08:37:04,BUrl
2010 083 12:18:38,CUrl
2010 083 18:14:34,DUrl
2010 083 19:38:00,DNologon
2010 084 08:31:00,Blogon
2010 084 08:41:05,BUrl
2010 084 10:20:31,BSendEmail
2010 084 11:04:00,BUrl
2010 084 13:29:17,CUrl
2010 084 18:11:54,DUrl
2010 084 19:27:00,DNologon
2010 085 08:25:00,Blogon
2010 085 09:39:47,BUrl
2010 085 14:09:44,CUrl
2010 085 16:39:59,CSendEmail
2010 085 17:04:13,CUrl
2010 085 19:41:00,DNologon
2010 088 08:19:00,Blogon
2010 088 09:16:57,BUrl
2010 088 12:58:55,CUrl
2010 088 18:38:42,DSendEmail
2010 088 18:43:21,DUrl
2010 088 19:45:00,DNologon
2010 089 08:34:00,Blogon
2010 089 08:59:47,BUrl
2010 089 12:08:24,CUrl
2010 089 17:55:18,CSendEmail
2010 089 19:02:29,DUrl
2010 089 19:30:00,DNologon
2010 090 08:16:00,Blogon
2010 090 11:40:45,BUrl
2010 090 12:08:29,CUrl
2010 090 15:45:57,CSendEmail
2010 090 15:51:57,CUrl
2010 090 18:04:48,DUrl
2010 090 19:37:00,DNologon
2010 091 08:25:00,Blogon
2010 091 08:41:16,BUrl
2010 091 12:43:14,CUrl
2010 091 15:13:28,CSendEmail
2010 091 17:17:17,CUrl
2010 091 18:41:48,DUrl
2010 091 19:43:00,DNologon
2010 095 08:22:00,Blogon
2010 095 09:21:54,BUrl
2010 095 13:08:12,CUrl
2010 095 17:56:44,CSendEmail
2010 095 18:43:32,DUrl
2010 095 19:45:00,DNologon
2010 096 08:20:00,Blogon
2010 096 08:27:28,BUrl
2010 096 12:11:57,CUrl
2010 096 16:25:16,CSendEmail
2010 096 16:29:04,CUrl
2010 096 18:02:18,DUrl
2010 096 19:33:00,DNologon
2010 097 08:24:00,Blogon
2010 097 08:33:59,BUrl
2010 097 12:45:50,CUrl
2010 097 17:08:54,CSendEmail
2010 097 17:13:56,CUrl
2010 097 19:33:00,DNologon
2010 098 08:35:00,Blogon
2010 098 08:44:33,BUrl
2010 098 09:53:09,BSendEmail
2010 098 10:22:53,BUrl
2010 098 12:15:38,CUrl
2010 098 18:00:36,DUrl
2010 098 19:26:00,DNologon
2010 099 08:28:00,Blogon
2010 099 08:35:00,BUrl
2010 099 14:39:26,CUrl
2010 099 17:06:55,CSendEmail
2010 099 18:49:49,DUrl
2010 099 19:28:00,DNologon
2010 102 08:19:00,Blogon
2010 102 08:47:01,BUrl
2010 102 12:25:53,CUrl
2010 102 18:25:30,DUrl
2010 102 18:39:51,DSendEmail
2010 102 19:17:20,DUrl
2010 102 19:33:00,DNologon
2010 103 08:29:00,Blogon
2010 103 09:20:42,BUrl
2010 103 12:34:51,CSendEmail
2010 103 12:56:49,CUrl
2010 103 18:13:54,DUrl
2010 103 19:31:00,DNologon
2010 104 08:29:00,Blogon
2010 104 10:59:10,BSendEmail
2010 104 11:21:09,BUrl
2010 104 12:47:00,CUrl
2010 104 19:10:50,DUrl
2010 104 19:38:00,DNologon
2010 105 08:34:00,Blogon
2010 105 08:41:10,BUrl
2010 105 12:05:28,CUrl
2010 105 14:17:47,CSendEmail
2010 105 14:24:51,CUrl
2010 105 18:18:18,DUrl
2010 105 19:29:00,DNologon
2010 106 08:31:00,Blogon
2010 106 08:36:09,BUrl
2010 106 08:55:54,BSendEmail
2010 106 09:28:07,BUrl
2010 106 12:12:25,CUrl
2010 106 18:11:25,DUrl
2010 106 19:36:00,DNologon
2010 109 08:19:00,Blogon
2010 109 09:13:09,BUrl
2010 109 12:33:46,CSendEmail
2010 109 13:05:45,CUrl
2010 109 18:09:45,DUrl
2010 109 19:40:00,DNologon
2010 110 08:19:00,Blogon
2010 110 08:35:45,BUrl
2010 110 11:12:13,BSendEmail
2010 110 12:26:59,CUrl
2010 110 19:02:49,DUrl
2010 110 19:28:00,DNologon
2010 111 08:26:00,Blogon
2010 111 09:27:26,BUrl
2010 111 13:05:46,CSendEmail
2010 111 13:26:51,CUrl
2010 111 18:53:15,DUrl
2010 111 19:38:00,DNologon
2010 112 08:31:00,Blogon
2010 112 09:16:45,BUrl
2010 112 10:30:21,BSendEmail
2010 112 10:30:53,BUrl
2010 112 12:34:47,CUrl
2010 112 18:21:39,DUrl
2010 112 19:25:00,DNologon
2010 113 08:31:00,Blogon
2010 113 09:17:49,BUrl
2010 113 12:13:55,CSendEmail
2010 113 14:52:09,CUrl
2010 113 18:50:47,DUrl
2010 113 19:27:00,DNologon
2010 116 08:33:00,Blogon
2010 116 08:47:37,BUrl
2010 116 12:14:52,CUrl
2010 116 19:05:36,DSendEmail
2010 116 19:34:00,DNologon
2010 117 08:29:00,Blogon
2010 117 08:30:23,BUrl
2010 117 08:30:47,BSendEmail
2010 117 09:07:55,BUrl
2010 117 13:41:47,CUrl
2010 117 18:14:52,DUrl
2010 117 19:30:00,DNologon
2010 118 08:20:00,Blogon
2010 118 08:36:04,BUrl
2010 118 12:30:24,CUrl
2010 118 18:30:20,DSendEmail
2010 118 18:30:24,DUrl
2010 118 19:40:00,DNologon
2010 119 08:31:00,Blogon
2010 119 09:22:51,BUrl
2010 119 12:48:33,CUrl
2010 119 13:37:35,CSendEmail
2010 119 16:46:15,CUrl
2010 119 18:07:27,DUrl
2010 119 19:25:00,DNologon
2010 120 08:19:00,Blogon
2010 120 09:28:14,BUrl
2010 120 09:49:22,BSendEmail
2010 120 10:48:41,BUrl
2010 120 12:55:02,CUrl
2010 120 18:39:57,DUrl
2010 120 19:35:00,DNologon
2010 123 08:31:00,Blogon
2010 123 08:35:37,BUrl
2010 123 12:55:03,CUrl
2010 123 13:19:30,CSendEmail
2010 123 14:11:42,CUrl
2010 123 19:02:44,DUrl
2010 123 19:30:00,DNologon
2010 124 08:20:00,Blogon
2010 124 08:25:00,BUrl
2010 124 13:49:36,CUrl
2010 124 15:43:28,CSendEmail
2010 124 17:08:40,CUrl
2010 124 18:16:22,DUrl
2010 124 19:28:00,DNologon
2010 125 08:33:00,Blogon
2010 125 08:45:46,BUrl
2010 125 12:26:22,CUrl
2010 125 15:38:21,CSendEmail
2010 125 15:40:20,CUrl
2010 125 18:43:16,DUrl
2010 125 19:25:00,DNologon
2010 126 08:30:00,Blogon
2010 126 09:52:13,BUrl
2010 126 12:28:31,CUrl
2010 126 15:59:47,CSendEmail
2010 126 16:15:27,CUrl
2010 126 18:08:27,DUrl
2010 126 19:27:00,DNologon
2010 127 08:23:00,Blogon
2010 127 09:41:08,BSendEmail
2010 127 10:02:49,BUrl
2010 127 13:26:16,CUrl
2010 127 18:30:37,DUrl
2010 127 19:43:00,DNologon
2010 130 08:30:00,Blogon
2010 130 08:35:39,BUrl
2010 130 13:12:47,CSendEmail
2010 130 13:32:21,CUrl
2010 130 18:48:45,DUrl
2010 130 19:28:00,DNologon
2010 131 08:26:00,Blogon
2010 131 08:48:14,BUrl
2010 131 12:42:09,CUrl
2010 131 18:30:20,DSendEmail
2010 131 18:33:07,DUrl
2010 131 19:45:00,DNologon
2010 132 08:15:00,Blogon
2010 132 09:49:34,BUrl
2010 132 13:00:55,CUrl
2010 132 19:12:16,DUrl
2010 132 19:28:29,DSendEmail
2010 132 19:37:00,DNologon
2010 133 08:20:00,Blogon
2010 133 08:25:48,BUrl
2010 133 12:23:16,CUrl
2010 133 13:19:30,CSendEmail
2010 133 14:52:13,CUrl
2010 133 19:35:52,DUrl
2010 133 19:39:00,DNologon
2010 134 08:29:00,Blogon
2010 134 11:32:05,BUrl
2010 134 12:28:19,CUrl
2010 134 13:14:24,CSendEmail
2010 134 14:02:56,CUrl
2010 134 18:36:17,DUrl
2010 134 19:43:00,DNologon
2010 137 08:29:00,Blogon
2010 137 08:30:34,BSendEmail
2010 137 08:36:04,BUrl
2010 137 14:16:51,CUrl
2010 137 19:06:28,DUrl
2010 137 19:27:00,DNologon
2010 138 08:31:00,Blogon
2010 138 08:43:08,BUrl
2010 138 12:36:01,CUrl
2010 138 13:07:55,CSendEmail
2010 138 13:23:53,CUrl
2010 138 18:24:54,DUrl
2010 138 19:25:00,DNologon
2010 139 08:27:00,Blogon
2010 139 10:05:45,BUrl
2010 139 13:19:31,CSendEmail
2010 139 13:50:38,CUrl
2010 139 18:15:15,DUrl
2010 139 19:25:00,DNologon
2010 140 08:30:00,Blogon
2010 140 09:18:58,BUrl
2010 140 12:49:41,CUrl
2010 140 16:57:33,CSendEmail
2010 140 18:37:20,DUrl
2010 140 19:43:00,DNologon
2010 141 08:15:00,Blogon
2010 141 08:31:54,BUrl
2010 141 09:54:30,BSendEmail
2010 141 13:54:30,CUrl
2010 141 18:42:30,DUrl
2010 141 19:39:00,DNologon
2010 144 08:30:00,Blogon
2010 144 08:47:19,BUrl
2010 144 12:50:49,CUrl
2010 144 17:01:08,CSendEmail
2010 144 18:42:18,DUrl
2010 144 19:34:00,DNologon
2010 145 08:30:00,Blogon
2010 145 08:48:46,BUrl
2010 145 12:26:18,CSendEmail
2010 145 15:02:31,CUrl
2010 145 19:07:36,DUrl
2010 145 19:29:00,DNologon
2010 146 08:30:00,Blogon
2010 146 08:44:22,BSendEmail
2010 146 09:04:14,BUrl
2010 146 13:16:20,CUrl
2010 146 18:36:29,DUrl
2010 146 19:30:00,DNologon
2010 147 08:32:00,Blogon
2010 147 09:19:54,BUrl
2010 147 09:51:34,BSendEmail
2010 147 11:21:24,BUrl
2010 147 14:37:50,CUrl
2010 147 18:27:30,DUrl
2010 147 19:32:00,DNologon
2010 148 08:26:00,Blogon
2010 148 09:09:33,BUrl
2010 148 14:16:35,CUrl
2010 148 15:44:00,CSendEmail
2010 148 16:44:54,CUrl
2010 148 18:53:55,DUrl
2010 148 19:45:00,DNologon
2010 152 08:16:00,Blogon
2010 152 09:04:03,BUrl
2010 152 12:02:57,CSendEmail
2010 152 12:20:09,CUrl
2010 152 18:25:20,DUrl
2010 152 19:25:00,DNologon
2010 153 08:29:00,Blogon
2010 153 08:30:19,BUrl
2010 153 12:07:32,CUrl
2010 153 12:26:07,CSendEmail
2010 153 13:55:42,CUrl
2010 153 19:02:07,DUrl
2010 153 19:45:00,DNologon
2010 154 08:25:00,Blogon
2010 154 08:33:39,BUrl
2010 154 12:53:27,CSendEmail
2010 154 13:07:09,CUrl
2010 154 18:56:10,DUrl
2010 154 19:39:00,DNologon
2010 155 08:19:00,Blogon
2010 155 08:24:15,BUrl
2010 155 09:27:08,BSendEmail
2010 155 12:15:03,CUrl
2010 155 18:44:30,DUrl
2010 155 19:43:00,DNologon
2010 158 08:29:00,Blogon
2010 158 08:31:19,BUrl
2010 158 12:09:35,CUrl
2010 158 15:48:42,CSendEmail
2010 158 15:53:16,CUrl
2010 158 19:02:27,DUrl
2010 158 19:43:00,DNologon
2010 159 08:32:00,Blogon
2010 159 09:02:15,BUrl
2010 159 12:23:15,CUrl
2010 159 18:46:09,DUrl
2010 159 19:00:28,DSendEmail
2010 159 19:29:00,DNologon
2010 160 08:17:00,Blogon
2010 160 08:18:05,BUrl
2010 160 12:11:27,CUrl
2010 160 15:03:34,CSendEmail
2010 160 16:11:01,CUrl
2010 160 19:43:00,DNologon
2010 161 08:30:00,Blogon
2010 161 08:38:19,BUrl
2010 161 12:01:19,CUrl
2010 161 13:45:21,CSendEmail
2010 161 13:45:27,CUrl
2010 161 19:08:37,DUrl
2010 161 19:44:00,DNologon
2010 162 08:16:00,Blogon
2010 162 08:55:27,BUrl
2010 162 15:42:18,CUrl
2010 162 16:28:16,CSendEmail
2010 162 17:13:02,CUrl
2010 162 19:28:00,DNologon
2010 165 08:26:00,Blogon
2010 165 09:49:36,BUrl
2010 165 10:33:07,BSendEmail
2010 165 15:43:38,CUrl
2010 165 18:36:09,DUrl
2010 165 19:45:00,DNologon
2010 166 08:16:00,Blogon
2010 166 08:43:19,BUrl
2010 166 12:41:57,CSendEmail
2010 166 15:38:58,CUrl
2010 166 18:48:46,DUrl
2010 166 19:30:00,DNologon
2010 167 08:35:00,Blogon
2010 167 08:37:43,BUrl
2010 167 12:00:36,CUrl
2010 167 12:50:43,CSendEmail
2010 167 15:49:17,CUrl
2010 167 19:08:26,DUrl
2010 167 19:37:00,DNologon
2010 168 08:34:00,Blogon
2010 168 09:06:18,BUrl
2010 168 11:00:16,BSendEmail
2010 168 11:44:07,BUrl
2010 168 12:01:00,CUrl
2010 168 18:09:38,DUrl
2010 168 19:30:00,DNologon
2010 169 08:34:00,Blogon
2010 169 08:44:39,BUrl
2010 169 11:09:56,BSendEmail
2010 169 13:30:22,CUrl
2010 169 18:14:30,DUrl
2010 169 19:30:00,DNologon
2010 172 08:18:00,Blogon
2010 172 08:26:59,BUrl
2010 172 12:29:39,CUrl
2010 172 18:01:10,DUrl
2010 172 19:05:40,DSendEmail
2010 172 19:08:40,DUrl
2010 172 19:36:00,DNologon
2010 173 08:17:00,Blogon
2010 173 08:31:33,BUrl
2010 173 08:38:34,BSendEmail
2010 173 10:13:42,BUrl
2010 173 12:43:25,CUrl
2010 173 18:00:04,DUrl
2010 173 19:38:00,DNologon
2010 174 08:21:00,Blogon
2010 174 09:05:38,BUrl
2010 174 13:13:53,CSendEmail
2010 174 13:19:27,CUrl
2010 174 19:09:13,DUrl
2010 174 19:36:00,DNologon
2010 175 08:18:00,Blogon
2010 175 08:24:38,BUrl
2010 175 11:38:21,BSendEmail
2010 175 12:31:54,CUrl
2010 175 19:05:17,DUrl
2010 175 19:28:00,DNologon
2010 176 08:22:00,Blogon
2010 176 08:58:01,BUrl
2010 176 12:09:56,CUrl
2010 176 16:44:27,CSendEmail
2010 176 19:10:20,DUrl
2010 176 19:39:00,DNologon
2010 179 08:23:00,Blogon
2010 179 08:24:32,BSendEmail
2010 179 08:33:41,BUrl
2010 179 13:35:05,CUrl
2010 179 18:25:55,DUrl
2010 179 19:35:00,DNologon
2010 180 08:16:00,Blogon
2010 180 08:18:21,BUrl
2010 180 12:08:51,CUrl
2010 180 16:31:58,CSendEmail
2010 180 17:04:15,CUrl
2010 180 18:56:50,DUrl
2010 180 19:28:00,DNologon
2010 181 08:30:00,Blogon
2010 181 08:45:09,BUrl
2010 181 12:52:40,CUrl
2010 181 14:59:24,CSendEmail
2010 181 15:33:01,CUrl
2010 181 18:25:38,DUrl
2010 181 19:26:00,DNologon
2010 182 08:24:00,Blogon
2010 182 10:06:35,BUrl
2010 182 12:42:33,CUrl
2010 182 18:09:14,DUrl
2010 182 19:14:17,DSendEmail
2010 182 19:28:02,DUrl
2010 182 19:31:00,DNologon
2010 183 08:29:00,Blogon
2010 183 08:43:46,BUrl
2010 183 10:22:48,BSendEmail
2010 183 12:42:02,CUrl
2010 183 19:34:00,DNologon
2010 187 08:17:00,Blogon
2010 187 08:24:24,BSendEmail
2010 187 08:32:37,BUrl
2010 187 13:37:10,CUrl
2010 187 18:30:28,DUrl
2010 187 19:28:00,DNologon
2010 188 08:35:00,Blogon
2010 188 08:38:49,BUrl
2010 188 13:22:37,CUrl
2010 188 13:22:40,CSendEmail
2010 188 14:37:34,CUrl
2010 188 18:30:59,DUrl
2010 188 19:29:00,DNologon
2010 189 08:35:00,Blogon
2010 189 08:38:02,BUrl
2010 189 12:06:36,CUrl
2010 189 13:34:08,CSendEmail
2010 189 14:42:16,CUrl
2010 189 19:23:28,DUrl
2010 189 19:41:00,DNologon
2010 190 08:33:00,Blogon
2010 190 08:49:22,BUrl
2010 190 12:46:27,CUrl
2010 190 18:34:01,DSendEmail
2010 190 19:02:41,DUrl
2010 190 19:29:00,DNologon
2010 193 08:28:00,Blogon
2010 193 08:43:28,BUrl
2010 193 15:38:25,CUrl
2010 193 16:28:35,CSendEmail
2010 193 16:40:48,CUrl
2010 193 18:08:18,DUrl
2010 193 19:41:00,DNologon
2010 194 08:32:00,Blogon
2010 194 08:47:44,BUrl
2010 194 08:48:04,BSendEmail
2010 194 09:46:22,BUrl
2010 194 12:28:58,CUrl
2010 194 19:26:00,DNologon
2010 195 08:30:00,Blogon
2010 195 09:12:52,BSendEmail
2010 195 09:23:58,BUrl
2010 195 12:12:05,CUrl
2010 195 18:30:28,DUrl
2010 195 19:30:00,DNologon
2010 196 08:32:00,Blogon
2010 196 08:48:29,BUrl
2010 196 12:32:41,CUrl
2010 196 16:07:32,CSendEmail
2010 196 17:32:01,CUrl
2010 196 18:29:24,DUrl
2010 196 19:33:00,DNologon
2010 197 08:30:00,Blogon
2010 197 09:15:21,BUrl
2010 197 12:54:54,CUrl
2010 197 17:33:55,CSendEmail
2010 197 18:00:30,DUrl
2010 197 19:28:00,DNologon
2010 200 08:32:00,Blogon
2010 200 08:39:38,BUrl
2010 200 13:52:32,CUrl
2010 200 17:34:12,CSendEmail
2010 200 17:35:01,CUrl
2010 200 19:13:43,DUrl
2010 200 19:30:00,DNologon
2010 201 08:32:00,Blogon
2010 201 09:23:22,BUrl
2010 201 13:23:34,CUrl
2010 201 18:50:56,DUrl
2010 201 18:53:05,DSendEmail
2010 201 19:27:21,DUrl
2010 201 19:31:00,DNologon
2010 202 08:34:00,Blogon
2010 202 08:50:44,BUrl
2010 202 12:46:35,CSendEmail
2010 202 14:01:19,CUrl
2010 202 18:02:08,DUrl
2010 202 19:25:00,DNologon
2010 203 08:17:00,Blogon
2010 203 09:11:10,BUrl
2010 203 12:41:40,CUrl
2010 203 19:10:49,DSendEmail
2010 203 19:26:12,DUrl
2010 203 19:40:00,DNologon
2010 204 08:33:00,Blogon
2010 204 08:40:53,BUrl
2010 204 09:06:32,BSendEmail
2010 204 09:17:22,BUrl
2010 204 15:01:37,CUrl
2010 204 19:31:00,DNologon
2010 207 08:28:00,Blogon
2010 207 08:46:23,BUrl
2010 207 12:27:33,CUrl
2010 207 14:45:56,CSendEmail
2010 207 17:43:45,CUrl
2010 207 19:23:02,DUrl
2010 207 19:28:00,DNologon
2010 208 08:31:00,Blogon
2010 208 09:04:11,BSendEmail
2010 208 09:41:38,BUrl
2010 208 12:15:15,CUrl
2010 208 19:25:00,DNologon
2010 209 08:35:00,Blogon
2010 209 08:36:40,BUrl
2010 209 14:01:49,CUrl
2010 209 18:40:43,DUrl
2010 209 18:44:03,DSendEmail
2010 209 19:25:00,DNologon
2010 210 08:16:00,Blogon
2010 210 09:29:16,BUrl
2010 210 11:55:46,BSendEmail
2010 210 13:05:28,CUrl
2010 210 18:05:43,DUrl
2010 210 19:45:00,DNologon
2010 211 08:35:00,Blogon
2010 211 09:07:52,BUrl
2010 211 12:54:42,CUrl
2010 211 18:04:22,DUrl
2010 211 19:04:08,DSendEmail
2010 211 19:13:05,DUrl
2010 211 19:25:00,DNologon
2010 214 08:32:00,Blogon
2010 214 08:44:20,BUrl
2010 214 12:09:42,CUrl
2010 214 17:03:44,CSendEmail
2010 214 19:27:00,DNologon
2010 215 08:30:00,Blogon
2010 215 08:34:05,BUrl
2010 215 10:27:29,BSendEmail
2010 215 10:31:43,BUrl
2010 215 13:25:39,CUrl
2010 215 18:36:10,DUrl
2010 215 19:25:00,DNologon
2010 216 08:26:00,Blogon
2010 216 08:41:29,BUrl
2010 216 15:29:51,CUrl
2010 216 17:07:55,CSendEmail
2010 216 18:26:40,DUrl
2010 216 19:37:00,DNologon
2010 217 08:34:00,Blogon
2010 217 08:40:46,BUrl
2010 217 12:43:54,CUrl
2010 217 18:28:59,DUrl
2010 217 19:29:00,DNologon
2010 218 08:33:00,Blogon
2010 218 09:39:40,BUrl
2010 218 10:45:02,BSendEmail
2010 218 12:07:05,CUrl
2010 218 18:22:48,DUrl
2010 218 19:26:00,DNologon
2010 221 08:32:00,Blogon
2010 221 08:37:54,BUrl
2010 221 08:40:08,BSendEmail
2010 221 09:08:18,BUrl
2010 221 13:09:21,CUrl
2010 221 18:00:32,DUrl
2010 221 19:29:00,DNologon
2010 222 08:35:00,Blogon
2010 222 08:50:40,BUrl
2010 222 13:24:34,CUrl
2010 222 18:44:20,DUrl
2010 222 19:27:54,DSendEmail
2010 222 19:30:00,DNologon
2010 223 08:17:00,Blogon
2010 223 08:37:45,BUrl
2010 223 11:21:33,BSendEmail
2010 223 13:23:18,CUrl
2010 223 18:22:46,DUrl
2010 223 19:33:00,DNologon
2010 224 08:30:00,Blogon
2010 224 08:32:33,BUrl
2010 224 12:55:31,CUrl
2010 224 14:59:29,CSendEmail
2010 224 17:13:09,CUrl
2010 224 18:27:05,DUrl
2010 224 19:32:00,DNologon
2010 225 08:32:00,Blogon
2010 225 08:50:11,BUrl
2010 225 12:27:03,CUrl
2010 225 18:36:22,DSendEmail
2010 225 18:40:06,DUrl
2010 225 19:29:00,DNologon
2010 228 08:30:00,Blogon
2010 228 08:33:16,BUrl
2010 228 13:16:07,CSendEmail
2010 228 15:27:08,CUrl
2010 228 18:51:39,DUrl
2010 228 19:29:00,DNologon
2010 229 08:31:00,Blogon
2010 229 09:13:49,BUrl
2010 229 12:19:36,CUrl
2010 229 14:02:40,CSendEmail
2010 229 16:17:15,CUrl
2010 229 19:28:00,DNologon
2010 230 08:25:00,Blogon
2010 230 08:58:48,BUrl
2010 230 09:01:15,BSendEmail
2010 230 09:59:47,BUrl
2010 230 12:52:20,CUrl
2010 230 18:03:18,DUrl
2010 230 19:33:00,DNologon
2010 231 08:27:00,Blogon
2010 231 08:52:21,BUrl
2010 231 14:02:51,CUrl
2010 231 18:36:41,DSendEmail
2010 231 18:42:41,DUrl
2010 231 19:38:00,DNologon
2010 232 08:35:00,Blogon
2010 232 09:00:22,BUrl
2010 232 10:42:30,BSendEmail
2010 232 10:55:26,BUrl
2010 232 13:17:57,CUrl
2010 232 18:25:24,DUrl
2010 232 19:28:00,DNologon
2010 235 08:18:00,Blogon
2010 235 09:05:42,BUrl
2010 235 11:59:54,BSendEmail
2010 235 13:08:44,CUrl
2010 235 18:47:06,DUrl
2010 235 19:37:00,DNologon
2010 236 08:34:00,Blogon
2010 236 10:40:09,BUrl
2010 236 12:28:32,CUrl
2010 236 18:48:24,DUrl
2010 236 18:49:12,DSendEmail
2010 236 19:14:44,DUrl
2010 236 19:28:00,DNologon
2010 237 08:31:00,Blogon
2010 237 08:38:38,BUrl
2010 237 09:22:13,BSendEmail
2010 237 09:30:13,BUrl
2010 237 12:56:57,CUrl
2010 237 19:07:56,DUrl
2010 237 19:30:00,DNologon
2010 238 08:31:00,Blogon
2010 238 08:35:24,BUrl
2010 238 08:52:55,BSendEmail
2010 238 13:40:48,CUrl
2010 238 19:03:54,DUrl
2010 238 19:25:00,DNologon
2010 239 08:31:00,Blogon
2010 239 08:39:52,BUrl
2010 239 12:17:29,CUrl
2010 239 14:08:09,CSendEmail
2010 239 15:15:05,CUrl
2010 239 18:06:18,DUrl
2010 239 19:30:00,DNologon
2010 242 08:32:00,Blogon
2010 242 08:48:19,BUrl
2010 242 13:18:50,CUrl
2010 242 15:49:22,CSendEmail
2010 242 16:23:16,CUrl
2010 242 18:36:12,DUrl
2010 242 19:28:00,DNologon
2010 243 08:33:00,Blogon
2010 243 09:38:59,BUrl
2010 243 11:25:04,BSendEmail
2010 243 14:49:59,CUrl
2010 243 18:31:14,DUrl
2010 243 19:29:00,DNologon
2010 244 08:34:00,Blogon
2010 244 09:14:33,BUrl
2010 244 13:12:24,CUrl
2010 244 13:28:21,CSendEmail
2010 244 13:55:55,CUrl
2010 244 18:15:40,DUrl
2010 244 19:26:00,DNologon
2010 245 08:33:00,Blogon
2010 245 08:40:18,BUrl
2010 245 13:57:02,CUrl
2010 245 17:18:31,CSendEmail
2010 245 18:29:24,DUrl
2010 245 19:32:00,DNologon
2010 246 08:30:00,Blogon
2010 246 09:06:21,BUrl
2010 246 09:46:49,BSendEmail
2010 246 13:53:33,CUrl
2010 246 18:22:15,DUrl
2010 246 19:44:00,DNologon
2010 250 08:16:00,Blogon
2010 250 08:23:27,BUrl
2010 250 12:35:50,CUrl
2010 250 17:08:43,CSendEmail
2010 250 17:33:39,CUrl
2010 250 18:48:57,DUrl
2010 250 19:43:00,DNologon
2010 251 08:32:00,Blogon
2010 251 09:21:36,BUrl
2010 251 13:07:59,CUrl
2010 251 19:26:00,DNologon
2010 252 08:22:00,Blogon
2010 252 08:32:37,BUrl
2010 252 13:55:11,CUrl
2010 252 18:38:17,DUrl
2010 252 19:24:14,DSendEmail
2010 252 19:30:00,DNologon
2010 253 08:33:00,Blogon
2010 253 09:00:02,BUrl
2010 253 12:57:54,CSendEmail
2010 253 13:54:44,CUrl
2010 253 18:25:01,DUrl
2010 253 19:26:00,DNologon
2010 256 08:19:00,Blogon
2010 256 08:21:04,BUrl
2010 256 13:23:19,CUrl
2010 256 17:03:23,CSendEmail
2010 256 18:35:08,DUrl
2010 256 19:41:00,DNologon
2010 257 08:25:00,Blogon
2010 257 09:45:16,BUrl
2010 257 12:04:56,CUrl
2010 257 16:37:21,CSendEmail
2010 257 17:43:25,CUrl
2010 257 18:14:08,DUrl
2010 257 19:27:00,DNologon
2010 258 08:21:00,Blogon
2010 258 10:07:00,BUrl
2010 258 12:08:44,CUrl
2010 258 13:49:34,CSendEmail
2010 258 14:55:56,CUrl
2010 258 18:56:14,DUrl
2010 258 19:32:00,DNologon
2010 259 08:33:00,Blogon
2010 259 08:36:47,BUrl
2010 259 10:04:14,BSendEmail
2010 259 12:58:01,CUrl
2010 259 18:19:41,DUrl
2010 259 19:28:00,DNologon
2010 260 08:35:00,Blogon
2010 260 08:49:34,BUrl
2010 260 09:22:00,BSendEmail
2010 260 10:07:41,BUrl
2010 260 15:30:02,CUrl
2010 260 18:16:04,DUrl
2010 260 19:42:00,DNologon
2010 263 08:18:00,Blogon
2010 263 09:29:51,BUrl
2010 263 15:33:51,CUrl
2010 263 18:10:23,DUrl
2010 263 19:45:00,DNologon
2010 264 08:22:00,Blogon
2010 264 10:10:24,BUrl
2010 264 13:40:44,CUrl
2010 264 19:22:15,DUrl
2010 264 19:37:00,DNologon
2010 265 08:34:00,Blogon
2010 265 08:36:34,BUrl
2010 265 11:44:18,BSendEmail
2010 265 12:02:49,CUrl
2010 265 18:07:44,DUrl
2010 265 19:30:00,DNologon
2010 266 08:31:00,Blogon
2010 266 08:40:12,BUrl
2010 266 14:31:27,CUrl
2010 266 14:41:23,CSendEmail
2010 266 14:50:07,CUrl
2010 266 18:19:50,DUrl
2010 266 19:28:00,DNologon
2010 267 08:34:00,Blogon
2010 267 08:37:24,BSendEmail
2010 267 08:48:20,BUrl
2010 267 14:58:01,CUrl
2010 267 18:34:15,DUrl
2010 267 19:30:00,DNologon
2010 270 08:18:00,Blogon
2010 270 08:21:59,BUrl
2010 270 08:27:23,BSendEmail
2010 270 08:46:26,BUrl
2010 270 13:11:38,CUrl
2010 270 18:13:24,DUrl
2010 270 19:38:00,DNologon
2010 271 08:19:00,Blogon
2010 271 08:46:20,BUrl
2010 271 12:55:20,CUrl
2010 271 18:54:15,DUrl
2010 271 19:37:45,DSendEmail
2010 271 19:40:00,DNologon
2010 272 08:19:00,Blogon
2010 272 08:20:25,BUrl
2010 272 12:28:20,CUrl
2010 272 14:29:32,CSendEmail
2010 272 15:52:12,CUrl
2010 272 18:03:31,DUrl
2010 272 19:44:00,DNologon
2010 273 08:23:00,Blogon
2010 273 08:24:40,BUrl
2010 273 12:01:55,CUrl
2010 273 15:43:10,CSendEmail
2010 273 17:04:13,CUrl
2010 273 18:00:04,DUrl
2010 273 19:35:00,DNologon
2010 274 08:23:00,Blogon
2010 274 08:33:49,BSendEmail
2010 274 08:41:33,BUrl
2010 274 12:15:23,CUrl
2010 274 18:03:19,DUrl
2010 274 19:44:00,DNologon
2010 277 08:28:00,Blogon
2010 277 09:18:57,BSendEmail
2010 277 09:56:42,BUrl
2010 277 13:53:36,CUrl
2010 277 19:26:16,DUrl
2010 277 19:45:00,DNologon
2010 278 08:22:00,Blogon
2010 278 09:56:59,BUrl
2010 278 12:25:20,CUrl
2010 278 16:58:56,CSendEmail
2010 278 18:10:16,DUrl
2010 278 19:35:00,DNologon
2010 279 08:30:00,Blogon
2010 279 09:10:29,BUrl
2010 279 12:21:44,CUrl
2010 279 18:30:48,DUrl
2010 279 19:19:03,DSendEmail
2010 279 19:21:17,DUrl
2010 279 19:29:00,DNologon
2010 280 08:21:00,Blogon
2010 280 08:54:57,BUrl
2010 280 12:16:16,CUrl
2010 280 13:33:24,CSendEmail
2010 280 15:19:27,CUrl
2010 280 18:23:21,DUrl
2010 280 19:33:00,DNologon
2010 281 08:35:00,Blogon
2010 281 08:41:09,BUrl
2010 281 12:00:38,CUrl
2010 281 12:46:09,CSendEmail
2010 281 12:51:30,CUrl
2010 281 19:09:53,DUrl
2010 281 19:25:00,DNologon
2010 284 08:32:00,Blogon
2010 284 09:08:20,BUrl
2010 284 15:17:32,CUrl
2010 284 18:46:13,DUrl
2010 284 19:11:17,DSendEmail
2010 284 19:25:00,DNologon
2010 285 08:35:00,Blogon
2010 285 08:46:44,BUrl
2010 285 12:50:36,CUrl
2010 285 14:35:46,CSendEmail
2010 285 15:24:05,CUrl
2010 285 18:38:58,DUrl
2010 285 19:26:00,DNologon
2010 286 08:32:00,Blogon
2010 286 08:33:59,BUrl
2010 286 14:29:55,CUrl
2010 286 16:45:31,CSendEmail
2010 286 17:22:36,CUrl
2010 286 19:28:00,DNologon
2010 287 08:15:00,Blogon
2010 287 09:10:06,BUrl
2010 287 12:59:29,CUrl
2010 287 18:12:25,DUrl
2010 287 19:22:18,DSendEmail
2010 287 19:25:57,DUrl
2010 287 19:31:00,DNologon
2010 288 08:15:00,Blogon
2010 288 08:45:23,BSendEmail
2010 288 08:47:35,BUrl
2010 288 12:05:28,CUrl
2010 288 19:12:41,DUrl
2010 288 19:30:00,DNologon
2010 291 08:27:00,Blogon
2010 291 08:28:47,BUrl
2010 291 15:52:04,CUrl
2010 291 18:08:05,DUrl
2010 291 19:33:00,DNologon
2010 292 08:25:00,Blogon
2010 292 08:31:10,BUrl
2010 292 13:18:47,CUrl
2010 292 16:58:37,CSendEmail
2010 292 17:02:07,CUrl
2010 292 18:32:24,DUrl
2010 292 19:34:00,DNologon
2010 293 08:17:00,Blogon
2010 293 08:26:05,BUrl
2010 293 11:48:29,BSendEmail
2010 293 13:31:37,CUrl
2010 293 19:08:30,DUrl
2010 293 19:37:00,DNologon
2010 294 08:34:00,Blogon
2010 294 08:52:58,BUrl
2010 294 10:16:48,BSendEmail
2010 294 12:12:45,CUrl
2010 294 18:41:51,DUrl
2010 294 19:35:00,DNologon
2010 295 08:33:00,Blogon
2010 295 09:30:22,BUrl
2010 295 12:10:36,CUrl
2010 295 12:17:25,CSendEmail
2010 295 13:17:19,CUrl
2010 295 18:43:24,DUrl
2010 295 19:27:00,DNologon
2010 298 08:31:00,Blogon
2010 298 08:32:20,BUrl
2010 298 12:42:07,CUrl
2010 298 12:47:01,CSendEmail
2010 298 16:00:07,CUrl
2010 298 19:11:39,DUrl
2010 298 19:27:00,DNologon
2010 299 08:15:00,Blogon
2010 299 08:25:47,BUrl
2010 299 13:18:42,CUrl
2010 299 15:20:08,CSendEmail
2010 299 15:32:33,CUrl
2010 299 18:14:09,DUrl
2010 299 19:45:00,DNologon
2010 300 08:20:00,Blogon
2010 300 08:54:55,BUrl
2010 300 13:30:41,CSendEmail
2010 300 13:51:32,CUrl
2010 300 19:30:28,DUrl
2010 300 19:37:00,DNologon
2010 301 08:28:00,Blogon
2010 301 09:29:35,BUrl
2010 301 12:33:06,CUrl
2010 301 14:00:23,CSendEmail
2010 301 15:53:59,CUrl
2010 301 19:20:22,DUrl
2010 301 19:44:00,DNologon
2010 302 08:24:00,Blogon
2010 302 09:35:03,BSendEmail
2010 302 10:26:14,BUrl
2010 302 12:14:03,CUrl
2010 302 18:25:13,DUrl
2010 302 19:29:00,DNologon
2010 305 08:35:00,Blogon
2010 305 09:06:56,BUrl
2010 305 12:56:35,CSendEmail
2010 305 14:50:59,CUrl
2010 305 18:23:28,DUrl
2010 305 19:25:00,DNologon
2010 306 08:15:00,Blogon
2010 306 08:17:55,BUrl
2010 306 10:43:18,BSendEmail
2010 306 11:14:18,BUrl
2010 306 12:32:33,CUrl
2010 306 18:30:26,DUrl
2010 306 19:45:00,DNologon
2010 307 08:31:00,Blogon
2010 307 08:41:40,BUrl
2010 307 12:07:41,CUrl
2010 307 16:04:43,CSendEmail
2010 307 16:41:03,CUrl
2010 307 19:30:00,DNologon
2010 308 08:35:00,Blogon
2010 308 09:21:35,BUrl
2010 308 09:41:21,BSendEmail
2010 308 10:31:01,BUrl
2010 308 13:35:02,CUrl
2010 308 19:02:16,DUrl
2010 308 19:25:00,DNologon
2010 309 08:28:00,Blogon
2010 309 10:37:26,BUrl
2010 309 12:12:25,CUrl
2010 309 13:59:51,CSendEmail
2010 309 14:21:01,CUrl
2010 309 18:32:17,DUrl
2010 309 19:29:00,DNologon
2010 312 08:27:00,Blogon
2010 312 08:42:48,BUrl
2010 312 09:08:41,BSendEmail
2010 312 09:37:49,BUrl
2010 312 13:15:25,CUrl
2010 312 19:23:35,DUrl
2010 312 19:44:00,DNologon
2010 313 08:31:00,Blogon
2010 313 09:44:17,BUrl
2010 313 12:29:14,CUrl
2010 313 16:37:55,CSendEmail
2010 313 18:26:16,DUrl
2010 313 19:28:00,DNologon
2010 314 08:21:00,Blogon
2010 314 08:36:29,BUrl
2010 314 10:06:47,BSendEmail
2010 314 10:29:27,BUrl
2010 314 12:27:18,CUrl
2010 314 18:03:33,DUrl
2010 314 19:30:00,DNologon
2010 315 08:24:00,Blogon
2010 315 08:32:31,BUrl
2010 315 10:45:14,BSendEmail
2010 315 13:22:05,CUrl
2010 315 19:17:24,DUrl
2010 315 19:44:00,DNologon
2010 316 08:29:00,Blogon
2010 316 08:34:47,BUrl
2010 316 15:21:57,CUrl
2010 316 17:12:42,CSendEmail
2010 316 18:00:13,DUrl
2010 316 19:26:00,DNologon
2010 319 08:30:00,Blogon
2010 319 08:46:00,BUrl
2010 319 12:02:46,CUrl
2010 319 19:07:26,DUrl
2010 319 19:22:22,DSendEmail
2010 319 19:34:00,DNologon
2010 320 08:23:00,Blogon
2010 320 09:45:46,BUrl
2010 320 13:47:16,CUrl
2010 320 13:52:53,CSendEmail
2010 320 15:12:57,CUrl
2010 320 18:17:33,DUrl
2010 320 19:43:00,DNologon
2010 321 08:30:00,Blogon
2010 321 09:14:31,BUrl
2010 321 12:34:21,CUrl
2010 321 17:11:22,CSendEmail
2010 321 17:26:01,CUrl
2010 321 18:38:29,DUrl
2010 321 19:30:00,DNologon
2010 322 08:33:00,Blogon
2010 322 08:42:03,BUrl
2010 322 11:01:51,BSendEmail
2010 322 12:25:41,CUrl
2010 322 19:41:00,DNologon
2010 323 08:30:00,Blogon
2010 323 19:29:00,DNologon
2010 326 08:29:00,Blogon
2010 326 08:31:02,BUrl
2010 326 12:57:11,CUrl
2010 326 14:43:51,CSendEmail
2010 326 14:44:44,CUrl
2010 326 19:08:57,DUrl
2010 326 19:41:00,DNologon
2010 327 08:15:00,Blogon
2010 327 08:29:09,BUrl
2010 327 12:05:11,CUrl
2010 327 18:53:06,DUrl
2010 327 19:39:00,DNologon
2010 328 08:16:00,Blogon
2010 328 09:13:01,BUrl
2010 328 16:43:15,CUrl
2010 328 17:44:34,CSendEmail
2010 328 17:49:48,CUrl
2010 328 18:25:45,DUrl
2010 328 19:35:00,DNologon
2010 333 08:30:00,Blogon
2010 333 08:34:21,BUrl
2010 333 12:17:01,CUrl
2010 333 14:43:05,CSendEmail
2010 333 15:58:50,CUrl
2010 333 18:41:50,DUrl
2010 333 19:25:00,DNologon
2010 334 08:32:00,Blogon
2010 334 09:07:50,BUrl
2010 334 12:22:56,CUrl
2010 334 18:33:32,DUrl
2010 334 19:04:07,DSendEmail
2010 334 19:29:00,DNologon
2010 335 08:31:00,Blogon
2010 335 08:33:32,BUrl
2010 335 08:48:20,BSendEmail
2010 335 08:56:25,BUrl
2010 335 13:03:29,CUrl
2010 335 18:32:59,DUrl
2010 335 19:27:00,DNologon
2010 336 08:32:00,Blogon
2010 336 09:38:26,BUrl
2010 336 12:19:26,CUrl
2010 336 17:29:43,CSendEmail
2010 336 18:30:42,DUrl
2010 336 19:26:00,DNologon
2010 337 08:28:00,Blogon
2010 337 08:38:39,BUrl
2010 337 12:17:28,CUrl
2010 337 15:44:01,CSendEmail
2010 337 17:45:40,CUrl
2010 337 19:32:19,DUrl
2010 337 19:39:00,DNologon
2010 340 08:29:00,Blogon
2010 340 08:49:08,BUrl
2010 340 13:13:41,CUrl
2010 340 17:24:26,CSendEmail
2010 340 18:11:41,DUrl
2010 340 19:43:00,DNologon
2010 341 08:31:00,Blogon
2010 341 08:35:39,BUrl
2010 341 14:51:43,CUrl
2010 341 18:00:58,DUrl
2010 341 19:21:46,DSendEmail
2010 341 19:24:50,DUrl
2010 341 19:30:00,DNologon
2010 342 08:15:00,Blogon
2010 342 08:41:42,BUrl
2010 342 13:35:04,CUrl
2010 342 18:56:26,DUrl
2010 342 19:03:00,DSendEmail
2010 342 19:41:00,DNologon
2010 343 08:19:00,Blogon
2010 343 08:47:38,BUrl
2010 343 12:31:01,CUrl
2010 343 18:03:47,DSendEmail
2010 343 19:27:00,DNologon
2010 344 08:24:00,Blogon
2010 344 09:06:28,BSendEmail
2010 344 09:49:38,BUrl
2010 344 12:54:03,CUrl
2010 344 18:04:04,DUrl
2010 344 19:33:00,DNologon
2010 347 08:23:00,Blogon
2010 347 08:29:53,BSendEmail
2010 347 09:32:49,BUrl
2010 347 12:21:34,CUrl
2010 347 18:29:00,DUrl
2010 347 19:42:00,DNologon
2010 348 08:34:00,Blogon
2010 348 08:48:36,BUrl
2010 348 12:23:31,CUrl
2010 348 14:10:53,CSendEmail
2010 348 15:23:46,CUrl
2010 348 19:03:16,DUrl
2010 348 19:30:00,DNologon
2010 349 08:33:00,Blogon
2010 349 08:41:01,BUrl
2010 349 12:11:34,CUrl
2010 349 16:52:46,CSendEmail
2010 349 17:55:43,CUrl
2010 349 18:29:14,DUrl
2010 349 19:26:00,DNologon
2010 350 08:30:00,Blogon
2010 350 08:31:05,BSendEmail
2010 350 08:35:30,BUrl
2010 350 13:46:17,CUrl
2010 350 18:23:48,DUrl
2010 350 19:30:00,DNologon
2010 351 08:30:00,Blogon
2010 351 08:45:58,BUrl
2010 351 12:44:40,CSendEmail
2010 351 13:20:18,CUrl
2010 351 18:04:49,DUrl
2010 351 19:25:00,DNologon
2010 354 08:35:00,Blogon
2010 354 08:40:11,BUrl
2010 354 13:28:44,CUrl
2010 354 16:09:11,CSendEmail
2010 354 17:00:20,CUrl
2010 354 18:11:30,DUrl
2010 354 19:44:00,DNologon
2010 355 08:20:00,Blogon
2010 355 08:21:01,BUrl
2010 355 13:28:27,CUrl
2010 355 16:35:41,CSendEmail
2010 355 17:23:16,CUrl
2010 355 18:10:50,DUrl
2010 355 19:26:00,DNologon
2010 356 08:30:00,Blogon
2010 356 08:33:24,BUrl
2010 356 10:04:08,BSendEmail
2010 356 11:48:37,BUrl
2010 356 14:20:24,CUrl
2010 356 18:55:54,DUrl
2010 356 19:29:00,DNologon
2010 361 08:34:00,Blogon
2010 361 08:35:52,BSendEmail
2010 361 08:48:56,BUrl
2010 361 13:08:58,CUrl
2010 361 18:58:31,DUrl
2010 361 19:26:00,DNologon
2010 362 08:27:00,Blogon
2010 362 08:30:14,BUrl
2010 362 12:18:27,CUrl
2010 362 18:12:29,DUrl
2010 362 19:36:47,DSendEmail
2010 362 19:39:00,DNologon
2010 363 08:34:00,Blogon
2010 363 08:40:53,BUrl
2010 363 14:35:16,CUrl
2010 363 18:24:37,DSendEmail
2010 363 18:42:50,DUrl
2010 363 19:26:00,DNologon
2010 364 08:34:00,Blogon
2010 364 08:46:38,BUrl
2010 364 09:57:38,BSendEmail
2010 364 11:12:58,BUrl
2010 364 12:21:45,CUrl
2010 364 19:29:00,DNologon
2011 003 08:34:00,Blogon
2011 003 09:13:17,BUrl
2011 003 12:13:23,CUrl
2011 003 13:21:00,CSendEmail
2011 003 17:06:58,CUrl
2011 003 18:08:12,DUrl
2011 003 19:32:00,DNologon
2011 004 08:35:00,Blogon
2011 004 09:43:29,BUrl
2011 004 12:44:17,CUrl
2011 004 18:16:47,DSendEmail
2011 004 18:28:30,DUrl
2011 004 19:29:00,DNologon
2011 005 08:31:00,Blogon
2011 005 08:53:03,BUrl
2011 005 13:25:15,CUrl
2011 005 18:09:21,DUrl
2011 005 19:11:30,DSendEmail
2011 005 19:29:00,DNologon
2011 006 08:34:00,Blogon
2011 006 08:37:08,BUrl
2011 006 13:38:33,CSendEmail
2011 006 13:55:16,CUrl
2011 006 19:27:00,DNologon
2011 007 08:16:00,Blogon
2011 007 08:24:33,BUrl
2011 007 10:15:46,BSendEmail
2011 007 10:43:47,BUrl
2011 007 13:29:19,CUrl
2011 007 18:58:18,DUrl
2011 007 19:39:00,DNologon
2011 010 08:33:00,Blogon
2011 010 08:38:37,BSendEmail
2011 010 09:05:40,BUrl
2011 010 12:51:01,CUrl
2011 010 18:08:34,DUrl
2011 010 19:30:00,DNologon
2011 011 08:30:00,Blogon
2011 011 08:31:25,BSendEmail
2011 011 08:34:12,BUrl
2011 011 12:04:15,CUrl
2011 011 18:09:19,DUrl
2011 011 19:28:00,DNologon
2011 012 08:35:00,Blogon
2011 012 09:40:18,BUrl
2011 012 14:14:14,CUrl
2011 012 14:23:47,CSendEmail
2011 012 14:54:39,CUrl
2011 012 19:17:29,DUrl
2011 012 19:28:00,DNologon
2011 013 08:33:00,Blogon
2011 013 08:47:54,BUrl
2011 013 10:28:00,BSendEmail
2011 013 14:07:59,CUrl
2011 013 19:32:17,DUrl
2011 013 19:41:00,DNologon
2011 014 08:30:00,Blogon
2011 014 08:54:23,BUrl
2011 014 13:32:10,CUrl
2011 014 14:09:58,CSendEmail
2011 014 14:12:30,CUrl
2011 014 18:48:26,DUrl
2011 014 19:26:00,DNologon
2011 017 08:25:00,Blogon
2011 017 08:35:50,BUrl
2011 017 15:01:11,CUrl
2011 017 18:15:31,DUrl
2011 017 19:29:09,DSendEmail
2011 017 19:32:00,DNologon
2011 018 08:25:00,Blogon
2011 018 08:28:29,BUrl
2011 018 11:23:55,BSendEmail
2011 018 11:26:14,BUrl
2011 018 12:21:10,CUrl
2011 018 19:08:09,DUrl
2011 018 19:36:00,DNologon
2011 019 08:31:00,Blogon
2011 019 08:48:13,BUrl
2011 019 13:55:16,CUrl
2011 019 14:42:13,CSendEmail
2011 019 16:20:54,CUrl
2011 019 18:53:24,DUrl
2011 019 19:35:00,DNologon
2011 020 08:15:00,Blogon
2011 020 10:16:19,BUrl
2011 020 12:45:16,CUrl
2011 020 14:28:40,CSendEmail
2011 020 14:31:10,CUrl
2011 020 18:02:38,DUrl
2011 020 19:43:00,DNologon
2011 021 08:33:00,Blogon
2011 021 08:58:38,BUrl
2011 021 10:02:37,BSendEmail
2011 021 10:49:59,BUrl
2011 021 12:20:05,CUrl
2011 021 19:03:56,DUrl
2011 021 19:25:00,DNologon
2011 024 08:31:00,Blogon
2011 024 08:39:31,BUrl
2011 024 09:49:44,BSendEmail
2011 024 10:22:41,BUrl
2011 024 12:26:41,CUrl
2011 024 19:26:01,DUrl
2011 024 19:34:00,DNologon
2011 025 08:27:00,Blogon
2011 025 08:48:02,BUrl
2011 025 14:46:25,CUrl
2011 025 17:46:35,CSendEmail
2011 025 17:52:36,CUrl
2011 025 18:48:56,DUrl
2011 025 19:43:00,DNologon
2011 026 08:30:00,Blogon
2011 026 08:31:46,BUrl
2011 026 12:31:56,CUrl
2011 026 17:48:35,CSendEmail
2011 026 18:14:28,DUrl
2011 026 19:27:00,DNologon
2011 027 08:29:00,Blogon
2011 027 09:02:58,BUrl
2011 027 12:44:47,CUrl
2011 027 17:53:27,CSendEmail
2011 027 18:03:30,DUrl
2011 027 19:25:00,DNologon
2011 028 08:33:00,Blogon
2011 028 08:45:41,BUrl
2011 028 12:20:05,CUrl
2011 028 16:28:42,CSendEmail
2011 028 16:37:52,CUrl
2011 028 18:08:31,DUrl
2011 028 19:30:00,DNologon
2011 031 08:19:00,Blogon
2011 031 08:34:40,BUrl
2011 031 12:40:49,CUrl
2011 031 16:01:38,CSendEmail
2011 031 16:30:40,CUrl
2011 031 19:01:52,DUrl
2011 031 19:44:00,DNologon
2011 032 08:25:00,Blogon
2011 032 08:38:07,BUrl
2011 032 12:24:52,CUrl
2011 032 17:25:16,CSendEmail
2011 032 18:26:25,DUrl
2011 032 19:28:00,DNologon
2011 033 08:24:00,Blogon
2011 033 09:05:21,BUrl
2011 033 12:15:51,CUrl
2011 033 17:49:16,CSendEmail
2011 033 18:49:15,DUrl
2011 033 19:31:00,DNologon
2011 034 08:30:00,Blogon
2011 034 09:49:50,BUrl
2011 034 13:02:26,CUrl
2011 034 16:57:40,CSendEmail
2011 034 17:02:46,CUrl
2011 034 18:05:51,DUrl
2011 034 19:30:00,DNologon
2011 035 08:27:00,Blogon
2011 035 09:19:30,BUrl
2011 035 10:22:13,BSendEmail
2011 035 13:36:33,CUrl
2011 035 18:22:55,DUrl
2011 035 19:42:00,DNologon
2011 038 08:17:00,Blogon
2011 038 08:52:14,BUrl
2011 038 12:21:56,CSendEmail
2011 038 12:42:26,CUrl
2011 038 18:01:54,DUrl
2011 038 19:31:00,DNologon
2011 039 08:17:00,Blogon
2011 039 08:20:51,BUrl
2011 039 13:30:54,CUrl
2011 039 18:41:27,DUrl
2011 039 19:40:56,DSendEmail
2011 039 19:44:00,DNologon
2011 040 08:33:00,Blogon
2011 040 08:34:12,BUrl
2011 040 13:03:20,CUrl
2011 040 14:06:46,CSendEmail
2011 040 15:19:49,CUrl
2011 040 18:46:56,DUrl
2011 040 19:36:00,DNologon
2011 041 08:21:00,Blogon
2011 041 09:02:25,BSendEmail
2011 041 10:45:40,BUrl
2011 041 12:58:06,CUrl
2011 041 18:45:13,DUrl
2011 041 19:35:00,DNologon
2011 042 08:33:00,Blogon
2011 042 09:37:59,BUrl
2011 042 12:51:29,CUrl
2011 042 18:21:44,DSendEmail
2011 042 19:07:04,DUrl
2011 042 19:31:00,DNologon
2011 045 08:18:00,Blogon
2011 045 08:22:56,BUrl
2011 045 12:46:26,CUrl
2011 045 18:08:08,DUrl
2011 045 19:41:00,DNologon
2011 046 08:29:00,Blogon
2011 046 08:32:41,BUrl
2011 046 11:35:37,BSendEmail
2011 046 11:44:55,BUrl
2011 046 13:44:50,CUrl
2011 046 18:08:20,DUrl
2011 046 19:37:00,DNologon
2011 047 08:32:00,Blogon
2011 047 09:22:22,BUrl
2011 047 10:16:06,BSendEmail
2011 047 10:28:18,BUrl
2011 047 12:10:14,CUrl
2011 047 18:37:21,DUrl
2011 047 19:26:00,DNologon
2011 048 08:30:00,Blogon
2011 048 08:45:33,BSendEmail
2011 048 08:53:51,BUrl
2011 048 14:58:20,CUrl
2011 048 18:06:05,DUrl
2011 048 19:26:00,DNologon
2011 049 08:26:00,Blogon
2011 049 09:01:23,BUrl
2011 049 12:31:17,CUrl
2011 049 13:23:06,CSendEmail
2011 049 14:01:26,CUrl
2011 049 18:06:23,DUrl
2011 049 19:40:00,DNologon
2011 052 08:24:00,Blogon
2011 052 08:48:29,BUrl
2011 052 08:56:23,BSendEmail
2011 052 09:16:16,BUrl
2011 052 12:31:16,CUrl
2011 052 18:24:24,DUrl
2011 052 19:38:00,DNologon
2011 053 08:30:00,Blogon
2011 053 08:40:47,BSendEmail
2011 053 09:46:05,BUrl
2011 053 12:24:18,CUrl
2011 053 19:12:33,DUrl
2011 053 19:29:00,DNologon
2011 054 08:34:00,Blogon
2011 054 08:38:08,BUrl
2011 054 09:45:12,BSendEmail
2011 054 10:16:59,BUrl
2011 054 13:09:20,CUrl
2011 054 19:01:50,DUrl
2011 054 19:40:00,DNologon
2011 055 08:17:00,Blogon
2011 055 08:25:07,BUrl
2011 055 14:47:02,CUrl
2011 055 14:47:29,CSendEmail
2011 055 17:36:23,CUrl
2011 055 18:05:27,DUrl
2011 055 19:37:00,DNologon
2011 056 08:35:00,Blogon
2011 056 08:55:00,BUrl
2011 056 14:12:50,CUrl
2011 056 17:35:53,CSendEmail
2011 056 18:10:42,DUrl
2011 056 19:26:00,DNologon
2011 059 08:31:00,Blogon
2011 059 08:39:40,BUrl
2011 059 12:28:05,CUrl
2011 059 17:22:16,CSendEmail
2011 059 17:23:09,CUrl
2011 059 19:25:12,DUrl
2011 059 19:29:00,DNologon
2011 060 08:32:00,Blogon
2011 060 08:45:00,BUrl
2011 060 12:31:08,CUrl
2011 060 13:09:35,CSendEmail
2011 060 13:42:58,CUrl
2011 060 18:11:35,DUrl
2011 060 19:27:00,DNologon
2011 061 08:33:00,Blogon
2011 061 09:09:09,BUrl
2011 061 12:27:31,CUrl
2011 061 16:05:05,CSendEmail
2011 061 16:14:00,CUrl
2011 061 19:23:04,DUrl
2011 061 19:29:00,DNologon
2011 062 08:35:00,Blogon
2011 062 09:02:23,BUrl
2011 062 12:14:38,CSendEmail
2011 062 13:06:09,CUrl
2011 062 19:25:00,DNologon
2011 063 08:19:00,Blogon
2011 063 08:53:14,BUrl
2011 063 12:06:02,CUrl
2011 063 18:31:26,DSendEmail
2011 063 19:25:00,DNologon
2011 066 08:19:00,Blogon
2011 066 10:22:02,BUrl
2011 066 12:38:37,CUrl
2011 066 15:30:48,CSendEmail
2011 066 17:16:02,CUrl
2011 066 19:15:19,DUrl
2011 066 19:39:00,DNologon
2011 067 08:35:00,Blogon
2011 067 10:06:07,BSendEmail
2011 067 10:16:36,BUrl
2011 067 13:43:06,CUrl
2011 067 18:44:51,DUrl
2011 067 19:25:00,DNologon
2011 068 08:31:00,Blogon
2011 068 08:50:41,BUrl
2011 068 09:01:27,BSendEmail
2011 068 12:15:29,CUrl
2011 068 18:40:55,DUrl
2011 068 19:29:00,DNologon
2011 069 08:32:00,Blogon
2011 069 08:51:34,BUrl
2011 069 15:00:50,CUrl
2011 069 18:55:29,DSendEmail
2011 069 19:15:21,DUrl
2011 069 19:30:00,DNologon
2011 070 08:32:00,Blogon
2011 070 10:41:03,BUrl
2011 070 12:53:14,CSendEmail
2011 070 14:03:01,CUrl
2011 070 18:00:36,DUrl
2011 070 19:43:00,DNologon
2011 073 08:33:00,Blogon
2011 073 09:18:42,BUrl
2011 073 09:40:19,BSendEmail
2011 073 10:02:46,BUrl
2011 073 12:20:00,CUrl
2011 073 18:45:45,DUrl
2011 073 19:28:00,DNologon
2011 074 08:20:00,Blogon
2011 074 08:35:29,BSendEmail
2011 074 10:18:05,BUrl
2011 074 19:41:00,DNologon
2011 075 08:35:00,Blogon
2011 075 09:24:58,BUrl
2011 075 10:49:38,BSendEmail
2011 075 12:24:21,CUrl
2011 075 18:29:22,DUrl
2011 075 19:29:00,DNologon
2011 076 08:20:00,Blogon
2011 076 08:39:53,BUrl
2011 076 14:45:20,CUrl
2011 076 18:23:56,DSendEmail
2011 076 19:08:32,DUrl
2011 076 19:38:00,DNologon
2011 077 08:30:00,Blogon
2011 077 08:37:14,BUrl
2011 077 12:11:34,CUrl
2011 077 18:31:54,DUrl
2011 077 19:27:13,DSendEmail
2011 077 19:43:00,DNologon
2011 080 08:33:00,Blogon
2011 080 09:14:15,BUrl
2011 080 12:21:17,CUrl
2011 080 12:45:03,CSendEmail
2011 080 13:46:24,CUrl
2011 080 18:33:33,DUrl
2011 080 19:29:00,DNologon
2011 081 08:21:00,Blogon
2011 081 08:30:02,BUrl
2011 081 10:27:23,BSendEmail
2011 081 11:44:38,BUrl
2011 081 12:54:49,CUrl
2011 081 18:07:58,DUrl
2011 081 19:39:00,DNologon
2011 082 08:34:00,Blogon
2011 082 08:43:16,BUrl
2011 082 12:00:32,CUrl
2011 082 17:40:10,CSendEmail
2011 082 17:43:28,CUrl
2011 082 18:18:47,DUrl
2011 082 19:30:00,DNologon
2011 083 08:30:00,Blogon
2011 083 08:38:02,BUrl
2011 083 12:23:09,CUrl
2011 083 18:32:09,DSendEmail
2011 083 18:42:36,DUrl
2011 083 19:43:00,DNologon
2011 084 08:33:00,Blogon
2011 084 08:59:15,BUrl
2011 084 11:03:50,BSendEmail
2011 084 11:41:49,BUrl
2011 084 13:16:44,CUrl
2011 084 19:17:31,DUrl
2011 084 19:25:00,DNologon
2011 087 08:21:00,Blogon
2011 087 08:32:06,BUrl
2011 087 14:48:55,CSendEmail
2011 087 14:50:21,CUrl
2011 087 19:01:54,DUrl
2011 087 19:40:00,DNologon
2011 088 08:15:00,Blogon
2011 088 08:41:21,BUrl
2011 088 13:53:36,CSendEmail
2011 088 13:59:47,CUrl
2011 088 18:21:37,DUrl
2011 088 19:27:00,DNologon
2011 089 08:23:00,Blogon
2011 089 09:57:11,BUrl
2011 089 10:24:57,BSendEmail
2011 089 10:38:35,BUrl
2011 089 12:40:05,CUrl
2011 089 18:51:22,DUrl
2011 089 19:33:00,DNologon
2011 090 08:35:00,Blogon
2011 090 08:48:19,BUrl
2011 090 10:16:11,BSendEmail
2011 090 11:14:30,BUrl
2011 090 16:15:56,CUrl
2011 090 18:30:55,DUrl
2011 090 19:26:00,DNologon
2011 091 08:34:00,Blogon
2011 091 09:03:29,BUrl
2011 091 12:11:53,CUrl
2011 091 17:30:44,CSendEmail
2011 091 17:36:45,CUrl
2011 091 19:26:00,DNologon
2011 094 08:25:00,Blogon
2011 094 08:45:01,BUrl
2011 094 12:12:19,CUrl
2011 094 14:32:28,CSendEmail
2011 094 14:33:58,CUrl
2011 094 19:23:31,DUrl
2011 094 19:30:00,DNologon
2011 095 08:27:00,Blogon
2011 095 10:08:29,BUrl
2011 095 12:05:15,CUrl
2011 095 18:06:11,DUrl
2011 095 18:42:21,DSendEmail
2011 095 18:45:40,DUrl
2011 095 19:44:00,DNologon
2011 096 08:29:00,Blogon
2011 096 09:25:29,BUrl
2011 096 09:47:40,BSendEmail
2011 096 10:24:41,BUrl
2011 096 13:10:36,CUrl
2011 096 18:27:18,DUrl
2011 096 19:30:00,DNologon
2011 097 08:24:00,Blogon
2011 097 10:37:34,BUrl
2011 097 12:19:15,CUrl
2011 097 19:24:02,DSendEmail
2011 097 19:33:00,DNologon
2011 098 08:35:00,Blogon
2011 098 08:49:20,BUrl
2011 098 12:39:18,CUrl
2011 098 13:51:43,CSendEmail
2011 098 14:20:43,CUrl
2011 098 18:47:03,DUrl
2011 098 19:29:00,DNologon
2011 101 08:33:00,Blogon
2011 101 08:48:12,BUrl
2011 101 08:51:58,BSendEmail
2011 101 08:58:41,BUrl
2011 101 15:53:38,CUrl
2011 101 18:13:45,DUrl
2011 101 19:28:00,DNologon
2011 102 08:35:00,Blogon
2011 102 08:41:09,BUrl
2011 102 16:50:02,CUrl
2011 102 17:47:31,CSendEmail
2011 102 18:36:47,DUrl
2011 102 19:28:00,DNologon
2011 103 08:32:00,Blogon
2011 103 08:38:06,BUrl
2011 103 08:53:24,BSendEmail
2011 103 08:53:56,BUrl
2011 103 12:59:07,CUrl
2011 103 19:26:00,DNologon
2011 104 08:25:00,Blogon
2011 104 08:40:34,BUrl
2011 104 10:59:31,BSendEmail
2011 104 11:02:51,BUrl
2011 104 13:29:08,CUrl
2011 104 19:20:15,DUrl
2011 104 19:29:00,DNologon
2011 105 08:34:00,Blogon
2011 105 09:53:32,BUrl
2011 105 11:50:52,BSendEmail
2011 105 12:04:57,CUrl
2011 105 18:20:54,DUrl
2011 105 19:26:00,DNologon
2011 108 08:33:00,Blogon
2011 108 08:43:02,BUrl
2011 108 12:48:01,CUrl
2011 108 19:06:43,DUrl
2011 108 19:35:00,DNologon
2011 109 08:30:00,Blogon
2011 109 08:43:19,BUrl
2011 109 12:21:13,CSendEmail
2011 109 14:08:42,CUrl
2011 109 18:54:41,DUrl
2011 109 19:25:00,DNologon
2011 110 08:28:00,Blogon
2011 110 08:34:39,BUrl
2011 110 10:57:15,BSendEmail
2011 110 11:51:17,BUrl
2011 110 12:21:58,CUrl
2011 110 18:40:53,DUrl
2011 110 19:44:00,DNologon
2011 111 08:33:00,Blogon
2011 111 09:18:42,BUrl
2011 111 11:33:26,BSendEmail
2011 111 12:09:31,CUrl
2011 111 18:17:40,DUrl
2011 111 19:28:00,DNologon
2011 115 08:33:00,Blogon
2011 115 08:42:46,BUrl
2011 115 12:15:21,CUrl
2011 115 14:58:52,CSendEmail
2011 115 15:45:14,CUrl
2011 115 18:38:32,DUrl
2011 115 19:29:00,DNologon
2011 116 08:28:00,Blogon
2011 116 09:33:08,BSendEmail
2011 116 10:25:04,BUrl
2011 116 12:35:48,CUrl
2011 116 18:18:26,DUrl
2011 116 19:32:00,DNologon
2011 117 08:28:00,Blogon
2011 117 08:32:09,BUrl
2011 117 10:49:02,BSendEmail
2011 117 12:43:42,CUrl
2011 117 18:21:30,DUrl
2011 117 19:31:00,DNologon
2011 118 08:29:00,Blogon
2011 118 08:46:10,BUrl
2011 118 12:34:54,CUrl
2011 118 14:56:18,CSendEmail
2011 118 16:07:39,CUrl
2011 118 18:13:32,DUrl
2011 118 19:30:00,DNologon
2011 119 08:20:00,Blogon
2011 119 08:50:34,BUrl
2011 119 12:09:33,CUrl
2011 119 17:43:20,CSendEmail
2011 119 18:59:03,DUrl
2011 119 19:44:00,DNologon
2011 122 08:30:00,Blogon
2011 122 08:34:09,BUrl
2011 122 09:09:00,BSendEmail
2011 122 11:00:25,BUrl
2011 122 15:52:41,CUrl
2011 122 18:25:47,DUrl
2011 122 19:26:00,DNologon
2011 123 08:16:00,Blogon
2011 123 08:18:03,BUrl
2011 123 12:20:57,CUrl
2011 123 18:47:47,DSendEmail
2011 123 18:55:15,DUrl
2011 123 19:35:00,DNologon
2011 124 08:30:00,Blogon
2011 124 08:38:58,BUrl
2011 124 13:55:48,CUrl
2011 124 15:59:50,CSendEmail
2011 124 16:30:32,CUrl
2011 124 18:41:34,DUrl
2011 124 19:39:00,DNologon
2011 125 08:25:00,Blogon
2011 125 08:27:02,BSendEmail
2011 125 08:29:55,BUrl
2011 125 12:19:27,CUrl
2011 125 18:25:00,DUrl
2011 125 19:43:00,DNologon
2011 126 08:33:00,Blogon
2011 126 08:41:51,BUrl
2011 126 08:44:13,BSendEmail
2011 126 08:53:28,BUrl
2011 126 12:42:49,CUrl
2011 126 19:06:58,DUrl
2011 126 19:29:00,DNologon
2011 129 08:35:00,Blogon
2011 129 10:04:51,BUrl
2011 129 10:34:58,BSendEmail
2011 129 12:18:37,CUrl
2011 129 18:02:51,DUrl
2011 129 19:25:00,DNologon
2011 130 08:30:00,Blogon
2011 130 09:29:12,BUrl
2011 130 12:14:47,CSendEmail
2011 130 13:23:58,CUrl
2011 130 18:17:20,DUrl
2011 130 19:45:00,DNologon
2011 131 08:23:00,Blogon
2011 131 08:28:03,BSendEmail
2011 131 09:06:21,BUrl
2011 131 12:43:59,CUrl
2011 131 18:53:48,DUrl
2011 131 19:40:00,DNologon
2011 132 08:33:00,Blogon
2011 132 09:00:09,BUrl
2011 132 12:19:16,CUrl
2011 132 16:50:49,CSendEmail
2011 132 17:38:57,CUrl
2011 132 18:29:24,DUrl
2011 132 19:37:00,DNologon
2011 133 08:30:00,Blogon
2011 133 08:54:16,BSendEmail
2011 133 09:46:14,BUrl
2011 133 12:31:58,CUrl
2011 133 18:10:02,DUrl
2011 133 19:41:00,DNologon
2011 136 08:33:00,Blogon
2011 136 08:41:06,BUrl
2011 136 12:54:02,CUrl
2011 136 12:56:04,CSendEmail
2011 136 15:08:54,CUrl
2011 136 18:12:32,DUrl
2011 136 19:28:00,DNologon
