2010 004 07:45:00,Blogon
2010 004 08:01:53,BUrl
2010 004 11:09:05,BSendEmail
2010 004 11:55:26,Blogon
2010 004 12:06:44,CUrl
2010 004 16:49:00,CNologon
2010 005 07:50:00,Blogon
2010 005 08:06:10,BUrl
2010 005 10:37:57,BSendEmail
2010 005 10:54:53,BUrl
2010 005 13:00:56,Clogon
2010 005 14:53:28,CUrl
2010 005 16:33:00,CNologon
2010 006 07:45:00,Blogon
2010 006 07:58:14,BUrl
2010 006 12:27:57,Clogon
2010 006 12:36:34,CUrl
2010 006 15:21:39,CSendEmail
2010 006 15:53:37,CUrl
2010 006 16:57:00,CNologon
2010 007 07:49:00,Blogon
2010 007 08:36:52,BUrl
2010 007 12:07:05,CUrl
2010 007 12:34:28,Clogon
2010 007 12:37:50,CSendEmail
2010 007 13:40:36,CUrl
2010 007 16:35:00,CNologon
2010 008 07:52:00,Blogon
2010 008 08:01:18,BUrl
2010 008 12:10:40,Clogon
2010 008 15:51:44,CSendEmail
2010 008 15:53:34,CUrl
2010 008 16:52:00,CNologon
2010 011 07:42:00,Blogon
2010 011 08:22:07,BUrl
2010 011 09:53:12,BSendEmail
2010 011 10:10:48,BUrl
2010 011 12:12:41,CUrl
2010 011 16:55:00,CNologon
2010 012 07:33:00,Blogon
2010 012 07:58:20,BUrl
2010 012 08:21:43,BSendEmail
2010 012 08:23:21,BUrl
2010 012 13:25:40,Clogon
2010 012 14:13:13,CUrl
2010 012 16:58:00,CNologon
2010 013 07:54:00,Blogon
2010 013 08:05:17,BUrl
2010 013 10:59:30,Blogon
2010 013 13:03:27,CUrl
2010 013 16:00:24,CSendEmail
2010 013 16:02:58,CUrl
2010 013 16:35:00,CNologon
2010 014 07:36:00,Blogon
2010 014 07:47:09,BUrl
2010 014 07:56:42,Blogon
2010 014 07:57:54,BNologon
2010 014 08:57:16,BUrl
2010 014 12:15:45,CUrl
2010 014 14:44:35,CSendEmail
2010 014 15:39:25,CUrl
2010 014 16:53:00,CNologon
2010 015 07:58:00,Blogon
2010 015 08:01:18,BUrl
2010 015 08:01:43,BSendEmail
2010 015 08:50:03,BUrl
2010 015 12:26:17,Clogon
2010 015 12:36:36,CUrl
2010 015 16:43:00,CNologon
2010 018 07:51:00,Blogon
2010 018 08:13:06,BSendEmail
2010 018 08:37:31,BUrl
2010 018 12:05:51,CUrl
2010 018 16:54:00,CNologon
2010 019 07:34:00,Blogon
2010 019 08:07:37,BUrl
2010 019 13:13:34,Clogon
2010 019 14:05:35,CUrl
2010 019 16:41:53,CSendEmail
2010 019 16:46:00,CNologon
2010 020 07:58:00,Blogon
2010 020 08:03:29,BUrl
2010 020 13:09:17,Clogon
2010 020 13:28:06,CUrl
2010 020 15:31:25,CSendEmail
2010 020 16:37:33,CUrl
2010 020 16:40:00,CNologon
2010 021 07:56:00,Blogon
2010 021 08:00:18,BUrl
2010 021 11:12:20,BSendEmail
2010 021 11:36:27,BUrl
2010 021 12:45:58,Clogon
2010 021 13:47:24,CUrl
2010 021 16:33:00,CNologon
2010 022 07:40:00,Blogon
2010 022 09:21:52,BUrl
2010 022 12:01:26,CSendEmail
2010 022 12:01:39,CUrl
2010 022 16:51:00,CNologon
2010 025 07:34:00,Blogon
2010 025 08:16:56,BSendEmail
2010 025 08:59:32,BUrl
2010 025 12:01:06,Clogon
2010 025 12:15:07,CUrl
2010 025 16:47:00,CNologon
2010 026 07:52:00,Blogon
2010 026 08:17:31,BUrl
2010 026 12:32:39,Clogon
2010 026 12:40:10,CUrl
2010 026 13:46:18,CSendEmail
2010 026 13:53:25,CUrl
2010 026 16:39:00,CNologon
2010 027 07:36:00,Blogon
2010 027 08:14:51,BUrl
2010 027 12:28:05,CUrl
2010 027 13:18:17,CSendEmail
2010 027 13:24:41,CUrl
2010 027 16:58:00,CNologon
2010 028 07:43:00,Blogon
2010 028 08:04:01,BUrl
2010 028 11:14:41,Blogon
2010 028 11:17:04,BUrl
2010 028 12:58:08,CUrl
2010 028 14:20:52,Clogon
2010 028 14:22:50,CNologon
2010 028 15:33:46,CUrl
2010 028 16:36:29,CSendEmail
2010 028 16:41:00,CNologon
2010 029 07:46:00,Blogon
2010 029 09:14:31,BUrl
2010 029 12:06:06,Clogon
2010 029 12:17:53,CSendEmail
2010 029 12:52:24,CUrl
2010 029 16:42:00,CNologon
2010 032 07:54:00,Blogon
2010 032 08:34:45,BUrl
2010 032 08:55:15,BSendEmail
2010 032 09:20:07,BUrl
2010 032 13:00:22,CUrl
2010 032 16:52:00,CNologon
2010 033 07:47:00,Blogon
2010 033 07:52:50,BUrl
2010 033 11:46:04,Blogon
2010 033 13:47:27,CSendEmail
2010 033 14:30:45,CUrl
2010 033 16:45:00,CNologon
2010 034 07:59:00,Blogon
2010 034 08:02:51,BUrl
2010 034 08:17:25,BSendEmail
2010 034 09:57:20,BUrl
2010 034 13:32:52,Clogon
2010 034 13:41:25,CUrl
2010 034 16:40:00,CNologon
2010 035 07:50:00,Blogon
2010 035 09:50:18,BSendEmail
2010 035 10:28:04,BUrl
2010 035 12:56:30,Clogon
2010 035 13:07:44,CUrl
2010 035 16:41:00,CNologon
2010 036 07:56:00,Blogon
2010 036 07:57:50,BUrl
2010 036 09:19:21,BSendEmail
2010 036 11:00:42,BUrl
2010 036 12:04:06,CUrl
2010 036 16:31:00,CNologon
2010 039 07:58:00,Blogon
2010 039 08:43:11,BUrl
2010 039 13:22:16,Clogon
2010 039 13:31:06,CSendEmail
2010 039 13:53:31,CUrl
2010 039 16:59:00,CNologon
2010 040 07:57:00,Blogon
2010 040 08:10:47,BUrl
2010 040 11:55:27,BSendEmail
2010 040 12:35:19,Clogon
2010 040 13:46:13,CUrl
2010 040 16:39:00,CNologon
2010 041 07:53:00,Blogon
2010 041 07:56:15,BUrl
2010 041 11:31:22,Blogon
2010 041 11:33:10,BUrl
2010 041 12:49:06,CUrl
2010 041 14:37:40,CSendEmail
2010 041 14:56:05,CUrl
2010 041 16:34:00,CNologon
2010 042 07:45:00,Blogon
2010 042 09:32:07,BUrl
2010 042 12:16:34,CUrl
2010 042 12:40:41,Clogon
2010 042 12:52:13,CUrl
2010 042 14:25:35,CSendEmail
2010 042 14:57:12,CUrl
2010 042 16:44:00,CNologon
2010 043 07:46:00,Blogon
2010 043 09:07:05,BUrl
2010 043 11:19:52,Blogon
2010 043 13:02:13,CUrl
2010 043 13:21:30,CSendEmail
2010 043 13:41:47,CUrl
2010 043 16:45:00,CNologon
2010 046 07:32:00,Blogon
2010 046 07:38:59,BUrl
2010 046 07:48:00,BSendEmail
2010 046 07:52:38,BUrl
2010 046 12:05:33,Clogon
2010 046 12:59:35,CUrl
2010 046 16:53:00,CNologon
2010 047 07:53:00,Blogon
2010 047 07:59:49,BUrl
2010 047 13:27:52,Clogon
2010 047 13:51:11,CUrl
2010 047 15:22:50,CSendEmail
2010 047 16:10:15,CUrl
2010 047 16:42:00,CNologon
2010 048 07:39:00,Blogon
2010 048 08:39:34,BUrl
2010 048 08:41:58,BSendEmail
2010 048 09:18:12,BUrl
2010 048 12:59:18,Clogon
2010 048 13:24:42,CUrl
2010 048 16:46:00,CNologon
2010 049 07:33:00,Blogon
2010 049 08:24:41,BUrl
2010 049 08:26:44,BSendEmail
2010 049 08:54:11,BUrl
2010 049 10:39:14,Blogon
2010 049 12:52:54,CUrl
2010 049 16:58:00,CNologon
2010 050 07:42:00,Blogon
2010 050 07:55:29,BUrl
2010 050 12:00:31,CUrl
2010 050 12:41:30,CSendEmail
2010 050 14:48:44,CUrl
2010 050 16:45:00,CNologon
2010 053 07:45:00,Blogon
2010 053 07:53:34,BUrl
2010 053 09:23:02,BSendEmail
2010 053 10:49:30,BUrl
2010 053 13:05:27,Clogon
2010 053 13:20:40,CUrl
2010 053 16:50:00,CNologon
2010 054 07:33:00,Blogon
2010 054 07:52:22,BUrl
2010 054 13:30:41,Clogon
2010 054 14:28:03,CUrl
2010 054 16:42:38,CSendEmail
2010 054 16:46:00,CNologon
2010 055 07:55:00,Blogon
2010 055 08:18:22,BUrl
2010 055 11:54:50,Blogon
2010 055 14:04:30,CUrl
2010 055 14:45:14,CSendEmail
2010 055 15:53:25,CUrl
2010 055 16:45:00,CNologon
2010 056 07:51:00,Blogon
2010 056 07:53:18,BUrl
2010 056 13:30:04,Clogon
2010 056 13:33:40,CUrl
2010 056 16:03:33,CSendEmail
2010 056 16:06:48,CUrl
2010 056 16:36:00,CNologon
2010 057 07:45:00,Blogon
2010 057 07:48:42,BUrl
2010 057 11:46:02,BSendEmail
2010 057 13:02:59,Clogon
2010 057 13:06:03,CUrl
2010 057 16:59:00,CNologon
2010 060 07:37:00,Blogon
2010 060 07:45:31,BUrl
2010 060 09:53:54,BSendEmail
2010 060 10:57:56,BUrl
2010 060 13:11:05,CUrl
2010 060 16:56:00,CNologon
2010 061 07:48:00,Blogon
2010 061 08:03:58,BUrl
2010 061 08:50:19,BSendEmail
2010 061 09:43:29,BUrl
2010 061 11:44:39,Blogon
2010 061 11:56:09,BUrl
2010 061 13:44:10,CUrl
2010 061 16:37:00,CNologon
2010 062 07:45:00,Blogon
2010 062 08:02:45,BSendEmail
2010 062 08:06:59,BUrl
2010 062 13:43:06,Clogon
2010 062 13:46:18,CUrl
2010 062 16:38:00,CNologon
2010 063 07:32:00,Blogon
2010 063 07:59:13,BUrl
2010 063 12:31:48,Clogon
2010 063 12:33:12,CUrl
2010 063 15:42:35,CSendEmail
2010 063 16:26:43,CUrl
2010 063 16:52:00,CNologon
2010 064 07:49:00,Blogon
2010 064 08:58:00,BUrl
2010 064 12:29:21,Clogon
2010 064 12:31:03,CSendEmail
2010 064 12:33:13,CUrl
2010 064 16:34:00,CNologon
2010 067 07:52:00,Blogon
2010 067 07:54:21,BUrl
2010 067 12:49:58,Clogon
2010 067 13:08:13,CUrl
2010 067 16:32:18,CSendEmail
2010 067 16:34:00,CNologon
2010 068 07:39:00,Blogon
2010 068 08:14:53,BUrl
2010 068 11:30:56,Blogon
2010 068 11:45:26,BSendEmail
2010 068 11:48:30,BUrl
2010 068 13:21:44,CUrl
2010 068 16:58:00,CNologon
2010 069 07:34:00,Blogon
2010 069 08:01:26,BUrl
2010 069 13:38:30,CUrl
2010 069 14:45:58,CSendEmail
2010 069 14:49:49,CUrl
2010 069 16:57:00,CNologon
2010 070 07:40:00,Blogon
2010 070 08:39:21,BUrl
2010 070 12:16:49,Clogon
2010 070 12:35:50,CUrl
2010 070 13:48:44,CSendEmail
2010 070 15:13:52,CUrl
2010 070 16:43:00,CNologon
2010 071 07:44:00,Blogon
2010 071 08:34:46,BUrl
2010 071 12:28:09,CSendEmail
2010 071 12:59:56,CUrl
2010 071 16:45:00,CNologon
2010 074 07:37:00,Blogon
2010 074 08:33:00,BUrl
2010 074 13:05:27,Clogon
2010 074 13:35:18,CUrl
2010 074 14:51:53,CSendEmail
2010 074 15:48:18,CUrl
2010 074 16:57:00,CNologon
2010 075 07:49:00,Blogon
2010 075 07:52:45,BUrl
2010 075 11:17:38,Blogon
2010 075 11:51:31,BUrl
2010 075 12:03:14,CUrl
2010 075 12:28:02,CSendEmail
2010 075 12:30:37,CUrl
2010 075 16:44:00,CNologon
2010 076 07:36:00,Blogon
2010 076 07:42:37,BUrl
2010 076 11:52:11,Blogon
2010 076 13:19:22,CSendEmail
2010 076 15:12:06,CUrl
2010 076 16:38:00,CNologon
2010 077 07:33:00,Blogon
2010 077 07:46:08,BUrl
2010 077 12:42:12,CUrl
2010 077 12:52:50,CSendEmail
2010 077 13:37:49,CUrl
2010 077 16:48:00,CNologon
2010 078 07:48:00,Blogon
2010 078 07:49:15,BUrl
2010 078 11:41:54,BSendEmail
2010 078 12:14:06,CUrl
2010 078 16:45:00,CNologon
2010 081 07:44:00,Blogon
2010 081 08:05:05,BUrl
2010 081 13:09:54,Clogon
2010 081 14:09:58,CUrl
2010 081 16:58:00,CNologon
2010 082 07:46:00,Blogon
2010 082 07:58:06,BUrl
2010 082 12:13:19,CSendEmail
2010 082 12:39:30,CUrl
2010 082 15:05:01,Clogon
2010 082 15:06:12,CNologon
2010 082 16:43:00,CNologon
2010 083 07:38:00,Blogon
2010 083 07:47:11,BUrl
2010 083 10:45:42,Blogon
2010 083 11:33:02,BUrl
2010 083 12:09:37,CUrl
2010 083 14:01:59,CSendEmail
2010 083 14:38:57,CUrl
2010 083 16:48:00,CNologon
2010 084 07:47:00,Blogon
2010 084 07:53:12,BUrl
2010 084 12:44:22,Clogon
2010 084 14:00:37,CSendEmail
2010 084 14:04:14,CUrl
2010 084 16:43:00,CNologon
2010 085 07:35:00,Blogon
2010 085 07:39:23,BUrl
2010 085 11:36:23,BSendEmail
2010 085 12:06:52,Clogon
2010 085 12:17:31,CUrl
2010 085 17:00:00,CNologon
2010 088 07:36:00,Blogon
2010 088 08:10:16,BUrl
2010 088 11:42:40,Blogon
2010 088 11:44:37,BSendEmail
2010 088 12:19:53,CUrl
2010 088 16:59:00,CNologon
2010 089 07:54:00,Blogon
2010 089 08:29:54,BUrl
2010 089 09:47:47,BSendEmail
2010 089 10:23:40,BUrl
2010 089 12:41:59,Clogon
2010 089 13:53:21,CUrl
2010 089 15:26:37,Clogon
2010 089 15:34:19,CUrl
2010 089 15:40:17,CNologon
2010 089 16:01:10,CUrl
2010 089 16:59:00,CNologon
2010 090 07:34:00,Blogon
2010 090 07:40:09,BUrl
2010 090 11:18:30,Blogon
2010 090 11:21:23,BUrl
2010 090 13:29:35,CUrl
2010 090 16:50:56,CSendEmail
2010 090 16:52:41,CUrl
2010 090 16:56:00,CNologon
2010 091 07:43:00,Blogon
2010 091 07:55:45,BUrl
2010 091 09:10:45,BSendEmail
2010 091 10:44:23,Blogon
2010 091 11:45:20,BUrl
2010 091 15:21:51,CUrl
2010 091 16:57:00,CNologon
2010 095 07:40:00,Blogon
2010 095 07:43:59,BUrl
2010 095 12:21:02,CSendEmail
2010 095 12:41:05,CUrl
2010 095 16:52:00,CNologon
2010 096 07:41:00,Blogon
2010 096 08:08:08,BUrl
2010 096 13:33:07,CUrl
2010 096 16:58:00,CNologon
2010 097 07:32:00,Blogon
2010 097 08:19:35,BUrl
2010 097 12:13:05,Clogon
2010 097 12:24:43,CSendEmail
2010 097 12:25:57,CUrl
2010 097 16:55:00,CNologon
2010 098 07:58:00,Blogon
2010 098 08:30:05,BUrl
2010 098 12:43:16,Clogon
2010 098 12:57:49,CUrl
2010 098 13:46:38,CSendEmail
2010 098 14:20:35,CUrl
2010 098 16:37:00,CNologon
2010 099 07:48:00,Blogon
2010 099 08:36:27,BUrl
2010 099 12:04:19,Clogon
2010 099 13:47:38,CUrl
2010 099 15:45:55,CSendEmail
2010 099 16:00:48,CUrl
2010 099 16:36:00,CNologon
2010 102 07:35:00,Blogon
2010 102 07:41:50,BUrl
2010 102 08:02:38,BSendEmail
2010 102 08:07:58,BUrl
2010 102 12:12:23,CUrl
2010 102 12:32:41,Clogon
2010 102 12:38:18,CUrl
2010 102 16:51:00,CNologon
2010 103 07:43:00,Blogon
2010 103 08:05:01,BUrl
2010 103 08:08:08,BSendEmail
2010 103 08:38:35,BUrl
2010 103 11:53:43,Blogon
2010 103 12:03:17,CUrl
2010 103 16:48:00,CNologon
2010 104 07:35:00,Blogon
2010 104 08:09:09,BUrl
2010 104 13:20:30,Clogon
2010 104 13:38:34,CUrl
2010 104 13:39:31,CSendEmail
2010 104 13:49:01,CUrl
2010 104 16:50:00,CNologon
2010 105 07:53:00,Blogon
2010 105 08:04:59,BUrl
2010 105 10:18:55,BSendEmail
2010 105 13:36:08,Clogon
2010 105 13:38:02,CUrl
2010 105 16:34:00,CNologon
2010 106 07:35:00,Blogon
2010 106 08:57:15,BUrl
2010 106 11:43:09,BSendEmail
2010 106 12:22:46,CUrl
2010 106 16:49:00,CNologon
2010 109 07:39:00,Blogon
2010 109 08:29:32,BUrl
2010 109 12:17:53,Clogon
2010 109 12:40:27,CSendEmail
2010 109 12:45:19,CUrl
2010 109 16:58:00,CNologon
2010 110 07:54:00,Blogon
2010 110 08:46:41,BUrl
2010 110 11:46:00,Blogon
2010 110 12:01:50,CUrl
2010 110 13:20:28,CSendEmail
2010 110 16:28:46,CUrl
2010 110 16:56:00,CNologon
2010 111 07:36:00,Blogon
2010 111 08:04:39,BUrl
2010 111 11:10:22,Blogon
2010 111 11:22:42,BUrl
2010 111 12:04:32,CUrl
2010 111 14:53:26,CSendEmail
2010 111 15:01:10,CUrl
2010 111 16:50:00,CNologon
2010 112 07:54:00,Blogon
2010 112 08:21:39,BUrl
2010 112 11:16:50,Blogon
2010 112 11:33:50,BUrl
2010 112 12:11:57,CUrl
2010 112 15:18:12,CSendEmail
2010 112 15:27:30,CUrl
2010 112 16:56:00,CNologon
2010 113 07:48:00,Blogon
2010 113 07:50:06,BUrl
2010 113 09:27:08,BSendEmail
2010 113 10:14:11,BUrl
2010 113 13:21:49,Clogon
2010 113 13:39:13,CUrl
2010 113 16:40:00,CNologon
2010 116 07:35:00,Blogon
2010 116 07:43:06,BUrl
2010 116 10:38:04,Blogon
2010 116 12:17:19,CUrl
2010 116 12:50:10,CSendEmail
2010 116 13:10:58,CUrl
2010 116 16:37:00,CNologon
2010 117 07:45:00,Blogon
2010 117 09:40:31,BUrl
2010 117 12:32:32,CUrl
2010 117 13:06:53,CSendEmail
2010 117 13:52:33,CUrl
2010 117 16:57:00,CNologon
2010 118 07:31:00,Blogon
2010 118 08:00:36,BUrl
2010 118 09:24:22,Blogon
2010 118 10:13:09,BUrl
2010 118 14:00:35,CSendEmail
2010 118 15:02:38,CUrl
2010 118 16:50:00,CNologon
2010 119 07:57:00,Blogon
2010 119 08:28:34,BUrl
2010 119 08:36:42,BSendEmail
2010 119 08:47:56,BUrl
2010 119 12:11:51,Clogon
2010 119 12:17:57,CUrl
2010 119 16:38:00,CNologon
2010 120 07:33:00,Blogon
2010 120 08:20:03,BUrl
2010 120 12:01:04,CUrl
2010 120 15:22:01,CSendEmail
2010 120 15:34:33,CUrl
2010 120 16:53:00,CNologon
2010 123 07:48:00,Blogon
2010 123 08:19:46,BUrl
2010 123 13:27:08,Clogon
2010 123 13:44:25,CSendEmail
2010 123 14:54:20,CUrl
2010 123 16:35:00,CNologon
2010 124 07:52:00,Blogon
2010 124 07:54:21,BUrl
2010 124 10:00:11,BSendEmail
2010 124 10:49:30,BUrl
2010 124 13:22:45,Clogon
2010 124 14:23:50,CUrl
2010 124 16:45:00,CNologon
2010 125 07:51:00,Blogon
2010 125 08:09:46,BUrl
2010 125 11:29:34,Blogon
2010 125 11:34:18,BUrl
2010 125 12:45:49,CUrl
2010 125 13:28:14,CSendEmail
2010 125 14:57:56,CUrl
2010 125 16:34:00,CNologon
2010 126 07:54:00,Blogon
2010 126 07:55:12,BUrl
2010 126 12:02:39,CUrl
2010 126 12:52:12,Clogon
2010 126 12:53:31,CSendEmail
2010 126 14:44:04,CUrl
2010 126 16:38:00,CNologon
2010 127 07:31:00,Blogon
2010 127 07:41:04,BUrl
2010 127 09:17:19,BSendEmail
2010 127 10:03:35,BUrl
2010 127 13:02:52,Clogon
2010 127 13:19:37,CUrl
2010 127 14:38:05,Clogon
2010 127 14:39:49,CNologon
2010 127 15:40:15,CUrl
2010 127 16:59:00,CNologon
2010 130 07:47:00,Blogon
2010 130 08:27:38,BUrl
2010 130 12:02:03,CUrl
2010 130 13:46:49,Clogon
2010 130 13:59:49,CSendEmail
2010 130 14:04:56,CUrl
2010 130 16:58:00,CNologon
2010 131 07:32:00,Blogon
2010 131 07:42:49,BUrl
2010 131 12:47:47,Clogon
2010 131 13:14:23,CUrl
2010 131 15:02:12,CSendEmail
2010 131 16:19:04,CUrl
2010 131 16:56:00,CNologon
2010 132 07:32:00,Blogon
2010 132 07:39:05,BUrl
2010 132 12:04:27,CSendEmail
2010 132 13:05:13,Clogon
2010 132 13:08:02,CUrl
2010 132 16:56:00,CNologon
2010 133 07:40:00,Blogon
2010 133 07:41:55,BUrl
2010 133 09:45:21,BSendEmail
2010 133 10:39:52,BUrl
2010 133 14:05:04,CUrl
2010 133 16:49:00,CNologon
2010 134 07:34:00,Blogon
2010 134 07:39:57,BUrl
2010 134 08:46:34,BSendEmail
2010 134 08:57:28,BUrl
2010 134 12:26:16,Clogon
2010 134 13:33:45,CUrl
2010 134 16:52:00,CNologon
2010 137 07:40:00,Blogon
2010 137 07:42:34,BSendEmail
2010 137 08:33:36,BUrl
2010 137 11:18:44,Blogon
2010 137 12:25:45,CUrl
2010 137 16:51:00,CNologon
2010 138 07:44:00,Blogon
2010 138 08:08:29,BUrl
2010 138 10:01:23,BSendEmail
2010 138 10:27:27,BUrl
2010 138 12:30:17,CUrl
2010 138 15:02:19,Clogon
2010 138 15:05:42,CNologon
2010 138 16:43:00,CNologon
2010 139 07:42:00,Blogon
2010 139 08:32:42,BUrl
2010 139 11:00:07,BSendEmail
2010 139 13:12:10,Clogon
2010 139 13:21:03,CUrl
2010 139 16:54:00,CNologon
2010 140 07:57:00,Blogon
2010 140 08:09:25,BUrl
2010 140 09:24:28,BSendEmail
2010 140 09:35:40,BUrl
2010 140 13:09:44,CUrl
2010 140 16:56:00,CNologon
2010 141 07:39:00,Blogon
2010 141 07:54:28,BSendEmail
2010 141 08:18:42,BUrl
2010 141 13:20:53,Clogon
2010 141 13:43:51,CUrl
2010 141 16:54:00,CNologon
2010 144 07:45:00,Blogon
2010 144 08:41:13,BUrl
2010 144 10:52:17,BSendEmail
2010 144 13:04:32,Clogon
2010 144 13:19:58,CUrl
2010 144 16:56:00,CNologon
2010 145 07:51:00,Blogon
2010 145 07:52:58,BUrl
2010 145 08:44:45,BSendEmail
2010 145 08:49:51,BUrl
2010 145 13:34:24,Clogon
2010 145 13:37:26,CUrl
2010 145 16:40:00,CNologon
2010 146 07:57:00,Blogon
2010 146 08:21:39,BUrl
2010 146 12:32:41,Clogon
2010 146 12:36:38,CUrl
2010 146 14:19:42,CSendEmail
2010 146 15:49:17,CUrl
2010 146 16:43:00,CNologon
2010 147 07:40:00,Blogon
2010 147 09:22:50,BUrl
2010 147 11:47:34,Blogon
2010 147 11:53:30,BUrl
2010 147 12:29:14,CUrl
2010 147 16:11:31,CSendEmail
2010 147 16:20:01,CUrl
2010 147 16:58:00,CNologon
2010 148 07:36:00,Blogon
2010 148 08:28:42,BUrl
2010 148 13:21:09,Clogon
2010 148 13:43:24,CUrl
2010 148 16:02:23,CSendEmail
2010 148 16:19:15,CUrl
2010 148 16:46:00,CNologon
2010 152 07:41:00,Blogon
2010 152 08:08:01,BSendEmail
2010 152 08:08:44,BUrl
2010 152 08:09:40,Blogon
2010 152 08:19:39,BNologon
2010 152 08:44:09,BUrl
2010 152 14:03:56,CUrl
2010 152 16:54:00,CNologon
2010 153 07:39:00,Blogon
2010 153 07:48:39,BUrl
2010 153 13:55:27,CSendEmail
2010 153 14:05:34,CUrl
2010 153 16:58:00,CNologon
2010 154 07:37:00,Blogon
2010 154 07:43:57,BUrl
2010 154 12:38:37,Clogon
2010 154 12:40:41,CUrl
2010 154 12:59:27,CSendEmail
2010 154 13:20:03,CUrl
2010 154 16:50:00,CNologon
2010 155 07:33:00,Blogon
2010 155 07:46:03,BUrl
2010 155 12:06:15,Clogon
2010 155 13:56:19,CSendEmail
2010 155 14:35:16,CUrl
2010 155 16:58:00,CNologon
2010 158 07:41:00,Blogon
2010 158 07:42:31,BUrl
2010 158 12:00:37,CUrl
2010 158 14:40:48,CSendEmail
2010 158 14:51:58,CUrl
2010 158 16:48:00,CNologon
2010 159 07:52:00,Blogon
2010 159 07:57:50,BUrl
2010 159 11:55:06,Blogon
2010 159 13:25:50,CUrl
2010 159 14:29:51,CSendEmail
2010 159 14:43:10,CUrl
2010 159 16:33:00,CNologon
2010 160 07:36:00,Blogon
2010 160 07:37:02,BUrl
2010 160 12:33:14,Clogon
2010 160 14:59:14,CSendEmail
2010 160 16:07:03,CUrl
2010 160 16:57:00,CNologon
2010 161 07:44:00,Blogon
2010 161 07:53:14,BUrl
2010 161 12:38:49,CSendEmail
2010 161 12:58:47,CUrl
2010 161 16:45:00,CNologon
2010 162 07:40:00,Blogon
2010 162 08:27:18,BUrl
2010 162 12:15:00,Clogon
2010 162 13:08:44,CUrl
2010 162 14:22:36,CSendEmail
2010 162 15:14:17,CUrl
2010 162 16:47:00,CNologon
2010 165 07:58:00,Blogon
2010 165 08:46:45,BUrl
2010 165 08:48:09,BSendEmail
2010 165 08:50:48,BUrl
2010 165 12:58:05,Clogon
2010 165 13:09:50,CUrl
2010 165 16:45:00,CNologon
2010 166 07:31:00,Blogon
2010 166 10:08:45,BUrl
2010 166 12:01:00,Clogon
2010 166 12:32:39,CSendEmail
2010 166 12:40:07,CUrl
2010 166 16:54:00,CNologon
2010 167 07:35:00,Blogon
2010 167 08:27:45,BUrl
2010 167 10:36:29,Blogon
2010 167 10:47:53,BUrl
2010 167 12:47:23,CUrl
2010 167 13:01:21,CSendEmail
2010 167 13:05:48,CUrl
2010 167 16:43:00,CNologon
2010 168 07:45:00,Blogon
2010 168 08:07:10,BUrl
2010 168 08:12:23,BSendEmail
2010 168 08:44:01,BUrl
2010 168 13:15:19,Clogon
2010 168 14:00:03,CUrl
2010 168 16:41:00,CNologon
2010 169 07:51:00,Blogon
2010 169 07:55:17,BUrl
2010 169 09:48:00,BSendEmail
2010 169 11:52:26,Blogon
2010 169 13:16:34,CUrl
2010 169 16:40:00,CNologon
2010 172 07:33:00,Blogon
2010 172 07:41:44,BUrl
2010 172 09:20:30,BSendEmail
2010 172 09:48:27,BUrl
2010 172 15:30:57,CUrl
2010 172 16:53:00,CNologon
2010 173 07:34:00,Blogon
2010 173 07:51:14,BUrl
2010 173 08:54:16,BSendEmail
2010 173 09:10:52,BUrl
2010 173 12:42:41,Clogon
2010 173 13:46:13,CUrl
2010 173 16:46:00,CNologon
2010 174 07:41:00,Blogon
2010 174 08:44:08,BUrl
2010 174 11:35:54,BSendEmail
2010 174 11:41:20,BUrl
2010 174 12:17:31,CUrl
2010 174 16:53:00,CNologon
2010 175 07:52:00,Blogon
2010 175 08:01:11,BUrl
2010 175 13:45:17,Clogon
2010 175 14:13:22,CUrl
2010 175 14:22:56,CSendEmail
2010 175 14:37:39,CUrl
2010 175 17:00:00,CNologon
2010 176 07:35:00,Blogon
2010 176 08:04:30,BSendEmail
2010 176 09:06:25,BUrl
2010 176 11:16:54,Blogon
2010 176 12:22:18,CUrl
2010 176 16:48:00,CNologon
2010 179 07:38:00,Blogon
2010 179 08:06:12,BUrl
2010 179 12:08:43,Clogon
2010 179 12:18:51,CUrl
2010 179 12:30:57,CSendEmail
2010 179 12:39:15,CUrl
2010 179 16:47:00,CNologon
2010 180 07:45:00,Blogon
2010 180 08:15:38,BSendEmail
2010 180 08:18:07,BUrl
2010 180 13:18:51,Clogon
2010 180 13:51:35,CUrl
2010 180 16:39:00,CNologon
2010 181 07:55:00,Blogon
2010 181 08:14:39,BUrl
2010 181 09:43:11,BSendEmail
2010 181 10:01:17,Blogon
2010 181 10:30:39,BUrl
2010 181 13:04:01,CUrl
2010 181 16:41:00,CNologon
2010 182 07:45:00,Blogon
2010 182 08:03:44,BUrl
2010 182 13:07:08,Clogon
2010 182 13:24:10,CUrl
2010 182 16:17:06,CSendEmail
2010 182 16:22:23,CUrl
2010 182 16:47:00,CNologon
2010 183 07:33:00,Blogon
2010 183 07:42:01,BUrl
2010 183 11:07:08,BSendEmail
2010 183 12:57:13,CUrl
2010 183 16:46:00,CNologon
2010 187 07:49:00,Blogon
2010 187 08:05:44,BUrl
2010 187 10:32:54,Blogon
2010 187 12:41:06,Clogon
2010 187 12:42:35,CNologon
2010 187 12:54:40,CUrl
2010 187 13:46:07,CSendEmail
2010 187 13:52:15,CUrl
2010 187 16:34:00,CNologon
2010 188 07:48:00,Blogon
2010 188 08:44:56,BUrl
2010 188 12:03:52,CUrl
2010 188 13:25:59,Clogon
2010 188 15:08:47,CUrl
2010 188 16:37:00,CNologon
2010 189 07:37:00,Blogon
2010 189 07:41:04,BSendEmail
2010 189 07:58:04,BUrl
2010 189 11:44:12,Blogon
2010 189 13:00:33,CUrl
2010 189 16:32:00,CNologon
2010 190 07:53:00,Blogon
2010 190 09:21:58,BUrl
2010 190 10:07:59,BSendEmail
2010 190 10:19:40,BUrl
2010 190 12:15:31,Clogon
2010 190 12:17:00,CUrl
2010 190 16:45:00,CNologon
2010 193 07:45:00,Blogon
2010 193 07:56:19,BUrl
2010 193 12:44:14,Clogon
2010 193 15:04:41,CUrl
2010 193 16:36:00,CNologon
2010 194 07:54:00,Blogon
2010 194 07:55:54,BUrl
2010 194 12:46:21,Clogon
2010 194 12:58:41,CUrl
2010 194 16:21:53,CSendEmail
2010 194 16:32:00,CNologon
2010 195 07:55:00,Blogon
2010 195 08:07:21,BUrl
2010 195 12:25:14,Clogon
2010 195 15:04:51,CUrl
2010 195 16:09:45,CSendEmail
2010 195 16:16:42,CUrl
2010 195 16:40:00,CNologon
2010 196 07:32:00,Blogon
2010 196 07:57:18,BUrl
2010 196 10:18:05,BSendEmail
2010 196 12:58:58,Clogon
2010 196 13:02:15,CUrl
2010 196 16:33:00,CNologon
2010 197 07:57:00,Blogon
2010 197 08:31:37,BUrl
2010 197 10:23:41,Blogon
2010 197 12:58:15,CUrl
2010 197 13:41:45,CSendEmail
2010 197 14:07:52,CUrl
2010 197 16:38:00,CNologon
2010 200 07:52:00,Blogon
2010 200 09:03:30,BUrl
2010 200 12:03:23,CUrl
2010 200 13:48:39,Clogon
2010 200 15:11:26,CUrl
2010 200 15:43:38,CSendEmail
2010 200 15:46:38,CUrl
2010 200 16:39:00,CNologon
2010 201 07:48:00,Blogon
2010 201 08:10:03,BUrl
2010 201 08:52:54,BSendEmail
2010 201 10:04:59,BUrl
2010 201 12:13:09,Clogon
2010 201 13:12:52,CUrl
2010 201 16:48:00,CNologon
2010 202 07:53:00,Blogon
2010 202 08:03:44,BUrl
2010 202 12:11:32,CUrl
2010 202 13:34:56,Clogon
2010 202 13:37:09,CUrl
2010 202 16:21:59,CSendEmail
2010 202 16:34:00,CNologon
2010 203 07:43:00,Blogon
2010 203 07:44:08,BSendEmail
2010 203 08:01:16,BUrl
2010 203 12:10:44,Clogon
2010 203 12:46:57,CUrl
2010 203 17:00:00,CNologon
2010 204 07:52:00,Blogon
2010 204 09:10:03,BUrl
2010 204 13:10:42,Clogon
2010 204 13:13:13,CUrl
2010 204 15:20:27,CSendEmail
2010 204 16:57:29,CUrl
2010 204 16:59:00,CNologon
2010 207 07:59:00,Blogon
2010 207 08:52:26,BUrl
2010 207 12:34:50,Clogon
2010 207 12:44:42,CSendEmail
2010 207 13:27:48,CUrl
2010 207 16:44:00,CNologon
2010 208 07:57:00,Blogon
2010 208 08:37:58,BUrl
2010 208 13:35:04,Clogon
2010 208 14:33:08,CUrl
2010 208 16:24:20,CSendEmail
2010 208 16:35:00,CNologon
2010 209 07:56:00,Blogon
2010 209 09:12:16,BUrl
2010 209 12:55:22,Clogon
2010 209 13:01:08,CSendEmail
2010 209 13:23:47,CUrl
2010 209 16:43:00,CNologon
2010 210 07:38:00,Blogon
2010 210 08:29:11,BUrl
2010 210 13:19:48,Clogon
2010 210 14:11:27,CUrl
2010 210 15:06:44,CSendEmail
2010 210 15:08:08,CUrl
2010 210 16:56:00,CNologon
2010 211 07:45:00,Blogon
2010 211 08:32:12,BUrl
2010 211 12:25:35,Clogon
2010 211 12:31:59,CUrl
2010 211 16:24:28,CSendEmail
2010 211 16:34:56,CUrl
2010 211 16:45:00,CNologon
2010 214 07:50:00,Blogon
2010 214 07:56:15,BUrl
2010 214 09:31:42,BSendEmail
2010 214 11:14:03,BUrl
2010 214 13:24:40,CUrl
2010 214 16:55:00,CNologon
2010 215 07:49:00,Blogon
2010 215 08:50:44,BUrl
2010 215 12:40:16,Clogon
2010 215 12:46:55,CUrl
2010 215 16:39:08,CSendEmail
2010 215 16:54:00,CNologon
2010 216 07:40:00,Blogon
2010 216 08:04:50,BUrl
2010 216 12:32:45,CUrl
2010 216 14:47:41,CSendEmail
2010 216 15:30:49,CUrl
2010 216 16:46:00,CNologon
2010 217 07:56:00,Blogon
2010 217 09:32:50,BUrl
2010 217 13:31:15,Clogon
2010 217 14:13:27,CUrl
2010 217 16:24:50,CSendEmail
2010 217 16:27:19,CUrl
2010 217 16:34:00,CNologon
2010 218 07:47:00,Blogon
2010 218 08:02:08,BUrl
2010 218 12:51:43,Clogon
2010 218 12:55:45,CUrl
2010 218 15:08:03,CSendEmail
2010 218 15:59:19,CUrl
2010 218 16:34:00,CNologon
2010 221 07:59:00,Blogon
2010 221 13:12:33,Clogon
2010 221 15:42:35,CSendEmail
2010 221 15:44:27,CUrl
2010 221 16:41:00,CNologon
2010 222 07:39:00,Blogon
2010 222 08:47:48,BSendEmail
2010 222 09:46:07,BUrl
2010 222 12:31:21,Clogon
2010 222 12:40:17,CUrl
2010 222 16:35:00,CNologon
2010 223 07:45:00,Blogon
2010 223 08:47:43,BUrl
2010 223 12:07:07,CUrl
2010 223 12:45:33,Clogon
2010 223 14:06:53,CUrl
2010 223 16:31:00,CNologon
2010 224 07:43:00,Blogon
2010 224 07:54:48,BUrl
2010 224 11:14:26,Blogon
2010 224 11:29:02,BNologon
2010 224 13:34:09,CUrl
2010 224 13:45:00,CSendEmail
2010 224 14:12:31,CUrl
2010 224 16:50:00,CNologon
2010 225 07:56:00,Blogon
2010 225 09:04:45,BUrl
2010 225 12:19:34,CUrl
2010 225 13:53:51,Clogon
2010 225 14:10:50,CUrl
2010 225 15:48:06,CSendEmail
2010 225 15:51:45,CUrl
2010 225 16:41:00,CNologon
2010 228 07:51:00,Blogon
2010 228 07:54:05,BUrl
2010 228 12:19:54,Clogon
2010 228 13:04:00,CSendEmail
2010 228 14:19:49,Clogon
2010 228 14:21:55,CNologon
2010 228 15:19:55,CUrl
2010 228 16:54:00,CNologon
2010 229 07:51:00,Blogon
2010 229 08:04:14,BUrl
2010 229 13:27:50,Clogon
2010 229 14:00:45,CUrl
2010 229 14:52:06,CSendEmail
2010 229 15:05:42,CUrl
2010 229 16:35:00,CNologon
2010 230 07:38:00,Blogon
2010 230 07:55:36,BUrl
2010 230 10:48:25,BSendEmail
2010 230 10:58:17,BUrl
2010 230 13:39:23,CUrl
2010 230 16:50:00,CNologon
2010 231 07:31:00,Blogon
2010 231 07:32:24,BUrl
2010 231 13:14:56,Clogon
2010 231 13:26:39,CUrl
2010 231 13:41:41,CSendEmail
2010 231 16:09:25,CUrl
2010 231 16:47:00,CNologon
2010 232 07:53:00,Blogon
2010 232 08:36:44,BUrl
2010 232 08:38:09,BSendEmail
2010 232 09:25:17,BUrl
2010 232 12:38:13,Clogon
2010 232 13:25:32,CUrl
2010 232 16:38:00,CNologon
2010 235 07:42:00,Blogon
2010 235 08:04:42,BUrl
2010 235 12:38:32,Clogon
2010 235 12:50:22,CSendEmail
2010 235 12:53:02,CUrl
2010 235 16:57:00,CNologon
2010 236 07:59:00,Blogon
2010 236 08:31:05,BUrl
2010 236 12:40:38,Clogon
2010 236 13:52:34,CUrl
2010 236 14:03:32,CSendEmail
2010 236 14:28:23,CUrl
2010 236 16:42:00,CNologon
2010 237 07:56:00,Blogon
2010 237 08:46:06,BUrl
2010 237 11:07:39,Blogon
2010 237 12:15:33,CUrl
2010 237 16:05:02,CSendEmail
2010 237 16:05:26,CUrl
2010 237 16:41:00,CNologon
2010 238 07:52:00,Blogon
2010 238 08:28:20,BUrl
2010 238 12:18:08,CSendEmail
2010 238 12:23:58,CUrl
2010 238 13:27:51,Clogon
2010 238 13:57:13,CUrl
2010 238 16:45:00,CNologon
2010 239 07:54:00,Blogon
2010 239 09:04:14,BUrl
2010 239 11:11:03,Blogon
2010 239 11:15:58,BUrl
2010 239 12:30:56,CUrl
2010 239 16:32:00,CNologon
2010 242 07:45:00,Blogon
2010 242 08:27:34,BUrl
2010 242 12:49:53,Clogon
2010 242 13:03:32,CUrl
2010 242 14:36:03,CSendEmail
2010 242 15:41:23,CUrl
2010 242 16:37:00,CNologon
2010 243 07:50:00,Blogon
2010 243 08:36:33,BUrl
2010 243 08:51:33,BSendEmail
2010 243 09:06:05,BUrl
2010 243 12:14:27,Clogon
2010 243 12:18:02,CUrl
2010 243 16:45:00,CNologon
2010 244 07:56:00,Blogon
2010 244 08:08:07,BUrl
2010 244 12:10:17,CSendEmail
2010 244 12:15:23,CUrl
2010 244 13:14:35,Clogon
2010 244 13:21:52,CUrl
2010 244 16:38:00,CNologon
2010 245 07:57:00,Blogon
2010 245 08:09:47,BUrl
2010 245 09:15:27,BSendEmail
2010 245 09:23:36,BUrl
2010 245 10:28:52,Blogon
2010 245 11:17:31,BUrl
2010 245 12:11:45,CUrl
2010 245 16:42:00,CNologon
2010 246 07:38:00,Blogon
2010 246 07:51:01,BUrl
2010 246 12:37:11,Clogon
2010 246 13:38:05,CUrl
2010 246 16:14:07,CSendEmail
2010 246 16:28:55,CUrl
2010 246 16:51:00,CNologon
2010 250 07:42:00,Blogon
2010 250 08:04:19,BUrl
2010 250 08:10:46,BSendEmail
2010 250 08:10:55,BUrl
2010 250 12:38:17,CUrl
2010 250 16:57:00,CNologon
2010 251 07:49:00,Blogon
2010 251 07:51:32,BUrl
2010 251 12:11:07,CUrl
2010 251 12:53:52,Clogon
2010 251 13:03:02,CUrl
2010 251 16:36:10,CSendEmail
2010 251 16:42:00,CNologon
2010 252 07:51:00,Blogon
2010 252 08:58:14,BUrl
2010 252 09:31:31,BSendEmail
2010 252 10:17:47,BUrl
2010 252 12:57:09,Clogon
2010 252 13:01:31,CUrl
2010 252 16:54:00,CNologon
2010 253 07:54:00,Blogon
2010 253 07:59:26,BUrl
2010 253 12:34:29,Clogon
2010 253 14:23:07,CUrl
2010 253 15:42:45,CSendEmail
2010 253 15:51:13,CUrl
2010 253 16:39:00,CNologon
2010 256 07:34:00,Blogon
2010 256 08:30:00,BUrl
2010 256 09:51:56,BSendEmail
2010 256 10:20:39,BUrl
2010 256 11:27:58,Blogon
2010 256 11:29:43,BUrl
2010 256 14:40:49,CUrl
2010 256 16:52:00,CNologon
2010 257 07:41:00,Blogon
2010 257 07:42:14,BUrl
2010 257 09:33:09,BSendEmail
2010 257 11:01:11,Blogon
2010 257 11:25:33,BUrl
2010 257 11:41:46,BNologon
2010 257 12:27:01,CUrl
2010 257 16:46:00,CNologon
2010 258 07:31:00,Blogon
2010 258 07:32:25,BUrl
2010 258 08:38:24,BSendEmail
2010 258 08:38:56,BUrl
2010 258 12:05:58,CUrl
2010 258 16:42:00,CNologon
2010 259 07:46:00,Blogon
2010 259 07:51:24,BUrl
2010 259 12:22:35,Clogon
2010 259 12:55:19,CSendEmail
2010 259 13:19:21,CUrl
2010 259 16:40:00,CNologon
2010 260 07:38:00,Blogon
2010 260 07:54:10,BUrl
2010 260 12:18:54,Clogon
2010 260 13:20:35,CUrl
2010 260 16:05:18,CSendEmail
2010 260 16:06:26,CUrl
2010 260 16:31:00,CNologon
2010 263 07:45:00,Blogon
2010 263 07:48:38,BUrl
2010 263 10:18:17,Blogon
2010 263 11:08:30,BSendEmail
2010 263 11:33:15,BUrl
2010 263 12:19:26,CUrl
2010 263 16:59:00,CNologon
2010 264 07:35:00,Blogon
2010 264 07:48:49,BUrl
2010 264 09:16:36,BSendEmail
2010 264 12:34:23,Clogon
2010 264 12:37:15,CUrl
2010 264 16:52:00,CNologon
2010 265 07:59:00,Blogon
2010 265 08:53:25,BUrl
2010 265 11:33:10,BSendEmail
2010 265 11:49:50,BUrl
2010 265 12:07:37,Clogon
2010 265 14:26:37,CUrl
2010 265 16:33:00,CNologon
2010 266 07:59:00,Blogon
2010 266 08:29:53,BUrl
2010 266 12:41:59,CUrl
2010 266 13:28:01,Clogon
2010 266 13:43:16,CUrl
2010 266 16:29:18,CSendEmail
2010 266 16:38:00,CNologon
2010 267 07:45:00,Blogon
2010 267 08:12:37,BUrl
2010 267 13:20:18,Clogon
2010 267 14:50:29,CUrl
2010 267 15:45:42,CSendEmail
2010 267 16:03:34,CUrl
2010 267 16:44:00,CNologon
2010 270 07:58:00,Blogon
2010 270 07:59:24,BUrl
2010 270 11:54:52,Blogon
2010 270 12:32:42,CSendEmail
2010 270 12:53:32,CUrl
2010 270 16:44:00,CNologon
2010 271 07:42:00,Blogon
2010 271 08:00:13,BUrl
2010 271 10:54:46,Blogon
2010 271 12:01:53,CUrl
2010 271 15:26:46,CSendEmail
2010 271 16:21:24,CUrl
2010 271 16:55:00,CNologon
2010 272 07:40:00,Blogon
2010 272 07:42:09,BUrl
2010 272 12:55:37,Clogon
2010 272 13:06:21,CUrl
2010 272 14:02:15,CSendEmail
2010 272 15:19:24,CUrl
2010 272 16:50:00,CNologon
2010 273 07:43:00,Blogon
2010 273 08:33:19,BUrl
2010 273 11:17:52,BSendEmail
2010 273 13:14:56,Clogon
2010 273 13:25:25,CUrl
2010 273 16:45:00,CNologon
2010 274 07:32:00,Blogon
2010 274 07:34:46,BUrl
2010 274 11:31:25,BSendEmail
2010 274 12:56:23,CUrl
2010 274 15:00:26,Clogon
2010 274 15:03:07,CNologon
2010 274 15:52:11,CUrl
2010 274 16:51:00,CNologon
2010 277 07:43:00,Blogon
2010 277 13:25:47,Clogon
2010 277 15:19:06,CSendEmail
2010 277 15:32:30,CUrl
2010 277 16:42:00,CNologon
2010 278 07:32:00,Blogon
2010 278 07:49:49,BUrl
2010 278 12:03:42,CUrl
2010 278 14:14:42,CSendEmail
2010 278 14:31:52,CUrl
2010 278 16:49:00,CNologon
2010 279 07:55:00,Blogon
2010 279 07:58:15,BUrl
2010 279 12:10:17,CUrl
2010 279 13:19:39,Clogon
2010 279 13:26:14,CUrl
2010 279 16:28:59,CSendEmail
2010 279 16:37:00,CNologon
2010 280 07:34:00,Blogon
2010 280 08:52:49,BUrl
2010 280 10:05:27,BSendEmail
2010 280 10:40:55,BUrl
2010 280 11:34:46,Blogon
2010 280 12:11:10,CUrl
2010 280 16:51:00,CNologon
2010 281 07:51:00,Blogon
2010 281 08:14:57,BUrl
2010 281 12:43:39,Clogon
2010 281 12:48:26,CUrl
2010 281 15:01:24,CSendEmail
2010 281 15:54:58,CUrl
2010 281 16:38:00,CNologon
2010 284 07:51:00,Blogon
2010 284 07:52:11,BUrl
2010 284 13:10:26,Clogon
2010 284 15:16:16,CUrl
2010 284 16:00:11,CSendEmail
2010 284 16:14:22,CUrl
2010 284 16:37:00,CNologon
2010 285 07:47:00,Blogon
2010 285 08:13:47,BUrl
2010 285 08:40:50,BSendEmail
2010 285 09:30:06,BUrl
2010 285 11:05:04,Blogon
2010 285 12:00:17,CUrl
2010 285 16:32:00,CNologon
2010 286 07:52:00,Blogon
2010 286 07:59:36,BUrl
2010 286 09:14:59,BSendEmail
2010 286 09:34:49,BUrl
2010 286 13:28:06,Clogon
2010 286 15:27:51,CUrl
2010 286 16:43:00,CNologon
2010 287 07:32:00,Blogon
2010 287 07:55:51,BUrl
2010 287 10:17:02,Blogon
2010 287 10:28:40,BUrl
2010 287 10:58:24,BSendEmail
2010 287 12:43:53,CUrl
2010 287 16:46:00,CNologon
2010 288 07:45:00,Blogon
2010 288 09:29:19,BUrl
2010 288 10:54:46,BSendEmail
2010 288 11:02:52,BUrl
2010 288 12:56:20,Clogon
2010 288 15:06:35,CUrl
2010 288 16:41:00,CNologon
2010 291 07:45:00,Blogon
2010 291 07:53:39,BUrl
2010 291 13:02:11,Clogon
2010 291 13:11:46,CUrl
2010 291 14:21:44,CSendEmail
2010 291 14:30:01,CUrl
2010 291 16:49:00,CNologon
2010 292 07:36:00,Blogon
2010 292 08:07:29,BUrl
2010 292 10:18:00,BSendEmail
2010 292 10:26:13,BUrl
2010 292 12:21:29,CUrl
2010 292 16:55:00,CNologon
2010 293 07:52:00,Blogon
2010 293 07:58:04,BUrl
2010 293 12:11:14,CSendEmail
2010 293 12:26:34,CUrl
2010 293 13:18:19,Clogon
2010 293 13:26:28,CUrl
2010 293 13:29:24,CNologon
2010 293 15:35:50,CUrl
2010 293 16:57:00,CNologon
2010 294 07:46:00,Blogon
2010 294 07:58:51,BUrl
2010 294 12:53:57,CUrl
2010 294 14:26:05,CSendEmail
2010 294 14:47:37,CUrl
2010 294 16:43:00,CNologon
2010 295 07:46:00,Blogon
2010 295 07:48:00,BUrl
2010 295 10:42:28,Blogon
2010 295 11:35:44,BUrl
2010 295 12:07:27,CUrl
2010 295 14:40:13,CSendEmail
2010 295 15:06:57,CUrl
2010 295 16:36:00,CNologon
2010 298 07:47:00,Blogon
2010 298 08:27:12,BUrl
2010 298 10:43:44,Blogon
2010 298 10:48:05,BUrl
2010 298 12:01:20,CUrl
2010 298 13:11:36,CSendEmail
2010 298 13:32:37,CUrl
2010 298 16:37:00,CNologon
2010 299 07:30:00,Blogon
2010 299 08:08:08,BUrl
2010 299 11:36:24,Blogon
2010 299 12:41:23,CSendEmail
2010 299 13:03:26,CUrl
2010 299 16:52:00,CNologon
2010 300 07:43:00,Blogon
2010 300 07:44:25,Blogon
2010 300 07:50:37,BNologon
2010 300 08:12:56,BSendEmail
2010 300 08:21:08,BUrl
2010 300 13:16:01,Clogon
2010 300 13:27:21,CUrl
2010 300 16:31:00,CNologon
2010 301 07:37:00,Blogon
2010 301 08:41:19,BUrl
2010 301 09:13:03,BSendEmail
2010 301 09:33:40,BUrl
2010 301 12:57:39,CUrl
2010 301 16:57:00,CNologon
2010 302 07:42:00,Blogon
2010 302 08:26:02,BUrl
2010 302 12:39:35,Clogon
2010 302 14:14:18,CUrl
2010 302 16:12:05,CSendEmail
2010 302 16:50:00,CNologon
2010 305 07:59:00,Blogon
2010 305 08:43:50,BUrl
2010 305 10:57:21,Blogon
2010 305 11:01:33,BUrl
2010 305 12:23:50,CUrl
2010 305 16:42:00,CNologon
2010 306 07:41:00,Blogon
2010 306 08:13:43,BUrl
2010 306 11:06:28,BSendEmail
2010 306 11:12:28,BUrl
2010 306 13:00:41,Clogon
2010 306 14:29:25,CUrl
2010 306 16:56:00,CNologon
2010 307 07:34:00,Blogon
2010 307 07:44:54,BUrl
2010 307 07:54:09,BSendEmail
2010 307 08:35:33,BUrl
2010 307 13:21:17,CUrl
2010 307 16:37:00,CNologon
2010 308 07:54:00,Blogon
2010 308 08:36:38,BUrl
2010 308 10:59:51,Blogon
2010 308 12:24:45,CUrl
2010 308 15:35:40,CSendEmail
2010 308 15:36:26,CUrl
2010 308 16:42:00,CNologon
2010 309 07:51:00,Blogon
2010 309 08:34:03,BUrl
2010 309 10:52:24,BSendEmail
2010 309 11:29:55,BUrl
2010 309 12:01:09,CUrl
2010 309 16:52:00,CNologon
2010 312 07:51:00,Blogon
2010 312 08:43:45,BUrl
2010 312 10:11:08,BSendEmail
2010 312 10:15:29,BUrl
2010 312 13:41:54,CUrl
2010 312 16:58:00,CNologon
2010 313 07:57:00,Blogon
2010 313 08:08:30,BUrl
2010 313 13:27:34,Clogon
2010 313 13:49:43,CUrl
2010 313 15:22:49,CSendEmail
2010 313 16:22:07,CUrl
2010 313 16:41:00,CNologon
2010 314 07:41:00,Blogon
2010 314 07:54:20,BUrl
2010 314 12:48:05,CUrl
2010 314 13:59:40,CSendEmail
2010 314 14:20:52,CUrl
2010 314 16:55:00,CNologon
2010 315 07:35:00,Blogon
2010 315 08:27:03,BUrl
2010 315 12:17:42,Clogon
2010 315 12:28:43,CUrl
2010 315 15:53:52,CSendEmail
2010 315 16:23:54,CUrl
2010 315 16:45:00,CNologon
2010 316 07:41:00,Blogon
2010 316 07:53:03,BUrl
2010 316 09:28:20,BSendEmail
2010 316 12:54:00,CUrl
2010 316 16:52:00,CNologon
2010 319 07:58:00,Blogon
2010 319 08:00:12,BUrl
2010 319 08:00:46,BSendEmail
2010 319 09:29:48,BUrl
2010 319 13:08:54,Clogon
2010 319 13:13:11,CUrl
2010 319 13:23:11,Clogon
2010 319 14:22:13,CNologon
2010 319 14:49:16,CUrl
2010 319 16:49:00,CNologon
2010 320 07:38:00,Blogon
2010 320 07:45:20,BUrl
2010 320 11:30:06,Blogon
2010 320 11:37:52,BUrl
2010 320 12:55:43,CUrl
2010 320 13:35:31,CSendEmail
2010 320 14:28:58,CUrl
2010 320 16:48:00,CNologon
2010 321 07:38:00,Blogon
2010 321 07:42:42,BUrl
2010 321 10:29:03,BSendEmail
2010 321 12:00:23,CUrl
2010 321 16:34:00,CNologon
2010 322 07:36:00,Blogon
2010 322 07:44:21,BUrl
2010 322 09:11:24,BSendEmail
2010 322 09:36:52,BUrl
2010 322 13:00:40,CUrl
2010 322 16:57:00,CNologon
2010 323 07:38:00,Blogon
2010 323 08:38:45,BUrl
2010 323 13:24:25,Clogon
2010 323 13:44:32,CUrl
2010 323 14:20:37,CSendEmail
2010 323 15:27:51,CUrl
2010 323 16:41:00,CNologon
2010 326 07:37:00,Blogon
2010 326 07:42:12,BUrl
2010 326 11:21:56,Blogon
2010 326 11:34:54,BUrl
2010 326 13:10:42,CUrl
2010 326 14:30:45,CSendEmail
2010 326 14:32:52,CUrl
2010 326 16:44:00,CNologon
2010 327 07:43:00,Blogon
2010 327 07:44:38,BUrl
2010 327 12:13:44,CUrl
2010 327 13:33:56,CSendEmail
2010 327 14:28:36,CUrl
2010 327 16:56:00,CNologon
2010 328 07:32:00,Blogon
2010 328 07:34:53,BUrl
2010 328 10:19:54,BSendEmail
2010 328 12:29:49,Clogon
2010 328 13:11:30,CUrl
2010 328 17:00:00,CNologon
2010 333 07:57:00,Blogon
2010 333 08:19:20,BUrl
2010 333 08:31:09,BSendEmail
2010 333 09:14:59,BUrl
2010 333 11:56:03,Blogon
2010 333 11:58:24,BUrl
2010 333 13:02:26,CUrl
2010 333 16:45:00,CNologon
2010 334 07:48:00,Blogon
2010 334 08:10:45,BUrl
2010 334 13:40:08,Clogon
2010 334 14:51:08,CUrl
2010 334 14:57:21,CSendEmail
2010 334 15:09:45,CUrl
2010 334 16:39:00,CNologon
2010 335 07:57:00,Blogon
2010 335 08:38:59,BUrl
2010 335 12:20:03,Clogon
2010 335 12:39:51,CUrl
2010 335 12:45:19,CSendEmail
2010 335 12:45:32,CUrl
2010 335 16:31:00,CNologon
2010 336 07:35:00,Blogon
2010 336 07:43:34,BUrl
2010 336 10:08:27,BSendEmail
2010 336 13:00:34,Clogon
2010 336 13:24:42,CUrl
2010 336 16:33:00,CNologon
2010 337 07:44:00,Blogon
2010 337 07:53:22,BUrl
2010 337 07:55:38,BSendEmail
2010 337 08:28:15,BUrl
2010 337 13:29:02,Clogon
2010 337 14:15:37,CUrl
2010 337 16:46:00,CNologon
2010 340 07:33:00,Blogon
2010 340 09:46:07,BUrl
2010 340 12:33:29,CUrl
2010 340 16:57:23,CSendEmail
2010 340 16:59:00,CNologon
2010 341 07:45:00,Blogon
2010 341 07:49:08,BUrl
2010 341 07:50:56,BSendEmail
2010 341 07:51:16,BUrl
2010 341 12:13:53,Clogon
2010 341 12:24:31,CUrl
2010 341 16:36:00,CNologon
2010 342 07:40:00,Blogon
2010 342 08:02:11,BUrl
2010 342 09:42:59,BSendEmail
2010 342 11:13:18,BUrl
2010 342 14:11:44,CUrl
2010 342 16:58:00,CNologon
2010 343 07:41:00,Blogon
2010 343 07:45:54,BSendEmail
2010 343 07:48:07,BUrl
2010 343 13:15:49,CUrl
2010 343 16:39:00,CNologon
2010 344 07:42:00,Blogon
2010 344 07:58:10,BSendEmail
2010 344 11:48:24,Blogon
2010 344 11:52:44,BUrl
2010 344 12:33:55,CUrl
2010 344 16:39:00,CNologon
2010 347 07:45:00,Blogon
2010 347 07:52:08,BUrl
2010 347 12:21:27,CUrl
2010 347 15:14:38,CSendEmail
2010 347 16:32:00,CNologon
2010 348 07:40:00,Blogon
2010 348 07:45:38,BUrl
2010 348 08:01:09,BSendEmail
2010 348 08:25:04,BUrl
2010 348 13:41:57,CUrl
2010 348 16:56:00,CNologon
2010 349 07:48:00,Blogon
2010 349 08:07:19,BUrl
2010 349 09:51:44,BSendEmail
2010 349 11:48:54,Blogon
2010 349 12:25:09,CUrl
2010 349 16:33:00,CNologon
2010 350 07:50:00,Blogon
2010 350 08:04:04,BUrl
2010 350 12:18:23,Clogon
2010 350 13:03:22,CUrl
2010 350 15:44:42,CSendEmail
2010 350 16:41:00,CNologon
2010 351 07:59:00,Blogon
2010 351 08:38:50,BUrl
2010 351 12:05:20,CUrl
2010 351 13:26:48,Clogon
2010 351 13:44:03,CUrl
2010 351 16:05:34,CSendEmail
2010 351 16:37:48,CUrl
2010 351 16:39:00,CNologon
2010 354 07:37:00,Blogon
2010 354 07:38:53,BUrl
2010 354 12:54:33,CUrl
2010 354 16:48:00,CNologon
2010 355 07:56:00,Blogon
2010 355 07:57:23,BUrl
2010 355 12:58:41,Clogon
2010 355 13:16:35,CUrl
2010 355 15:42:24,CSendEmail
2010 355 16:31:37,CUrl
2010 355 16:40:00,CNologon
2010 356 07:38:00,Blogon
2010 356 08:21:00,BUrl
2010 356 11:13:55,Blogon
2010 356 11:24:31,BUrl
2010 356 12:22:29,CUrl
2010 356 16:43:54,CSendEmail
2010 356 16:45:00,CNologon
2010 361 07:51:00,Blogon
2010 361 08:50:27,BUrl
2010 361 08:57:11,BSendEmail
2010 361 09:33:31,BUrl
2010 361 10:31:45,Blogon
2010 361 12:22:29,CUrl
2010 361 16:35:00,CNologon
2010 362 07:45:00,Blogon
2010 362 08:13:05,BUrl
2010 362 10:26:58,BSendEmail
2010 362 11:58:09,BUrl
2010 362 13:02:11,CUrl
2010 362 16:56:00,CNologon
2010 363 07:51:00,Blogon
2010 363 09:14:27,BUrl
2010 363 11:32:51,BSendEmail
2010 363 12:52:37,Clogon
2010 363 13:28:49,CUrl
2010 363 16:36:00,CNologon
2010 364 07:47:00,Blogon
2010 364 08:31:08,BUrl
2010 364 11:49:03,Blogon
2010 364 12:23:54,CUrl
2010 364 13:52:27,CSendEmail
2010 364 13:58:44,CUrl
2010 364 16:40:00,CNologon
2011 003 07:34:00,Blogon
2011 003 07:35:07,BUrl
2011 003 12:24:20,Clogon
2011 003 13:26:11,CUrl
2011 003 15:18:15,CSendEmail
2011 003 15:20:38,CUrl
2011 003 16:32:00,CNologon
2011 004 07:55:00,Blogon
2011 004 08:17:46,BUrl
2011 004 11:51:53,Blogon
2011 004 11:58:02,BUrl
2011 004 14:17:25,CUrl
2011 004 16:29:23,CSendEmail
2011 004 16:39:00,CNologon
2011 005 07:58:00,Blogon
2011 005 08:06:53,BSendEmail
2011 005 08:29:51,BUrl
2011 005 13:24:34,Clogon
2011 005 13:41:51,CUrl
2011 005 16:44:00,CNologon
2011 006 07:47:00,Blogon
2011 006 07:56:34,BUrl
2011 006 13:19:45,Clogon
2011 006 13:28:10,CSendEmail
2011 006 13:37:16,CUrl
2011 006 16:39:00,CNologon
2011 007 07:42:00,Blogon
2011 007 08:54:03,BUrl
2011 007 09:30:52,BSendEmail
2011 007 10:48:38,Blogon
2011 007 10:49:39,BUrl
2011 007 12:36:57,CUrl
2011 007 16:48:00,CNologon
2011 010 07:56:00,Blogon
2011 010 08:17:26,BUrl
2011 010 09:21:18,BSendEmail
2011 010 09:54:10,BUrl
2011 010 13:49:27,Clogon
2011 010 14:11:41,CUrl
2011 010 16:34:00,CNologon
2011 011 07:48:00,Blogon
2011 011 08:36:21,BUrl
2011 011 11:18:45,Blogon
2011 011 11:37:52,BUrl
2011 011 12:12:56,CUrl
2011 011 12:27:12,CSendEmail
2011 011 14:29:15,CUrl
2011 011 16:44:00,CNologon
2011 012 07:59:00,Blogon
2011 012 08:01:37,BUrl
2011 012 11:59:42,Blogon
2011 012 12:11:18,CUrl
2011 012 15:49:59,CSendEmail
2011 012 16:11:47,CUrl
2011 012 16:36:00,CNologon
2011 013 07:51:00,Blogon
2011 013 08:03:36,BUrl
2011 013 09:58:23,BSendEmail
2011 013 13:01:54,Clogon
2011 013 13:21:15,CUrl
2011 013 16:50:00,CNologon
2011 014 07:55:00,Blogon
2011 014 08:11:00,BUrl
2011 014 11:08:19,Blogon
2011 014 12:44:43,CUrl
2011 014 12:52:28,CSendEmail
2011 014 14:38:27,CUrl
2011 014 16:34:00,CNologon
2011 017 07:33:00,Blogon
2011 017 07:34:56,BUrl
2011 017 10:27:15,BSendEmail
2011 017 10:33:44,BUrl
2011 017 13:41:13,CUrl
2011 017 16:36:00,CNologon
2011 018 07:33:00,Blogon
2011 018 08:10:52,BSendEmail
2011 018 10:15:46,BUrl
2011 018 11:59:58,Blogon
2011 018 12:17:52,CUrl
2011 018 16:54:00,CNologon
2011 019 07:51:00,Blogon
2011 019 07:53:05,BUrl
2011 019 09:52:22,Blogon
2011 019 10:27:21,BUrl
2011 019 13:05:09,CSendEmail
2011 019 14:07:37,CUrl
2011 019 16:42:00,CNologon
2011 020 07:39:00,Blogon
2011 020 08:04:29,BUrl
2011 020 10:48:27,Blogon
2011 020 11:08:47,BUrl
2011 020 12:26:21,CUrl
2011 020 13:49:30,CSendEmail
2011 020 14:45:35,CUrl
2011 020 17:00:00,CNologon
2011 021 07:58:00,Blogon
2011 021 08:18:37,BUrl
2011 021 08:37:49,BSendEmail
2011 021 08:48:42,BUrl
2011 021 13:33:36,Clogon
2011 021 13:40:36,CUrl
2011 021 16:42:00,CNologon
2011 024 07:52:00,Blogon
2011 024 08:18:59,BUrl
2011 024 10:19:11,Blogon
2011 024 10:20:42,BNologon
2011 024 11:02:10,BUrl
2011 024 12:15:18,CUrl
2011 024 15:51:52,CSendEmail
2011 024 15:51:58,CUrl
2011 024 16:58:00,CNologon
2011 025 07:49:00,Blogon
2011 025 07:55:43,BUrl
2011 025 10:45:22,BSendEmail
2011 025 14:15:48,CUrl
2011 025 16:31:48,Clogon
2011 025 16:33:21,CNologon
2011 025 16:33:59,CUrl
2011 025 16:36:00,CNologon
2011 026 07:59:00,Blogon
2011 026 08:22:35,BUrl
2011 026 11:19:40,Blogon
2011 026 11:50:48,BUrl
2011 026 12:03:48,CSendEmail
2011 026 13:06:48,CUrl
2011 026 16:48:00,CNologon
2011 027 07:56:00,Blogon
2011 027 08:36:17,BSendEmail
2011 027 09:15:01,BUrl
2011 027 12:57:25,Clogon
2011 027 14:54:00,CUrl
2011 027 16:31:00,CNologon
2011 028 07:49:00,Blogon
2011 028 08:39:51,BUrl
2011 028 13:14:17,Clogon
2011 028 13:29:57,CUrl
2011 028 15:56:10,CSendEmail
2011 028 16:00:59,CUrl
2011 028 16:34:00,CNologon
2011 031 07:56:00,Blogon
2011 031 09:26:21,BUrl
2011 031 11:36:35,BSendEmail
2011 031 12:46:13,CUrl
2011 031 15:06:30,Clogon
2011 031 15:13:53,CNologon
2011 031 16:49:52,CUrl
2011 031 16:58:00,CNologon
2011 032 07:42:00,Blogon
2011 032 07:47:04,BUrl
2011 032 08:11:26,BSendEmail
2011 032 09:22:02,BUrl
2011 032 13:04:03,CUrl
2011 032 16:36:00,CNologon
2011 033 07:43:00,Blogon
2011 033 07:54:08,BUrl
2011 033 12:36:23,Clogon
2011 033 13:54:41,CSendEmail
2011 033 14:12:43,CUrl
2011 033 17:00:00,CNologon
2011 034 07:47:00,Blogon
2011 034 07:51:48,BUrl
2011 034 08:10:39,BSendEmail
2011 034 10:23:47,BUrl
2011 034 12:06:30,CUrl
2011 034 16:52:00,CNologon
2011 035 07:42:00,Blogon
2011 035 08:00:15,BUrl
2011 035 11:04:54,Blogon
2011 035 11:16:52,BUrl
2011 035 12:43:15,CSendEmail
2011 035 13:18:45,CUrl
2011 035 16:56:00,CNologon
2011 038 07:33:00,Blogon
2011 038 07:39:43,BUrl
2011 038 08:58:59,BSendEmail
2011 038 09:01:55,BUrl
2011 038 12:34:46,Clogon
2011 038 12:37:37,CNologon
2011 038 13:00:18,Clogon
2011 038 14:16:09,CUrl
2011 038 16:55:00,CNologon
2011 039 07:39:00,Blogon
2011 039 07:42:09,BUrl
2011 039 09:43:29,BSendEmail
2011 039 10:43:40,BUrl
2011 039 12:02:43,Clogon
2011 039 12:09:53,CUrl
2011 039 16:58:00,CNologon
2011 040 07:35:00,Blogon
2011 040 07:43:17,BUrl
2011 040 09:27:33,BSendEmail
2011 040 12:55:48,Clogon
2011 040 12:57:20,CUrl
2011 040 16:35:00,CNologon
2011 041 07:36:00,Blogon
2011 041 07:40:33,BUrl
2011 041 07:44:22,BSendEmail
2011 041 07:47:39,BUrl
2011 041 13:13:25,Clogon
2011 041 13:56:02,CUrl
2011 041 16:49:00,CNologon
2011 042 07:35:00,Blogon
2011 042 08:34:33,BUrl
2011 042 08:57:04,BSendEmail
2011 042 09:14:26,BUrl
2011 042 11:29:17,Blogon
2011 042 12:49:17,CUrl
2011 042 17:00:00,CNologon
2011 045 07:38:00,Blogon
2011 045 07:42:55,BUrl
2011 045 11:35:42,Blogon
2011 045 12:37:06,CUrl
2011 045 13:00:32,CSendEmail
2011 045 13:20:50,CUrl
2011 045 16:50:00,CNologon
2011 046 07:42:00,Blogon
2011 046 08:04:20,BUrl
2011 046 11:59:44,Blogon
2011 046 12:28:44,CSendEmail
2011 046 12:49:58,CUrl
2011 046 16:58:00,CNologon
2011 047 07:58:00,Blogon
2011 047 08:02:50,BUrl
2011 047 10:23:00,Blogon
2011 047 11:09:18,BUrl
2011 047 12:37:20,CUrl
2011 047 14:41:34,CSendEmail
2011 047 14:50:22,CUrl
2011 047 16:45:00,CNologon
2011 048 07:59:00,Blogon
2011 048 08:02:14,BUrl
2011 048 08:03:49,BSendEmail
2011 048 08:20:25,BUrl
2011 048 12:12:25,Clogon
2011 048 13:59:50,CUrl
2011 048 16:31:00,CNologon
2011 049 07:59:00,Blogon
2011 049 08:00:42,BUrl
2011 049 12:13:14,CUrl
2011 049 13:31:09,Clogon
2011 049 13:51:03,CUrl
2011 049 15:16:29,CSendEmail
2011 049 15:47:00,CUrl
2011 049 16:53:00,CNologon
2011 052 07:45:00,Blogon
2011 052 07:53:32,BUrl
2011 052 08:54:17,BSendEmail
2011 052 09:57:26,BUrl
2011 052 10:44:37,Blogon
2011 052 10:50:31,BUrl
2011 052 13:26:46,CUrl
2011 052 16:33:00,CNologon
2011 053 07:54:00,Blogon
2011 053 09:16:19,BUrl
2011 053 12:24:47,CUrl
2011 053 14:05:16,CSendEmail
2011 053 14:47:28,CUrl
2011 053 16:44:00,CNologon
2011 054 07:47:00,Blogon
2011 054 08:00:58,BUrl
2011 054 13:40:24,Clogon
2011 054 13:43:12,CUrl
2011 054 15:25:34,CSendEmail
2011 054 15:30:34,CUrl
2011 054 16:35:00,CNologon
2011 055 07:32:00,Blogon
2011 055 07:34:55,BUrl
2011 055 10:22:21,BSendEmail
2011 055 10:27:54,BUrl
2011 055 13:26:13,Clogon
2011 055 15:36:07,CUrl
2011 055 16:33:00,CNologon
2011 056 07:43:00,Blogon
2011 056 08:54:11,BUrl
2011 056 11:47:23,BSendEmail
2011 056 12:00:48,CUrl
2011 056 13:11:28,Clogon
2011 056 13:12:58,CUrl
2011 056 15:28:17,Clogon
2011 056 16:05:45,CNologon
2011 056 16:45:59,CUrl
2011 056 16:55:00,CNologon
2011 059 07:58:00,Blogon
2011 059 08:04:01,BUrl
2011 059 12:51:30,Clogon
2011 059 13:28:17,CUrl
2011 059 15:42:59,CSendEmail
2011 059 16:17:34,CUrl
2011 059 16:42:00,CNologon
2011 060 07:51:00,Blogon
2011 060 08:19:26,BUrl
2011 060 12:32:24,CUrl
2011 060 14:03:15,CSendEmail
2011 060 14:28:55,CUrl
2011 060 16:31:00,CNologon
2011 061 07:52:00,Blogon
2011 061 07:58:49,BUrl
2011 061 12:35:53,CUrl
2011 061 13:44:58,Clogon
2011 061 14:08:27,CUrl
2011 061 16:10:12,CSendEmail
2011 061 16:17:01,CUrl
2011 061 16:45:00,CNologon
2011 062 07:49:00,Blogon
2011 062 07:56:58,BUrl
2011 062 13:33:54,Clogon
2011 062 13:48:59,CUrl
2011 062 16:33:48,CSendEmail
2011 062 16:35:00,CNologon
2011 063 07:47:00,Blogon
2011 063 09:00:03,BUrl
2011 063 09:45:10,BSendEmail
2011 063 11:24:51,Blogon
2011 063 11:29:37,BUrl
2011 063 12:45:59,CUrl
2011 063 16:56:00,CNologon
2011 066 07:39:00,Blogon
2011 066 08:14:31,BUrl
2011 066 12:57:16,CUrl
2011 066 15:35:20,CSendEmail
2011 066 15:50:55,CUrl
2011 066 16:52:00,CNologon
2011 067 07:48:00,Blogon
2011 067 07:52:49,BUrl
2011 067 12:40:15,Clogon
2011 067 12:57:44,CUrl
2011 067 16:22:59,CSendEmail
2011 067 16:26:08,CUrl
2011 067 16:35:00,CNologon
2011 068 07:54:00,Blogon
2011 068 08:30:02,BUrl
2011 068 09:05:22,BSendEmail
2011 068 09:22:41,BUrl
2011 068 13:22:56,Clogon
2011 068 13:34:22,CUrl
2011 068 16:34:00,CNologon
2011 069 07:53:00,Blogon
2011 069 07:58:25,BUrl
2011 069 11:03:07,BSendEmail
2011 069 11:49:44,BUrl
2011 069 12:06:44,CUrl
2011 069 13:08:46,Clogon
2011 069 14:47:15,CUrl
2011 069 16:31:00,CNologon
2011 070 07:43:00,Blogon
2011 070 07:44:31,BUrl
2011 070 11:46:31,Blogon
2011 070 12:15:07,CUrl
2011 070 12:40:32,CSendEmail
2011 070 13:05:48,CUrl
2011 070 16:41:00,CNologon
2011 073 07:59:00,Blogon
2011 073 08:06:00,BUrl
2011 073 13:35:47,Clogon
2011 073 14:11:57,CUrl
2011 073 16:39:14,CSendEmail
2011 073 16:39:36,CUrl
2011 073 16:41:00,CNologon
2011 074 07:36:00,Blogon
2011 074 08:03:56,BUrl
2011 074 09:57:09,BSendEmail
2011 074 10:09:14,BUrl
2011 074 12:36:49,CUrl
2011 074 16:45:00,CNologon
2011 075 07:58:00,Blogon
2011 075 08:08:31,BUrl
2011 075 13:28:57,Clogon
2011 075 13:30:13,CUrl
2011 075 14:28:03,CSendEmail
2011 075 14:32:08,CUrl
2011 075 16:34:00,CNologon
2011 076 07:32:00,Blogon
2011 076 08:02:27,BUrl
2011 076 12:31:29,CUrl
2011 076 14:04:18,Clogon
2011 076 14:19:08,CNologon
2011 076 14:38:44,CUrl
2011 076 16:38:16,CSendEmail
2011 076 16:58:00,CNologon
2011 077 07:44:00,Blogon
2011 077 07:52:46,BUrl
2011 077 11:53:44,Blogon
2011 077 12:17:11,CUrl
2011 077 13:57:27,CSendEmail
2011 077 14:05:47,CUrl
2011 077 16:36:00,CNologon
2011 080 07:48:00,Blogon
2011 080 08:29:48,BUrl
2011 080 08:54:31,BSendEmail
2011 080 09:14:58,BUrl
2011 080 11:58:14,Blogon
2011 080 12:01:41,CUrl
2011 080 16:33:00,CNologon
2011 081 07:43:00,Blogon
2011 081 07:45:05,BUrl
2011 081 09:37:02,BSendEmail
2011 081 10:31:19,BUrl
2011 081 12:29:43,Clogon
2011 081 13:24:30,CUrl
2011 081 16:55:00,CNologon
2011 082 07:46:00,Blogon
2011 082 08:05:24,BUrl
2011 082 12:35:30,CSendEmail
2011 082 13:28:56,CUrl
2011 082 17:00:00,CNologon
2011 083 07:55:00,Blogon
2011 083 09:40:26,BUrl
2011 083 11:28:43,Blogon
2011 083 11:39:25,BUrl
2011 083 12:01:06,CUrl
2011 083 15:47:38,CSendEmail
2011 083 16:07:21,CUrl
2011 083 16:38:00,CNologon
2011 084 07:45:00,Blogon
2011 084 08:14:53,BUrl
2011 084 11:07:34,BSendEmail
2011 084 11:15:10,BUrl
2011 084 13:09:06,Clogon
2011 084 15:37:50,CUrl
2011 084 16:58:00,CNologon
2011 087 07:37:00,Blogon
2011 087 07:41:01,BUrl
2011 087 11:19:31,BSendEmail
2011 087 11:24:03,BUrl
2011 087 12:30:31,Clogon
2011 087 12:52:22,CUrl
2011 087 16:52:00,CNologon
2011 088 07:47:00,Blogon
2011 088 09:01:50,BUrl
2011 088 12:08:45,CSendEmail
2011 088 12:22:16,Clogon
2011 088 12:49:59,CUrl
2011 088 16:38:00,CNologon
2011 089 07:31:00,Blogon
2011 089 07:37:38,BUrl
2011 089 12:18:47,CUrl
2011 089 16:36:29,CSendEmail
2011 089 16:37:55,CUrl
2011 089 16:55:00,CNologon
2011 090 07:45:00,Blogon
2011 090 08:07:28,BUrl
2011 090 13:05:24,Clogon
2011 090 13:11:23,CUrl
2011 090 15:15:49,CSendEmail
2011 090 16:01:55,CUrl
2011 090 16:32:00,CNologon
2011 091 07:38:00,Blogon
2011 091 08:17:08,BUrl
2011 091 11:21:48,Blogon
2011 091 12:57:45,CUrl
2011 091 14:58:56,CSendEmail
2011 091 16:07:38,CUrl
2011 091 16:44:00,CNologon
2011 094 07:35:00,Blogon
2011 094 07:42:30,BUrl
2011 094 09:05:16,BSendEmail
2011 094 11:36:09,BUrl
2011 094 12:46:36,CUrl
2011 094 13:48:10,Clogon
2011 094 13:52:02,CNologon
2011 094 14:15:33,CUrl
2011 094 16:56:00,CNologon
2011 095 07:37:00,Blogon
2011 095 07:52:41,BUrl
2011 095 10:09:06,BSendEmail
2011 095 10:15:36,BUrl
2011 095 13:14:01,CUrl
2011 095 16:51:00,CNologon
2011 096 07:37:00,Blogon
2011 096 07:59:22,BUrl
2011 096 13:34:08,Clogon
2011 096 13:36:57,CUrl
2011 096 16:25:34,CSendEmail
2011 096 16:50:57,CUrl
2011 096 16:56:00,CNologon
2011 097 07:31:00,Blogon
2011 097 08:42:22,BUrl
2011 097 13:29:19,Clogon
2011 097 14:00:25,CSendEmail
2011 097 15:15:49,CUrl
2011 097 16:57:00,CNologon
2011 098 07:50:00,Blogon
2011 098 07:59:12,BUrl
2011 098 13:35:13,Clogon
2011 098 13:37:28,CUrl
2011 098 14:18:24,CSendEmail
2011 098 15:28:09,CUrl
2011 098 16:31:00,CNologon
2011 101 07:55:00,Blogon
2011 101 08:02:00,BUrl
2011 101 12:38:17,Clogon
2011 101 14:22:34,CSendEmail
2011 101 15:32:44,CUrl
2011 101 16:32:00,CNologon
2011 102 07:57:00,Blogon
2011 102 08:18:56,BUrl
2011 102 10:25:01,BSendEmail
2011 102 13:25:52,Clogon
2011 102 13:56:57,CUrl
2011 102 16:35:00,CNologon
2011 103 07:35:00,Blogon
2011 103 08:08:36,BUrl
2011 103 08:39:39,BSendEmail
2011 103 08:52:14,BUrl
2011 103 12:32:49,Clogon
2011 103 13:53:01,CUrl
2011 103 16:57:00,CNologon
2011 104 07:52:00,Blogon
2011 104 07:58:47,BUrl
2011 104 12:21:57,CUrl
2011 104 13:05:19,Clogon
2011 104 13:09:23,CUrl
2011 104 14:37:29,CSendEmail
2011 104 16:25:32,CUrl
2011 104 16:53:00,CNologon
2011 105 07:58:00,Blogon
2011 105 08:16:07,BUrl
2011 105 13:39:17,Clogon
2011 105 14:26:47,CUrl
2011 105 15:37:23,CSendEmail
2011 105 15:59:54,CUrl
2011 105 16:32:00,CNologon
2011 108 07:59:00,Blogon
2011 108 08:44:29,BUrl
2011 108 13:38:05,Clogon
2011 108 13:40:58,CUrl
2011 108 15:38:28,CSendEmail
2011 108 16:55:00,CNologon
2011 109 07:52:00,Blogon
2011 109 08:02:26,BUrl
2011 109 12:18:08,Clogon
2011 109 12:26:30,CUrl
2011 109 12:49:58,CSendEmail
2011 109 13:26:47,CUrl
2011 109 16:41:00,CNologon
2011 110 07:30:00,Blogon
2011 110 07:38:18,BSendEmail
2011 110 07:39:53,BUrl
2011 110 12:38:45,Clogon
2011 110 13:28:39,CUrl
2011 110 16:48:00,CNologon
2011 111 07:49:00,Blogon
2011 111 08:37:41,BUrl
2011 111 11:27:50,Blogon
2011 111 11:31:29,BUrl
2011 111 12:08:02,CUrl
2011 111 13:41:04,CSendEmail
2011 111 16:24:48,CUrl
2011 111 16:37:00,CNologon
2011 115 07:55:00,Blogon
2011 115 08:56:41,BUrl
2011 115 13:31:10,Clogon
2011 115 13:37:41,CSendEmail
2011 115 13:39:39,CUrl
2011 115 16:35:00,CNologon
2011 116 07:40:00,Blogon
2011 116 07:54:02,BUrl
2011 116 10:40:32,Blogon
2011 116 10:52:14,BUrl
2011 116 11:34:45,BSendEmail
2011 116 11:35:31,BUrl
2011 116 13:12:10,CUrl
2011 116 16:51:00,CNologon
2011 117 07:44:00,Blogon
2011 117 08:22:17,BUrl
2011 117 11:02:35,Blogon
2011 117 11:24:50,BUrl
2011 117 12:03:56,CUrl
2011 117 15:23:40,CSendEmail
2011 117 15:59:45,CUrl
2011 117 16:53:00,CNologon
2011 118 07:39:00,Blogon
2011 118 07:49:09,BUrl
2011 118 08:40:24,BSendEmail
2011 118 11:28:30,Blogon
2011 118 11:31:17,BUrl
2011 118 12:53:47,CUrl
2011 118 16:33:00,CNologon
2011 119 07:45:00,Blogon
2011 119 07:48:07,BUrl
2011 119 09:47:41,BSendEmail
2011 119 13:44:40,Clogon
2011 119 14:03:33,CUrl
2011 119 16:45:00,CNologon
2011 122 07:52:00,Blogon
2011 122 08:09:29,BUrl
2011 122 09:17:58,BSendEmail
2011 122 12:43:05,Clogon
2011 122 13:30:19,CUrl
2011 122 16:43:00,CNologon
2011 123 07:49:00,Blogon
2011 123 08:02:22,BUrl
2011 123 12:02:31,CUrl
2011 123 13:46:36,Clogon
2011 123 14:12:59,CUrl
2011 123 14:33:13,CSendEmail
2011 123 16:02:49,CUrl
2011 123 16:38:00,CNologon
2011 124 07:34:00,Blogon
2011 124 07:35:45,BUrl
2011 124 09:49:36,Blogon
2011 124 11:27:18,BUrl
2011 124 12:44:45,CUrl
2011 124 16:52:17,CSendEmail
2011 124 16:55:00,CNologon
2011 125 07:30:00,Blogon
2011 125 07:36:38,BUrl
2011 125 11:22:20,Blogon
2011 125 11:30:20,BUrl
2011 125 13:13:37,CUrl
2011 125 16:17:27,CSendEmail
2011 125 16:19:37,CUrl
2011 125 16:52:00,CNologon
2011 126 07:50:00,Blogon
2011 126 07:58:03,BUrl
2011 126 12:04:29,Clogon
2011 126 15:22:58,CUrl
2011 126 15:46:51,CSendEmail
2011 126 15:59:19,CUrl
2011 126 16:36:00,CNologon
2011 129 07:46:00,Blogon
2011 129 08:00:26,BUrl
2011 129 10:10:19,BSendEmail
2011 129 10:11:17,BUrl
2011 129 13:07:59,Clogon
2011 129 13:45:21,CUrl
2011 129 16:40:00,CNologon
2011 130 07:32:00,Blogon
2011 130 07:49:14,BUrl
2011 130 11:36:22,Blogon
2011 130 12:53:20,CSendEmail
2011 130 13:23:34,CUrl
2011 130 16:50:00,CNologon
2011 131 07:53:00,Blogon
2011 131 08:00:12,BUrl
2011 131 12:53:27,Clogon
2011 131 13:51:01,CUrl
2011 131 15:17:45,CSendEmail
2011 131 15:18:56,CUrl
2011 131 16:53:00,CNologon
2011 132 07:33:00,Blogon
2011 132 08:17:02,BUrl
2011 132 08:28:12,BSendEmail
2011 132 08:46:55,BUrl
2011 132 10:29:00,Blogon
2011 132 10:30:04,BNologon
2011 132 12:10:07,Clogon
2011 132 15:10:53,CUrl
2011 132 16:31:00,CNologon
2011 133 07:30:00,Blogon
2011 133 08:24:28,BUrl
2011 133 11:09:53,Blogon
2011 133 11:18:42,BUrl
2011 133 13:23:11,CUrl
2011 133 14:31:10,CSendEmail
2011 133 15:08:12,CUrl
2011 133 16:43:00,CNologon
2011 136 07:37:00,Blogon
2011 136 07:46:37,BUrl
2011 136 09:48:06,BSendEmail
2011 136 10:39:25,BUrl
2011 136 12:05:47,CUrl
2011 136 13:29:08,Clogon
2011 136 14:44:39,CUrl
2011 136 16:39:00,CNologon
