2010 004 07:05:00,Blogon
2010 004 07:06:40,BUrl
2010 004 08:57:43,BSendEmail
2010 004 09:21:08,BUrl
2010 004 12:22:43,CUrl
2010 004 13:08:28,CSendEmail
2010 004 13:13:17,CUrl
2010 004 17:50:44,CSendEmail
2010 004 18:01:26,DUrl
2010 004 18:25:00,DNologon
2010 005 07:22:00,Blogon
2010 005 07:23:58,BUrl
2010 005 08:24:20,BSendEmail
2010 005 08:45:14,BUrl
2010 005 09:51:50,BSendEmail
2010 005 10:11:48,BUrl
2010 005 10:44:30,BSendEmail
2010 005 10:55:14,BUrl
2010 005 12:47:04,CUrl
2010 005 18:02:00,DNologon
2010 006 07:27:00,Blogon
2010 006 07:31:52,BUrl
2010 006 09:39:58,BSendEmail
2010 006 09:50:50,BUrl
2010 006 12:02:52,CUrl
2010 006 15:35:35,CSendEmail
2010 006 15:35:59,CSendEmail
2010 006 16:30:17,CUrl
2010 006 18:20:00,DNologon
2010 007 07:28:00,Blogon
2010 007 07:39:46,BUrl
2010 007 11:01:52,BSendEmail
2010 007 11:35:32,BUrl
2010 007 12:34:05,CUrl
2010 007 12:41:41,CSendEmail
2010 007 12:46:04,CSendEmail
2010 007 13:40:32,CUrl
2010 007 18:00:00,DNologon
2010 008 07:19:00,Blogon
2010 008 07:24:27,BUrl
2010 008 08:46:10,BSendEmail
2010 008 08:51:37,BUrl
2010 008 12:29:09,CUrl
2010 008 16:09:35,CSendEmail
2010 008 16:12:35,CSendEmail
2010 008 16:18:14,CUrl
2010 008 18:05:16,DUrl
2010 008 18:29:00,DNologon
2010 011 07:02:00,Blogon
2010 011 07:08:23,BUrl
2010 011 09:57:09,BSendEmail
2010 011 10:15:06,BSendEmail
2010 011 10:22:28,BSendEmail
2010 011 10:26:17,BUrl
2010 011 12:06:34,CUrl
2010 011 18:19:00,DNologon
2010 012 07:04:00,Blogon
2010 012 07:28:49,BUrl
2010 012 12:00:10,CUrl
2010 012 16:23:58,CSendEmail
2010 012 16:32:57,CSendEmail
2010 012 16:38:10,CSendEmail
2010 012 17:14:48,CUrl
2010 012 18:14:25,DUrl
2010 012 18:16:00,DNologon
2010 013 07:18:00,Blogon
2010 013 07:26:20,BUrl
2010 013 12:00:07,CUrl
2010 013 15:55:31,CSendEmail
2010 013 15:57:21,CUrl
2010 013 16:49:54,CSendEmail
2010 013 16:51:03,CUrl
2010 013 17:28:09,CSendEmail
2010 013 17:49:12,CUrl
2010 013 18:04:00,DNologon
2010 014 07:00:00,Blogon
2010 014 07:02:04,BUrl
2010 014 11:53:32,BSendEmail
2010 014 12:15:35,CSendEmail
2010 014 12:24:04,CSendEmail
2010 014 13:04:39,CUrl
2010 014 18:16:00,DNologon
2010 015 07:17:00,Blogon
2010 015 07:22:01,BSendEmail
2010 015 07:25:03,BSendEmail
2010 015 07:30:52,BUrl
2010 015 09:58:28,BSendEmail
2010 015 10:07:23,BUrl
2010 015 12:14:01,CUrl
2010 015 18:01:06,DUrl
2010 015 18:09:00,DNologon
2010 018 07:04:00,Blogon
2010 018 07:05:06,BSendEmail
2010 018 07:10:55,BUrl
2010 018 07:15:48,BSendEmail
2010 018 09:00:42,BUrl
2010 018 12:30:32,CUrl
2010 018 17:46:35,CSendEmail
2010 018 18:05:00,DNologon
2010 019 07:12:00,Blogon
2010 019 07:28:31,BUrl
2010 019 12:06:15,CUrl
2010 019 12:27:02,CSendEmail
2010 019 12:40:07,CUrl
2010 019 12:41:12,CSendEmail
2010 019 12:55:37,CUrl
2010 019 13:11:04,CSendEmail
2010 019 13:12:44,CUrl
2010 019 18:11:36,DUrl
2010 019 18:21:00,DNologon
2010 020 07:29:00,Blogon
2010 020 07:32:41,BUrl
2010 020 08:43:27,BSendEmail
2010 020 08:49:26,BUrl
2010 020 12:25:46,CUrl
2010 020 13:20:36,CSendEmail
2010 020 13:21:40,CUrl
2010 020 16:22:51,CSendEmail
2010 020 16:24:16,CUrl
2010 020 18:04:00,DNologon
2010 021 07:20:00,Blogon
2010 021 07:31:10,BUrl
2010 021 10:06:06,BSendEmail
2010 021 10:11:48,BUrl
2010 021 12:23:30,CUrl
2010 021 14:50:51,CSendEmail
2010 021 14:50:55,CSendEmail
2010 021 14:55:45,CUrl
2010 021 18:04:03,DUrl
2010 021 18:10:00,DNologon
2010 022 07:14:00,Blogon
2010 022 07:32:51,BUrl
2010 022 12:25:07,CUrl
2010 022 13:31:09,CSendEmail
2010 022 13:52:41,CUrl
2010 022 15:58:51,CSendEmail
2010 022 16:01:17,CSendEmail
2010 022 16:08:45,CUrl
2010 022 18:17:39,DUrl
2010 022 18:20:00,DNologon
2010 025 07:01:00,Blogon
2010 025 07:03:02,BUrl
2010 025 08:52:10,BSendEmail
2010 025 08:52:56,BSendEmail
2010 025 09:18:59,BUrl
2010 025 10:21:15,BSendEmail
2010 025 10:36:43,BUrl
2010 025 12:18:05,CUrl
2010 025 18:00:08,DUrl
2010 025 18:25:00,DNologon
2010 026 07:29:00,Blogon
2010 026 07:32:00,BUrl
2010 026 07:38:56,BSendEmail
2010 026 07:39:22,BUrl
2010 026 11:47:29,BSendEmail
2010 026 12:15:06,CUrl
2010 026 13:37:23,CSendEmail
2010 026 13:38:58,CUrl
2010 026 18:05:39,DUrl
2010 026 18:08:00,DNologon
2010 027 07:00:00,Blogon
2010 027 07:19:36,BUrl
2010 027 10:19:09,BSendEmail
2010 027 10:21:56,BUrl
2010 027 10:35:19,BSendEmail
2010 027 10:53:06,BSendEmail
2010 027 11:08:51,BUrl
2010 027 13:07:26,CUrl
2010 027 18:00:04,DUrl
2010 027 18:27:00,DNologon
2010 028 07:17:00,Blogon
2010 028 07:19:05,BUrl
2010 028 09:31:37,BSendEmail
2010 028 09:34:35,BUrl
2010 028 09:35:04,BSendEmail
2010 028 09:46:46,BSendEmail
2010 028 10:12:14,BUrl
2010 028 12:31:06,CUrl
2010 028 18:02:25,DUrl
2010 028 18:28:00,DNologon
2010 029 07:23:00,Blogon
2010 029 07:39:13,BUrl
2010 029 08:58:16,BSendEmail
2010 029 08:59:57,BUrl
2010 029 12:33:54,CUrl
2010 029 12:48:35,CSendEmail
2010 029 12:51:22,CUrl
2010 029 13:00:47,CSendEmail
2010 029 13:28:51,CUrl
2010 029 18:09:00,DNologon
2010 032 07:21:00,Blogon
2010 032 07:29:31,BUrl
2010 032 07:54:16,BSendEmail
2010 032 08:11:54,BUrl
2010 032 12:10:50,CUrl
2010 032 12:43:18,CSendEmail
2010 032 13:34:37,CUrl
2010 032 14:14:15,CSendEmail
2010 032 14:19:38,CUrl
2010 032 18:10:00,DNologon
2010 033 07:22:00,Blogon
2010 033 07:57:48,BUrl
2010 033 12:32:48,CUrl
2010 033 13:27:06,CSendEmail
2010 033 13:42:11,CSendEmail
2010 033 13:43:53,CUrl
2010 033 13:50:14,CSendEmail
2010 033 14:09:51,CUrl
2010 033 18:00:00,DNologon
2010 034 07:26:00,Blogon
2010 034 07:33:36,BUrl
2010 034 12:13:51,CUrl
2010 034 17:05:59,CSendEmail
2010 034 17:06:54,CSendEmail
2010 034 17:20:51,CUrl
2010 034 17:51:08,CSendEmail
2010 034 18:11:00,DUrl
2010 034 18:13:00,DNologon
2010 035 07:29:00,Blogon
2010 035 07:36:46,BSendEmail
2010 035 07:38:16,BSendEmail
2010 035 07:39:35,BUrl
2010 035 07:49:45,BSendEmail
2010 035 08:12:54,BUrl
2010 035 12:14:56,CUrl
2010 035 18:12:00,DNologon
2010 036 07:03:00,Blogon
2010 036 07:05:01,BUrl
2010 036 10:18:58,BSendEmail
2010 036 10:21:24,BSendEmail
2010 036 10:22:20,BUrl
2010 036 10:23:51,BSendEmail
2010 036 10:30:58,BUrl
2010 036 12:09:56,CUrl
2010 036 18:07:00,DNologon
2010 039 07:21:00,Blogon
2010 039 08:16:57,BUrl
2010 039 12:03:37,CUrl
2010 039 13:18:10,CSendEmail
2010 039 13:45:51,CUrl
2010 039 14:48:18,CSendEmail
2010 039 15:07:09,CUrl
2010 039 15:56:27,CSendEmail
2010 039 16:12:30,CUrl
2010 039 18:26:00,DNologon
2010 040 07:18:00,Blogon
2010 040 07:20:40,BUrl
2010 040 08:35:31,BSendEmail
2010 040 08:43:41,BUrl
2010 040 09:03:06,BSendEmail
2010 040 09:07:14,BUrl
2010 040 09:10:48,BSendEmail
2010 040 09:18:52,BUrl
2010 040 12:38:34,CUrl
2010 040 18:01:00,DNologon
2010 041 07:21:00,Blogon
2010 041 07:35:50,BUrl
2010 041 12:05:06,CUrl
2010 041 17:54:02,CSendEmail
2010 041 17:56:10,CSendEmail
2010 041 17:56:42,CUrl
2010 041 17:57:14,CSendEmail
2010 041 18:03:00,DNologon
2010 042 07:25:00,Blogon
2010 042 07:28:24,BUrl
2010 042 10:11:50,BSendEmail
2010 042 10:59:19,BUrl
2010 042 12:00:21,CUrl
2010 042 14:34:16,CSendEmail
2010 042 14:34:58,CSendEmail
2010 042 14:50:59,CUrl
2010 042 18:05:00,DNologon
2010 043 07:23:00,Blogon
2010 043 07:33:05,BUrl
2010 043 12:33:35,CUrl
2010 043 16:41:15,CSendEmail
2010 043 17:00:13,CSendEmail
2010 043 17:06:44,CSendEmail
2010 043 17:08:20,CUrl
2010 043 18:00:26,DUrl
2010 043 18:08:00,DNologon
2010 046 07:08:00,Blogon
2010 046 07:09:43,BUrl
2010 046 12:02:51,CUrl
2010 046 14:07:48,CSendEmail
2010 046 14:08:33,CSendEmail
2010 046 14:16:01,CUrl
2010 046 14:25:48,CSendEmail
2010 046 14:41:41,CUrl
2010 046 18:13:37,DUrl
2010 046 18:26:00,DNologon
2010 047 07:21:00,Blogon
2010 047 07:37:57,BUrl
2010 047 09:15:54,BSendEmail
2010 047 09:16:07,BSendEmail
2010 047 09:20:26,BUrl
2010 047 09:27:36,BSendEmail
2010 047 09:33:09,BUrl
2010 047 13:56:54,CUrl
2010 047 18:09:00,DNologon
2010 048 07:05:00,Blogon
2010 048 07:27:01,BUrl
2010 048 10:25:53,BSendEmail
2010 048 10:26:02,BUrl
2010 048 10:26:15,BSendEmail
2010 048 10:29:08,BUrl
2010 048 12:09:51,CUrl
2010 048 16:23:43,CSendEmail
2010 048 17:02:24,CUrl
2010 048 18:08:14,DUrl
2010 048 18:22:00,DNologon
2010 049 07:28:00,Blogon
2010 049 07:32:38,BUrl
2010 049 07:58:36,BSendEmail
2010 049 08:03:10,BSendEmail
2010 049 08:12:08,BUrl
2010 049 11:11:48,BSendEmail
2010 049 11:34:54,BUrl
2010 049 12:37:38,CUrl
2010 049 18:10:21,DUrl
2010 049 18:28:00,DNologon
2010 050 07:14:00,Blogon
2010 050 08:16:08,BUrl
2010 050 09:53:54,BSendEmail
2010 050 09:56:22,BSendEmail
2010 050 10:01:02,BUrl
2010 050 12:22:22,CUrl
2010 050 15:40:52,CSendEmail
2010 050 15:42:54,CUrl
2010 050 18:21:07,DUrl
2010 050 18:23:00,DNologon
2010 053 07:01:00,Blogon
2010 053 07:19:43,BUrl
2010 053 11:36:39,BSendEmail
2010 053 11:59:16,BUrl
2010 053 12:09:50,CSendEmail
2010 053 12:11:01,CSendEmail
2010 053 12:49:13,CUrl
2010 053 18:16:00,DNologon
2010 054 07:00:00,Blogon
2010 054 07:12:31,BUrl
2010 054 08:08:11,BSendEmail
2010 054 08:23:48,BUrl
2010 054 09:16:54,BSendEmail
2010 054 09:25:55,BUrl
2010 054 10:58:03,BSendEmail
2010 054 11:26:46,BUrl
2010 054 12:03:31,CUrl
2010 054 18:27:00,DNologon
2010 055 07:17:00,Blogon
2010 055 07:23:50,BUrl
2010 055 08:54:28,BSendEmail
2010 055 08:55:51,BUrl
2010 055 11:53:46,BSendEmail
2010 055 12:47:41,CUrl
2010 055 16:52:08,CSendEmail
2010 055 16:52:32,CUrl
2010 055 18:00:14,DUrl
2010 055 18:13:00,DNologon
2010 056 07:30:00,Blogon
2010 056 07:41:30,BUrl
2010 056 09:55:11,BSendEmail
2010 056 10:22:03,BUrl
2010 056 12:10:13,CUrl
2010 056 12:27:39,CSendEmail
2010 056 12:30:22,CSendEmail
2010 056 12:36:31,CUrl
2010 056 18:09:00,DNologon
2010 057 07:03:00,Blogon
2010 057 07:45:54,BUrl
2010 057 10:03:14,BSendEmail
2010 057 10:09:13,BSendEmail
2010 057 10:10:58,BSendEmail
2010 057 10:23:53,BUrl
2010 057 12:34:05,CUrl
2010 057 18:15:28,DUrl
2010 057 18:29:00,DNologon
2010 060 07:07:00,Blogon
2010 060 07:09:16,BUrl
2010 060 07:11:48,BSendEmail
2010 060 07:12:19,BUrl
2010 060 07:20:14,BSendEmail
2010 060 07:33:30,BUrl
2010 060 09:45:50,BSendEmail
2010 060 10:56:06,BUrl
2010 060 13:50:44,CUrl
2010 060 18:20:29,DUrl
2010 060 18:30:00,DNologon
2010 061 07:26:00,Blogon
2010 061 07:28:37,BUrl
2010 061 10:01:43,BSendEmail
2010 061 10:04:50,BSendEmail
2010 061 10:26:37,BUrl
2010 061 12:00:29,CUrl
2010 061 16:23:28,CSendEmail
2010 061 16:26:45,CUrl
2010 061 18:14:00,DNologon
2010 062 07:29:00,Blogon
2010 062 07:34:19,BUrl
2010 062 12:45:32,CUrl
2010 062 16:17:41,CSendEmail
2010 062 16:31:45,CSendEmail
2010 062 17:21:12,CSendEmail
2010 062 17:27:56,CUrl
2010 062 18:09:00,DNologon
2010 063 07:25:00,Blogon
2010 063 07:58:04,BUrl
2010 063 08:51:35,BSendEmail
2010 063 09:40:39,BUrl
2010 063 12:01:42,CUrl
2010 063 17:06:24,CSendEmail
2010 063 17:08:05,CSendEmail
2010 063 17:20:48,CUrl
2010 063 18:23:00,DNologon
2010 064 07:21:00,Blogon
2010 064 07:23:25,BSendEmail
2010 064 07:59:47,BUrl
2010 064 09:05:59,BSendEmail
2010 064 09:31:56,BUrl
2010 064 12:23:20,CUrl
2010 064 13:12:30,CSendEmail
2010 064 13:12:32,CUrl
2010 064 18:07:00,DNologon
2010 067 07:22:00,Blogon
2010 067 07:33:07,BUrl
2010 067 08:52:56,BSendEmail
2010 067 09:10:26,BUrl
2010 067 09:15:47,BSendEmail
2010 067 09:33:42,BUrl
2010 067 09:39:32,BSendEmail
2010 067 09:43:56,BUrl
2010 067 12:57:47,CUrl
2010 067 18:02:00,DNologon
2010 068 07:12:00,Blogon
2010 068 07:15:58,BUrl
2010 068 08:49:32,BSendEmail
2010 068 08:56:57,BUrl
2010 068 12:42:31,CUrl
2010 068 14:55:09,CSendEmail
2010 068 14:59:23,CUrl
2010 068 15:09:53,CSendEmail
2010 068 16:02:21,CUrl
2010 068 18:01:58,DUrl
2010 068 18:25:00,DNologon
2010 069 07:11:00,Blogon
2010 069 08:09:07,BUrl
2010 069 10:25:02,BSendEmail
2010 069 10:35:14,BSendEmail
2010 069 10:41:58,BUrl
2010 069 12:06:38,CUrl
2010 069 17:41:21,CSendEmail
2010 069 18:03:52,DUrl
2010 069 18:21:00,DNologon
2010 070 07:10:00,Blogon
2010 070 07:11:23,BSendEmail
2010 070 07:19:37,BUrl
2010 070 12:30:49,CUrl
2010 070 15:06:19,CSendEmail
2010 070 15:17:22,CUrl
2010 070 16:06:14,CSendEmail
2010 070 16:12:14,CUrl
2010 070 18:12:00,DNologon
2010 071 07:05:00,Blogon
2010 071 08:28:39,BUrl
2010 071 09:28:57,BSendEmail
2010 071 09:43:56,BUrl
2010 071 12:00:07,CUrl
2010 071 13:46:47,CSendEmail
2010 071 13:51:23,CSendEmail
2010 071 13:53:30,CUrl
2010 071 18:24:00,DUrl
2010 071 18:26:00,DNologon
2010 074 07:12:00,Blogon
2010 074 07:13:33,BUrl
2010 074 12:04:56,CSendEmail
2010 074 12:06:41,CSendEmail
2010 074 12:47:54,CUrl
2010 074 16:39:26,CSendEmail
2010 074 17:06:19,CUrl
2010 074 18:30:00,DNologon
2010 075 07:30:00,Blogon
2010 075 08:13:27,BUrl
2010 075 13:32:05,CUrl
2010 075 14:23:46,CSendEmail
2010 075 14:34:55,CUrl
2010 075 16:12:42,CSendEmail
2010 075 16:13:53,CSendEmail
2010 075 16:50:42,CUrl
2010 075 18:12:32,DUrl
2010 075 18:20:00,DNologon
2010 076 07:30:00,Blogon
2010 076 07:44:39,BUrl
2010 076 12:03:44,CUrl
2010 076 18:08:00,DNologon
2010 077 07:15:00,Blogon
2010 077 07:38:35,BUrl
2010 077 09:46:46,BSendEmail
2010 077 10:33:03,BUrl
2010 077 12:11:59,CUrl
2010 077 16:32:38,CSendEmail
2010 077 16:44:09,CUrl
2010 077 17:35:25,CSendEmail
2010 077 17:45:00,CUrl
2010 077 18:10:32,DUrl
2010 077 18:18:00,DNologon
2010 078 07:15:00,Blogon
2010 078 07:19:49,BUrl
2010 078 12:23:22,CUrl
2010 078 12:31:24,CSendEmail
2010 078 12:31:27,CUrl
2010 078 12:31:42,CSendEmail
2010 078 12:33:29,CUrl
2010 078 12:45:30,CSendEmail
2010 078 12:51:52,CUrl
2010 078 18:06:48,DUrl
2010 078 18:14:00,DNologon
2010 081 07:06:00,Blogon
2010 081 07:19:13,BSendEmail
2010 081 07:25:47,BSendEmail
2010 081 07:28:39,BUrl
2010 081 09:12:59,BSendEmail
2010 081 09:28:22,BUrl
2010 081 12:56:49,CUrl
2010 081 18:20:21,DUrl
2010 081 18:29:00,DNologon
2010 082 07:22:00,Blogon
2010 082 07:29:10,BUrl
2010 082 12:08:21,CUrl
2010 082 15:07:12,CSendEmail
2010 082 15:19:56,CUrl
2010 082 15:23:13,CSendEmail
2010 082 15:27:00,CSendEmail
2010 082 15:35:23,CUrl
2010 082 18:02:59,DUrl
2010 082 18:15:00,DNologon
2010 083 07:06:00,Blogon
2010 083 07:22:28,BUrl
2010 083 09:30:53,BSendEmail
2010 083 09:41:39,BUrl
2010 083 11:09:34,BSendEmail
2010 083 11:11:58,BSendEmail
2010 083 12:09:32,CUrl
2010 083 18:15:00,DNologon
2010 084 07:17:00,Blogon
2010 084 07:18:16,BUrl
2010 084 11:56:44,BSendEmail
2010 084 11:58:27,BSendEmail
2010 084 12:00:16,CSendEmail
2010 084 13:37:39,CUrl
2010 084 18:06:48,DUrl
2010 084 18:11:00,DNologon
2010 085 07:08:00,Blogon
2010 085 07:24:44,BSendEmail
2010 085 07:41:39,BSendEmail
2010 085 07:45:15,BUrl
2010 085 08:35:54,BSendEmail
2010 085 08:41:59,BUrl
2010 085 12:12:19,CUrl
2010 085 18:04:00,DNologon
2010 088 07:05:00,Blogon
2010 088 07:19:04,BUrl
2010 088 08:10:34,BSendEmail
2010 088 09:44:35,BUrl
2010 088 12:30:21,CUrl
2010 088 13:06:46,CSendEmail
2010 088 13:30:02,CUrl
2010 088 14:09:04,CSendEmail
2010 088 14:11:18,CUrl
2010 088 18:08:32,DUrl
2010 088 18:20:00,DNologon
2010 089 07:20:00,Blogon
2010 089 07:37:17,BUrl
2010 089 10:19:11,BSendEmail
2010 089 10:20:38,BSendEmail
2010 089 10:23:18,BSendEmail
2010 089 11:30:43,BUrl
2010 089 13:26:46,CUrl
2010 089 18:00:47,DUrl
2010 089 18:17:00,DNologon
2010 090 07:09:00,Blogon
2010 090 07:33:51,BUrl
2010 090 12:03:23,CUrl
2010 090 15:11:45,CSendEmail
2010 090 15:12:18,CSendEmail
2010 090 15:13:23,CSendEmail
2010 090 15:26:36,CUrl
2010 090 18:20:00,DNologon
2010 091 07:07:00,Blogon
2010 091 07:08:28,BUrl
2010 091 12:05:35,CUrl
2010 091 14:35:29,CSendEmail
2010 091 14:36:33,CUrl
2010 091 15:44:47,CSendEmail
2010 091 15:55:16,CUrl
2010 091 18:16:42,DUrl
2010 091 18:24:00,DNologon
2010 095 07:06:00,Blogon
2010 095 07:23:04,BUrl
2010 095 08:20:05,BSendEmail
2010 095 08:29:10,BUrl
2010 095 09:00:47,BSendEmail
2010 095 09:21:38,BUrl
2010 095 12:46:35,CUrl
2010 095 17:43:53,CSendEmail
2010 095 18:02:26,DUrl
2010 095 18:19:00,DNologon
2010 096 07:14:00,Blogon
2010 096 07:27:50,BUrl
2010 096 10:10:50,BSendEmail
2010 096 10:16:28,BUrl
2010 096 10:23:52,BSendEmail
2010 096 10:25:12,BUrl
2010 096 10:31:00,BSendEmail
2010 096 10:48:32,BUrl
2010 096 12:58:13,CUrl
2010 096 18:11:10,DUrl
2010 096 18:27:00,DNologon
2010 097 07:01:00,Blogon
2010 097 07:03:51,BUrl
2010 097 09:06:19,BSendEmail
2010 097 09:26:44,BUrl
2010 097 12:39:39,CUrl
2010 097 13:18:15,CSendEmail
2010 097 13:35:05,CUrl
2010 097 13:39:36,CSendEmail
2010 097 14:32:25,CUrl
2010 097 18:15:53,DUrl
2010 097 18:27:00,DNologon
2010 098 07:16:00,Blogon
2010 098 07:36:15,BUrl
2010 098 12:05:02,CUrl
2010 098 12:05:38,CSendEmail
2010 098 12:05:57,CUrl
2010 098 18:00:03,DSendEmail
2010 098 18:00:10,DUrl
2010 098 18:00:50,DSendEmail
2010 098 18:02:00,DNologon
2010 099 07:03:00,Blogon
2010 099 07:07:41,BUrl
2010 099 08:36:44,BSendEmail
2010 099 08:51:06,BUrl
2010 099 10:16:37,BSendEmail
2010 099 10:23:36,BUrl
2010 099 12:03:16,CUrl
2010 099 17:59:57,CSendEmail
2010 099 18:12:31,DUrl
2010 099 18:15:00,DNologon
2010 102 07:07:00,Blogon
2010 102 07:11:03,BUrl
2010 102 13:37:41,CUrl
2010 102 16:06:59,CSendEmail
2010 102 16:07:05,CSendEmail
2010 102 16:42:30,CUrl
2010 102 18:00:05,DUrl
2010 102 18:24:00,DNologon
2010 103 07:01:00,Blogon
2010 103 07:10:12,BUrl
2010 103 09:12:37,BSendEmail
2010 103 09:14:35,BSendEmail
2010 103 09:15:56,BUrl
2010 103 10:43:15,BSendEmail
2010 103 11:14:20,BUrl
2010 103 13:15:18,CUrl
2010 103 18:02:10,DUrl
2010 103 18:15:00,DNologon
2010 104 07:12:00,Blogon
2010 104 07:21:37,BUrl
2010 104 09:11:45,BSendEmail
2010 104 09:11:47,BSendEmail
2010 104 09:41:04,BUrl
2010 104 12:47:24,CUrl
2010 104 18:11:06,DUrl
2010 104 18:27:00,DNologon
2010 105 07:18:00,Blogon
2010 105 07:19:47,BUrl
2010 105 12:34:25,CUrl
2010 105 16:04:06,CSendEmail
2010 105 16:24:08,CUrl
2010 105 16:59:01,CSendEmail
2010 105 17:09:01,CSendEmail
2010 105 17:21:10,CUrl
2010 105 18:10:45,DUrl
2010 105 18:14:00,DNologon
2010 106 07:09:00,Blogon
2010 106 07:49:56,BSendEmail
2010 106 08:02:49,BSendEmail
2010 106 08:04:15,BUrl
2010 106 08:05:15,BSendEmail
2010 106 08:09:42,BUrl
2010 106 12:00:18,CUrl
2010 106 18:22:00,DNologon
2010 109 07:00:00,Blogon
2010 109 07:03:08,BUrl
2010 109 12:28:52,CUrl
2010 109 14:21:15,CSendEmail
2010 109 14:37:32,CSendEmail
2010 109 14:44:52,CSendEmail
2010 109 15:06:53,CUrl
2010 109 18:08:06,DUrl
2010 109 18:25:00,DNologon
2010 110 07:12:00,Blogon
2010 110 07:18:35,BUrl
2010 110 07:27:34,BSendEmail
2010 110 07:32:26,BUrl
2010 110 12:00:32,CUrl
2010 110 12:35:55,CSendEmail
2010 110 12:37:54,CUrl
2010 110 14:20:14,CSendEmail
2010 110 15:02:27,CUrl
2010 110 18:09:02,DUrl
2010 110 18:19:00,DNologon
2010 111 07:01:00,Blogon
2010 111 08:05:33,BUrl
2010 111 12:12:30,CUrl
2010 111 15:12:44,CSendEmail
2010 111 15:13:21,CUrl
2010 111 15:16:08,CSendEmail
2010 111 15:22:57,CUrl
2010 111 18:14:59,DUrl
2010 111 18:16:00,DNologon
2010 112 07:07:00,Blogon
2010 112 07:29:23,BSendEmail
2010 112 07:38:32,BSendEmail
2010 112 08:44:48,BUrl
2010 112 09:59:55,BSendEmail
2010 112 10:03:44,BUrl
2010 112 18:05:00,DNologon
2010 113 07:22:00,Blogon
2010 113 08:45:26,BUrl
2010 113 10:59:55,BSendEmail
2010 113 11:05:15,BSendEmail
2010 113 11:33:43,BUrl
2010 113 12:06:36,CUrl
2010 113 14:37:07,CSendEmail
2010 113 14:42:20,CUrl
2010 113 18:07:00,DNologon
2010 116 07:16:00,Blogon
2010 116 07:24:05,BUrl
2010 116 08:57:00,BSendEmail
2010 116 08:59:58,BSendEmail
2010 116 09:18:08,BUrl
2010 116 12:58:13,CUrl
2010 116 13:00:09,CSendEmail
2010 116 13:04:54,CUrl
2010 116 18:00:00,DNologon
2010 117 07:09:00,Blogon
2010 117 07:26:17,BUrl
2010 117 09:32:07,BSendEmail
2010 117 09:37:39,BUrl
2010 117 12:00:26,CUrl
2010 117 13:53:40,CSendEmail
2010 117 13:55:22,CSendEmail
2010 117 14:15:19,CUrl
2010 117 18:01:30,DUrl
2010 117 18:28:00,DNologon
2010 118 07:07:00,Blogon
2010 118 07:18:37,BUrl
2010 118 12:01:58,CUrl
2010 118 16:48:13,CSendEmail
2010 118 16:48:25,CSendEmail
2010 118 16:48:28,CUrl
2010 118 16:48:29,CSendEmail
2010 118 17:21:17,CUrl
2010 118 18:02:12,DUrl
2010 118 18:15:00,DNologon
2010 119 07:28:00,Blogon
2010 119 07:40:30,BUrl
2010 119 10:34:11,BSendEmail
2010 119 10:45:49,BUrl
2010 119 10:49:38,BSendEmail
2010 119 11:06:46,BSendEmail
2010 119 11:21:25,BUrl
2010 119 12:21:34,CUrl
2010 119 18:02:46,DUrl
2010 119 18:04:00,DNologon
2010 120 07:07:00,Blogon
2010 120 07:26:13,BUrl
2010 120 12:25:31,CUrl
2010 120 17:58:07,CSendEmail
2010 120 18:02:17,DUrl
2010 120 18:07:12,DSendEmail
2010 120 18:11:53,DUrl
2010 120 18:18:46,DSendEmail
2010 120 18:23:00,DNologon
2010 123 07:18:00,Blogon
2010 123 07:32:09,BUrl
2010 123 11:49:02,BSendEmail
2010 123 11:52:11,BUrl
2010 123 11:57:21,BSendEmail
2010 123 12:07:54,CUrl
2010 123 17:11:00,CSendEmail
2010 123 17:29:37,CUrl
2010 123 18:02:00,DNologon
2010 124 07:13:00,Blogon
2010 124 07:39:18,BUrl
2010 124 11:43:27,BSendEmail
2010 124 11:55:06,BUrl
2010 124 12:22:59,CUrl
2010 124 15:19:04,CSendEmail
2010 124 15:25:46,CUrl
2010 124 15:49:49,CSendEmail
2010 124 16:03:54,CUrl
2010 124 18:01:00,DNologon
2010 125 07:19:00,Blogon
2010 125 07:28:09,BUrl
2010 125 12:27:56,CUrl
2010 125 17:05:38,CSendEmail
2010 125 17:22:01,CUrl
2010 125 17:28:09,CSendEmail
2010 125 17:37:23,CSendEmail
2010 125 18:03:47,DUrl
2010 125 18:15:00,DNologon
2010 126 07:22:00,Blogon
2010 126 07:29:52,BUrl
2010 126 12:21:11,CUrl
2010 126 15:07:37,CSendEmail
2010 126 15:11:39,CSendEmail
2010 126 15:28:46,CUrl
2010 126 15:39:45,CSendEmail
2010 126 15:49:43,CUrl
2010 126 18:01:00,DNologon
2010 127 07:05:00,Blogon
2010 127 07:09:05,BUrl
2010 127 08:50:54,BSendEmail
2010 127 09:19:55,BUrl
2010 127 11:26:12,BSendEmail
2010 127 11:44:19,BSendEmail
2010 127 12:07:15,CUrl
2010 127 18:19:00,DNologon
2010 130 07:28:00,Blogon
2010 130 07:36:20,BUrl
2010 130 12:14:12,CUrl
2010 130 14:44:09,CSendEmail
2010 130 15:03:44,CUrl
2010 130 15:48:46,CSendEmail
2010 130 16:04:54,CUrl
2010 130 17:58:37,CSendEmail
2010 130 18:02:00,DNologon
2010 131 07:06:00,Blogon
2010 131 07:29:37,BUrl
2010 131 12:21:07,CUrl
2010 131 16:48:57,CSendEmail
2010 131 16:54:16,CUrl
2010 131 17:18:30,CSendEmail
2010 131 17:19:13,CSendEmail
2010 131 17:34:34,CUrl
2010 131 18:22:30,DUrl
2010 131 18:26:00,DNologon
2010 132 07:07:00,Blogon
2010 132 07:23:18,BUrl
2010 132 09:10:10,BSendEmail
2010 132 09:10:52,BUrl
2010 132 09:15:07,BSendEmail
2010 132 09:21:33,BUrl
2010 132 12:13:38,CUrl
2010 132 18:02:15,DUrl
2010 132 18:16:54,DSendEmail
2010 132 18:23:00,DNologon
2010 133 07:03:00,Blogon
2010 133 07:04:27,BSendEmail
2010 133 07:28:11,BUrl
2010 133 12:26:19,CUrl
2010 133 17:53:11,CSendEmail
2010 133 17:55:24,CUrl
2010 133 18:05:20,DSendEmail
2010 133 18:26:00,DNologon
2010 134 07:09:00,Blogon
2010 134 07:24:18,BUrl
2010 134 08:42:04,BSendEmail
2010 134 08:57:23,BUrl
2010 134 11:40:09,BSendEmail
2010 134 12:08:10,CUrl
2010 134 17:14:39,CSendEmail
2010 134 17:16:21,CUrl
2010 134 18:17:27,DUrl
2010 134 18:29:00,DNologon
2010 137 07:23:00,Blogon
2010 137 07:45:45,BUrl
2010 137 12:25:21,CUrl
2010 137 16:29:05,CSendEmail
2010 137 16:36:33,CSendEmail
2010 137 16:49:33,CUrl
2010 137 16:54:08,CSendEmail
2010 137 17:19:17,CUrl
2010 137 18:12:00,DNologon
2010 138 07:03:00,Blogon
2010 138 07:05:59,BUrl
2010 138 12:39:33,CUrl
2010 138 16:01:10,CSendEmail
2010 138 16:12:18,CSendEmail
2010 138 16:20:16,CSendEmail
2010 138 16:44:58,CUrl
2010 138 18:11:48,DUrl
2010 138 18:17:00,DNologon
2010 139 07:21:00,Blogon
2010 139 07:26:05,BUrl
2010 139 12:17:50,CUrl
2010 139 15:39:57,CSendEmail
2010 139 15:51:27,CUrl
2010 139 16:15:45,CSendEmail
2010 139 16:30:45,CSendEmail
2010 139 17:26:55,CUrl
2010 139 18:14:00,DNologon
2010 140 07:01:00,Blogon
2010 140 07:29:13,BUrl
2010 140 08:52:38,BSendEmail
2010 140 08:55:56,BSendEmail
2010 140 09:09:54,BUrl
2010 140 13:17:22,CUrl
2010 140 15:06:57,CSendEmail
2010 140 17:11:22,CUrl
2010 140 18:18:00,DNologon
2010 141 07:10:00,Blogon
2010 141 07:21:07,BUrl
2010 141 12:09:08,CUrl
2010 141 14:09:05,CSendEmail
2010 141 14:09:16,CUrl
2010 141 15:40:55,CSendEmail
2010 141 15:46:47,CSendEmail
2010 141 15:49:49,CUrl
2010 141 18:05:15,DUrl
2010 141 18:18:00,DNologon
2010 144 07:04:00,Blogon
2010 144 08:41:32,BUrl
2010 144 09:00:21,BSendEmail
2010 144 09:25:11,BUrl
2010 144 12:03:53,CUrl
2010 144 12:23:35,CSendEmail
2010 144 12:41:34,CUrl
2010 144 12:43:35,CSendEmail
2010 144 14:15:44,CUrl
2010 144 18:02:17,DUrl
2010 144 18:15:00,DNologon
2010 145 07:22:00,Blogon
2010 145 07:39:19,BUrl
2010 145 12:02:29,CUrl
2010 145 15:22:44,CSendEmail
2010 145 15:23:32,CUrl
2010 145 16:43:15,CSendEmail
2010 145 16:49:53,CUrl
2010 145 16:57:19,CSendEmail
2010 145 17:17:11,CUrl
2010 145 18:02:00,DNologon
2010 146 07:27:00,Blogon
2010 146 07:43:32,BSendEmail
2010 146 07:51:27,BUrl
2010 146 07:53:08,BSendEmail
2010 146 08:27:01,BUrl
2010 146 12:05:50,CUrl
2010 146 18:02:00,DNologon
2010 147 07:15:00,Blogon
2010 147 07:35:37,BUrl
2010 147 12:20:10,CUrl
2010 147 14:35:28,CSendEmail
2010 147 14:36:23,CUrl
2010 147 14:37:37,CSendEmail
2010 147 14:38:34,CSendEmail
2010 147 15:35:41,CUrl
2010 147 18:11:53,DUrl
2010 147 18:30:00,DNologon
2010 148 07:09:00,Blogon
2010 148 07:10:34,BSendEmail
2010 148 07:10:40,BUrl
2010 148 08:47:50,BSendEmail
2010 148 08:59:06,BUrl
2010 148 09:39:38,BSendEmail
2010 148 09:54:08,BUrl
2010 148 12:11:07,CUrl
2010 148 18:08:10,DUrl
2010 148 18:24:00,DNologon
2010 152 07:02:00,Blogon
2010 152 07:04:21,BUrl
2010 152 08:15:57,BSendEmail
2010 152 08:19:57,BUrl
2010 152 09:01:24,BSendEmail
2010 152 09:08:19,BUrl
2010 152 12:45:44,CUrl
2010 152 16:35:03,CSendEmail
2010 152 18:03:54,DUrl
2010 152 18:15:00,DNologon
2010 153 07:04:00,Blogon
2010 153 07:14:34,BUrl
2010 153 12:04:25,CUrl
2010 153 17:59:36,CSendEmail
2010 153 18:01:00,DUrl
2010 153 18:02:20,DSendEmail
2010 153 18:03:18,DSendEmail
2010 153 18:05:00,DNologon
2010 154 07:06:00,Blogon
2010 154 07:23:31,BUrl
2010 154 12:39:08,CUrl
2010 154 13:26:15,CSendEmail
2010 154 13:29:12,CUrl
2010 154 14:46:56,CSendEmail
2010 154 15:06:51,CUrl
2010 154 17:49:53,CSendEmail
2010 154 18:21:00,DNologon
2010 155 07:11:00,Blogon
2010 155 07:12:28,BUrl
2010 155 07:37:50,BSendEmail
2010 155 07:48:37,BUrl
2010 155 08:14:56,BSendEmail
2010 155 08:52:21,BUrl
2010 155 11:35:33,BSendEmail
2010 155 11:50:04,BUrl
2010 155 12:22:32,CUrl
2010 155 18:09:39,DUrl
2010 155 18:22:00,DNologon
2010 158 07:03:00,Blogon
2010 158 07:11:43,BUrl
2010 158 09:46:24,BSendEmail
2010 158 10:49:31,BUrl
2010 158 12:04:44,CUrl
2010 158 16:54:12,CSendEmail
2010 158 16:57:40,CSendEmail
2010 158 17:16:48,CUrl
2010 158 18:17:00,DNologon
2010 159 07:23:00,Blogon
2010 159 07:24:02,BUrl
2010 159 12:47:45,CUrl
2010 159 12:56:36,CSendEmail
2010 159 13:06:06,CUrl
2010 159 16:58:58,CSendEmail
2010 159 17:02:03,CSendEmail
2010 159 17:24:32,CUrl
2010 159 18:04:00,DNologon
2010 160 07:13:00,Blogon
2010 160 07:43:57,BUrl
2010 160 08:03:43,BSendEmail
2010 160 08:42:53,BUrl
2010 160 08:48:28,BSendEmail
2010 160 09:03:32,BUrl
2010 160 09:03:48,BSendEmail
2010 160 09:07:36,BUrl
2010 160 12:48:38,CUrl
2010 160 18:28:00,DNologon
2010 161 07:14:00,Blogon
2010 161 07:15:41,BUrl
2010 161 10:41:46,BSendEmail
2010 161 11:12:08,BUrl
2010 161 12:38:49,CUrl
2010 161 12:56:54,CSendEmail
2010 161 12:57:07,CSendEmail
2010 161 13:12:21,CUrl
2010 161 18:03:40,DUrl
2010 161 18:20:00,DNologon
2010 162 07:01:00,Blogon
2010 162 11:16:33,BSendEmail
2010 162 11:37:43,BUrl
2010 162 12:00:44,CUrl
2010 162 12:08:35,CSendEmail
2010 162 14:24:59,CUrl
2010 162 14:57:48,CSendEmail
2010 162 14:58:59,CUrl
2010 162 18:14:00,DNologon
2010 165 07:05:00,Blogon
2010 165 07:14:09,BUrl
2010 165 11:40:10,BSendEmail
2010 165 12:32:15,CUrl
2010 165 13:35:29,CSendEmail
2010 165 13:43:13,CSendEmail
2010 165 13:54:57,CUrl
2010 165 18:03:09,DUrl
2010 165 18:17:00,DNologon
2010 166 07:24:00,Blogon
2010 166 07:26:02,BUrl
2010 166 12:02:26,CUrl
2010 166 13:18:38,CSendEmail
2010 166 13:19:00,CSendEmail
2010 166 13:19:13,CSendEmail
2010 166 13:58:30,CUrl
2010 166 18:15:00,DNologon
2010 167 07:04:00,Blogon
2010 167 07:10:41,BUrl
2010 167 07:49:14,BSendEmail
2010 167 07:52:32,BUrl
2010 167 07:52:50,BSendEmail
2010 167 07:53:10,BSendEmail
2010 167 08:15:37,BUrl
2010 167 12:10:28,CUrl
2010 167 18:15:45,DUrl
2010 167 18:26:00,DNologon
2010 168 07:18:00,Blogon
2010 168 07:25:42,BUrl
2010 168 12:02:33,CUrl
2010 168 12:31:54,CSendEmail
2010 168 12:33:01,CUrl
2010 168 12:33:47,CSendEmail
2010 168 13:25:22,CUrl
2010 168 17:37:06,CSendEmail
2010 168 17:41:55,CUrl
2010 168 18:03:52,DUrl
2010 168 18:06:00,DNologon
2010 169 07:18:00,Blogon
2010 169 07:26:43,BUrl
2010 169 09:06:51,BSendEmail
2010 169 09:12:31,BSendEmail
2010 169 09:14:58,BUrl
2010 169 11:05:50,BSendEmail
2010 169 11:15:07,BUrl
2010 169 12:01:34,CUrl
2010 169 18:00:00,DNologon
2010 172 07:05:00,Blogon
2010 172 07:24:37,BUrl
2010 172 09:56:59,BSendEmail
2010 172 10:21:47,BUrl
2010 172 12:02:08,CUrl
2010 172 16:44:50,CSendEmail
2010 172 17:28:04,CUrl
2010 172 17:54:16,CSendEmail
2010 172 18:15:00,DNologon
2010 173 07:08:00,Blogon
2010 173 07:18:30,BUrl
2010 173 09:56:36,BSendEmail
2010 173 10:03:45,BUrl
2010 173 11:34:12,BSendEmail
2010 173 12:03:38,CUrl
2010 173 13:37:12,CSendEmail
2010 173 13:46:30,CUrl
2010 173 18:01:42,DUrl
2010 173 18:17:00,DNologon
2010 174 07:12:00,Blogon
2010 174 07:42:22,BUrl
2010 174 09:06:59,BSendEmail
2010 174 09:39:28,BUrl
2010 174 11:36:47,BSendEmail
2010 174 11:36:56,BUrl
2010 174 11:37:48,BSendEmail
2010 174 11:38:32,BUrl
2010 174 12:06:12,CUrl
2010 174 18:01:46,DUrl
2010 174 18:24:00,DNologon
2010 175 07:25:00,Blogon
2010 175 07:58:01,BUrl
2010 175 12:18:47,CUrl
2010 175 14:52:17,CSendEmail
2010 175 14:56:04,CSendEmail
2010 175 14:56:14,CUrl
2010 175 14:58:30,CSendEmail
2010 175 15:25:31,CUrl
2010 175 18:01:00,DNologon
2010 176 07:10:00,Blogon
2010 176 07:12:35,BUrl
2010 176 11:09:33,BSendEmail
2010 176 11:15:27,BUrl
2010 176 11:56:06,BSendEmail
2010 176 12:08:25,CUrl
2010 176 13:16:43,CSendEmail
2010 176 13:37:22,CUrl
2010 176 18:10:51,DUrl
2010 176 18:20:00,DNologon
2010 179 07:05:00,Blogon
2010 179 07:54:22,BUrl
2010 179 10:30:41,BSendEmail
2010 179 10:48:25,BSendEmail
2010 179 10:50:51,BUrl
2010 179 12:02:41,CUrl
2010 179 14:07:20,CSendEmail
2010 179 14:13:19,CUrl
2010 179 18:07:29,DUrl
2010 179 18:19:00,DNologon
2010 180 07:03:00,Blogon
2010 180 07:13:53,BUrl
2010 180 07:24:39,BSendEmail
2010 180 07:31:56,BUrl
2010 180 07:37:59,BSendEmail
2010 180 07:45:27,BUrl
2010 180 07:46:34,BSendEmail
2010 180 07:52:12,BUrl
2010 180 12:01:21,CUrl
2010 180 18:01:00,DNologon
2010 181 07:17:00,Blogon
2010 181 07:20:06,BUrl
2010 181 13:06:20,CUrl
2010 181 13:54:18,CSendEmail
2010 181 14:06:24,CUrl
2010 181 15:09:54,CSendEmail
2010 181 15:20:14,CUrl
2010 181 15:41:37,CSendEmail
2010 181 16:05:45,CUrl
2010 181 18:01:00,DNologon
2010 182 07:08:00,Blogon
2010 182 07:39:08,BUrl
2010 182 12:42:12,CUrl
2010 182 17:05:23,CSendEmail
2010 182 17:06:26,CSendEmail
2010 182 17:19:21,CUrl
2010 182 17:20:05,CSendEmail
2010 182 17:37:38,CUrl
2010 182 18:15:00,DNologon
2010 183 07:09:00,Blogon
2010 183 07:12:44,BUrl
2010 183 08:12:59,BSendEmail
2010 183 08:14:25,BUrl
2010 183 12:05:31,CUrl
2010 183 13:45:13,CSendEmail
2010 183 14:01:39,CUrl
2010 183 14:41:52,CSendEmail
2010 183 15:07:27,CUrl
2010 183 18:15:00,DNologon
2010 187 07:12:00,Blogon
2010 187 08:02:02,BUrl
2010 187 10:53:36,BSendEmail
2010 187 10:55:48,BUrl
2010 187 12:47:37,CUrl
2010 187 17:34:59,CSendEmail
2010 187 17:40:58,CUrl
2010 187 17:53:15,CSendEmail
2010 187 18:04:35,DUrl
2010 187 18:28:00,DNologon
2010 188 07:24:00,Blogon
2010 188 07:25:36,BUrl
2010 188 07:27:03,BSendEmail
2010 188 07:27:14,BUrl
2010 188 08:32:31,BSendEmail
2010 188 10:24:05,BSendEmail
2010 188 10:32:51,BUrl
2010 188 12:16:27,CUrl
2010 188 18:12:00,DNologon
2010 189 07:17:00,Blogon
2010 189 07:22:31,BUrl
2010 189 08:56:41,BSendEmail
2010 189 09:53:36,BUrl
2010 189 12:40:28,CUrl
2010 189 12:43:46,CSendEmail
2010 189 12:48:04,CUrl
2010 189 12:48:10,CSendEmail
2010 189 13:50:43,CUrl
2010 189 18:14:00,DNologon
2010 190 07:26:00,Blogon
2010 190 07:29:46,BUrl
2010 190 10:37:46,BSendEmail
2010 190 10:42:41,BUrl
2010 190 12:40:12,CUrl
2010 190 14:42:43,CSendEmail
2010 190 14:54:22,CUrl
2010 190 15:59:16,CSendEmail
2010 190 16:00:02,CUrl
2010 190 18:09:00,DNologon
2010 193 07:21:00,Blogon
2010 193 07:28:23,BUrl
2010 193 12:30:27,CUrl
2010 193 12:48:59,CSendEmail
2010 193 12:50:35,CUrl
2010 193 15:44:05,CSendEmail
2010 193 16:24:13,CUrl
2010 193 17:33:24,CSendEmail
2010 193 18:06:54,DUrl
2010 193 18:09:00,DNologon
2010 194 07:27:00,Blogon
2010 194 07:43:53,BUrl
2010 194 08:07:06,BSendEmail
2010 194 08:07:11,BSendEmail
2010 194 08:07:21,BSendEmail
2010 194 08:23:16,BUrl
2010 194 12:11:42,CUrl
2010 194 18:01:19,DUrl
2010 194 18:05:00,DNologon
2010 195 07:27:00,Blogon
2010 195 07:28:23,BUrl
2010 195 10:38:23,BSendEmail
2010 195 11:22:27,BUrl
2010 195 12:34:31,CUrl
2010 195 16:36:55,CSendEmail
2010 195 16:39:11,CUrl
2010 195 16:39:58,CSendEmail
2010 195 16:49:24,CUrl
2010 195 18:09:00,DNologon
2010 196 07:29:00,Blogon
2010 196 07:30:36,BUrl
2010 196 09:07:30,BSendEmail
2010 196 09:23:57,BSendEmail
2010 196 09:36:15,BUrl
2010 196 12:00:07,CUrl
2010 196 18:05:16,DSendEmail
2010 196 18:07:00,DNologon
2010 197 07:27:00,Blogon
2010 197 07:35:45,BUrl
2010 197 12:08:55,CUrl
2010 197 15:18:58,CSendEmail
2010 197 15:22:33,CUrl
2010 197 15:46:59,CSendEmail
2010 197 16:14:57,CUrl
2010 197 16:28:36,CSendEmail
2010 197 16:52:03,CUrl
2010 197 18:13:00,DNologon
2010 200 07:16:00,Blogon
2010 200 07:30:30,BUrl
2010 200 07:36:34,BSendEmail
2010 200 07:53:52,BUrl
2010 200 12:00:25,CUrl
2010 200 12:03:04,CSendEmail
2010 200 12:05:38,CUrl
2010 200 18:03:32,DSendEmail
2010 200 18:05:00,DNologon
2010 201 07:20:00,Blogon
2010 201 07:48:54,BUrl
2010 201 12:10:46,CUrl
2010 201 14:59:38,CSendEmail
2010 201 15:01:03,CUrl
2010 201 15:03:40,CSendEmail
2010 201 15:08:23,CSendEmail
2010 201 15:46:10,CUrl
2010 201 18:18:29,DUrl
2010 201 18:20:00,DNologon
2010 202 07:23:00,Blogon
2010 202 07:33:48,BUrl
2010 202 09:07:15,BSendEmail
2010 202 09:07:26,BSendEmail
2010 202 09:08:12,BUrl
2010 202 09:57:36,BSendEmail
2010 202 10:24:18,BUrl
2010 202 12:00:03,CUrl
2010 202 18:06:42,DUrl
2010 202 18:09:00,DNologon
2010 203 07:11:00,Blogon
2010 203 07:15:06,BUrl
2010 203 12:30:47,CUrl
2010 203 12:42:07,CSendEmail
2010 203 13:11:03,CUrl
2010 203 13:48:28,CSendEmail
2010 203 13:49:18,CUrl
2010 203 13:53:14,CSendEmail
2010 203 14:52:20,CUrl
2010 203 18:05:51,DUrl
2010 203 18:20:00,DNologon
2010 204 07:19:00,Blogon
2010 204 07:20:48,BUrl
2010 204 07:25:30,BSendEmail
2010 204 07:32:50,BSendEmail
2010 204 07:36:21,BSendEmail
2010 204 07:37:17,BUrl
2010 204 12:24:04,CUrl
2010 204 18:00:03,DUrl
2010 204 18:14:00,DNologon
2010 207 07:24:00,Blogon
2010 207 07:34:39,BUrl
2010 207 12:35:37,CUrl
2010 207 13:15:14,CSendEmail
2010 207 14:18:26,CUrl
2010 207 15:44:38,CSendEmail
2010 207 15:44:55,CSendEmail
2010 207 15:45:17,CUrl
2010 207 18:04:27,DUrl
2010 207 18:11:00,DNologon
2010 208 07:15:00,Blogon
2010 208 07:54:34,BUrl
2010 208 08:49:56,BSendEmail
2010 208 12:50:11,CUrl
2010 208 18:07:00,DNologon
2010 209 07:15:00,Blogon
2010 209 10:41:23,BUrl
2010 209 12:20:22,CUrl
2010 209 13:15:11,CSendEmail
2010 209 13:17:52,CUrl
2010 209 15:51:05,CSendEmail
2010 209 17:57:18,CSendEmail
2010 209 18:02:00,DNologon
2010 210 07:12:00,Blogon
2010 210 07:23:54,BUrl
2010 210 09:19:17,BSendEmail
2010 210 09:27:29,BUrl
2010 210 09:58:02,BSendEmail
2010 210 10:28:04,BUrl
2010 210 11:11:43,BSendEmail
2010 210 12:04:01,CUrl
2010 210 18:11:02,DUrl
2010 210 18:18:00,DNologon
2010 211 07:19:00,Blogon
2010 211 07:21:30,BUrl
2010 211 12:18:55,CUrl
2010 211 12:43:41,CSendEmail
2010 211 13:01:37,CUrl
2010 211 13:03:22,CSendEmail
2010 211 13:05:42,CUrl
2010 211 13:06:41,CSendEmail
2010 211 13:20:54,CUrl
2010 211 18:06:05,DUrl
2010 211 18:10:00,DNologon
2010 214 07:16:00,Blogon
2010 214 07:43:39,BUrl
2010 214 09:24:26,BSendEmail
2010 214 09:42:45,BUrl
2010 214 12:54:29,CUrl
2010 214 13:57:28,CSendEmail
2010 214 14:06:23,CUrl
2010 214 16:24:40,CSendEmail
2010 214 16:39:53,CUrl
2010 214 18:11:00,DNologon
2010 215 07:08:00,Blogon
2010 215 07:17:46,BUrl
2010 215 12:08:30,CUrl
2010 215 13:59:50,CSendEmail
2010 215 14:14:32,CUrl
2010 215 16:40:07,CSendEmail
2010 215 16:42:15,CUrl
2010 215 18:14:42,DSendEmail
2010 215 18:17:09,DUrl
2010 215 18:22:00,DNologon
2010 216 07:04:00,Blogon
2010 216 07:18:57,BUrl
2010 216 12:20:04,CSendEmail
2010 216 12:22:40,CSendEmail
2010 216 12:38:23,CUrl
2010 216 18:19:00,DNologon
2010 217 07:20:00,Blogon
2010 217 07:30:19,BUrl
2010 217 12:56:44,CUrl
2010 217 15:22:34,CSendEmail
2010 217 15:28:31,CSendEmail
2010 217 15:31:07,CSendEmail
2010 217 16:27:15,CUrl
2010 217 18:02:07,DUrl
2010 217 18:13:00,DNologon
2010 218 07:27:00,Blogon
2010 218 07:43:54,BUrl
2010 218 08:02:13,BSendEmail
2010 218 08:06:49,BUrl
2010 218 12:45:39,CUrl
2010 218 14:51:33,CSendEmail
2010 218 14:53:07,CUrl
2010 218 14:56:10,CSendEmail
2010 218 15:07:54,CUrl
2010 218 18:00:48,DUrl
2010 218 18:11:00,DNologon
2010 221 07:04:00,Blogon
2010 221 07:07:44,BUrl
2010 221 07:44:27,BSendEmail
2010 221 07:44:43,BUrl
2010 221 07:45:02,BSendEmail
2010 221 08:18:37,BUrl
2010 221 12:19:09,CUrl
2010 221 17:52:20,CSendEmail
2010 221 18:01:01,DUrl
2010 221 18:14:00,DNologon
2010 222 07:05:00,Blogon
2010 222 07:27:28,BUrl
2010 222 09:22:39,BSendEmail
2010 222 09:35:31,BUrl
2010 222 12:30:13,CUrl
2010 222 13:52:21,CSendEmail
2010 222 14:30:28,CUrl
2010 222 16:33:59,CSendEmail
2010 222 16:39:19,CUrl
2010 222 18:01:37,DUrl
2010 222 18:23:00,DNologon
2010 223 07:18:00,Blogon
2010 223 08:52:21,BUrl
2010 223 09:55:54,BSendEmail
2010 223 09:57:31,BUrl
2010 223 10:02:10,BSendEmail
2010 223 10:06:51,BUrl
2010 223 10:22:01,BSendEmail
2010 223 12:28:14,CUrl
2010 223 18:15:00,DNologon
2010 224 07:14:00,Blogon
2010 224 07:15:26,BUrl
2010 224 08:18:42,BSendEmail
2010 224 08:39:56,BUrl
2010 224 12:00:43,CUrl
2010 224 12:35:38,CSendEmail
2010 224 12:36:07,CUrl
2010 224 12:56:14,CSendEmail
2010 224 13:21:44,CUrl
2010 224 18:04:23,DUrl
2010 224 18:17:00,DNologon
2010 225 07:26:00,Blogon
2010 225 07:45:27,BUrl
2010 225 12:03:47,CUrl
2010 225 17:42:52,CSendEmail
2010 225 18:02:50,DUrl
2010 225 18:10:00,DNologon
2010 228 07:22:00,Blogon
2010 228 07:26:45,BUrl
2010 228 07:31:04,BSendEmail
2010 228 07:34:51,BUrl
2010 228 12:14:11,CUrl
2010 228 15:28:37,CSendEmail
2010 228 15:31:17,CUrl
2010 228 15:35:09,CSendEmail
2010 228 15:38:02,CUrl
2010 228 18:16:00,DNologon
2010 229 07:19:00,Blogon
2010 229 07:25:01,BUrl
2010 229 11:57:38,BSendEmail
2010 229 12:05:40,CSendEmail
2010 229 12:45:48,CUrl
2010 229 15:40:59,CSendEmail
2010 229 15:50:27,CUrl
2010 229 18:00:15,DUrl
2010 229 18:11:00,DNologon
2010 230 07:10:00,Blogon
2010 230 07:22:40,BUrl
2010 230 12:19:29,CUrl
2010 230 12:54:09,CSendEmail
2010 230 12:58:54,CUrl
2010 230 15:43:37,CSendEmail
2010 230 15:47:58,CUrl
2010 230 17:49:06,CSendEmail
2010 230 18:05:38,DUrl
2010 230 18:26:00,DNologon
2010 231 07:11:00,Blogon
2010 231 07:37:22,BUrl
2010 231 11:58:29,BSendEmail
2010 231 12:06:04,CSendEmail
2010 231 12:16:11,CUrl
2010 231 13:18:07,CSendEmail
2010 231 13:25:34,CUrl
2010 231 18:00:59,DUrl
2010 231 18:23:00,DNologon
2010 232 07:17:00,Blogon
2010 232 07:32:26,BUrl
2010 232 11:17:13,BSendEmail
2010 232 11:55:26,BUrl
2010 232 12:48:02,CUrl
2010 232 16:23:59,CSendEmail
2010 232 16:25:30,CSendEmail
2010 232 16:25:36,CUrl
2010 232 18:05:01,DUrl
2010 232 18:11:00,DNologon
2010 235 07:11:00,Blogon
2010 235 07:13:56,BUrl
2010 235 09:42:49,BSendEmail
2010 235 09:54:01,BSendEmail
2010 235 09:57:00,BSendEmail
2010 235 10:07:24,BUrl
2010 235 12:52:33,CUrl
2010 235 18:07:01,DUrl
2010 235 18:19:00,DNologon
2010 236 07:16:00,Blogon
2010 236 07:25:56,BUrl
2010 236 07:33:56,BSendEmail
2010 236 07:48:09,BSendEmail
2010 236 08:03:04,BUrl
2010 236 12:44:17,CUrl
2010 236 18:02:37,DUrl
2010 236 18:07:00,DNologon
2010 237 07:18:00,Blogon
2010 237 08:22:38,BUrl
2010 237 09:41:20,BSendEmail
2010 237 09:43:43,BSendEmail
2010 237 10:17:52,BUrl
2010 237 11:10:17,BSendEmail
2010 237 11:10:19,BUrl
2010 237 12:03:45,CUrl
2010 237 18:00:41,DUrl
2010 237 18:02:00,DNologon
2010 238 07:27:00,Blogon
2010 238 07:46:01,BSendEmail
2010 238 07:54:59,BUrl
2010 238 10:14:24,BSendEmail
2010 238 10:28:03,BUrl
2010 238 12:46:04,CUrl
2010 238 17:44:02,CSendEmail
2010 238 17:52:30,CUrl
2010 238 18:01:23,DUrl
2010 238 18:03:00,DNologon
2010 239 07:02:00,Blogon
2010 239 07:24:07,BUrl
2010 239 12:19:28,CUrl
2010 239 18:14:18,DUrl
2010 239 18:24:00,DNologon
2010 242 07:22:00,Blogon
2010 242 07:25:46,BUrl
2010 242 10:36:42,BSendEmail
2010 242 10:55:16,BUrl
2010 242 12:24:31,CUrl
2010 242 16:14:50,CSendEmail
2010 242 17:15:28,CSendEmail
2010 242 17:22:58,CUrl
2010 242 18:06:34,DUrl
2010 242 18:10:00,DNologon
2010 243 07:22:00,Blogon
2010 243 07:36:38,BUrl
2010 243 13:19:05,CUrl
2010 243 15:17:36,CSendEmail
2010 243 15:18:04,CSendEmail
2010 243 15:18:51,CUrl
2010 243 15:20:29,CSendEmail
2010 243 15:34:53,CUrl
2010 243 18:05:00,DNologon
2010 244 07:22:00,Blogon
2010 244 07:54:33,BUrl
2010 244 10:04:17,BSendEmail
2010 244 10:12:53,BUrl
2010 244 10:22:13,BSendEmail
2010 244 10:23:05,BSendEmail
2010 244 11:10:47,BUrl
2010 244 12:58:02,CUrl
2010 244 18:00:28,DUrl
2010 244 18:10:00,DNologon
2010 245 07:21:00,Blogon
2010 245 07:25:05,BUrl
2010 245 12:13:21,CUrl
2010 245 15:32:23,CSendEmail
2010 245 15:53:29,CUrl
2010 245 17:18:37,CSendEmail
2010 245 17:38:18,CUrl
2010 245 18:04:33,DSendEmail
2010 245 18:07:38,DUrl
2010 245 18:18:00,DNologon
2010 246 07:07:00,Blogon
2010 246 07:11:08,BUrl
2010 246 08:58:35,BSendEmail
2010 246 09:01:29,BUrl
2010 246 09:02:14,BSendEmail
2010 246 09:09:03,BSendEmail
2010 246 09:50:43,BUrl
2010 246 12:10:52,CUrl
2010 246 18:12:24,DUrl
2010 246 18:24:00,DNologon
2010 250 07:13:00,Blogon
2010 250 07:26:56,BSendEmail
2010 250 07:30:23,BUrl
2010 250 07:52:13,BSendEmail
2010 250 07:55:11,BUrl
2010 250 08:02:48,BSendEmail
2010 250 09:35:28,BUrl
2010 250 12:05:41,CUrl
2010 250 18:16:00,DNologon
2010 251 07:10:00,Blogon
2010 251 07:13:51,BSendEmail
2010 251 07:17:26,BSendEmail
2010 251 07:25:05,BSendEmail
2010 251 08:03:14,BUrl
2010 251 12:31:10,CUrl
2010 251 18:01:54,DUrl
2010 251 18:04:00,DNologon
2010 252 07:09:00,Blogon
2010 252 07:17:23,BUrl
2010 252 12:23:54,CSendEmail
2010 252 12:31:08,CSendEmail
2010 252 12:47:40,CSendEmail
2010 252 13:00:15,CUrl
2010 252 18:06:51,DUrl
2010 252 18:15:00,DNologon
2010 253 07:15:00,Blogon
2010 253 07:52:29,BUrl
2010 253 08:36:24,BSendEmail
2010 253 08:41:20,BUrl
2010 253 08:42:45,BSendEmail
2010 253 08:47:21,BUrl
2010 253 08:50:53,BSendEmail
2010 253 08:57:38,BUrl
2010 253 12:32:35,CUrl
2010 253 18:10:00,DNologon
2010 256 07:11:00,Blogon
2010 256 07:23:14,BUrl
2010 256 12:50:38,CSendEmail
2010 256 14:11:39,CUrl
2010 256 14:48:37,CSendEmail
2010 256 14:54:47,CSendEmail
2010 256 15:09:56,CUrl
2010 256 18:09:20,DUrl
2010 256 18:28:00,DNologon
2010 257 07:12:00,Blogon
2010 257 07:29:32,BUrl
2010 257 08:08:22,BSendEmail
2010 257 08:17:17,BUrl
2010 257 12:18:18,CUrl
2010 257 18:08:05,DUrl
2010 257 18:13:32,DSendEmail
2010 257 18:16:41,DUrl
2010 257 18:17:56,DSendEmail
2010 257 18:24:00,DNologon
2010 258 07:09:00,Blogon
2010 258 07:12:09,BUrl
2010 258 12:19:33,CUrl
2010 258 15:09:47,CSendEmail
2010 258 15:10:39,CSendEmail
2010 258 15:10:41,CSendEmail
2010 258 15:23:51,CUrl
2010 258 18:01:19,DUrl
2010 258 18:26:00,DNologon
2010 259 07:03:00,Blogon
2010 259 07:10:29,BUrl
2010 259 10:13:42,BSendEmail
2010 259 10:45:51,BUrl
2010 259 12:05:41,CUrl
2010 259 17:44:45,CSendEmail
2010 259 17:45:53,CUrl
2010 259 17:46:11,CSendEmail
2010 259 17:55:45,CUrl
2010 259 18:05:00,DNologon
2010 260 07:02:00,Blogon
2010 260 07:04:02,BUrl
2010 260 07:07:29,BSendEmail
2010 260 07:13:12,BSendEmail
2010 260 07:15:15,BSendEmail
2010 260 07:53:57,BUrl
2010 260 12:02:46,CUrl
2010 260 18:10:00,DNologon
2010 263 07:15:00,Blogon
2010 263 07:51:17,BUrl
2010 263 10:11:39,BSendEmail
2010 263 10:18:11,BUrl
2010 263 10:45:09,BSendEmail
2010 263 10:55:05,BUrl
2010 263 12:01:57,CUrl
2010 263 17:01:34,CSendEmail
2010 263 17:52:35,CUrl
2010 263 18:16:00,DNologon
2010 264 07:04:00,Blogon
2010 264 07:19:19,BUrl
2010 264 07:58:53,BSendEmail
2010 264 07:59:44,BSendEmail
2010 264 09:21:47,BUrl
2010 264 12:32:26,CUrl
2010 264 14:49:42,CSendEmail
2010 264 15:03:44,CUrl
2010 264 18:14:12,DUrl
2010 264 18:29:00,DNologon
2010 265 07:29:00,Blogon
2010 265 08:10:38,BUrl
2010 265 12:55:30,CUrl
2010 265 16:47:50,CSendEmail
2010 265 16:49:32,CUrl
2010 265 17:32:42,CSendEmail
2010 265 17:33:23,CUrl
2010 265 18:02:00,DNologon
2010 266 07:24:00,Blogon
2010 266 07:32:05,BUrl
2010 266 08:19:17,BSendEmail
2010 266 08:22:06,BSendEmail
2010 266 08:30:08,BSendEmail
2010 266 10:49:05,BUrl
2010 266 13:15:58,CUrl
2010 266 18:07:00,DNologon
2010 267 07:23:00,Blogon
2010 267 07:32:51,BUrl
2010 267 07:45:01,BSendEmail
2010 267 07:50:28,BSendEmail
2010 267 07:56:05,BUrl
2010 267 12:06:03,CUrl
2010 267 15:27:10,CSendEmail
2010 267 15:40:55,CUrl
2010 267 18:08:00,DNologon
2010 270 07:13:00,Blogon
2010 270 08:23:57,BUrl
2010 270 12:40:27,CUrl
2010 270 15:56:24,CSendEmail
2010 270 15:58:12,CSendEmail
2010 270 16:01:34,CSendEmail
2010 270 16:06:52,CUrl
2010 270 18:17:00,DNologon
2010 271 07:04:00,Blogon
2010 271 07:37:19,BSendEmail
2010 271 07:40:43,BSendEmail
2010 271 07:41:28,BUrl
2010 271 07:44:24,BSendEmail
2010 271 07:47:53,BUrl
2010 271 12:20:13,CUrl
2010 271 18:01:28,DUrl
2010 271 18:25:00,DNologon
2010 272 07:00:00,Blogon
2010 272 07:30:34,BSendEmail
2010 272 07:36:24,BUrl
2010 272 13:30:06,CUrl
2010 272 14:43:18,CSendEmail
2010 272 14:46:34,CSendEmail
2010 272 14:49:47,CUrl
2010 272 18:01:22,DUrl
2010 272 18:18:00,DNologon
2010 273 07:08:00,Blogon
2010 273 07:31:50,BUrl
2010 273 09:43:48,BSendEmail
2010 273 09:44:38,BUrl
2010 273 09:48:31,BSendEmail
2010 273 10:08:04,BUrl
2010 273 12:53:49,CUrl
2010 273 14:59:18,CSendEmail
2010 273 15:12:34,CUrl
2010 273 18:14:50,DUrl
2010 273 18:25:00,DNologon
2010 274 07:28:00,Blogon
2010 274 07:48:51,BUrl
2010 274 12:48:02,CUrl
2010 274 16:57:45,CSendEmail
2010 274 16:59:03,CSendEmail
2010 274 16:59:14,CUrl
2010 274 17:01:05,CSendEmail
2010 274 17:03:33,CUrl
2010 274 18:21:00,DNologon
2010 277 07:15:00,Blogon
2010 277 07:16:52,BUrl
2010 277 12:04:52,CUrl
2010 277 15:25:08,CSendEmail
2010 277 15:31:17,CSendEmail
2010 277 15:31:45,CSendEmail
2010 277 16:26:54,CUrl
2010 277 18:04:46,DUrl
2010 277 18:16:00,DNologon
2010 278 07:00:00,Blogon
2010 278 07:08:48,BUrl
2010 278 12:12:29,CUrl
2010 278 13:07:57,CSendEmail
2010 278 13:31:14,CSendEmail
2010 278 13:33:44,CSendEmail
2010 278 13:39:40,CUrl
2010 278 18:13:27,DUrl
2010 278 18:24:00,DNologon
2010 279 07:21:00,Blogon
2010 279 07:40:04,BUrl
2010 279 09:55:54,BSendEmail
2010 279 10:06:01,BSendEmail
2010 279 10:07:31,BUrl
2010 279 12:34:44,CUrl
2010 279 14:37:33,CSendEmail
2010 279 14:41:40,CUrl
2010 279 18:03:00,DNologon
2010 280 07:10:00,Blogon
2010 280 08:43:57,BSendEmail
2010 280 08:45:33,BSendEmail
2010 280 08:45:44,BSendEmail
2010 280 08:49:34,BUrl
2010 280 12:03:53,CUrl
2010 280 18:11:24,DUrl
2010 280 18:25:00,DNologon
2010 281 07:20:00,Blogon
2010 281 07:59:41,BUrl
2010 281 12:10:06,CUrl
2010 281 13:20:21,CSendEmail
2010 281 13:29:37,CUrl
2010 281 13:31:15,CSendEmail
2010 281 13:42:04,CSendEmail
2010 281 13:44:29,CUrl
2010 281 18:05:53,DUrl
2010 281 18:13:00,DNologon
2010 284 07:24:00,Blogon
2010 284 07:51:09,BUrl
2010 284 08:35:23,BSendEmail
2010 284 08:52:57,BUrl
2010 284 12:35:27,CUrl
2010 284 16:33:27,CSendEmail
2010 284 16:51:45,CUrl
2010 284 16:57:37,CSendEmail
2010 284 17:04:09,CUrl
2010 284 18:02:00,DNologon
2010 285 07:30:00,Blogon
2010 285 07:31:59,BUrl
2010 285 11:23:28,BSendEmail
2010 285 12:00:18,CUrl
2010 285 12:01:49,CSendEmail
2010 285 12:03:30,CUrl
2010 285 12:39:18,CSendEmail
2010 285 12:44:56,CUrl
2010 285 18:00:00,DUrl
2010 285 18:13:00,DNologon
2010 286 07:18:00,Blogon
2010 286 08:07:42,BUrl
2010 286 12:01:12,CUrl
2010 286 16:03:05,CSendEmail
2010 286 16:06:18,CSendEmail
2010 286 16:40:12,CSendEmail
2010 286 17:19:29,CUrl
2010 286 18:01:00,DNologon
2010 287 07:00:00,Blogon
2010 287 07:20:30,BUrl
2010 287 11:34:57,BSendEmail
2010 287 11:35:40,BSendEmail
2010 287 11:40:06,BUrl
2010 287 13:08:20,CUrl
2010 287 13:10:01,CSendEmail
2010 287 13:50:17,CUrl
2010 287 18:19:52,DUrl
2010 287 18:22:00,DNologon
2010 288 07:14:00,Blogon
2010 288 07:35:23,BUrl
2010 288 09:37:26,BSendEmail
2010 288 09:49:57,BUrl
2010 288 12:10:27,CSendEmail
2010 288 12:15:18,CUrl
2010 288 18:08:13,DSendEmail
2010 288 18:10:00,DNologon
2010 291 07:12:00,Blogon
2010 291 07:22:12,BUrl
2010 291 11:29:54,BSendEmail
2010 291 11:30:44,BUrl
2010 291 11:41:49,BSendEmail
2010 291 12:18:22,CUrl
2010 291 17:59:54,CSendEmail
2010 291 18:01:49,DUrl
2010 291 18:16:00,DNologon
2010 292 07:09:00,Blogon
2010 292 07:10:23,BUrl
2010 292 12:08:57,CUrl
2010 292 16:57:28,CSendEmail
2010 292 17:14:07,CUrl
2010 292 17:31:33,CSendEmail
2010 292 17:39:03,CSendEmail
2010 292 17:39:54,CUrl
2010 292 18:00:52,DUrl
2010 292 18:24:00,DNologon
2010 293 07:30:00,Blogon
2010 293 09:32:14,BUrl
2010 293 14:53:25,CUrl
2010 293 18:27:00,DNologon
2010 294 07:04:00,Blogon
2010 294 07:11:01,BUrl
2010 294 09:38:31,BSendEmail
2010 294 09:39:20,BSendEmail
2010 294 09:39:41,BUrl
2010 294 10:01:26,BSendEmail
2010 294 11:33:33,BUrl
2010 294 12:27:29,CUrl
2010 294 18:30:00,DNologon
2010 295 07:18:00,Blogon
2010 295 07:49:32,BUrl
2010 295 11:15:04,BSendEmail
2010 295 11:49:08,BSendEmail
2010 295 12:23:13,CUrl
2010 295 18:04:18,DUrl
2010 295 18:04:22,DSendEmail
2010 295 18:15:00,DNologon
2010 298 07:25:00,Blogon
2010 298 07:38:39,BUrl
2010 298 09:40:37,BSendEmail
2010 298 09:51:01,BSendEmail
2010 298 09:55:18,BUrl
2010 298 12:56:01,CUrl
2010 298 15:14:31,CSendEmail
2010 298 15:42:07,CUrl
2010 298 18:07:14,DUrl
2010 298 18:11:00,DNologon
2010 299 07:08:00,Blogon
2010 299 07:23:52,BUrl
2010 299 10:52:01,BSendEmail
2010 299 10:53:29,BUrl
2010 299 12:19:57,CUrl
2010 299 18:04:53,DUrl
2010 299 18:14:49,DSendEmail
2010 299 18:15:06,DUrl
2010 299 18:21:38,DSendEmail
2010 299 18:24:00,DNologon
2010 300 07:15:00,Blogon
2010 300 07:28:06,BUrl
2010 300 12:01:11,CUrl
2010 300 12:05:26,CSendEmail
2010 300 12:08:47,CSendEmail
2010 300 12:14:11,CSendEmail
2010 300 13:09:07,CUrl
2010 300 18:03:25,DUrl
2010 300 18:21:00,DNologon
2010 301 07:12:00,Blogon
2010 301 07:24:09,BUrl
2010 301 13:49:59,CUrl
2010 301 15:58:15,CSendEmail
2010 301 16:02:41,CSendEmail
2010 301 16:11:23,CUrl
2010 301 16:21:24,CSendEmail
2010 301 16:59:02,CUrl
2010 301 18:04:55,DUrl
2010 301 18:20:00,DNologon
2010 302 07:10:00,Blogon
2010 302 07:39:59,BUrl
2010 302 08:47:59,BSendEmail
2010 302 09:09:56,BUrl
2010 302 12:01:14,CUrl
2010 302 18:11:31,DUrl
2010 302 18:12:09,DSendEmail
2010 302 18:13:59,DSendEmail
2010 302 18:16:00,DNologon
2010 305 07:22:00,Blogon
2010 305 08:17:56,BUrl
2010 305 12:02:50,CUrl
2010 305 17:37:35,CSendEmail
2010 305 17:49:39,CSendEmail
2010 305 17:52:20,CSendEmail
2010 305 18:00:00,DNologon
2010 306 07:08:00,Blogon
2010 306 07:34:03,BUrl
2010 306 09:17:09,BSendEmail
2010 306 09:24:27,BUrl
2010 306 09:26:11,BSendEmail
2010 306 10:28:54,BUrl
2010 306 12:00:31,CUrl
2010 306 13:58:42,CSendEmail
2010 306 14:07:42,CUrl
2010 306 18:17:00,DNologon
2010 307 07:17:00,Blogon
2010 307 07:22:56,BUrl
2010 307 12:10:01,CUrl
2010 307 13:03:51,CSendEmail
2010 307 13:05:23,CUrl
2010 307 17:11:18,CSendEmail
2010 307 17:35:03,CUrl
2010 307 18:16:00,DNologon
2010 308 07:17:00,Blogon
2010 308 07:18:53,BUrl
2010 308 12:03:02,CUrl
2010 308 13:05:38,CSendEmail
2010 308 13:08:05,CUrl
2010 308 14:28:32,CSendEmail
2010 308 14:29:19,CUrl
2010 308 18:02:09,DSendEmail
2010 308 18:04:20,DUrl
2010 308 18:09:00,DNologon
2010 309 07:09:00,Blogon
2010 309 07:18:58,BSendEmail
2010 309 07:21:36,BUrl
2010 309 07:26:17,BSendEmail
2010 309 07:58:22,BUrl
2010 309 12:00:39,CUrl
2010 309 16:16:28,CSendEmail
2010 309 17:55:38,CUrl
2010 309 18:06:00,DNologon
2010 312 07:05:00,Blogon
2010 312 07:08:34,BUrl
2010 312 12:22:41,CUrl
2010 312 12:23:45,CSendEmail
2010 312 13:02:00,CUrl
2010 312 13:42:33,CSendEmail
2010 312 14:01:12,CUrl
2010 312 17:08:17,CSendEmail
2010 312 17:09:56,CUrl
2010 312 18:20:00,DNologon
2010 313 07:19:00,Blogon
2010 313 07:20:17,BUrl
2010 313 10:49:39,BSendEmail
2010 313 10:51:06,BSendEmail
2010 313 10:51:25,BUrl
2010 313 10:52:57,BSendEmail
2010 313 11:03:37,BUrl
2010 313 12:06:37,CUrl
2010 313 18:02:00,DNologon
2010 314 07:09:00,Blogon
2010 314 07:25:10,BSendEmail
2010 314 07:36:08,BUrl
2010 314 13:10:55,CUrl
2010 314 15:19:12,CSendEmail
2010 314 15:25:41,CUrl
2010 314 16:27:25,CSendEmail
2010 314 16:32:11,CUrl
2010 314 18:11:25,DUrl
2010 314 18:18:00,DNologon
2010 315 07:00:00,Blogon
2010 315 07:11:22,BUrl
2010 315 10:45:36,BSendEmail
2010 315 10:49:54,BSendEmail
2010 315 11:03:33,BUrl
2010 315 12:39:12,CUrl
2010 315 13:59:35,CSendEmail
2010 315 14:08:21,CUrl
2010 315 18:08:08,DUrl
2010 315 18:10:00,DNologon
2010 316 07:03:00,Blogon
2010 316 07:14:08,BUrl
2010 316 12:04:32,CUrl
2010 316 12:44:39,CSendEmail
2010 316 13:23:48,CSendEmail
2010 316 13:27:37,CUrl
2010 316 15:30:38,CSendEmail
2010 316 15:30:52,CUrl
2010 316 18:14:00,DNologon
2010 319 07:23:00,Blogon
2010 319 07:33:34,BUrl
2010 319 07:33:44,BSendEmail
2010 319 07:42:07,BUrl
2010 319 07:58:53,BSendEmail
2010 319 08:38:20,BUrl
2010 319 13:02:06,CUrl
2010 319 15:10:54,CSendEmail
2010 319 15:28:58,CUrl
2010 319 18:00:00,DNologon
2010 320 07:07:00,Blogon
2010 320 07:34:59,BUrl
2010 320 11:29:33,BSendEmail
2010 320 11:48:18,BUrl
2010 320 12:01:06,CUrl
2010 320 15:42:13,CSendEmail
2010 320 15:59:06,CSendEmail
2010 320 16:21:10,CUrl
2010 320 18:17:00,DNologon
2010 321 07:06:00,Blogon
2010 321 07:24:00,BUrl
2010 321 08:25:40,BSendEmail
2010 321 08:27:43,BSendEmail
2010 321 09:48:10,BUrl
2010 321 12:06:53,CUrl
2010 321 13:08:35,CSendEmail
2010 321 13:23:40,CUrl
2010 321 18:02:00,DNologon
2010 322 07:27:00,Blogon
2010 322 07:30:28,BUrl
2010 322 07:35:55,BSendEmail
2010 322 07:39:40,BUrl
2010 322 11:50:29,BSendEmail
2010 322 11:56:26,BSendEmail
2010 322 11:59:04,BUrl
2010 322 12:02:03,CUrl
2010 322 18:06:00,DNologon
2010 323 07:23:00,Blogon
2010 323 07:37:55,BUrl
2010 323 08:44:18,BSendEmail
2010 323 09:03:54,BSendEmail
2010 323 09:27:50,BUrl
2010 323 10:10:08,BSendEmail
2010 323 10:29:22,BUrl
2010 323 12:05:03,CUrl
2010 323 18:07:00,DNologon
2010 326 07:10:00,Blogon
2010 326 07:14:23,BUrl
2010 326 09:30:33,BSendEmail
2010 326 10:01:42,BUrl
2010 326 12:08:09,CUrl
2010 326 18:17:52,DUrl
2010 326 18:23:00,DNologon
2010 327 07:12:00,Blogon
2010 327 07:13:12,BUrl
2010 327 12:04:30,CUrl
2010 327 14:31:41,CSendEmail
2010 327 14:36:20,CUrl
2010 327 14:55:29,CSendEmail
2010 327 15:21:50,CUrl
2010 327 16:19:17,CSendEmail
2010 327 16:20:27,CUrl
2010 327 18:21:00,DNologon
2010 328 07:09:00,Blogon
2010 328 07:22:27,BUrl
2010 328 07:47:09,BSendEmail
2010 328 07:48:01,BSendEmail
2010 328 08:15:36,BUrl
2010 328 12:16:03,CUrl
2010 328 15:37:50,CSendEmail
2010 328 15:57:42,CUrl
2010 328 18:12:01,DUrl
2010 328 18:15:00,DNologon
2010 333 07:21:00,Blogon
2010 333 07:23:35,BUrl
2010 333 12:25:20,CUrl
2010 333 13:25:17,CSendEmail
2010 333 13:30:57,CSendEmail
2010 333 13:44:17,CSendEmail
2010 333 13:46:18,CUrl
2010 333 18:06:00,DNologon
2010 334 07:25:00,Blogon
2010 334 07:41:21,BUrl
2010 334 12:28:25,CUrl
2010 334 14:20:42,CSendEmail
2010 334 14:22:23,CSendEmail
2010 334 14:56:51,CSendEmail
2010 334 15:35:53,CUrl
2010 334 18:01:00,DNologon
2010 335 07:27:00,Blogon
2010 335 07:30:28,BUrl
2010 335 08:38:06,BSendEmail
2010 335 08:39:58,BUrl
2010 335 08:50:27,BSendEmail
2010 335 08:57:23,BUrl
2010 335 11:16:37,BSendEmail
2010 335 11:22:37,BUrl
2010 335 13:03:26,CUrl
2010 335 18:04:37,DUrl
2010 335 18:07:00,DNologon
2010 336 07:10:00,Blogon
2010 336 07:18:17,BUrl
2010 336 09:40:36,BSendEmail
2010 336 09:41:53,BUrl
2010 336 09:43:26,BSendEmail
2010 336 09:55:56,BUrl
2010 336 10:30:06,BSendEmail
2010 336 11:37:58,BUrl
2010 336 12:26:58,CUrl
2010 336 18:03:55,DUrl
2010 336 18:07:00,DNologon
2010 337 07:10:00,Blogon
2010 337 07:11:29,BUrl
2010 337 07:38:14,BSendEmail
2010 337 07:46:29,BUrl
2010 337 12:32:56,CUrl
2010 337 14:07:46,CSendEmail
2010 337 14:39:52,CUrl
2010 337 18:17:00,DNologon
2010 340 07:05:00,Blogon
2010 340 07:09:49,BUrl
2010 340 07:34:50,BSendEmail
2010 340 08:01:42,BSendEmail
2010 340 08:09:36,BUrl
2010 340 12:05:53,CUrl
2010 340 18:07:28,DSendEmail
2010 340 18:09:01,DUrl
2010 340 18:17:00,DNologon
2010 341 07:25:00,Blogon
2010 341 07:28:03,BUrl
2010 341 11:04:32,BSendEmail
2010 341 11:05:57,BSendEmail
2010 341 11:06:12,BSendEmail
2010 341 11:25:00,BUrl
2010 341 13:08:45,CUrl
2010 341 18:13:38,DUrl
2010 341 18:20:00,DNologon
2010 342 07:00:00,Blogon
2010 342 07:07:57,BUrl
2010 342 11:21:18,BSendEmail
2010 342 11:28:54,BSendEmail
2010 342 11:30:48,BUrl
2010 342 11:42:54,BSendEmail
2010 342 12:10:39,CUrl
2010 342 18:28:00,DNologon
2010 343 07:15:00,Blogon
2010 343 07:17:59,BUrl
2010 343 10:07:41,BSendEmail
2010 343 10:20:53,BSendEmail
2010 343 10:28:07,BUrl
2010 343 10:30:42,BSendEmail
2010 343 10:44:10,BUrl
2010 343 12:08:52,CUrl
2010 343 18:02:00,DNologon
2010 344 07:13:00,Blogon
2010 344 08:16:21,BUrl
2010 344 12:13:55,CUrl
2010 344 12:50:56,CSendEmail
2010 344 13:00:50,CSendEmail
2010 344 13:03:24,CUrl
2010 344 13:18:31,CSendEmail
2010 344 13:33:07,CUrl
2010 344 18:23:00,DNologon
2010 347 07:02:00,Blogon
2010 347 07:05:32,BUrl
2010 347 07:43:28,BSendEmail
2010 347 07:55:15,BUrl
2010 347 10:23:28,BSendEmail
2010 347 10:28:43,BUrl
2010 347 11:03:35,BSendEmail
2010 347 11:52:04,BUrl
2010 347 12:18:33,CUrl
2010 347 18:06:01,DUrl
2010 347 18:24:00,DNologon
2010 348 07:12:00,Blogon
2010 348 07:17:32,BUrl
2010 348 09:37:12,BSendEmail
2010 348 10:16:31,BUrl
2010 348 12:09:40,CUrl
2010 348 15:57:18,CSendEmail
2010 348 16:02:19,CUrl
2010 348 17:53:22,CSendEmail
2010 348 18:22:00,DNologon
2010 349 07:21:00,Blogon
2010 349 07:30:31,BUrl
2010 349 08:09:35,BSendEmail
2010 349 08:14:56,BUrl
2010 349 09:05:34,BSendEmail
2010 349 09:08:05,BUrl
2010 349 14:45:43,CUrl
2010 349 17:58:45,CSendEmail
2010 349 18:01:18,DUrl
2010 349 18:11:00,DNologon
2010 350 07:16:00,Blogon
2010 350 07:25:22,BSendEmail
2010 350 07:31:44,BUrl
2010 350 11:42:50,BSendEmail
2010 350 12:20:41,CUrl
2010 350 16:42:25,CSendEmail
2010 350 16:58:46,CUrl
2010 350 18:08:00,DNologon
2010 351 07:17:00,Blogon
2010 351 07:23:30,BUrl
2010 351 10:31:20,BSendEmail
2010 351 10:41:13,BUrl
2010 351 12:03:50,CUrl
2010 351 12:39:42,CSendEmail
2010 351 12:39:50,CUrl
2010 351 13:05:15,CSendEmail
2010 351 13:07:14,CUrl
2010 351 18:01:53,DUrl
2010 351 18:08:00,DNologon
2010 354 07:29:00,Blogon
2010 354 07:44:46,BUrl
2010 354 08:00:51,BSendEmail
2010 354 08:05:09,BUrl
2010 354 09:21:46,BSendEmail
2010 354 09:31:57,BUrl
2010 354 12:23:04,CUrl
2010 354 15:13:47,CSendEmail
2010 354 15:14:46,CUrl
2010 354 18:02:15,DUrl
2010 354 18:27:00,DNologon
2010 355 07:17:00,Blogon
2010 355 07:18:25,BUrl
2010 355 11:32:07,BSendEmail
2010 355 11:36:31,BUrl
2010 355 12:02:18,CUrl
2010 355 12:58:25,CSendEmail
2010 355 13:25:07,CUrl
2010 355 16:54:01,CSendEmail
2010 355 17:35:04,CUrl
2010 355 18:10:00,DNologon
2010 356 07:27:00,Blogon
2010 356 07:28:33,BUrl
2010 356 12:04:01,CUrl
2010 356 14:10:36,CSendEmail
2010 356 14:27:53,CUrl
2010 356 14:34:25,CSendEmail
2010 356 14:42:30,CUrl
2010 356 15:00:04,CSendEmail
2010 356 16:00:14,CUrl
2010 356 18:11:00,DNologon
2010 361 07:23:00,Blogon
2010 361 07:25:04,BSendEmail
2010 361 07:26:03,BSendEmail
2010 361 07:26:33,BSendEmail
2010 361 07:39:44,BUrl
2010 361 12:07:41,CUrl
2010 361 18:01:00,DNologon
2010 362 07:12:00,Blogon
2010 362 07:27:03,BUrl
2010 362 11:08:24,BSendEmail
2010 362 11:11:31,BSendEmail
2010 362 11:15:46,BSendEmail
2010 362 11:18:25,BUrl
2010 362 12:05:57,CUrl
2010 362 18:12:24,DUrl
2010 362 18:30:00,DNologon
2010 363 07:18:00,Blogon
2010 363 07:19:58,BUrl
2010 363 12:13:03,CUrl
2010 363 13:33:15,CSendEmail
2010 363 13:35:13,CSendEmail
2010 363 13:44:31,CUrl
2010 363 18:06:57,DUrl
2010 363 18:10:00,DNologon
2010 364 07:15:00,Blogon
2010 364 07:26:02,BUrl
2010 364 08:55:41,BSendEmail
2010 364 09:03:54,BSendEmail
2010 364 09:05:45,BUrl
2010 364 10:26:22,BSendEmail
2010 364 12:32:24,CUrl
2010 364 18:03:00,DNologon
2011 003 07:01:00,Blogon
2011 003 07:14:29,BUrl
2011 003 10:30:36,BSendEmail
2011 003 10:36:27,BUrl
2011 003 12:09:07,CSendEmail
2011 003 12:13:45,CSendEmail
2011 003 12:25:29,CUrl
2011 003 18:04:00,DNologon
2011 004 07:21:00,Blogon
2011 004 07:59:19,BUrl
2011 004 08:49:06,BSendEmail
2011 004 09:10:54,BUrl
2011 004 11:05:12,BSendEmail
2011 004 11:11:21,BSendEmail
2011 004 11:12:26,BUrl
2011 004 13:16:34,CUrl
2011 004 18:08:26,DUrl
2011 004 18:14:00,DNologon
2011 005 07:21:00,Blogon
2011 005 07:33:02,BUrl
2011 005 12:05:59,CUrl
2011 005 12:18:34,CSendEmail
2011 005 12:19:23,CSendEmail
2011 005 12:19:32,CSendEmail
2011 005 12:24:17,CUrl
2011 005 18:01:00,DNologon
2011 006 07:17:00,Blogon
2011 006 07:23:06,BUrl
2011 006 07:26:02,BSendEmail
2011 006 08:18:59,BUrl
2011 006 12:07:43,CUrl
2011 006 12:20:07,CSendEmail
2011 006 12:20:38,CSendEmail
2011 006 12:20:59,CUrl
2011 006 18:13:00,DNologon
2011 007 07:03:00,Blogon
2011 007 07:19:58,BUrl
2011 007 09:18:38,BSendEmail
2011 007 09:26:27,BUrl
2011 007 12:18:27,CSendEmail
2011 007 13:35:38,CUrl
2011 007 17:41:10,CSendEmail
2011 007 17:48:46,CUrl
2011 007 18:07:06,DUrl
2011 007 18:30:00,DNologon
2011 010 07:27:00,Blogon
2011 010 09:38:23,BUrl
2011 010 15:23:31,CUrl
2011 010 18:08:00,DNologon
2011 011 07:20:00,Blogon
2011 011 07:26:13,BUrl
2011 011 09:06:09,BSendEmail
2011 011 10:43:28,BUrl
2011 011 12:38:35,CUrl
2011 011 16:12:46,CSendEmail
2011 011 16:17:31,CUrl
2011 011 16:40:33,CSendEmail
2011 011 17:29:19,CUrl
2011 011 18:05:00,DNologon
2011 012 07:28:00,Blogon
2011 012 08:02:33,BUrl
2011 012 09:19:38,BSendEmail
2011 012 09:34:33,BUrl
2011 012 11:22:36,BSendEmail
2011 012 11:24:42,BSendEmail
2011 012 11:26:48,BUrl
2011 012 12:01:38,CUrl
2011 012 18:03:00,DNologon
2011 013 07:15:00,Blogon
2011 013 07:17:37,BUrl
2011 013 09:21:57,BSendEmail
2011 013 09:25:38,BUrl
2011 013 09:27:38,BSendEmail
2011 013 10:00:03,BUrl
2011 013 12:04:42,CUrl
2011 013 17:51:29,CSendEmail
2011 013 17:58:15,CUrl
2011 013 18:11:17,DUrl
2011 013 18:15:00,DNologon
2011 014 07:17:00,Blogon
2011 014 07:57:09,BUrl
2011 014 12:03:57,CUrl
2011 014 14:02:04,CSendEmail
2011 014 14:03:25,CSendEmail
2011 014 14:31:32,CUrl
2011 014 14:56:10,CSendEmail
2011 014 14:57:08,CUrl
2011 014 18:02:00,DNologon
2011 017 07:14:00,Blogon
2011 017 07:17:56,BUrl
2011 017 10:52:01,BSendEmail
2011 017 10:56:55,BSendEmail
2011 017 11:00:13,BUrl
2011 017 12:00:54,CUrl
2011 017 18:22:00,DNologon
2011 018 07:05:00,Blogon
2011 018 07:09:59,BUrl
2011 018 12:12:31,CUrl
2011 018 13:44:11,CSendEmail
2011 018 13:44:50,CSendEmail
2011 018 13:49:06,CUrl
2011 018 17:28:03,CSendEmail
2011 018 17:40:22,CUrl
2011 018 18:22:00,DNologon
2011 019 07:30:00,Blogon
2011 019 08:00:12,BUrl
2011 019 08:18:12,BSendEmail
2011 019 08:31:27,BUrl
2011 019 09:32:48,BSendEmail
2011 019 10:07:27,BUrl
2011 019 13:01:58,CUrl
2011 019 14:16:25,CSendEmail
2011 019 14:16:29,CUrl
2011 019 18:11:00,DNologon
2011 020 07:05:00,Blogon
2011 020 07:18:22,BUrl
2011 020 12:14:07,CUrl
2011 020 15:57:05,CSendEmail
2011 020 16:05:10,CUrl
2011 020 18:14:09,DSendEmail
2011 020 18:14:14,DSendEmail
2011 020 18:16:00,DNologon
2011 021 07:20:00,Blogon
2011 021 07:29:32,BUrl
2011 021 12:01:22,CUrl
2011 021 13:51:54,CSendEmail
2011 021 13:53:39,CSendEmail
2011 021 13:55:47,CUrl
2011 021 14:28:02,CSendEmail
2011 021 14:29:18,CUrl
2011 021 18:11:00,DNologon
2011 024 07:26:00,Blogon
2011 024 07:49:00,BUrl
2011 024 11:41:28,BSendEmail
2011 024 11:44:31,BUrl
2011 024 12:19:24,CUrl
2011 024 18:17:23,DSendEmail
2011 024 18:21:07,DSendEmail
2011 024 18:24:00,DNologon
2011 025 07:11:00,Blogon
2011 025 07:15:33,BUrl
2011 025 10:05:05,BSendEmail
2011 025 10:18:51,BUrl
2011 025 10:22:45,BSendEmail
2011 025 10:48:54,BUrl
2011 025 12:12:59,CUrl
2011 025 18:02:49,DSendEmail
2011 025 18:02:59,DUrl
2011 025 18:14:00,DNologon
2011 026 07:19:00,Blogon
2011 026 07:21:46,BSendEmail
2011 026 07:23:20,BUrl
2011 026 12:21:26,CUrl
2011 026 17:30:22,CSendEmail
2011 026 17:32:40,CSendEmail
2011 026 17:38:58,CUrl
2011 026 18:01:00,DNologon
2011 027 07:24:00,Blogon
2011 027 07:26:46,BUrl
2011 027 12:57:10,CUrl
2011 027 17:58:03,CSendEmail
2011 027 17:59:03,CSendEmail
2011 027 18:01:29,DUrl
2011 027 18:04:47,DSendEmail
2011 027 18:09:00,DNologon
2011 028 07:25:00,Blogon
2011 028 07:26:03,BUrl
2011 028 09:24:51,BSendEmail
2011 028 09:39:30,BUrl
2011 028 12:08:30,CUrl
2011 028 15:19:56,CSendEmail
2011 028 15:59:23,CUrl
2011 028 16:23:24,CSendEmail
2011 028 16:28:29,CUrl
2011 028 18:03:38,DUrl
2011 028 18:13:00,DNologon
2011 031 07:22:00,Blogon
2011 031 07:23:51,BUrl
2011 031 09:09:25,BSendEmail
2011 031 09:47:26,BSendEmail
2011 031 09:52:40,BUrl
2011 031 12:32:26,CSendEmail
2011 031 12:38:36,CUrl
2011 031 18:01:34,DUrl
2011 031 18:18:00,DNologon
2011 032 07:24:00,Blogon
2011 032 07:31:35,BUrl
2011 032 09:38:19,BSendEmail
2011 032 09:49:59,BUrl
2011 032 12:22:38,CUrl
2011 032 15:50:43,CSendEmail
2011 032 16:24:41,CSendEmail
2011 032 16:40:31,CUrl
2011 032 18:07:30,DUrl
2011 032 18:12:00,DNologon
2011 033 07:00:00,Blogon
2011 033 07:24:43,BSendEmail
2011 033 07:32:54,BSendEmail
2011 033 07:49:54,BUrl
2011 033 09:15:02,BSendEmail
2011 033 09:28:22,BUrl
2011 033 12:35:42,CUrl
2011 033 18:16:22,DUrl
2011 033 18:27:00,DNologon
2011 034 07:15:00,Blogon
2011 034 07:29:29,BUrl
2011 034 09:05:15,BSendEmail
2011 034 09:05:53,BUrl
2011 034 12:51:13,CUrl
2011 034 14:32:28,CSendEmail
2011 034 14:35:52,CUrl
2011 034 14:38:25,CSendEmail
2011 034 14:49:08,CUrl
2011 034 18:20:00,DNologon
2011 035 07:15:00,Blogon
2011 035 07:27:04,BUrl
2011 035 10:46:17,BSendEmail
2011 035 11:25:22,BUrl
2011 035 12:27:18,CUrl
2011 035 18:02:02,DUrl
2011 035 18:07:10,DSendEmail
2011 035 18:11:44,DSendEmail
2011 035 18:20:00,DNologon
2011 038 07:11:00,Blogon
2011 038 07:12:13,BUrl
2011 038 08:18:50,BSendEmail
2011 038 09:16:37,BUrl
2011 038 12:22:22,CUrl
2011 038 12:26:34,CSendEmail
2011 038 12:27:05,CSendEmail
2011 038 12:48:54,CUrl
2011 038 18:12:35,DUrl
2011 038 18:17:00,DNologon
2011 039 07:08:00,Blogon
2011 039 07:22:24,BUrl
2011 039 08:34:54,BSendEmail
2011 039 08:41:55,BUrl
2011 039 08:45:49,BSendEmail
2011 039 08:49:02,BSendEmail
2011 039 09:14:10,BUrl
2011 039 12:57:09,CUrl
2011 039 18:10:08,DUrl
2011 039 18:15:00,DNologon
2011 040 07:21:00,Blogon
2011 040 07:27:35,BUrl
2011 040 09:54:40,BSendEmail
2011 040 10:19:57,BUrl
2011 040 12:20:35,CUrl
2011 040 16:42:50,CSendEmail
2011 040 16:45:57,CUrl
2011 040 17:32:09,CSendEmail
2011 040 17:39:23,CUrl
2011 040 18:13:03,DUrl
2011 040 18:17:00,DNologon
2011 041 07:13:00,Blogon
2011 041 07:20:33,BUrl
2011 041 11:24:32,BSendEmail
2011 041 11:33:39,BUrl
2011 041 12:49:14,CUrl
2011 041 14:00:41,CSendEmail
2011 041 14:12:24,CUrl
2011 041 14:16:48,CSendEmail
2011 041 14:55:50,CUrl
2011 041 18:18:52,DUrl
2011 041 18:29:00,DNologon
2011 042 07:29:00,Blogon
2011 042 07:32:40,BUrl
2011 042 12:16:25,CUrl
2011 042 15:45:49,CSendEmail
2011 042 15:46:12,CSendEmail
2011 042 15:46:25,CUrl
2011 042 15:46:52,CSendEmail
2011 042 15:50:48,CUrl
2011 042 18:09:24,DUrl
2011 042 18:29:00,DNologon
2011 045 07:13:00,Blogon
2011 045 07:47:20,BUrl
2011 045 12:19:08,CUrl
2011 045 12:57:26,CSendEmail
2011 045 12:59:37,CSendEmail
2011 045 13:01:19,CSendEmail
2011 045 13:04:18,CUrl
2011 045 18:15:43,DUrl
2011 045 18:22:00,DNologon
2011 046 07:03:00,Blogon
2011 046 07:58:34,BUrl
2011 046 08:58:10,BSendEmail
2011 046 09:01:23,BSendEmail
2011 046 09:21:42,BUrl
2011 046 13:13:09,CUrl
2011 046 18:15:50,DUrl
2011 046 18:19:00,DNologon
2011 047 07:15:00,Blogon
2011 047 07:16:49,BUrl
2011 047 09:37:18,BSendEmail
2011 047 09:38:56,BSendEmail
2011 047 09:44:11,BSendEmail
2011 047 09:46:29,BUrl
2011 047 12:18:24,CUrl
2011 047 18:02:40,DUrl
2011 047 18:06:00,DNologon
2011 048 07:18:00,Blogon
2011 048 07:32:13,BSendEmail
2011 048 07:32:46,BSendEmail
2011 048 07:33:01,BSendEmail
2011 048 07:50:42,BUrl
2011 048 12:19:08,CUrl
2011 048 18:07:00,DNologon
2011 049 07:21:00,Blogon
2011 049 07:27:57,BUrl
2011 049 12:05:15,CUrl
2011 049 15:40:30,CSendEmail
2011 049 15:45:37,CUrl
2011 049 15:49:29,CSendEmail
2011 049 16:11:41,CUrl
2011 049 16:29:06,CSendEmail
2011 049 17:44:08,CUrl
2011 049 18:08:19,DUrl
2011 049 18:25:00,DNologon
2011 052 07:17:00,Blogon
2011 052 07:22:16,BUrl
2011 052 12:15:46,CUrl
2011 052 12:40:28,CSendEmail
2011 052 12:43:42,CUrl
2011 052 13:19:11,CSendEmail
2011 052 13:20:12,CUrl
2011 052 14:20:25,CSendEmail
2011 052 14:52:37,CUrl
2011 052 18:10:00,DNologon
2011 053 07:30:00,Blogon
2011 053 07:31:02,BSendEmail
2011 053 07:48:03,BUrl
2011 053 08:25:37,BSendEmail
2011 053 08:37:00,BUrl
2011 053 09:52:19,BSendEmail
2011 053 09:57:05,BUrl
2011 053 12:26:23,CUrl
2011 053 18:02:43,DUrl
2011 053 18:04:00,DNologon
2011 054 07:20:00,Blogon
2011 054 07:39:20,BUrl
2011 054 12:31:22,CUrl
2011 054 15:44:17,CSendEmail
2011 054 16:23:29,CUrl
2011 054 17:30:35,CSendEmail
2011 054 17:30:41,CUrl
2011 054 17:52:12,CSendEmail
2011 054 17:55:54,CUrl
2011 054 18:09:47,DUrl
2011 054 18:14:00,DNologon
2011 055 07:24:00,Blogon
2011 055 07:44:37,BUrl
2011 055 11:24:48,BSendEmail
2011 055 11:56:58,BUrl
2011 055 13:00:48,CUrl
2011 055 15:44:02,CSendEmail
2011 055 15:50:46,CUrl
2011 055 16:55:57,CSendEmail
2011 055 17:45:03,CUrl
2011 055 18:24:00,DNologon
2011 056 07:26:00,Blogon
2011 056 07:31:41,BUrl
2011 056 11:37:02,BSendEmail
2011 056 11:56:56,BUrl
2011 056 12:09:52,CUrl
2011 056 17:12:05,CSendEmail
2011 056 17:14:01,CSendEmail
2011 056 17:44:55,CUrl
2011 056 18:08:00,DNologon
2011 059 07:18:00,Blogon
2011 059 07:21:57,BUrl
2011 059 12:14:38,CSendEmail
2011 059 12:20:37,CSendEmail
2011 059 12:23:56,CSendEmail
2011 059 12:46:52,CUrl
2011 059 18:01:44,DUrl
2011 059 18:07:00,DNologon
2011 060 07:06:00,Blogon
2011 060 08:10:06,BUrl
2011 060 09:00:30,BSendEmail
2011 060 09:01:45,BUrl
2011 060 10:35:34,BSendEmail
2011 060 10:42:36,BUrl
2011 060 11:00:57,BSendEmail
2011 060 11:28:48,BUrl
2011 060 12:38:26,CUrl
2011 060 18:06:00,DNologon
2011 061 07:28:00,Blogon
2011 061 08:09:55,BUrl
2011 061 09:35:54,BSendEmail
2011 061 09:36:18,BUrl
2011 061 10:01:49,BSendEmail
2011 061 10:11:31,BSendEmail
2011 061 10:30:05,BUrl
2011 061 12:29:26,CUrl
2011 061 18:00:06,DUrl
2011 061 18:03:00,DNologon
2011 062 07:30:00,Blogon
2011 062 07:33:49,BSendEmail
2011 062 07:39:20,BSendEmail
2011 062 07:48:14,BUrl
2011 062 08:03:24,BSendEmail
2011 062 08:32:05,BUrl
2011 062 12:40:34,CUrl
2011 062 18:02:00,DNologon
2011 063 07:15:00,Blogon
2011 063 07:21:28,BUrl
2011 063 11:25:02,BSendEmail
2011 063 11:25:04,BSendEmail
2011 063 11:30:34,BUrl
2011 063 11:35:08,BSendEmail
2011 063 11:44:51,BUrl
2011 063 12:21:05,CUrl
2011 063 18:12:00,DNologon
2011 066 07:00:00,Blogon
2011 066 08:51:11,BUrl
2011 066 15:20:02,CSendEmail
2011 066 15:21:11,CUrl
2011 066 15:21:19,CSendEmail
2011 066 15:21:24,CUrl
2011 066 15:21:35,CSendEmail
2011 066 15:21:58,CUrl
2011 066 18:29:00,DNologon
2011 067 07:20:00,Blogon
2011 067 07:22:05,BUrl
2011 067 07:59:23,BSendEmail
2011 067 08:35:03,BUrl
2011 067 10:28:55,BSendEmail
2011 067 10:31:39,BUrl
2011 067 11:08:03,BSendEmail
2011 067 11:14:52,BUrl
2011 067 12:00:42,CUrl
2011 067 18:06:24,DUrl
2011 067 18:08:00,DNologon
2011 068 07:24:00,Blogon
2011 068 07:26:59,BUrl
2011 068 12:39:35,CUrl
2011 068 18:04:52,DUrl
2011 068 18:19:00,DNologon
2011 069 07:30:00,Blogon
2011 069 08:09:17,BUrl
2011 069 10:23:00,BSendEmail
2011 069 10:53:10,BUrl
2011 069 12:18:39,CUrl
2011 069 16:14:14,CSendEmail
2011 069 18:07:13,DUrl
2011 069 18:13:00,DNologon
2011 070 07:22:00,Blogon
2011 070 07:25:16,BUrl
2011 070 12:36:33,CUrl
2011 070 15:26:47,CSendEmail
2011 070 15:30:40,CSendEmail
2011 070 15:46:16,CUrl
2011 070 17:31:59,CSendEmail
2011 070 18:05:00,DNologon
2011 073 07:24:00,Blogon
2011 073 07:25:20,BUrl
2011 073 09:40:57,BSendEmail
2011 073 09:41:19,BUrl
2011 073 09:45:09,BSendEmail
2011 073 09:46:41,BUrl
2011 073 12:51:41,CUrl
2011 073 17:15:04,CSendEmail
2011 073 17:16:13,CUrl
2011 073 18:09:12,DUrl
2011 073 18:13:00,DNologon
2011 074 07:05:00,Blogon
2011 074 07:12:00,BUrl
2011 074 12:40:26,CUrl
2011 074 14:49:56,CSendEmail
2011 074 15:22:17,CUrl
2011 074 16:53:09,CSendEmail
2011 074 16:54:01,CSendEmail
2011 074 16:56:07,CUrl
2011 074 18:04:40,DUrl
2011 074 18:20:00,DNologon
2011 075 07:30:00,Blogon
2011 075 09:08:33,BUrl
2011 075 13:20:49,CUrl
2011 075 16:35:45,CSendEmail
2011 075 16:39:35,CSendEmail
2011 075 16:43:03,CUrl
2011 075 16:46:04,CSendEmail
2011 075 18:13:00,DNologon
2011 076 07:00:00,Blogon
2011 076 07:17:37,BUrl
2011 076 11:20:54,BSendEmail
2011 076 11:48:27,BUrl
2011 076 12:07:43,CUrl
2011 076 13:33:03,CSendEmail
2011 076 13:33:56,CSendEmail
2011 076 13:36:17,CUrl
2011 076 18:00:37,DUrl
2011 076 18:16:00,DNologon
2011 077 07:17:00,Blogon
2011 077 07:21:21,BUrl
2011 077 08:15:59,BSendEmail
2011 077 08:30:52,BUrl
2011 077 10:11:31,BSendEmail
2011 077 10:13:59,BUrl
2011 077 10:17:57,BSendEmail
2011 077 10:20:56,BUrl
2011 077 12:09:24,CUrl
2011 077 18:12:00,DNologon
2011 080 07:30:00,Blogon
2011 080 07:33:26,BSendEmail
2011 080 07:39:48,BUrl
2011 080 07:45:03,BSendEmail
2011 080 07:46:50,BSendEmail
2011 080 07:48:18,BUrl
2011 080 12:22:01,CUrl
2011 080 18:02:00,DNologon
2011 081 07:15:00,Blogon
2011 081 07:16:22,BUrl
2011 081 09:22:24,BSendEmail
2011 081 09:25:19,BUrl
2011 081 09:26:42,BSendEmail
2011 081 09:54:33,BSendEmail
2011 081 09:57:24,BUrl
2011 081 13:09:07,CUrl
2011 081 18:13:30,DUrl
2011 081 18:17:00,DNologon
2011 082 07:24:00,Blogon
2011 082 07:25:32,BUrl
2011 082 12:19:55,CUrl
2011 082 12:23:25,CSendEmail
2011 082 12:25:15,CUrl
2011 082 12:40:49,CSendEmail
2011 082 12:48:51,CUrl
2011 082 13:05:06,CSendEmail
2011 082 13:07:17,CUrl
2011 082 18:07:00,DNologon
2011 083 07:12:00,Blogon
2011 083 07:23:42,BUrl
2011 083 12:11:29,CSendEmail
2011 083 12:22:55,CUrl
2011 083 13:29:26,CSendEmail
2011 083 13:34:48,CUrl
2011 083 13:38:40,CSendEmail
2011 083 14:07:09,CUrl
2011 083 18:03:05,DUrl
2011 083 18:29:00,DNologon
2011 084 07:28:00,Blogon
2011 084 07:47:06,BUrl
2011 084 12:01:26,CUrl
2011 084 15:24:46,CSendEmail
2011 084 15:51:37,CUrl
2011 084 17:01:50,CSendEmail
2011 084 17:14:14,CUrl
2011 084 17:22:04,CSendEmail
2011 084 17:34:15,CUrl
2011 084 18:11:00,DNologon
2011 087 07:07:00,Blogon
2011 087 07:27:17,BUrl
2011 087 07:28:02,BSendEmail
2011 087 07:28:36,BUrl
2011 087 12:02:32,CUrl
2011 087 12:54:58,CSendEmail
2011 087 12:58:04,CSendEmail
2011 087 13:04:04,CUrl
2011 087 18:12:13,DUrl
2011 087 18:18:00,DNologon
2011 088 07:27:00,Blogon
2011 088 08:03:15,BUrl
2011 088 12:15:25,CUrl
2011 088 18:06:41,DSendEmail
2011 088 18:08:51,DUrl
2011 088 18:08:55,DSendEmail
2011 088 18:09:06,DSendEmail
2011 088 18:13:00,DNologon
2011 089 07:00:00,Blogon
2011 089 07:36:44,BUrl
2011 089 07:40:41,BSendEmail
2011 089 08:23:18,BUrl
2011 089 12:09:25,CUrl
2011 089 12:35:14,CSendEmail
2011 089 12:35:16,CUrl
2011 089 12:54:08,CSendEmail
2011 089 14:07:48,CUrl
2011 089 18:20:00,DNologon
2011 090 07:22:00,Blogon
2011 090 07:30:30,BUrl
2011 090 12:08:30,CUrl
2011 090 17:33:35,CSendEmail
2011 090 17:37:24,CSendEmail
2011 090 17:42:49,CUrl
2011 090 18:03:20,DSendEmail
2011 090 18:05:42,DUrl
2011 090 18:08:00,DNologon
2011 091 07:06:00,Blogon
2011 091 07:08:54,BUrl
2011 091 12:05:06,CSendEmail
2011 091 12:14:46,CSendEmail
2011 091 12:20:33,CUrl
2011 091 12:46:51,CSendEmail
2011 091 12:47:10,CUrl
2011 091 18:09:00,DNologon
2011 094 07:03:00,Blogon
2011 094 07:10:49,BUrl
2011 094 12:23:02,CUrl
2011 094 14:54:37,CSendEmail
2011 094 14:55:13,CSendEmail
2011 094 15:08:51,CSendEmail
2011 094 15:27:05,CUrl
2011 094 18:16:00,DNologon
2011 095 07:30:00,Blogon
2011 095 07:39:11,BUrl
2011 095 12:48:34,CUrl
2011 095 14:01:41,CSendEmail
2011 095 14:15:30,CUrl
2011 095 14:21:54,CSendEmail
2011 095 14:22:37,CSendEmail
2011 095 14:55:09,CUrl
2011 095 18:05:06,DUrl
2011 095 18:27:00,DNologon
2011 096 07:09:00,Blogon
2011 096 07:16:15,BUrl
2011 096 07:33:21,BSendEmail
2011 096 07:33:41,BUrl
2011 096 08:49:47,BSendEmail
2011 096 09:16:43,BUrl
2011 096 12:17:35,CUrl
2011 096 18:17:56,DUrl
2011 096 18:21:46,DSendEmail
2011 096 18:23:00,DNologon
2011 097 07:05:00,Blogon
2011 097 07:14:32,BUrl
2011 097 07:46:22,BSendEmail
2011 097 08:02:23,BUrl
2011 097 12:01:13,CUrl
2011 097 13:41:43,CSendEmail
2011 097 13:48:19,CSendEmail
2011 097 15:11:16,CUrl
2011 097 18:27:00,DNologon
2011 098 07:21:00,Blogon
2011 098 07:45:56,BUrl
2011 098 09:09:27,BSendEmail
2011 098 09:10:39,BUrl
2011 098 12:51:56,CSendEmail
2011 098 12:52:47,CSendEmail
2011 098 12:55:50,CUrl
2011 098 18:02:00,DNologon
2011 101 07:30:00,Blogon
2011 101 07:32:06,BUrl
2011 101 10:23:44,BSendEmail
2011 101 10:25:10,BUrl
2011 101 12:05:54,CUrl
2011 101 12:21:54,CSendEmail
2011 101 12:33:10,CUrl
2011 101 13:14:35,CSendEmail
2011 101 13:45:01,CUrl
2011 101 18:01:00,DNologon
2011 102 07:17:00,Blogon
2011 102 08:15:20,BUrl
2011 102 13:07:14,CSendEmail
2011 102 13:19:47,CUrl
2011 102 13:47:42,CSendEmail
2011 102 14:32:39,CUrl
2011 102 18:04:17,DUrl
2011 102 18:14:00,DNologon
2011 103 07:24:00,Blogon
2011 103 07:31:58,BUrl
2011 103 12:03:48,CSendEmail
2011 103 12:04:04,CSendEmail
2011 103 12:06:49,CUrl
2011 103 12:07:14,CSendEmail
2011 103 12:16:29,CUrl
2011 103 18:02:17,DUrl
2011 103 18:04:00,DNologon
2011 104 07:21:00,Blogon
2011 104 07:35:36,BUrl
2011 104 11:35:00,BSendEmail
2011 104 11:42:43,BSendEmail
2011 104 12:36:33,CUrl
2011 104 17:46:02,CSendEmail
2011 104 17:51:12,CUrl
2011 104 18:00:22,DUrl
2011 104 18:27:00,DNologon
2011 105 07:24:00,Blogon
2011 105 07:31:48,BUrl
2011 105 13:06:26,CUrl
2011 105 16:05:01,CSendEmail
2011 105 16:20:33,CUrl
2011 105 18:08:42,DSendEmail
2011 105 18:15:00,DNologon
2011 108 07:11:00,Blogon
2011 108 07:21:15,BUrl
2011 108 11:57:15,BSendEmail
2011 108 12:10:26,CSendEmail
2011 108 12:16:27,CSendEmail
2011 108 12:18:12,CUrl
2011 108 18:07:00,DNologon
2011 109 07:29:00,Blogon
2011 109 07:43:02,BUrl
2011 109 13:25:09,CUrl
2011 109 17:51:51,CSendEmail
2011 109 18:04:00,DNologon
2011 110 07:09:00,Blogon
2011 110 07:12:32,BUrl
2011 110 10:23:16,BSendEmail
2011 110 10:44:31,BSendEmail
2011 110 10:52:06,BUrl
2011 110 12:15:58,CUrl
2011 110 17:36:50,CSendEmail
2011 110 18:03:44,DUrl
2011 110 18:19:00,DNologon
2011 111 07:25:00,Blogon
2011 111 07:35:57,BUrl
2011 111 07:42:15,BSendEmail
2011 111 07:43:18,BUrl
2011 111 14:49:16,CUrl
2011 111 15:06:33,CSendEmail
2011 111 15:06:45,CUrl
2011 111 16:09:27,CSendEmail
2011 111 18:00:00,DNologon
2011 115 07:16:00,Blogon
2011 115 07:25:43,BUrl
2011 115 07:33:23,BSendEmail
2011 115 07:48:30,BUrl
2011 115 10:14:34,BSendEmail
2011 115 10:26:16,BSendEmail
2011 115 11:15:40,BUrl
2011 115 12:30:45,CUrl
2011 115 18:09:00,DNologon
2011 116 07:00:00,Blogon
2011 116 07:04:12,BUrl
2011 116 09:45:43,BSendEmail
2011 116 09:47:23,BUrl
2011 116 12:34:49,CUrl
2011 116 16:06:41,CSendEmail
2011 116 16:22:06,CUrl
2011 116 16:40:12,CSendEmail
2011 116 17:09:15,CUrl
2011 116 18:23:00,DNologon
2011 117 07:06:00,Blogon
2011 117 07:55:43,BUrl
2011 117 12:20:43,CUrl
2011 117 14:05:52,CSendEmail
2011 117 14:38:24,CUrl
2011 117 15:10:51,CSendEmail
2011 117 15:11:56,CUrl
2011 117 15:25:56,CSendEmail
2011 117 16:21:52,CUrl
2011 117 18:02:22,DUrl
2011 117 18:29:00,DNologon
2011 118 07:08:00,Blogon
2011 118 07:18:17,BUrl
2011 118 11:29:53,BSendEmail
2011 118 11:30:06,BUrl
2011 118 12:16:34,CSendEmail
2011 118 12:27:58,CSendEmail
2011 118 13:13:40,CUrl
2011 118 18:20:45,DUrl
2011 118 18:30:00,DNologon
2011 119 07:15:00,Blogon
2011 119 07:38:35,BUrl
2011 119 12:32:06,CUrl
2011 119 12:39:20,CSendEmail
2011 119 13:33:02,CUrl
2011 119 15:04:39,CSendEmail
2011 119 15:06:08,CUrl
2011 119 17:59:13,CSendEmail
2011 119 18:01:32,DUrl
2011 119 18:22:00,DNologon
2011 122 07:30:00,Blogon
2011 122 08:05:53,BUrl
2011 122 09:11:10,BSendEmail
2011 122 09:28:26,BUrl
2011 122 12:08:51,CUrl
2011 122 16:10:09,CSendEmail
2011 122 16:11:20,CUrl
2011 122 16:46:17,CSendEmail
2011 122 16:48:09,CUrl
2011 122 18:00:42,DUrl
2011 122 18:12:00,DNologon
2011 123 07:22:00,Blogon
2011 123 07:26:42,BUrl
2011 123 08:13:01,BSendEmail
2011 123 08:18:37,BSendEmail
2011 123 08:18:44,BUrl
2011 123 08:21:28,BSendEmail
2011 123 08:39:47,BUrl
2011 123 12:38:54,CUrl
2011 123 18:02:56,DUrl
2011 123 18:22:00,DNologon
2011 124 07:08:00,Blogon
2011 124 07:25:06,BUrl
2011 124 08:41:24,BSendEmail
2011 124 08:50:11,BUrl
2011 124 08:55:15,BSendEmail
2011 124 09:21:31,BUrl
2011 124 09:31:14,BSendEmail
2011 124 10:07:59,BUrl
2011 124 12:23:19,CUrl
2011 124 18:08:36,DUrl
2011 124 18:17:00,DNologon
2011 125 07:14:00,Blogon
2011 125 07:20:11,BUrl
2011 125 12:16:09,CUrl
2011 125 15:52:57,CSendEmail
2011 125 16:00:34,CUrl
2011 125 16:57:40,CSendEmail
2011 125 17:44:41,CUrl
2011 125 17:46:28,CSendEmail
2011 125 17:47:07,CUrl
2011 125 18:10:00,DNologon
2011 126 07:27:00,Blogon
2011 126 07:42:29,BUrl
2011 126 12:06:10,CUrl
2011 126 12:25:30,CSendEmail
2011 126 12:51:03,CUrl
2011 126 16:39:14,CSendEmail
2011 126 16:43:46,CUrl
2011 126 17:35:11,CSendEmail
2011 126 17:53:11,CUrl
2011 126 18:05:00,DNologon
2011 129 07:20:00,Blogon
2011 129 07:32:25,BUrl
2011 129 12:08:31,CUrl
2011 129 13:47:09,CSendEmail
2011 129 13:50:03,CSendEmail
2011 129 13:51:19,CSendEmail
2011 129 14:32:15,CUrl
2011 129 18:00:36,DUrl
2011 129 18:15:00,DNologon
2011 130 07:14:00,Blogon
2011 130 07:15:27,BUrl
2011 130 08:41:54,BSendEmail
2011 130 08:57:08,BUrl
2011 130 09:00:40,BSendEmail
2011 130 09:03:48,BUrl
2011 130 10:44:30,BSendEmail
2011 130 11:11:59,BUrl
2011 130 12:42:23,CUrl
2011 130 18:11:32,DUrl
2011 130 18:30:00,DNologon
2011 131 07:09:00,Blogon
2011 131 07:11:11,BUrl
2011 131 12:11:53,CUrl
2011 131 13:56:47,CSendEmail
2011 131 14:02:45,CUrl
2011 131 17:50:23,CSendEmail
2011 131 17:51:55,CSendEmail
2011 131 17:56:24,CUrl
2011 131 18:01:34,DUrl
2011 131 18:03:00,DNologon
2011 132 07:27:00,Blogon
2011 132 07:46:40,BUrl
2011 132 11:10:47,BSendEmail
2011 132 11:19:38,BSendEmail
2011 132 11:25:56,BSendEmail
2011 132 12:00:40,CUrl
2011 132 18:02:33,DUrl
2011 132 18:19:00,DNologon
2011 133 07:07:00,Blogon
2011 133 07:16:20,BUrl
2011 133 12:27:04,CUrl
2011 133 13:01:03,CSendEmail
2011 133 13:01:41,CUrl
2011 133 15:42:44,CSendEmail
2011 133 16:25:51,CUrl
2011 133 17:15:18,CSendEmail
2011 133 17:53:26,CUrl
2011 133 18:14:00,DNologon
2011 136 07:16:00,Blogon
2011 136 07:20:11,BUrl
2011 136 08:58:35,BSendEmail
2011 136 08:59:34,BSendEmail
2011 136 08:59:44,BUrl
2011 136 13:14:13,CUrl
2011 136 14:30:24,CSendEmail
2011 136 14:53:40,CUrl
2011 136 18:00:00,DNologon
