2010 004 08:27:00,Blogon
2010 004 08:45:17,BUrl
2010 004 10:00:12,BSendEmail
2010 004 12:31:48,CUrl
2010 004 18:11:22,DUrl
2010 004 18:41:00,DNologon
2010 005 08:30:00,Blogon
2010 005 09:10:05,BUrl
2010 005 12:19:12,CUrl
2010 005 12:40:44,CSendEmail
2010 005 14:19:06,Clogon
2010 005 15:53:28,CUrl
2010 005 18:21:20,DUrl
2010 005 18:30:00,DNologon
2010 006 08:30:00,Blogon
2010 006 08:43:17,BUrl
2010 006 12:06:13,CUrl
2010 006 15:34:52,CSendEmail
2010 006 16:22:55,CUrl
2010 006 18:30:00,DNologon
2010 007 08:31:00,Blogon
2010 007 08:55:32,BUrl
2010 007 11:19:41,BSendEmail
2010 007 12:37:19,Clogon
2010 007 12:45:02,CUrl
2010 007 18:30:00,DNologon
2010 008 08:18:00,Blogon
2010 008 08:41:05,BUrl
2010 008 14:14:08,Clogon
2010 008 14:22:46,CSendEmail
2010 008 15:36:17,CUrl
2010 008 18:29:00,DNologon
2010 011 08:26:00,Blogon
2010 011 09:05:04,BUrl
2010 011 12:09:03,CUrl
2010 011 12:54:31,CSendEmail
2010 011 16:52:45,CUrl
2010 011 18:31:00,DNologon
2010 012 08:16:00,Blogon
2010 012 08:29:38,BUrl
2010 012 11:11:00,BSendEmail
2010 012 11:33:15,BUrl
2010 012 12:05:27,CUrl
2010 012 13:45:51,Clogon
2010 012 13:55:28,CUrl
2010 012 18:28:00,DNologon
2010 013 08:30:00,Blogon
2010 013 09:46:59,BUrl
2010 013 12:06:30,CUrl
2010 013 13:49:23,Clogon
2010 013 14:36:38,CUrl
2010 013 16:20:09,CSendEmail
2010 013 16:28:44,CUrl
2010 013 18:10:00,DUrl
2010 013 18:30:00,DNologon
2010 014 08:30:00,Blogon
2010 014 09:46:30,BUrl
2010 014 10:55:29,BSendEmail
2010 014 12:31:34,CUrl
2010 014 18:02:11,DUrl
2010 014 18:33:00,DNologon
2010 015 08:31:00,Blogon
2010 015 08:54:46,BUrl
2010 015 09:24:51,BSendEmail
2010 015 11:43:50,Blogon
2010 015 11:56:43,BUrl
2010 015 12:50:54,CUrl
2010 015 18:12:58,DUrl
2010 015 18:28:00,DNologon
2010 018 08:31:00,Blogon
2010 018 11:13:49,BUrl
2010 018 11:21:31,BSendEmail
2010 018 11:31:19,BUrl
2010 018 14:46:22,CUrl
2010 018 18:02:43,DUrl
2010 018 18:41:00,DNologon
2010 019 08:28:00,Blogon
2010 019 09:15:22,BSendEmail
2010 019 09:24:24,BUrl
2010 019 14:07:38,Clogon
2010 019 15:55:59,CUrl
2010 019 18:43:00,DNologon
2010 020 08:29:00,Blogon
2010 020 08:31:41,BUrl
2010 020 12:02:51,CUrl
2010 020 12:22:03,CSendEmail
2010 020 12:26:59,CUrl
2010 020 13:12:59,Clogon
2010 020 14:55:07,CUrl
2010 020 18:11:44,DUrl
2010 020 18:31:00,DNologon
2010 021 08:30:00,Blogon
2010 021 08:46:41,BUrl
2010 021 14:22:51,Clogon
2010 021 14:45:08,CUrl
2010 021 15:46:38,CSendEmail
2010 021 15:48:34,CUrl
2010 021 18:34:00,DNologon
2010 022 08:21:00,Blogon
2010 022 08:40:34,BUrl
2010 022 12:13:11,Clogon
2010 022 13:11:01,CUrl
2010 022 14:02:11,CSendEmail
2010 022 15:09:09,CUrl
2010 022 18:44:00,DNologon
2010 025 08:18:00,Blogon
2010 025 09:57:45,BUrl
2010 025 11:46:26,Blogon
2010 025 12:49:35,CUrl
2010 025 16:22:58,CSendEmail
2010 025 16:50:58,CUrl
2010 025 18:30:00,DNologon
2010 026 08:30:00,Blogon
2010 026 08:37:31,BUrl
2010 026 13:37:54,Clogon
2010 026 14:57:59,CUrl
2010 026 18:09:40,DUrl
2010 026 18:38:00,DNologon
2010 027 08:26:00,Blogon
2010 027 08:39:49,BUrl
2010 027 10:50:57,BSendEmail
2010 027 11:04:44,BUrl
2010 027 12:53:52,CUrl
2010 027 18:45:00,DNologon
2010 028 08:32:00,Blogon
2010 028 08:39:44,BUrl
2010 028 13:23:51,Clogon
2010 028 13:44:08,CUrl
2010 028 15:54:47,CSendEmail
2010 028 17:32:16,CUrl
2010 028 18:28:26,DUrl
2010 028 18:30:00,DNologon
2010 029 08:31:00,Blogon
2010 029 08:52:57,BUrl
2010 029 10:39:28,BSendEmail
2010 029 10:50:25,BUrl
2010 029 11:21:24,Blogon
2010 029 12:40:27,CUrl
2010 029 18:16:35,DUrl
2010 029 18:30:00,DNologon
2010 032 08:32:00,Blogon
2010 032 11:48:40,BUrl
2010 032 12:27:48,CUrl
2010 032 13:29:54,CSendEmail
2010 032 13:36:35,CUrl
2010 032 18:25:13,DUrl
2010 032 18:45:00,DNologon
2010 033 08:31:00,Blogon
2010 033 09:35:01,BUrl
2010 033 12:10:01,CUrl
2010 033 14:29:06,Clogon
2010 033 14:39:56,CUrl
2010 033 15:19:41,CSendEmail
2010 033 16:30:32,CUrl
2010 033 18:30:00,DNologon
2010 034 08:32:00,Blogon
2010 034 08:41:02,BUrl
2010 034 12:44:14,Clogon
2010 034 12:50:17,CUrl
2010 034 18:07:15,DSendEmail
2010 034 18:28:00,DNologon
2010 035 08:31:00,Blogon
2010 035 09:09:55,BSendEmail
2010 035 09:48:43,BUrl
2010 035 13:13:40,Clogon
2010 035 13:52:22,CUrl
2010 035 18:15:40,DUrl
2010 035 18:30:00,DNologon
2010 036 08:32:00,Blogon
2010 036 08:35:07,BSendEmail
2010 036 08:36:08,BUrl
2010 036 12:30:51,CUrl
2010 036 14:01:50,Clogon
2010 036 14:54:52,CUrl
2010 036 18:12:50,DUrl
2010 036 18:28:00,DNologon
2010 039 08:31:00,Blogon
2010 039 08:38:51,BUrl
2010 039 08:59:00,BSendEmail
2010 039 10:01:04,BUrl
2010 039 12:00:01,CUrl
2010 039 18:13:38,DUrl
2010 039 18:28:00,DNologon
2010 040 08:30:00,Blogon
2010 040 08:42:46,BUrl
2010 040 12:00:36,CUrl
2010 040 14:11:27,Clogon
2010 040 14:15:39,CSendEmail
2010 040 18:09:08,DUrl
2010 040 18:30:00,DNologon
2010 041 08:30:00,Blogon
2010 041 08:42:05,BUrl
2010 041 08:50:17,BSendEmail
2010 041 12:53:25,Clogon
2010 041 13:16:47,CUrl
2010 041 18:05:18,DUrl
2010 041 18:29:00,DNologon
2010 042 08:30:00,Blogon
2010 042 09:32:02,BUrl
2010 042 11:39:45,BSendEmail
2010 042 12:45:25,CUrl
2010 042 18:41:00,DNologon
2010 043 08:32:00,Blogon
2010 043 08:48:42,BUrl
2010 043 14:01:38,Clogon
2010 043 15:51:30,CUrl
2010 043 18:03:00,DUrl
2010 043 18:11:29,DSendEmail
2010 043 18:29:00,DNologon
2010 046 08:21:00,Blogon
2010 046 08:23:58,BSendEmail
2010 046 08:48:30,BUrl
2010 046 13:23:06,CUrl
2010 046 18:13:55,DUrl
2010 046 18:30:00,DNologon
2010 047 08:30:00,Blogon
2010 047 08:41:54,BUrl
2010 047 11:09:27,BSendEmail
2010 047 11:20:24,BUrl
2010 047 13:04:21,Clogon
2010 047 13:11:34,CUrl
2010 047 18:28:00,DNologon
2010 048 08:20:00,Blogon
2010 048 08:40:36,BUrl
2010 048 13:03:39,Clogon
2010 048 13:16:27,CUrl
2010 048 17:44:09,CSendEmail
2010 048 17:47:03,CUrl
2010 048 18:41:00,DNologon
2010 049 08:30:00,Blogon
2010 049 08:41:13,BUrl
2010 049 10:47:38,Blogon
2010 049 12:51:17,CSendEmail
2010 049 13:26:07,CUrl
2010 049 18:28:00,DNologon
2010 050 08:21:00,Blogon
2010 050 08:22:12,BUrl
2010 050 12:00:24,Clogon
2010 050 12:20:43,CUrl
2010 050 16:24:03,CSendEmail
2010 050 16:28:58,CUrl
2010 050 18:26:11,DUrl
2010 050 18:30:00,DNologon
2010 053 08:29:00,Blogon
2010 053 08:43:51,BUrl
2010 053 10:24:42,BSendEmail
2010 053 10:38:43,BUrl
2010 053 13:45:28,Clogon
2010 053 14:05:56,CUrl
2010 053 18:23:38,DUrl
2010 053 18:44:00,DNologon
2010 054 08:29:00,Blogon
2010 054 08:43:45,BUrl
2010 054 09:38:13,BSendEmail
2010 054 10:30:00,BUrl
2010 054 12:18:44,CUrl
2010 054 18:36:00,DNologon
2010 055 08:32:00,Blogon
2010 055 08:37:08,BUrl
2010 055 12:36:20,CUrl
2010 055 12:54:04,Clogon
2010 055 13:34:52,CSendEmail
2010 055 14:56:17,CUrl
2010 055 18:17:23,DUrl
2010 055 18:29:00,DNologon
2010 056 08:30:00,Blogon
2010 056 08:35:32,BUrl
2010 056 12:22:22,Clogon
2010 056 15:15:03,CUrl
2010 056 17:36:12,CSendEmail
2010 056 17:39:29,CUrl
2010 056 18:28:00,DNologon
2010 057 08:30:00,Blogon
2010 057 09:14:06,BUrl
2010 057 12:14:19,CUrl
2010 057 13:19:14,Clogon
2010 057 15:23:58,CSendEmail
2010 057 15:26:41,CUrl
2010 057 18:39:23,DUrl
2010 057 18:45:00,DNologon
2010 060 08:15:00,Blogon
2010 060 08:17:34,BSendEmail
2010 060 08:29:05,BUrl
2010 060 12:42:25,CUrl
2010 060 18:43:00,DNologon
2010 061 08:30:00,Blogon
2010 061 12:54:56,Clogon
2010 061 18:27:40,DSendEmail
2010 061 18:27:45,DUrl
2010 061 18:29:00,DNologon
2010 062 08:32:00,Blogon
2010 062 09:10:02,BSendEmail
2010 062 09:14:30,BUrl
2010 062 13:42:51,Clogon
2010 062 13:53:06,CUrl
2010 062 18:10:25,DUrl
2010 062 18:29:00,DNologon
2010 063 08:23:00,Blogon
2010 063 08:59:20,BUrl
2010 063 12:45:19,Clogon
2010 063 12:51:31,CUrl
2010 063 18:08:27,DUrl
2010 063 18:31:00,DNologon
2010 064 08:31:00,Blogon
2010 064 08:32:39,BUrl
2010 064 13:22:41,Clogon
2010 064 13:43:48,CUrl
2010 064 13:43:58,CSendEmail
2010 064 14:13:20,CUrl
2010 064 18:08:34,DUrl
2010 064 18:28:00,DNologon
2010 067 08:30:00,Blogon
2010 067 08:51:19,BUrl
2010 067 13:38:41,CSendEmail
2010 067 15:55:44,CUrl
2010 067 18:27:51,DUrl
2010 067 18:29:00,DNologon
2010 068 08:23:00,Blogon
2010 068 09:07:16,BUrl
2010 068 14:11:38,Clogon
2010 068 14:22:17,CUrl
2010 068 15:20:28,CSendEmail
2010 068 15:29:17,CUrl
2010 068 18:40:00,DNologon
2010 069 08:26:00,Blogon
2010 069 10:14:27,BUrl
2010 069 12:15:47,CSendEmail
2010 069 14:23:59,Clogon
2010 069 14:56:30,CUrl
2010 069 18:12:47,DUrl
2010 069 18:39:00,DNologon
2010 070 08:30:00,Blogon
2010 070 09:12:34,BUrl
2010 070 10:29:25,BSendEmail
2010 070 10:34:06,BUrl
2010 070 13:59:21,Clogon
2010 070 14:02:21,CUrl
2010 070 18:37:00,DNologon
2010 071 08:25:00,Blogon
2010 071 08:27:18,BUrl
2010 071 13:01:05,Clogon
2010 071 15:30:07,CUrl
2010 071 16:30:33,CSendEmail
2010 071 16:48:40,CUrl
2010 071 18:02:39,DUrl
2010 071 18:32:00,DNologon
2010 074 08:22:00,Blogon
2010 074 09:24:15,BUrl
2010 074 13:11:52,Clogon
2010 074 13:14:54,CUrl
2010 074 14:25:22,CSendEmail
2010 074 14:48:23,CUrl
2010 074 18:45:00,DNologon
2010 075 08:20:00,Blogon
2010 075 09:38:17,BUrl
2010 075 13:59:34,Clogon
2010 075 14:08:21,CUrl
2010 075 17:05:53,CSendEmail
2010 075 17:21:38,CUrl
2010 075 18:30:00,DNologon
2010 076 08:23:00,Blogon
2010 076 09:23:12,BUrl
2010 076 14:08:13,Clogon
2010 076 14:42:10,CUrl
2010 076 18:20:34,DSendEmail
2010 076 18:30:00,DNologon
2010 077 08:24:00,Blogon
2010 077 08:57:10,BUrl
2010 077 11:56:50,BSendEmail
2010 077 11:57:47,BUrl
2010 077 12:23:26,CUrl
2010 077 18:30:00,DNologon
2010 078 08:30:00,Blogon
2010 078 09:11:49,BUrl
2010 078 12:50:35,CUrl
2010 078 13:11:01,CSendEmail
2010 078 13:22:25,CUrl
2010 078 18:21:55,DUrl
2010 078 18:29:00,DNologon
2010 081 08:23:00,Blogon
2010 081 08:27:46,BUrl
2010 081 12:40:35,CUrl
2010 081 16:47:17,CSendEmail
2010 081 17:21:05,CUrl
2010 081 18:14:52,DUrl
2010 081 18:34:00,DNologon
2010 082 08:30:00,Blogon
2010 082 09:21:14,BUrl
2010 082 11:48:35,Blogon
2010 082 12:20:58,CUrl
2010 082 13:30:35,CSendEmail
2010 082 14:15:30,CUrl
2010 082 18:18:38,DUrl
2010 082 18:29:00,DNologon
2010 083 08:29:00,Blogon
2010 083 08:44:33,BUrl
2010 083 12:00:20,CUrl
2010 083 16:50:02,CSendEmail
2010 083 18:30:48,DUrl
2010 083 18:35:00,DNologon
2010 084 08:32:00,Blogon
2010 084 08:35:44,BUrl
2010 084 13:44:27,Clogon
2010 084 15:12:25,CUrl
2010 084 15:42:24,CSendEmail
2010 084 15:50:21,CUrl
2010 084 18:19:47,DUrl
2010 084 18:28:00,DNologon
2010 085 08:16:00,Blogon
2010 085 08:26:12,BUrl
2010 085 13:30:45,Clogon
2010 085 14:18:19,CUrl
2010 085 16:34:20,CSendEmail
2010 085 17:12:57,CUrl
2010 085 18:35:51,DUrl
2010 085 18:37:00,DNologon
2010 088 08:22:00,Blogon
2010 088 09:29:48,BUrl
2010 088 12:48:36,CUrl
2010 088 13:42:08,Clogon
2010 088 14:02:31,CUrl
2010 088 16:50:44,CSendEmail
2010 088 18:23:29,DUrl
2010 088 18:33:00,DNologon
2010 089 08:18:00,Blogon
2010 089 09:37:20,BUrl
2010 089 11:31:47,Blogon
2010 089 12:35:46,CUrl
2010 089 17:06:06,CSendEmail
2010 089 17:53:30,CUrl
2010 089 18:28:00,DNologon
2010 090 08:23:00,Blogon
2010 090 08:34:14,BUrl
2010 090 13:20:50,Clogon
2010 090 13:50:47,CUrl
2010 090 18:18:12,DSendEmail
2010 090 18:33:57,DUrl
2010 090 18:38:00,DNologon
2010 091 08:25:00,Blogon
2010 091 08:57:41,BUrl
2010 091 11:59:56,Blogon
2010 091 12:20:48,CUrl
2010 091 13:25:27,CSendEmail
2010 091 13:37:13,CUrl
2010 091 18:39:00,DNologon
2010 095 08:28:00,Blogon
2010 095 08:32:02,BUrl
2010 095 13:32:38,CUrl
2010 095 18:03:14,DUrl
2010 095 18:21:58,DSendEmail
2010 095 18:40:00,DNologon
2010 096 08:21:00,Blogon
2010 096 08:43:27,BUrl
2010 096 09:47:51,BSendEmail
2010 096 10:15:20,BUrl
2010 096 13:25:51,CUrl
2010 096 18:45:00,DNologon
2010 097 08:17:00,Blogon
2010 097 08:45:19,BUrl
2010 097 12:35:10,Clogon
2010 097 12:59:41,CUrl
2010 097 13:01:20,CSendEmail
2010 097 14:31:53,CUrl
2010 097 18:22:52,DUrl
2010 097 18:34:00,DNologon
2010 098 08:31:00,Blogon
2010 098 08:34:14,BSendEmail
2010 098 09:12:26,BUrl
2010 098 14:19:57,Clogon
2010 098 14:43:31,CUrl
2010 098 18:26:04,DUrl
2010 098 18:29:00,DNologon
2010 099 08:30:00,Blogon
2010 099 08:34:44,BUrl
2010 099 09:33:28,BSendEmail
2010 099 09:40:35,BUrl
2010 099 13:45:40,Clogon
2010 099 14:00:28,CUrl
2010 099 18:23:26,DUrl
2010 099 18:39:00,DNologon
2010 102 08:23:00,Blogon
2010 102 08:40:34,BUrl
2010 102 13:53:11,CUrl
2010 102 17:15:02,CSendEmail
2010 102 17:32:33,CUrl
2010 102 18:01:16,DUrl
2010 102 18:38:00,DNologon
2010 103 08:19:00,Blogon
2010 103 09:29:39,BUrl
2010 103 12:12:26,CUrl
2010 103 13:03:20,Clogon
2010 103 13:04:57,CSendEmail
2010 103 13:21:32,CUrl
2010 103 18:28:23,DUrl
2010 103 18:37:00,DNologon
2010 104 08:23:00,Blogon
2010 104 08:37:37,BUrl
2010 104 11:14:09,Blogon
2010 104 11:50:11,BUrl
2010 104 14:20:14,CSendEmail
2010 104 14:43:08,CUrl
2010 104 18:35:47,DUrl
2010 104 18:45:00,DNologon
2010 105 08:30:00,Blogon
2010 105 08:40:12,BUrl
2010 105 14:25:44,Clogon
2010 105 15:40:30,CUrl
2010 105 16:29:19,CSendEmail
2010 105 17:14:38,CUrl
2010 105 18:10:24,DUrl
2010 105 18:30:00,DNologon
2010 106 08:23:00,Blogon
2010 106 08:26:44,BUrl
2010 106 13:46:12,CSendEmail
2010 106 13:50:32,CUrl
2010 106 18:20:20,DUrl
2010 106 18:36:00,DNologon
2010 109 08:15:00,Blogon
2010 109 08:18:57,BUrl
2010 109 13:01:57,CUrl
2010 109 18:09:37,DUrl
2010 109 18:23:48,DSendEmail
2010 109 18:31:59,DUrl
2010 109 18:44:00,DNologon
2010 110 08:31:00,Blogon
2010 110 10:17:23,BUrl
2010 110 12:33:19,CUrl
2010 110 13:44:44,Clogon
2010 110 14:02:41,CSendEmail
2010 110 14:03:15,CUrl
2010 110 18:02:16,DUrl
2010 110 18:29:00,DNologon
2010 111 08:15:00,Blogon
2010 111 08:20:00,BUrl
2010 111 08:36:59,BSendEmail
2010 111 08:39:00,BUrl
2010 111 13:19:55,Clogon
2010 111 14:56:41,CUrl
2010 111 18:37:00,DNologon
2010 112 08:30:00,Blogon
2010 112 11:39:04,BUrl
2010 112 12:09:23,CUrl
2010 112 12:11:44,CSendEmail
2010 112 12:21:57,Clogon
2010 112 13:29:02,CUrl
2010 112 18:11:57,DUrl
2010 112 18:41:00,DNologon
2010 113 08:30:00,Blogon
2010 113 09:37:15,BUrl
2010 113 09:41:58,BSendEmail
2010 113 09:53:24,BUrl
2010 113 12:45:43,Clogon
2010 113 15:40:55,CUrl
2010 113 18:23:41,DUrl
2010 113 18:29:00,DNologon
2010 116 08:32:00,Blogon
2010 116 08:36:27,BUrl
2010 116 10:19:34,BSendEmail
2010 116 10:22:52,BUrl
2010 116 13:30:39,Clogon
2010 116 14:54:03,CUrl
2010 116 18:25:41,DUrl
2010 116 18:28:00,DNologon
2010 117 08:24:00,Blogon
2010 117 08:34:20,BUrl
2010 117 08:34:59,BSendEmail
2010 117 08:42:54,BUrl
2010 117 12:04:19,CUrl
2010 117 18:30:00,DNologon
2010 118 08:32:00,Blogon
2010 118 08:58:15,BUrl
2010 118 10:50:18,Blogon
2010 118 11:21:26,BUrl
2010 118 15:27:48,CUrl
2010 118 18:10:08,DSendEmail
2010 118 18:29:57,DUrl
2010 118 18:44:00,DNologon
2010 119 08:31:00,Blogon
2010 119 08:42:11,BUrl
2010 119 08:44:46,BSendEmail
2010 119 08:55:25,BUrl
2010 119 13:10:13,Clogon
2010 119 13:20:44,CUrl
2010 119 18:23:09,DUrl
2010 119 18:30:00,DNologon
2010 120 08:25:00,Blogon
2010 120 08:36:58,BSendEmail
2010 120 09:15:47,BUrl
2010 120 12:17:27,CUrl
2010 120 18:43:00,DNologon
2010 123 08:31:00,Blogon
2010 123 08:36:13,BUrl
2010 123 14:25:21,Clogon
2010 123 14:47:41,CSendEmail
2010 123 16:01:55,CUrl
2010 123 18:06:15,DUrl
2010 123 18:30:00,DNologon
2010 124 08:30:00,Blogon
2010 124 09:05:07,BUrl
2010 124 12:37:52,CUrl
2010 124 13:06:03,Clogon
2010 124 13:12:15,CUrl
2010 124 13:39:42,CSendEmail
2010 124 13:41:26,CUrl
2010 124 18:30:00,DNologon
2010 125 08:30:00,Blogon
2010 125 09:15:29,BUrl
2010 125 09:18:44,BSendEmail
2010 125 11:21:19,BUrl
2010 125 12:07:24,CUrl
2010 125 13:07:59,Clogon
2010 125 14:20:47,CUrl
2010 125 18:04:42,DUrl
2010 125 18:29:00,DNologon
2010 126 08:31:00,Blogon
2010 126 08:39:19,BUrl
2010 126 13:07:20,Clogon
2010 126 14:20:12,CUrl
2010 126 18:05:25,DUrl
2010 126 18:26:54,DSendEmail
2010 126 18:28:00,DNologon
2010 127 08:32:00,Blogon
2010 127 08:36:19,BUrl
2010 127 12:59:38,CUrl
2010 127 13:36:04,CSendEmail
2010 127 13:41:25,CUrl
2010 127 18:40:00,DNologon
2010 130 08:30:00,Blogon
2010 130 08:34:32,BUrl
2010 130 14:14:08,Clogon
2010 130 14:33:27,CUrl
2010 130 15:41:27,CSendEmail
2010 130 16:21:39,CUrl
2010 130 18:04:35,DUrl
2010 130 18:30:00,DNologon
2010 131 08:29:00,Blogon
2010 131 09:19:13,BUrl
2010 131 13:11:54,Clogon
2010 131 13:27:41,CSendEmail
2010 131 14:44:21,CUrl
2010 131 18:01:50,DUrl
2010 131 18:44:00,DNologon
2010 132 08:31:00,Blogon
2010 132 08:46:07,BUrl
2010 132 13:42:32,Clogon
2010 132 13:46:59,CUrl
2010 132 15:24:15,CSendEmail
2010 132 15:54:30,CUrl
2010 132 18:13:01,DUrl
2010 132 18:38:00,DNologon
2010 133 08:22:00,Blogon
2010 133 08:25:00,BUrl
2010 133 10:37:41,BSendEmail
2010 133 10:43:05,BUrl
2010 133 13:09:43,CUrl
2010 133 18:32:29,DUrl
2010 133 18:37:00,DNologon
2010 134 08:26:00,Blogon
2010 134 08:31:48,BUrl
2010 134 08:59:03,BSendEmail
2010 134 09:38:14,BUrl
2010 134 12:23:04,CUrl
2010 134 13:41:44,Clogon
2010 134 16:37:11,CUrl
2010 134 18:32:00,DUrl
2010 134 18:35:00,DNologon
2010 137 08:32:00,Blogon
2010 137 08:54:41,BUrl
2010 137 11:23:10,Blogon
2010 137 11:48:30,BUrl
2010 137 13:10:09,CUrl
2010 137 17:58:39,CSendEmail
2010 137 18:29:00,DNologon
2010 138 08:31:00,Blogon
2010 138 09:02:16,BUrl
2010 138 10:28:23,BSendEmail
2010 138 11:00:01,BUrl
2010 138 12:26:58,CUrl
2010 138 12:57:49,Clogon
2010 138 14:51:29,CUrl
2010 138 18:24:46,DUrl
2010 138 18:37:00,DNologon
2010 139 08:28:00,Blogon
2010 139 08:29:25,BUrl
2010 139 09:03:15,BSendEmail
2010 139 09:22:10,BUrl
2010 139 13:35:50,Clogon
2010 139 14:00:45,CUrl
2010 139 18:33:00,DNologon
2010 140 08:30:00,Blogon
2010 140 08:38:05,BUrl
2010 140 10:11:00,BSendEmail
2010 140 12:04:33,CUrl
2010 140 18:30:00,DNologon
2010 141 08:16:00,Blogon
2010 141 08:18:48,BUrl
2010 141 10:46:39,Blogon
2010 141 11:03:14,BUrl
2010 141 12:19:23,CUrl
2010 141 15:09:08,CSendEmail
2010 141 15:46:32,CUrl
2010 141 18:37:00,DNologon
2010 144 08:15:00,Blogon
2010 144 08:56:14,BUrl
2010 144 13:59:51,Clogon
2010 144 15:00:13,CUrl
2010 144 16:54:38,CSendEmail
2010 144 17:09:47,CUrl
2010 144 18:30:00,DNologon
2010 145 08:32:00,Blogon
2010 145 08:33:10,BUrl
2010 145 13:50:59,Clogon
2010 145 14:25:18,CUrl
2010 145 14:37:54,CSendEmail
2010 145 15:32:15,CUrl
2010 145 18:28:00,DNologon
2010 146 08:30:00,Blogon
2010 146 09:17:33,BUrl
2010 146 13:02:56,CSendEmail
2010 146 13:11:40,CUrl
2010 146 14:20:26,Clogon
2010 146 17:12:59,CUrl
2010 146 18:18:39,DUrl
2010 146 18:28:00,DNologon
2010 147 08:20:00,Blogon
2010 147 08:38:03,BUrl
2010 147 11:38:49,BSendEmail
2010 147 12:22:49,CUrl
2010 147 18:30:00,DNologon
2010 148 08:30:00,Blogon
2010 148 09:57:38,BUrl
2010 148 12:08:44,CUrl
2010 148 13:40:55,Clogon
2010 148 15:49:52,CUrl
2010 148 18:31:34,DSendEmail
2010 148 18:31:44,DUrl
2010 148 18:33:00,DNologon
2010 152 08:18:00,Blogon
2010 152 08:31:15,BUrl
2010 152 11:46:44,BSendEmail
2010 152 11:48:39,BUrl
2010 152 14:14:39,Clogon
2010 152 15:28:55,CUrl
2010 152 18:30:00,DNologon
2010 153 08:15:00,Blogon
2010 153 08:22:59,BUrl
2010 153 11:40:25,Blogon
2010 153 12:31:27,CUrl
2010 153 17:57:06,CSendEmail
2010 153 17:57:15,CUrl
2010 153 18:09:38,DUrl
2010 153 18:32:00,DNologon
2010 154 08:19:00,Blogon
2010 154 08:44:52,BSendEmail
2010 154 08:45:20,BUrl
2010 154 12:49:01,Clogon
2010 154 13:15:54,CUrl
2010 154 18:27:48,DUrl
2010 154 18:32:00,DNologon
2010 155 08:30:00,Blogon
2010 155 09:03:25,BUrl
2010 155 12:54:04,Clogon
2010 155 13:06:17,CUrl
2010 155 16:06:26,CSendEmail
2010 155 16:34:30,CUrl
2010 155 18:18:28,DUrl
2010 155 18:31:00,DNologon
2010 158 08:24:00,Blogon
2010 158 09:06:21,BUrl
2010 158 10:41:17,BSendEmail
2010 158 11:18:28,BUrl
2010 158 12:20:14,CUrl
2010 158 18:30:00,DNologon
2010 159 08:31:00,Blogon
2010 159 08:45:53,BUrl
2010 159 09:19:59,BSendEmail
2010 159 10:30:57,BUrl
2010 159 12:01:35,CUrl
2010 159 13:53:36,Clogon
2010 159 15:21:37,CUrl
2010 159 18:30:00,DNologon
2010 160 08:24:00,Blogon
2010 160 08:47:13,BUrl
2010 160 13:06:44,CUrl
2010 160 17:37:11,CSendEmail
2010 160 18:27:51,DUrl
2010 160 18:35:00,DNologon
2010 161 08:21:00,Blogon
2010 161 09:25:39,BUrl
2010 161 13:04:49,CUrl
2010 161 14:15:02,CSendEmail
2010 161 14:19:37,CUrl
2010 161 18:28:12,DUrl
2010 161 18:32:00,DNologon
2010 162 08:30:00,Blogon
2010 162 09:42:52,BUrl
2010 162 12:02:16,CUrl
2010 162 12:40:38,Clogon
2010 162 14:10:51,CUrl
2010 162 16:58:02,CSendEmail
2010 162 18:13:16,DUrl
2010 162 18:29:00,DNologon
2010 165 08:19:00,Blogon
2010 165 08:34:30,BUrl
2010 165 13:39:00,CUrl
2010 165 16:39:03,CSendEmail
2010 165 18:06:45,DUrl
2010 165 18:30:00,DNologon
2010 166 08:31:00,Blogon
2010 166 08:49:41,BUrl
2010 166 10:43:12,BSendEmail
2010 166 12:38:27,Clogon
2010 166 15:00:34,CUrl
2010 166 18:22:53,DUrl
2010 166 18:42:00,DNologon
2010 167 08:32:00,Blogon
2010 167 10:57:32,BUrl
2010 167 13:00:46,Clogon
2010 167 15:37:42,CUrl
2010 167 18:18:23,DUrl
2010 167 18:30:00,DNologon
2010 168 08:31:00,Blogon
2010 168 08:38:26,BUrl
2010 168 13:23:45,Clogon
2010 168 13:29:52,CSendEmail
2010 168 14:00:16,CUrl
2010 168 18:07:01,DUrl
2010 168 18:30:00,DNologon
2010 169 08:30:00,Blogon
2010 169 08:31:00,BUrl
2010 169 10:14:27,Blogon
2010 169 10:18:40,BUrl
2010 169 15:01:17,CUrl
2010 169 15:04:11,CSendEmail
2010 169 15:58:30,CUrl
2010 169 18:10:50,DUrl
2010 169 18:28:00,DNologon
2010 172 08:28:00,Blogon
2010 172 08:41:56,BUrl
2010 172 12:09:50,Clogon
2010 172 14:52:20,CSendEmail
2010 172 15:23:21,CUrl
2010 172 18:15:14,DUrl
2010 172 18:41:00,DNologon
2010 173 08:25:00,Blogon
2010 173 09:28:52,BUrl
2010 173 12:11:05,Clogon
2010 173 12:14:10,CUrl
2010 173 12:55:37,CSendEmail
2010 173 14:55:00,CUrl
2010 173 18:14:22,DUrl
2010 173 18:34:00,DNologon
2010 174 08:22:00,Blogon
2010 174 10:27:25,BUrl
2010 174 12:41:52,CUrl
2010 174 15:08:47,CSendEmail
2010 174 15:44:11,CUrl
2010 174 18:12:52,DUrl
2010 174 18:34:00,DNologon
2010 175 08:30:00,Blogon
2010 175 08:34:45,BUrl
2010 175 11:20:19,Blogon
2010 175 11:44:14,BUrl
2010 175 13:13:12,CUrl
2010 175 13:22:02,CSendEmail
2010 175 13:44:05,CUrl
2010 175 18:13:00,DUrl
2010 175 18:30:00,DNologon
2010 176 08:18:00,Blogon
2010 176 08:32:08,BUrl
2010 176 10:40:00,BSendEmail
2010 176 10:46:20,BUrl
2010 176 12:30:37,Clogon
2010 176 13:34:25,CUrl
2010 176 18:03:36,DUrl
2010 176 18:38:00,DNologon
2010 179 08:19:00,Blogon
2010 179 08:38:57,BUrl
2010 179 10:05:19,BSendEmail
2010 179 12:18:38,CUrl
2010 179 18:38:00,DNologon
2010 180 08:30:00,Blogon
2010 180 08:39:21,BUrl
2010 180 13:23:20,CUrl
2010 180 13:39:59,Clogon
2010 180 16:16:43,CUrl
2010 180 18:07:30,DUrl
2010 180 18:18:06,DSendEmail
2010 180 18:28:00,DNologon
2010 181 08:31:00,Blogon
2010 181 08:35:38,BUrl
2010 181 10:23:31,BSendEmail
2010 181 11:28:01,BUrl
2010 181 12:55:40,Clogon
2010 181 13:29:08,CUrl
2010 181 18:04:05,DUrl
2010 181 18:29:00,DNologon
2010 182 08:20:00,Blogon
2010 182 08:53:16,BUrl
2010 182 12:21:06,CUrl
2010 182 14:08:10,Clogon
2010 182 14:30:07,CUrl
2010 182 15:04:32,CSendEmail
2010 182 15:45:54,CUrl
2010 182 18:31:13,DUrl
2010 182 18:43:00,DNologon
2010 183 08:27:00,Blogon
2010 183 08:40:20,BUrl
2010 183 12:06:40,CSendEmail
2010 183 12:40:30,CUrl
2010 183 18:08:28,DUrl
2010 183 18:42:00,DNologon
2010 187 08:32:00,Blogon
2010 187 08:44:57,BUrl
2010 187 09:46:18,BSendEmail
2010 187 10:06:12,BUrl
2010 187 12:17:31,CUrl
2010 187 18:30:00,DNologon
2010 188 08:31:00,Blogon
2010 188 08:50:47,BUrl
2010 188 13:22:20,Clogon
2010 188 15:08:20,CUrl
2010 188 18:01:54,DUrl
2010 188 18:26:05,DSendEmail
2010 188 18:28:00,DNologon
2010 189 08:28:00,Blogon
2010 189 08:34:14,BUrl
2010 189 13:35:33,CUrl
2010 189 16:22:32,CSendEmail
2010 189 17:33:10,CUrl
2010 189 18:28:00,DNologon
2010 190 08:31:00,Blogon
2010 190 08:33:46,BSendEmail
2010 190 09:32:27,BUrl
2010 190 12:08:23,Clogon
2010 190 12:58:21,CUrl
2010 190 18:25:55,DUrl
2010 190 18:28:00,DNologon
2010 193 08:32:00,Blogon
2010 193 09:12:20,BUrl
2010 193 12:19:16,CUrl
2010 193 13:00:24,Clogon
2010 193 13:22:59,CUrl
2010 193 13:46:25,CSendEmail
2010 193 14:30:36,CUrl
2010 193 18:11:05,DUrl
2010 193 18:30:00,DNologon
2010 194 08:31:00,Blogon
2010 194 08:38:44,BUrl
2010 194 10:44:26,BSendEmail
2010 194 12:58:34,Clogon
2010 194 13:58:20,CUrl
2010 194 18:29:00,DNologon
2010 195 08:30:00,Blogon
2010 195 09:01:11,BUrl
2010 195 11:16:19,Blogon
2010 195 14:42:32,CUrl
2010 195 16:04:15,CSendEmail
2010 195 16:13:39,CUrl
2010 195 18:24:53,DUrl
2010 195 18:29:00,DNologon
2010 196 08:32:00,Blogon
2010 196 08:38:22,BUrl
2010 196 09:39:35,BSendEmail
2010 196 09:50:40,BUrl
2010 196 13:34:15,CUrl
2010 196 18:05:26,DUrl
2010 196 18:28:00,DNologon
2010 197 08:30:00,Blogon
2010 197 09:19:25,BUrl
2010 197 11:56:16,Blogon
2010 197 13:01:12,CSendEmail
2010 197 13:06:37,CUrl
2010 197 18:29:00,DNologon
2010 200 08:31:00,Blogon
2010 200 08:35:29,BUrl
2010 200 14:13:47,Clogon
2010 200 15:24:27,CUrl
2010 200 18:08:36,DSendEmail
2010 200 18:30:00,DNologon
2010 201 08:19:00,Blogon
2010 201 09:35:39,BUrl
2010 201 09:57:00,BSendEmail
2010 201 10:33:17,BUrl
2010 201 12:18:53,CUrl
2010 201 18:12:16,DUrl
2010 201 18:28:00,DNologon
2010 202 08:30:00,Blogon
2010 202 08:40:08,BUrl
2010 202 11:14:12,BSendEmail
2010 202 14:20:20,Clogon
2010 202 14:58:32,CUrl
2010 202 18:33:00,DNologon
2010 203 08:24:00,Blogon
2010 203 08:59:31,BUrl
2010 203 11:43:59,BSendEmail
2010 203 13:33:47,CUrl
2010 203 18:18:06,DUrl
2010 203 18:38:00,DNologon
2010 204 08:27:00,Blogon
2010 204 09:01:09,BUrl
2010 204 13:47:24,Clogon
2010 204 13:53:09,CUrl
2010 204 15:43:35,CSendEmail
2010 204 15:52:38,CUrl
2010 204 18:29:00,DNologon
2010 207 08:30:00,Blogon
2010 207 08:32:41,BUrl
2010 207 10:32:21,BSendEmail
2010 207 13:17:57,Clogon
2010 207 13:23:24,CUrl
2010 207 18:08:03,DUrl
2010 207 18:29:00,DNologon
2010 208 08:31:00,Blogon
2010 208 08:34:16,BUrl
2010 208 14:08:04,Clogon
2010 208 14:09:12,CSendEmail
2010 208 15:03:25,CUrl
2010 208 18:24:25,DUrl
2010 208 18:29:00,DNologon
2010 209 08:31:00,Blogon
2010 209 08:53:27,BUrl
2010 209 13:25:31,Clogon
2010 209 13:47:32,CUrl
2010 209 18:29:00,DNologon
2010 210 08:24:00,Blogon
2010 210 08:33:41,BUrl
2010 210 12:20:47,CUrl
2010 210 13:03:36,CSendEmail
2010 210 13:31:05,CUrl
2010 210 18:14:24,DUrl
2010 210 18:30:00,DNologon
2010 211 08:31:00,Blogon
2010 211 08:52:39,BSendEmail
2010 211 08:55:59,BUrl
2010 211 10:14:26,Blogon
2010 211 10:40:01,BUrl
2010 211 13:54:14,CUrl
2010 211 18:08:00,DUrl
2010 211 18:30:00,DNologon
2010 214 08:26:00,Blogon
2010 214 08:49:38,BUrl
2010 214 12:29:53,CUrl
2010 214 17:41:26,CSendEmail
2010 214 18:01:09,DUrl
2010 214 18:29:00,DNologon
2010 215 08:30:00,Blogon
2010 215 08:32:12,BUrl
2010 215 10:24:34,Blogon
2010 215 11:43:23,BUrl
2010 215 16:31:32,CSendEmail
2010 215 17:05:18,CUrl
2010 215 18:09:54,DUrl
2010 215 18:28:00,DNologon
2010 216 08:27:00,Blogon
2010 216 09:30:12,BUrl
2010 216 13:20:19,CUrl
2010 216 17:20:19,CSendEmail
2010 216 17:58:23,CUrl
2010 216 18:02:31,DUrl
2010 216 18:35:00,DNologon
2010 217 08:32:00,Blogon
2010 217 09:13:18,BUrl
2010 217 13:07:59,Clogon
2010 217 13:31:49,CUrl
2010 217 17:12:55,CSendEmail
2010 217 17:55:40,CUrl
2010 217 18:06:29,DUrl
2010 217 18:28:00,DNologon
2010 218 08:30:00,Blogon
2010 218 11:00:12,BUrl
2010 218 12:44:11,Clogon
2010 218 13:53:18,CUrl
2010 218 18:08:50,DUrl
2010 218 18:30:00,DNologon
2010 221 08:30:00,Blogon
2010 221 09:04:46,BUrl
2010 221 11:01:17,BSendEmail
2010 221 11:24:24,BUrl
2010 221 13:13:01,Clogon
2010 221 13:16:50,CUrl
2010 221 18:29:00,DNologon
2010 222 08:28:00,Blogon
2010 222 08:34:03,BUrl
2010 222 12:53:59,CUrl
2010 222 13:19:34,Clogon
2010 222 13:33:04,CUrl
2010 222 16:25:47,CSendEmail
2010 222 18:09:29,DUrl
2010 222 18:30:00,DNologon
2010 223 08:31:00,Blogon
2010 223 08:33:14,BUrl
2010 223 14:22:31,Clogon
2010 223 14:48:11,CUrl
2010 223 18:21:25,DSendEmail
2010 223 18:28:00,DNologon
2010 224 08:21:00,Blogon
2010 224 08:28:28,BUrl
2010 224 13:40:44,CUrl
2010 224 15:21:01,CSendEmail
2010 224 18:28:09,DUrl
2010 224 18:42:00,DNologon
2010 225 08:18:00,Blogon
2010 225 08:27:23,BUrl
2010 225 14:16:27,Clogon
2010 225 16:58:06,CSendEmail
2010 225 17:01:33,CUrl
2010 225 18:04:49,DUrl
2010 225 18:28:00,DNologon
2010 228 08:30:00,Blogon
2010 228 08:56:08,BUrl
2010 228 13:53:16,Clogon
2010 228 15:27:43,CUrl
2010 228 17:09:21,CSendEmail
2010 228 18:12:53,DUrl
2010 228 18:34:00,DNologon
2010 229 08:30:00,Blogon
2010 229 09:00:15,BUrl
2010 229 13:13:12,Clogon
2010 229 14:10:46,CUrl
2010 229 18:14:47,DUrl
2010 229 18:16:57,DSendEmail
2010 229 18:30:00,DNologon
2010 230 08:15:00,Blogon
2010 230 09:01:56,BSendEmail
2010 230 09:29:00,BUrl
2010 230 16:00:33,CUrl
2010 230 18:12:41,DUrl
2010 230 18:30:00,DNologon
2010 231 08:25:00,Blogon
2010 231 09:23:53,BUrl
2010 231 10:53:37,Blogon
2010 231 11:01:21,BUrl
2010 231 12:26:42,CUrl
2010 231 17:34:12,CSendEmail
2010 231 18:27:17,DUrl
2010 231 18:36:00,DNologon
2010 232 08:32:00,Blogon
2010 232 10:18:20,BUrl
2010 232 12:20:30,CSendEmail
2010 232 14:50:46,CUrl
2010 232 18:01:33,DUrl
2010 232 18:29:00,DNologon
2010 235 08:23:00,Blogon
2010 235 10:24:18,BUrl
2010 235 11:36:38,BSendEmail
2010 235 12:10:52,CUrl
2010 235 18:38:00,DNologon
2010 236 08:31:00,Blogon
2010 236 08:34:09,BUrl
2010 236 11:28:40,Blogon
2010 236 11:35:14,BUrl
2010 236 16:03:40,CUrl
2010 236 17:49:48,CSendEmail
2010 236 18:14:43,DUrl
2010 236 18:28:00,DNologon
2010 237 08:30:00,Blogon
2010 237 08:39:40,BUrl
2010 237 09:04:30,BSendEmail
2010 237 10:41:03,BUrl
2010 237 13:09:03,Clogon
2010 237 14:08:30,CUrl
2010 237 18:08:44,DUrl
2010 237 18:30:00,DNologon
2010 238 08:32:00,Blogon
2010 238 08:52:54,BUrl
2010 238 11:15:38,Blogon
2010 238 11:19:29,BUrl
2010 238 12:31:09,CUrl
2010 238 16:25:34,CSendEmail
2010 238 17:52:00,CUrl
2010 238 18:03:56,DUrl
2010 238 18:28:00,DNologon
2010 239 08:22:00,Blogon
2010 239 08:37:15,BUrl
2010 239 10:05:08,BSendEmail
2010 239 10:37:03,BUrl
2010 239 13:54:46,Clogon
2010 239 13:58:42,CUrl
2010 239 18:21:34,DUrl
2010 239 18:29:00,DNologon
2010 242 08:30:00,Blogon
2010 242 08:39:39,BUrl
2010 242 12:13:27,CUrl
2010 242 12:32:04,CSendEmail
2010 242 14:24:52,Clogon
2010 242 15:21:07,CUrl
2010 242 18:30:00,DNologon
2010 243 08:31:00,Blogon
2010 243 08:38:43,BUrl
2010 243 13:48:31,Clogon
2010 243 14:30:01,CUrl
2010 243 16:23:45,CSendEmail
2010 243 16:32:50,CUrl
2010 243 18:09:11,DUrl
2010 243 18:30:00,DNologon
2010 244 08:31:00,Blogon
2010 244 08:57:11,BUrl
2010 244 12:33:44,Clogon
2010 244 12:54:23,CUrl
2010 244 15:44:05,CSendEmail
2010 244 16:44:38,CUrl
2010 244 18:04:57,DUrl
2010 244 18:28:00,DNologon
2010 245 08:19:00,Blogon
2010 245 08:26:26,BUrl
2010 245 12:46:39,Clogon
2010 245 14:00:52,CUrl
2010 245 14:24:34,CSendEmail
2010 245 14:27:02,CUrl
2010 245 18:36:00,DNologon
2010 246 08:29:00,Blogon
2010 246 10:01:48,BSendEmail
2010 246 10:02:11,BUrl
2010 246 12:01:57,Clogon
2010 246 14:22:38,CUrl
2010 246 18:34:00,DNologon
2010 250 08:16:00,Blogon
2010 250 08:47:25,BUrl
2010 250 13:23:40,CUrl
2010 250 15:46:50,CSendEmail
2010 250 15:51:20,CUrl
2010 250 18:08:00,DUrl
2010 250 18:28:00,DNologon
2010 251 08:22:00,Blogon
2010 251 09:54:57,BUrl
2010 251 12:27:23,Clogon
2010 251 12:31:49,CUrl
2010 251 15:13:55,CSendEmail
2010 251 15:29:32,CUrl
2010 251 18:28:00,DNologon
2010 252 08:17:00,Blogon
2010 252 09:19:52,BUrl
2010 252 12:50:28,Clogon
2010 252 13:14:44,CSendEmail
2010 252 13:15:00,CUrl
2010 252 18:30:10,DUrl
2010 252 18:32:00,DNologon
2010 253 08:32:00,Blogon
2010 253 09:43:27,BUrl
2010 253 12:40:56,CUrl
2010 253 14:06:12,Clogon
2010 253 14:38:02,CUrl
2010 253 18:14:07,DSendEmail
2010 253 18:15:45,DUrl
2010 253 18:30:00,DNologon
2010 256 08:27:00,Blogon
2010 256 09:13:16,BUrl
2010 256 11:12:59,BSendEmail
2010 256 11:48:44,BUrl
2010 256 13:42:14,Clogon
2010 256 14:41:33,CUrl
2010 256 18:03:26,DUrl
2010 256 18:40:00,DNologon
2010 257 08:28:00,Blogon
2010 257 08:45:25,BUrl
2010 257 13:48:59,CUrl
2010 257 16:44:52,CSendEmail
2010 257 17:53:46,CUrl
2010 257 18:26:52,DUrl
2010 257 18:42:00,DNologon
2010 258 08:22:00,Blogon
2010 258 08:23:28,BUrl
2010 258 14:18:17,Clogon
2010 258 14:25:11,CUrl
2010 258 16:34:53,CSendEmail
2010 258 17:22:21,CUrl
2010 258 18:28:00,DNologon
2010 259 08:30:00,Blogon
2010 259 08:37:17,BSendEmail
2010 259 08:49:25,BUrl
2010 259 13:50:08,Clogon
2010 259 14:04:55,CUrl
2010 259 18:20:19,DUrl
2010 259 18:29:00,DNologon
2010 260 08:30:00,Blogon
2010 260 08:32:20,BUrl
2010 260 08:35:17,BSendEmail
2010 260 08:58:40,BUrl
2010 260 13:16:34,Clogon
2010 260 13:40:50,CUrl
2010 260 18:02:51,DUrl
2010 260 18:29:00,DNologon
2010 263 08:24:00,Blogon
2010 263 08:30:51,BUrl
2010 263 13:53:01,Clogon
2010 263 14:46:14,CUrl
2010 263 15:53:56,CSendEmail
2010 263 16:26:49,CUrl
2010 263 18:42:00,DNologon
2010 264 08:22:00,Blogon
2010 264 08:28:54,BUrl
2010 264 11:02:36,Blogon
2010 264 11:16:07,BUrl
2010 264 12:06:44,CUrl
2010 264 18:04:45,DSendEmail
2010 264 18:39:00,DNologon
2010 265 08:32:00,Blogon
2010 265 08:50:28,BUrl
2010 265 13:55:40,Clogon
2010 265 15:47:23,CUrl
2010 265 17:58:33,CSendEmail
2010 265 18:28:00,DNologon
2010 266 08:32:00,Blogon
2010 266 08:33:46,BUrl
2010 266 08:36:33,BSendEmail
2010 266 11:03:04,BUrl
2010 266 13:09:13,Clogon
2010 266 14:18:05,CUrl
2010 266 18:29:00,DNologon
2010 267 08:30:00,Blogon
2010 267 08:46:02,BUrl
2010 267 13:06:06,Clogon
2010 267 14:36:51,CUrl
2010 267 14:52:08,CSendEmail
2010 267 14:52:35,CUrl
2010 267 18:04:32,DUrl
2010 267 18:28:00,DNologon
2010 270 08:32:00,Blogon
2010 270 08:35:05,BUrl
2010 270 11:15:23,BSendEmail
2010 270 11:59:00,BUrl
2010 270 13:00:28,CUrl
2010 270 18:19:55,DUrl
2010 270 18:29:00,DNologon
2010 271 08:27:00,Blogon
2010 271 09:07:24,BUrl
2010 271 13:25:30,Clogon
2010 271 13:27:01,CSendEmail
2010 271 13:51:06,CUrl
2010 271 18:30:00,DNologon
2010 272 08:16:00,Blogon
2010 272 09:10:45,BUrl
2010 272 10:06:35,BSendEmail
2010 272 10:39:55,BUrl
2010 272 11:46:18,Blogon
2010 272 12:47:09,CUrl
2010 272 18:37:00,DNologon
2010 273 08:22:00,Blogon
2010 273 08:41:01,BUrl
2010 273 08:52:37,BSendEmail
2010 273 09:22:12,BUrl
2010 273 13:25:53,Clogon
2010 273 15:53:17,CUrl
2010 273 18:08:48,DUrl
2010 273 18:40:00,DNologon
2010 274 08:32:00,Blogon
2010 274 12:15:21,CUrl
2010 274 18:00:18,DUrl
2010 274 18:22:08,DSendEmail
2010 274 18:33:00,DNologon
2010 277 08:32:00,Blogon
2010 277 08:40:55,BSendEmail
2010 277 08:56:00,BUrl
2010 277 14:26:33,Clogon
2010 277 14:43:10,CUrl
2010 277 18:29:00,DNologon
2010 278 08:29:00,Blogon
2010 278 08:44:37,BUrl
2010 278 12:43:30,CUrl
2010 278 16:22:31,CSendEmail
2010 278 16:30:31,CUrl
2010 278 18:35:00,DNologon
2010 279 08:30:00,Blogon
2010 279 08:34:44,BUrl
2010 279 10:39:31,BSendEmail
2010 279 12:55:42,Clogon
2010 279 13:26:53,CUrl
2010 279 18:29:00,DNologon
2010 280 08:22:00,Blogon
2010 280 08:27:58,BUrl
2010 280 12:05:45,Clogon
2010 280 14:20:10,CUrl
2010 280 17:51:23,CSendEmail
2010 280 18:11:16,DUrl
2010 280 18:36:00,DNologon
2010 281 08:31:00,Blogon
2010 281 08:33:21,BUrl
2010 281 09:48:56,BSendEmail
2010 281 09:51:09,BUrl
2010 281 13:17:39,Clogon
2010 281 13:52:53,CUrl
2010 281 18:28:00,DNologon
2010 284 08:30:00,Blogon
2010 284 09:16:07,BUrl
2010 284 11:16:51,BSendEmail
2010 284 11:35:48,BUrl
2010 284 13:30:06,Clogon
2010 284 14:39:12,CUrl
2010 284 18:03:43,DUrl
2010 284 18:28:00,DNologon
2010 285 08:30:00,Blogon
2010 285 08:53:09,BSendEmail
2010 285 09:24:04,BUrl
2010 285 14:14:49,Clogon
2010 285 14:53:38,CUrl
2010 285 18:29:00,DNologon
2010 286 08:32:00,Blogon
2010 286 08:39:24,BUrl
2010 286 12:02:30,CUrl
2010 286 13:23:35,Clogon
2010 286 17:01:08,CUrl
2010 286 18:21:31,DSendEmail
2010 286 18:23:07,DUrl
2010 286 18:33:00,DNologon
2010 287 08:21:00,Blogon
2010 287 08:48:29,BUrl
2010 287 11:09:27,BSendEmail
2010 287 12:05:45,Clogon
2010 287 12:43:11,CUrl
2010 287 18:06:34,DUrl
2010 287 18:36:00,DNologon
2010 288 08:30:00,Blogon
2010 288 08:35:46,BUrl
2010 288 11:37:55,Blogon
2010 288 13:52:17,CUrl
2010 288 18:32:32,DUrl
2010 288 18:42:00,DNologon
2010 291 08:30:00,Blogon
2010 291 08:32:00,BUrl
2010 291 14:20:47,Clogon
2010 291 16:03:01,CUrl
2010 291 18:07:35,DUrl
2010 291 18:34:00,DNologon
2010 292 08:30:00,Blogon
2010 292 08:40:07,BUrl
2010 292 12:27:17,CUrl
2010 292 16:36:07,CSendEmail
2010 292 16:43:16,CUrl
2010 292 18:20:21,DUrl
2010 292 18:36:00,DNologon
2010 293 08:27:00,Blogon
2010 293 08:46:33,BUrl
2010 293 14:25:08,Clogon
2010 293 15:16:22,CSendEmail
2010 293 15:28:05,CUrl
2010 293 18:18:06,DUrl
2010 293 18:40:00,DNologon
2010 294 08:27:00,Blogon
2010 294 08:41:09,BUrl
2010 294 12:44:38,Clogon
2010 294 12:54:42,CUrl
2010 294 15:48:15,CSendEmail
2010 294 16:36:50,CUrl
2010 294 18:32:00,DNologon
2010 295 08:32:00,Blogon
2010 295 08:47:51,BUrl
2010 295 09:05:52,BSendEmail
2010 295 09:38:35,BUrl
2010 295 13:59:10,Clogon
2010 295 14:54:29,CUrl
2010 295 18:15:59,DUrl
2010 295 18:30:00,DNologon
2010 298 08:31:00,Blogon
2010 298 08:37:53,BSendEmail
2010 298 09:09:23,BUrl
2010 298 12:58:10,Clogon
2010 298 13:17:07,CUrl
2010 298 18:16:25,DUrl
2010 298 18:28:00,DNologon
2010 299 08:21:00,Blogon
2010 299 08:29:53,BUrl
2010 299 10:09:54,BSendEmail
2010 299 11:11:42,BUrl
2010 299 12:31:00,CUrl
2010 299 13:43:33,Clogon
2010 299 13:54:14,CUrl
2010 299 18:18:35,DUrl
2010 299 18:34:00,DNologon
2010 300 08:24:00,Blogon
2010 300 08:27:19,BUrl
2010 300 12:44:40,CUrl
2010 300 16:12:15,CSendEmail
2010 300 16:19:22,CUrl
2010 300 18:30:00,DNologon
2010 301 08:15:00,Blogon
2010 301 08:16:01,BUrl
2010 301 14:12:00,Clogon
2010 301 14:14:42,CUrl
2010 301 17:56:10,CSendEmail
2010 301 18:33:00,DNologon
2010 302 08:32:00,Blogon
2010 302 08:34:32,BSendEmail
2010 302 08:35:46,BUrl
2010 302 13:47:51,Clogon
2010 302 14:34:22,CUrl
2010 302 18:41:00,DNologon
2010 305 08:32:00,Blogon
2010 305 08:38:32,BUrl
2010 305 12:17:13,CSendEmail
2010 305 13:29:54,Clogon
2010 305 15:41:34,CUrl
2010 305 18:03:55,DUrl
2010 305 18:30:00,DNologon
2010 306 08:21:00,Blogon
2010 306 08:49:20,BUrl
2010 306 10:18:40,BSendEmail
2010 306 10:37:35,BUrl
2010 306 14:02:38,Clogon
2010 306 15:00:26,CUrl
2010 306 18:37:00,DNologon
2010 307 08:15:00,Blogon
2010 307 08:39:49,BUrl
2010 307 09:09:32,BSendEmail
2010 307 13:02:57,Clogon
2010 307 13:16:04,CUrl
2010 307 18:34:19,DUrl
2010 307 18:39:00,DNologon
2010 308 08:32:00,Blogon
2010 308 08:35:58,BSendEmail
2010 308 08:44:37,BUrl
2010 308 13:00:14,Clogon
2010 308 13:04:34,CUrl
2010 308 18:28:00,DNologon
2010 309 08:22:00,Blogon
2010 309 09:43:45,BUrl
2010 309 13:13:41,Clogon
2010 309 13:48:24,CUrl
2010 309 14:04:15,CSendEmail
2010 309 14:10:56,CUrl
2010 309 18:28:00,DNologon
2010 312 08:21:00,Blogon
2010 312 08:25:51,BSendEmail
2010 312 10:54:25,BUrl
2010 312 12:09:29,CUrl
2010 312 18:11:20,DUrl
2010 312 18:30:00,DNologon
2010 313 08:32:00,Blogon
2010 313 08:41:22,BUrl
2010 313 14:14:04,Clogon
2010 313 14:20:46,CUrl
2010 313 16:13:05,CSendEmail
2010 313 16:23:25,CUrl
2010 313 18:14:01,DUrl
2010 313 18:30:00,DNologon
2010 314 08:28:00,Blogon
2010 314 09:50:01,BUrl
2010 314 13:08:46,CSendEmail
2010 314 13:38:47,CUrl
2010 314 18:04:23,DUrl
2010 314 18:42:00,DNologon
2010 315 08:17:00,Blogon
2010 315 08:24:07,BUrl
2010 315 10:56:36,BSendEmail
2010 315 11:59:44,BUrl
2010 315 12:22:42,CUrl
2010 315 13:32:27,Clogon
2010 315 14:54:49,CUrl
2010 315 18:27:44,DUrl
2010 315 18:30:00,DNologon
2010 316 08:26:00,Blogon
2010 316 08:50:21,BUrl
2010 316 13:56:34,CUrl
2010 316 15:26:20,CSendEmail
2010 316 16:07:15,CUrl
2010 316 18:13:44,DUrl
2010 316 18:33:00,DNologon
2010 319 08:26:00,Blogon
2010 319 09:40:40,BSendEmail
2010 319 09:42:43,BUrl
2010 319 11:41:43,Blogon
2010 319 16:04:52,CUrl
2010 319 18:35:24,DUrl
2010 319 18:41:00,DNologon
2010 320 08:30:00,Blogon
2010 320 08:56:13,BUrl
2010 320 11:04:51,BSendEmail
2010 320 12:46:29,Clogon
2010 320 12:50:12,CUrl
2010 320 18:20:06,DUrl
2010 320 18:42:00,DNologon
2010 321 08:19:00,Blogon
2010 321 08:23:21,BUrl
2010 321 12:28:47,CUrl
2010 321 13:02:59,CSendEmail
2010 321 13:41:13,CUrl
2010 321 18:29:29,DUrl
2010 321 18:35:00,DNologon
2010 322 08:16:00,Blogon
2010 322 08:21:56,BUrl
2010 322 14:03:03,Clogon
2010 322 14:33:48,CUrl
2010 322 15:58:06,CSendEmail
2010 322 16:18:21,CUrl
2010 322 18:17:26,DUrl
2010 322 18:30:00,DNologon
2010 323 08:30:00,Blogon
2010 323 08:50:42,BUrl
2010 323 12:29:34,Clogon
2010 323 12:35:53,CUrl
2010 323 15:05:00,CSendEmail
2010 323 15:53:12,CUrl
2010 323 18:22:11,DUrl
2010 323 18:30:00,DNologon
2010 326 08:20:00,Blogon
2010 326 08:22:03,BUrl
2010 326 11:57:51,BSendEmail
2010 326 12:04:08,CUrl
2010 326 18:32:00,DNologon
2010 327 08:21:00,Blogon
2010 327 09:43:55,BSendEmail
2010 327 10:57:19,BUrl
2010 327 12:57:09,CUrl
2010 327 18:09:49,DUrl
2010 327 18:38:00,DNologon
2010 328 08:27:00,Blogon
2010 328 08:28:13,BUrl
2010 328 13:59:57,Clogon
2010 328 16:29:58,CUrl
2010 328 17:20:45,CSendEmail
2010 328 17:29:16,CUrl
2010 328 18:27:28,DUrl
2010 328 18:36:00,DNologon
2010 333 08:31:00,Blogon
2010 333 11:46:29,BUrl
2010 333 12:43:35,CUrl
2010 333 17:53:03,CSendEmail
2010 333 18:28:00,DNologon
2010 334 08:32:00,Blogon
2010 334 08:39:09,BUrl
2010 334 12:04:46,Clogon
2010 334 12:24:31,CUrl
2010 334 12:26:31,CSendEmail
2010 334 12:48:31,CUrl
2010 334 18:28:00,DNologon
2010 335 08:32:00,Blogon
2010 335 08:48:55,BUrl
2010 335 12:54:42,Clogon
2010 335 13:29:21,CUrl
2010 335 14:57:11,CSendEmail
2010 335 16:18:22,CUrl
2010 335 18:09:24,DUrl
2010 335 18:30:00,DNologon
2010 336 08:29:00,Blogon
2010 336 08:55:48,BUrl
2010 336 11:56:17,Blogon
2010 336 12:53:46,CUrl
2010 336 12:57:00,CSendEmail
2010 336 13:06:52,CUrl
2010 336 18:01:39,DUrl
2010 336 18:29:00,DNologon
2010 337 08:22:00,Blogon
2010 337 08:57:22,BUrl
2010 337 12:32:23,Clogon
2010 337 13:27:51,CUrl
2010 337 13:29:49,CSendEmail
2010 337 14:04:57,CUrl
2010 337 18:45:00,DNologon
2010 340 08:28:00,Blogon
2010 340 08:45:15,BUrl
2010 340 09:05:21,BSendEmail
2010 340 09:09:09,BUrl
2010 340 12:52:10,Clogon
2010 340 12:57:56,CUrl
2010 340 18:26:47,DUrl
2010 340 18:34:00,DNologon
2010 341 08:31:00,Blogon
2010 341 09:08:47,BUrl
2010 341 09:46:17,BSendEmail
2010 341 10:50:22,BUrl
2010 341 14:08:15,Clogon
2010 341 14:23:43,CUrl
2010 341 18:02:32,DUrl
2010 341 18:30:00,DNologon
2010 342 08:20:00,Blogon
2010 342 08:31:13,BUrl
2010 342 12:12:24,CUrl
2010 342 12:45:04,Clogon
2010 342 14:48:11,CUrl
2010 342 16:25:16,CSendEmail
2010 342 17:24:06,CUrl
2010 342 18:12:26,DUrl
2010 342 18:32:00,DNologon
2010 343 08:18:00,Blogon
2010 343 08:21:47,BUrl
2010 343 11:41:53,BSendEmail
2010 343 12:20:46,CUrl
2010 343 14:10:55,Clogon
2010 343 14:39:39,CUrl
2010 343 18:17:32,DUrl
2010 343 18:36:00,DNologon
2010 344 08:22:00,Blogon
2010 344 08:26:39,BUrl
2010 344 13:47:04,Clogon
2010 344 15:26:19,CUrl
2010 344 18:02:18,DSendEmail
2010 344 18:28:00,DNologon
2010 347 08:32:00,Blogon
2010 347 08:56:36,BUrl
2010 347 12:59:39,CUrl
2010 347 15:48:34,CSendEmail
2010 347 18:28:00,DNologon
2010 348 08:22:00,Blogon
2010 348 09:00:28,BUrl
2010 348 12:19:59,CUrl
2010 348 15:44:12,CSendEmail
2010 348 16:10:45,CUrl
2010 348 18:30:00,DNologon
2010 349 08:30:00,Blogon
2010 349 08:52:27,BUrl
2010 349 11:14:28,Blogon
2010 349 11:16:59,BUrl
2010 349 13:46:09,CUrl
2010 349 17:00:27,CSendEmail
2010 349 17:05:25,CUrl
2010 349 18:27:39,DUrl
2010 349 18:30:00,DNologon
2010 350 08:32:00,Blogon
2010 350 08:33:35,BUrl
2010 350 12:13:55,CUrl
2010 350 14:29:07,Clogon
2010 350 15:22:14,CSendEmail
2010 350 17:15:15,CUrl
2010 350 18:10:06,DUrl
2010 350 18:29:00,DNologon
2010 351 08:31:00,Blogon
2010 351 09:29:08,BSendEmail
2010 351 09:49:37,BUrl
2010 351 12:37:15,Clogon
2010 351 12:53:54,CUrl
2010 351 18:23:44,DUrl
2010 351 18:29:00,DNologon
2010 354 08:16:00,Blogon
2010 354 08:33:20,BUrl
2010 354 12:47:46,CUrl
2010 354 18:10:16,DSendEmail
2010 354 18:15:47,DUrl
2010 354 18:29:00,DNologon
2010 355 08:27:00,Blogon
2010 355 08:46:22,BUrl
2010 355 12:18:32,CUrl
2010 355 12:20:01,CSendEmail
2010 355 15:11:06,CUrl
2010 355 18:14:35,DUrl
2010 355 18:28:00,DNologon
2010 356 08:21:00,Blogon
2010 356 09:31:11,BUrl
2010 356 11:18:14,BSendEmail
2010 356 11:23:20,BUrl
2010 356 13:21:31,Clogon
2010 356 13:44:31,CUrl
2010 356 18:03:47,DUrl
2010 356 18:28:00,DNologon
2010 361 08:31:00,Blogon
2010 361 09:29:25,BUrl
2010 361 12:32:04,Clogon
2010 361 12:51:46,CUrl
2010 361 14:05:12,CSendEmail
2010 361 16:47:57,CUrl
2010 361 18:04:45,DUrl
2010 361 18:30:00,DNologon
2010 362 08:22:00,Blogon
2010 362 08:30:29,BUrl
2010 362 14:43:36,CSendEmail
2010 362 15:34:49,CUrl
2010 362 18:05:02,DUrl
2010 362 18:32:00,DNologon
2010 363 08:31:00,Blogon
2010 363 08:57:51,BUrl
2010 363 10:59:40,Blogon
2010 363 11:46:41,BUrl
2010 363 12:55:35,CSendEmail
2010 363 13:00:30,CUrl
2010 363 18:29:00,DNologon
2010 364 08:31:00,Blogon
2010 364 09:02:29,BUrl
2010 364 11:09:24,Blogon
2010 364 11:17:10,BUrl
2010 364 13:33:44,CUrl
2010 364 14:17:20,CSendEmail
2010 364 15:58:46,CUrl
2010 364 18:23:15,DUrl
2010 364 18:29:00,DNologon
2011 003 08:30:00,Blogon
2011 003 11:40:57,BUrl
2011 003 12:07:26,CUrl
2011 003 12:46:54,CSendEmail
2011 003 18:28:00,DNologon
2011 004 08:31:00,Blogon
2011 004 09:06:09,BUrl
2011 004 10:07:55,BSendEmail
2011 004 10:24:17,BUrl
2011 004 12:43:41,CUrl
2011 004 13:13:35,Clogon
2011 004 14:26:05,CUrl
2011 004 18:21:02,DUrl
2011 004 18:30:00,DNologon
2011 005 08:30:00,Blogon
2011 005 08:42:54,BSendEmail
2011 005 08:45:26,BUrl
2011 005 12:30:11,CUrl
2011 005 13:48:44,Clogon
2011 005 14:32:50,CUrl
2011 005 18:30:00,DNologon
2011 006 08:31:00,Blogon
2011 006 08:37:08,BUrl
2011 006 13:08:36,CUrl
2011 006 13:16:05,CSendEmail
2011 006 14:02:09,Clogon
2011 006 14:15:31,CUrl
2011 006 18:29:00,DNologon
2011 007 08:15:00,Blogon
2011 007 08:31:19,BUrl
2011 007 08:50:42,BSendEmail
2011 007 09:05:06,BUrl
2011 007 12:58:39,CUrl
2011 007 18:40:00,DNologon
2011 010 08:30:00,Blogon
2011 010 08:34:34,BSendEmail
2011 010 08:40:45,BUrl
2011 010 12:33:45,Clogon
2011 010 12:50:51,CUrl
2011 010 18:30:00,DNologon
2011 011 08:31:00,Blogon
2011 011 08:35:10,BUrl
2011 011 13:52:31,Clogon
2011 011 14:01:52,CUrl
2011 011 17:45:20,CSendEmail
2011 011 18:12:08,DUrl
2011 011 18:29:00,DNologon
2011 012 08:31:00,Blogon
2011 012 10:02:31,BUrl
2011 012 13:11:54,Clogon
2011 012 14:36:39,CUrl
2011 012 15:01:49,CSendEmail
2011 012 15:24:10,CUrl
2011 012 18:04:57,DUrl
2011 012 18:30:00,DNologon
2011 013 08:31:00,Blogon
2011 013 09:03:56,BUrl
2011 013 09:21:37,BSendEmail
2011 013 09:27:11,BUrl
2011 013 13:33:46,Clogon
2011 013 13:55:07,CUrl
2011 013 18:28:00,DNologon
2011 014 08:32:00,Blogon
2011 014 08:39:53,BUrl
2011 014 10:47:57,BSendEmail
2011 014 10:56:30,BUrl
2011 014 13:10:44,Clogon
2011 014 13:52:44,CUrl
2011 014 18:22:21,DUrl
2011 014 18:30:00,DNologon
2011 017 08:30:00,Blogon
2011 017 08:36:18,BUrl
2011 017 12:29:12,CUrl
2011 017 14:19:29,CSendEmail
2011 017 15:10:27,CUrl
2011 017 18:28:56,DUrl
2011 017 18:35:00,DNologon
2011 018 08:29:00,Blogon
2011 018 09:00:36,BUrl
2011 018 11:26:48,Blogon
2011 018 11:44:49,BUrl
2011 018 12:01:54,CUrl
2011 018 16:08:45,CSendEmail
2011 018 16:34:22,CUrl
2011 018 18:33:00,DNologon
2011 019 08:32:00,Blogon
2011 019 09:26:52,BUrl
2011 019 11:48:38,Blogon
2011 019 11:50:39,BUrl
2011 019 12:12:07,CUrl
2011 019 17:18:07,CSendEmail
2011 019 18:28:00,DNologon
2011 020 08:26:00,Blogon
2011 020 09:01:23,BUrl
2011 020 12:28:28,CUrl
2011 020 14:17:26,Clogon
2011 020 14:27:27,CUrl
2011 020 18:08:02,DSendEmail
2011 020 18:29:00,DNologon
2011 021 08:31:00,Blogon
2011 021 08:49:12,BUrl
2011 021 13:06:00,Clogon
2011 021 14:19:54,CUrl
2011 021 17:10:03,CSendEmail
2011 021 17:31:06,CUrl
2011 021 18:30:00,DNologon
2011 024 08:30:00,Blogon
2011 024 08:32:13,BUrl
2011 024 14:09:46,Clogon
2011 024 14:25:04,CUrl
2011 024 18:13:37,DSendEmail
2011 024 18:34:00,DNologon
2011 025 08:32:00,Blogon
2011 025 08:48:07,BUrl
2011 025 08:49:40,BSendEmail
2011 025 08:57:02,BUrl
2011 025 13:32:37,CUrl
2011 025 18:36:00,DNologon
2011 026 08:32:00,Blogon
2011 026 08:57:05,BUrl
2011 026 09:38:45,BSendEmail
2011 026 09:41:23,BUrl
2011 026 12:00:23,Clogon
2011 026 13:13:52,CUrl
2011 026 18:28:00,DNologon
2011 027 08:30:00,Blogon
2011 027 09:49:16,BUrl
2011 027 13:27:32,Clogon
2011 027 13:36:54,CUrl
2011 027 13:39:13,CSendEmail
2011 027 15:03:30,CUrl
2011 027 18:36:00,DNologon
2011 028 08:31:00,Blogon
2011 028 09:53:34,BUrl
2011 028 13:34:46,Clogon
2011 028 14:14:38,CSendEmail
2011 028 15:47:00,CUrl
2011 028 18:02:25,DUrl
2011 028 18:30:00,DNologon
2011 031 08:24:00,Blogon
2011 031 08:25:47,BSendEmail
2011 031 08:59:40,BUrl
2011 031 13:42:51,CUrl
2011 031 18:18:01,DUrl
2011 031 18:43:00,DNologon
2011 032 08:25:00,Blogon
2011 032 08:53:31,BUrl
2011 032 10:46:42,BSendEmail
2011 032 12:54:00,CUrl
2011 032 18:35:00,DNologon
2011 033 08:15:00,Blogon
2011 033 08:24:29,BSendEmail
2011 033 08:29:31,BUrl
2011 033 12:42:55,CUrl
2011 033 13:57:55,Clogon
2011 033 15:33:27,CUrl
2011 033 18:15:33,DUrl
2011 033 18:32:00,DNologon
2011 034 08:32:00,Blogon
2011 034 10:09:08,BSendEmail
2011 034 11:35:45,BUrl
2011 034 13:29:46,CUrl
2011 034 18:26:50,DUrl
2011 034 18:30:00,DNologon
2011 035 08:16:00,Blogon
2011 035 08:18:57,BUrl
2011 035 10:29:18,Blogon
2011 035 10:33:29,BUrl
2011 035 13:18:07,CUrl
2011 035 18:05:09,DSendEmail
2011 035 18:29:52,DUrl
2011 035 18:35:00,DNologon
2011 038 08:16:00,Blogon
2011 038 09:48:07,BUrl
2011 038 12:15:06,CUrl
2011 038 18:31:00,DNologon
2011 039 08:29:00,Blogon
2011 039 09:57:16,BUrl
2011 039 12:52:28,Clogon
2011 039 14:42:33,CUrl
2011 039 15:15:04,CSendEmail
2011 039 15:21:56,CUrl
2011 039 18:31:00,DNologon
2011 040 08:30:00,Blogon
2011 040 08:33:23,BUrl
2011 040 11:28:48,BSendEmail
2011 040 11:57:18,BUrl
2011 040 13:56:47,Clogon
2011 040 14:54:08,CUrl
2011 040 18:11:01,DUrl
2011 040 18:28:00,DNologon
2011 041 08:21:00,Blogon
2011 041 08:25:09,BUrl
2011 041 12:49:24,Clogon
2011 041 13:58:49,CUrl
2011 041 14:32:24,CSendEmail
2011 041 18:05:56,DUrl
2011 041 18:34:00,DNologon
2011 042 08:25:00,Blogon
2011 042 08:30:25,BUrl
2011 042 12:26:16,Clogon
2011 042 13:22:40,CUrl
2011 042 16:19:29,CSendEmail
2011 042 16:21:51,CUrl
2011 042 18:30:00,DNologon
2011 045 08:20:00,Blogon
2011 045 08:54:41,BSendEmail
2011 045 08:55:32,BUrl
2011 045 10:18:13,Blogon
2011 045 10:56:38,BUrl
2011 045 15:02:32,CUrl
2011 045 18:06:15,DUrl
2011 045 18:33:00,DNologon
2011 046 08:27:00,Blogon
2011 046 08:34:45,BUrl
2011 046 12:23:13,Clogon
2011 046 12:40:14,CUrl
2011 046 13:23:25,CSendEmail
2011 046 13:52:21,CUrl
2011 046 18:20:07,DUrl
2011 046 18:37:00,DNologon
2011 047 08:30:00,Blogon
2011 047 08:46:23,BUrl
2011 047 11:09:04,Blogon
2011 047 11:29:18,BUrl
2011 047 11:37:45,BSendEmail
2011 047 12:39:12,CUrl
2011 047 18:28:00,DNologon
2011 048 08:31:00,Blogon
2011 048 08:37:35,BUrl
2011 048 12:54:02,CUrl
2011 048 14:42:34,CSendEmail
2011 048 14:43:07,CUrl
2011 048 18:29:00,DNologon
2011 049 08:22:00,Blogon
2011 049 09:00:03,BUrl
2011 049 12:13:35,CUrl
2011 049 13:59:15,Clogon
2011 049 14:40:51,CUrl
2011 049 15:58:20,CSendEmail
2011 049 17:38:42,CUrl
2011 049 18:25:25,DUrl
2011 049 18:34:00,DNologon
2011 052 08:15:00,Blogon
2011 052 08:22:05,BUrl
2011 052 12:22:43,Clogon
2011 052 12:42:36,CSendEmail
2011 052 14:28:16,CUrl
2011 052 18:26:02,DUrl
2011 052 18:28:00,DNologon
2011 053 08:31:00,Blogon
2011 053 08:51:39,BUrl
2011 053 12:56:41,CUrl
2011 053 16:20:38,CSendEmail
2011 053 18:08:18,DUrl
2011 053 18:28:00,DNologon
2011 054 08:16:00,Blogon
2011 054 09:06:04,BUrl
2011 054 12:43:59,CUrl
2011 054 17:05:01,CSendEmail
2011 054 18:08:43,DUrl
2011 054 18:30:00,DNologon
2011 055 08:21:00,Blogon
2011 055 08:35:13,BUrl
2011 055 11:14:51,BSendEmail
2011 055 12:01:15,CUrl
2011 055 14:11:43,Clogon
2011 055 14:45:05,CUrl
2011 055 18:28:00,DNologon
2011 056 08:27:00,Blogon
2011 056 09:32:56,BUrl
2011 056 11:52:50,Blogon
2011 056 11:59:09,BUrl
2011 056 13:02:59,CUrl
2011 056 16:58:00,CSendEmail
2011 056 17:28:54,CUrl
2011 056 18:12:33,DUrl
2011 056 18:31:00,DNologon
2011 059 08:32:00,Blogon
2011 059 09:04:27,BUrl
2011 059 12:20:25,Clogon
2011 059 12:25:21,CUrl
2011 059 17:52:47,CSendEmail
2011 059 18:08:21,DUrl
2011 059 18:29:00,DNologon
2011 060 08:31:00,Blogon
2011 060 08:34:20,BUrl
2011 060 12:12:43,Clogon
2011 060 12:28:54,CUrl
2011 060 18:28:00,DNologon
2011 061 08:32:00,Blogon
2011 061 08:34:27,BUrl
2011 061 13:43:13,Clogon
2011 061 14:32:09,CSendEmail
2011 061 14:36:29,CUrl
2011 061 18:02:13,DUrl
2011 061 18:28:00,DNologon
2011 062 08:30:00,Blogon
2011 062 08:50:14,BSendEmail
2011 062 09:11:33,BUrl
2011 062 11:04:59,Blogon
2011 062 11:37:26,BUrl
2011 062 12:53:51,CUrl
2011 062 18:25:37,DUrl
2011 062 18:28:00,DNologon
2011 063 08:23:00,Blogon
2011 063 08:59:04,BSendEmail
2011 063 09:47:51,BUrl
2011 063 12:28:49,Clogon
2011 063 12:49:57,CUrl
2011 063 18:11:23,DUrl
2011 063 18:30:00,DNologon
2011 066 08:25:00,Blogon
2011 066 08:31:00,BUrl
2011 066 12:31:03,Clogon
2011 066 12:32:43,CUrl
2011 066 13:26:45,CSendEmail
2011 066 13:32:55,CUrl
2011 066 18:07:44,DUrl
2011 066 18:30:00,DNologon
2011 067 08:30:00,Blogon
2011 067 08:48:53,BUrl
2011 067 10:56:59,BSendEmail
2011 067 11:03:06,BUrl
2011 067 14:04:19,Clogon
2011 067 15:17:08,CUrl
2011 067 18:29:00,DNologon
2011 068 08:32:00,Blogon
2011 068 08:35:09,BUrl
2011 068 12:39:14,CUrl
2011 068 14:23:06,Clogon
2011 068 15:40:42,CUrl
2011 068 18:08:43,DUrl
2011 068 18:08:50,DSendEmail
2011 068 18:28:00,DNologon
2011 069 08:30:00,Blogon
2011 069 08:56:43,BUrl
2011 069 13:21:55,Clogon
2011 069 14:13:10,CSendEmail
2011 069 15:49:39,CUrl
2011 069 18:09:07,DUrl
2011 069 18:28:00,DNologon
2011 070 08:23:00,Blogon
2011 070 08:50:13,BUrl
2011 070 12:15:38,Clogon
2011 070 12:34:56,CUrl
2011 070 17:11:53,CSendEmail
2011 070 18:09:43,DUrl
2011 070 18:43:00,DNologon
2011 073 08:30:00,Blogon
2011 073 08:45:07,BUrl
2011 073 11:33:47,Blogon
2011 073 12:31:37,CUrl
2011 073 14:18:07,CSendEmail
2011 073 15:40:39,CUrl
2011 073 18:16:39,DUrl
2011 073 18:28:00,DNologon
2011 074 08:25:00,Blogon
2011 074 08:27:46,BUrl
2011 074 13:09:01,Clogon
2011 074 14:14:55,CUrl
2011 074 15:40:32,CSendEmail
2011 074 18:31:19,DUrl
2011 074 18:38:00,DNologon
2011 075 08:31:00,Blogon
2011 075 08:32:11,BUrl
2011 075 13:42:05,Clogon
2011 075 13:47:56,CUrl
2011 075 14:56:54,CSendEmail
2011 075 15:39:45,CUrl
2011 075 18:30:00,DNologon
2011 076 08:18:00,Blogon
2011 076 08:41:18,BUrl
2011 076 12:33:58,CSendEmail
2011 076 13:07:03,Clogon
2011 076 13:12:21,CUrl
2011 076 18:16:10,DUrl
2011 076 18:39:00,DNologon
2011 077 08:30:00,Blogon
2011 077 08:39:42,BUrl
2011 077 13:44:53,Clogon
2011 077 14:30:29,CUrl
2011 077 14:49:30,CSendEmail
2011 077 15:01:00,CUrl
2011 077 18:01:20,DUrl
2011 077 18:34:00,DNologon
2011 080 08:30:00,Blogon
2011 080 08:53:37,BUrl
2011 080 12:48:18,Clogon
2011 080 12:55:07,CUrl
2011 080 17:54:35,CSendEmail
2011 080 18:29:00,DNologon
2011 081 08:26:00,Blogon
2011 081 08:31:15,BUrl
2011 081 12:48:42,Clogon
2011 081 12:51:38,CUrl
2011 081 16:02:12,CSendEmail
2011 081 16:40:08,CUrl
2011 081 18:41:00,DNologon
2011 082 08:31:00,Blogon
2011 082 08:34:28,BUrl
2011 082 13:03:05,Clogon
2011 082 13:23:39,CUrl
2011 082 13:43:54,CSendEmail
2011 082 16:17:12,CUrl
2011 082 18:02:45,DUrl
2011 082 18:29:00,DNologon
2011 083 08:27:00,Blogon
2011 083 08:33:54,BUrl
2011 083 11:36:23,Blogon
2011 083 11:43:43,BUrl
2011 083 12:53:45,CSendEmail
2011 083 12:54:21,CUrl
2011 083 18:28:00,DNologon
2011 084 08:22:00,Blogon
2011 084 08:23:49,BUrl
2011 084 12:39:35,Clogon
2011 084 14:16:57,CUrl
2011 084 17:11:12,CSendEmail
2011 084 17:45:20,CUrl
2011 084 18:40:00,DNologon
2011 087 08:19:00,Blogon
2011 087 08:25:33,BUrl
2011 087 12:10:55,CUrl
2011 087 13:21:05,Clogon
2011 087 14:13:07,CUrl
2011 087 15:33:12,CSendEmail
2011 087 16:26:46,CUrl
2011 087 18:30:35,DUrl
2011 087 18:44:00,DNologon
2011 088 08:26:00,Blogon
2011 088 08:33:09,BUrl
2011 088 09:07:13,BSendEmail
2011 088 09:18:48,BUrl
2011 088 12:08:18,CUrl
2011 088 18:03:07,DUrl
2011 088 18:28:00,DNologon
2011 089 08:22:00,Blogon
2011 089 09:17:06,BSendEmail
2011 089 09:18:25,BUrl
2011 089 12:15:40,CUrl
2011 089 18:42:00,DNologon
2011 090 08:30:00,Blogon
2011 090 08:39:22,BUrl
2011 090 12:15:28,CUrl
2011 090 14:26:23,Clogon
2011 090 14:47:28,CUrl
2011 090 18:27:23,DSendEmail
2011 090 18:29:00,DNologon
2011 091 08:32:00,Blogon
2011 091 08:58:40,BUrl
2011 091 11:00:28,BSendEmail
2011 091 13:38:46,Clogon
2011 091 14:24:05,CUrl
2011 091 18:23:33,DUrl
2011 091 18:29:00,DNologon
2011 094 08:20:00,Blogon
2011 094 08:26:28,BUrl
2011 094 12:20:07,CUrl
2011 094 17:21:44,CSendEmail
2011 094 18:44:00,DNologon
2011 095 08:25:00,Blogon
2011 095 08:28:02,BUrl
2011 095 09:31:43,BSendEmail
2011 095 10:41:43,BUrl
2011 095 12:58:14,CUrl
2011 095 18:16:14,DUrl
2011 095 18:41:00,DNologon
2011 096 08:24:00,Blogon
2011 096 08:30:31,BUrl
2011 096 14:30:51,CSendEmail
2011 096 14:55:36,CUrl
2011 096 18:27:50,DUrl
2011 096 18:37:00,DNologon
2011 097 08:24:00,Blogon
2011 097 08:36:15,BSendEmail
2011 097 08:36:46,BUrl
2011 097 11:09:12,Blogon
2011 097 11:56:35,BUrl
2011 097 12:26:36,CUrl
2011 097 18:10:45,DUrl
2011 097 18:37:00,DNologon
2011 098 08:30:00,Blogon
2011 098 08:58:21,BUrl
2011 098 10:45:27,Blogon
2011 098 11:41:31,BUrl
2011 098 12:41:59,CUrl
2011 098 14:06:24,CSendEmail
2011 098 14:07:41,CUrl
2011 098 18:30:00,DNologon
2011 101 08:31:00,Blogon
2011 101 08:33:37,BUrl
2011 101 14:04:23,Clogon
2011 101 15:27:16,CUrl
2011 101 18:05:29,DUrl
2011 101 18:30:00,DNologon
2011 102 08:31:00,Blogon
2011 102 08:35:31,BUrl
2011 102 14:26:47,Clogon
2011 102 14:41:49,CUrl
2011 102 17:20:42,CSendEmail
2011 102 17:44:16,CUrl
2011 102 18:06:57,DUrl
2011 102 18:30:00,DNologon
2011 103 08:19:00,Blogon
2011 103 08:33:26,BUrl
2011 103 09:18:15,BSendEmail
2011 103 09:53:53,BUrl
2011 103 12:41:37,Clogon
2011 103 13:17:34,CUrl
2011 103 18:04:17,DUrl
2011 103 18:28:00,DNologon
2011 104 08:27:00,Blogon
2011 104 08:28:18,BSendEmail
2011 104 08:29:13,BUrl
2011 104 12:03:11,Clogon
2011 104 13:14:55,CUrl
2011 104 18:32:13,DUrl
2011 104 18:44:00,DNologon
2011 105 08:32:00,Blogon
2011 105 08:38:13,BUrl
2011 105 13:21:12,Clogon
2011 105 13:29:46,CUrl
2011 105 18:15:49,DUrl
2011 105 18:22:04,DSendEmail
2011 105 18:23:16,DUrl
2011 105 18:29:00,DNologon
2011 108 08:27:00,Blogon
2011 108 08:33:05,BUrl
2011 108 08:59:00,BSendEmail
2011 108 09:19:05,BUrl
2011 108 13:07:35,Clogon
2011 108 13:12:22,CUrl
2011 108 18:29:36,DUrl
2011 108 18:43:00,DNologon
2011 109 08:32:00,Blogon
2011 109 08:44:59,BUrl
2011 109 12:04:23,CUrl
2011 109 12:21:41,CSendEmail
2011 109 14:29:55,Clogon
2011 109 15:00:09,CUrl
2011 109 18:16:02,DUrl
2011 109 18:28:00,DNologon
2011 110 08:26:00,Blogon
2011 110 09:05:05,BUrl
2011 110 12:36:59,Clogon
2011 110 13:46:38,CUrl
2011 110 16:35:15,CSendEmail
2011 110 16:39:19,CUrl
2011 110 18:15:42,DUrl
2011 110 18:42:00,DNologon
2011 111 08:31:00,Blogon
2011 111 08:35:06,BUrl
2011 111 13:27:29,Clogon
2011 111 14:10:33,CUrl
2011 111 16:19:25,CSendEmail
2011 111 17:27:42,CUrl
2011 111 18:30:00,DNologon
2011 115 08:32:00,Blogon
2011 115 09:18:54,BUrl
2011 115 10:13:17,BSendEmail
2011 115 10:24:08,BUrl
2011 115 14:31:32,Clogon
2011 115 14:44:46,CUrl
2011 115 18:28:00,DNologon
2011 116 08:17:00,Blogon
2011 116 08:44:52,BUrl
2011 116 09:53:59,BSendEmail
2011 116 11:53:11,BUrl
2011 116 13:14:34,Clogon
2011 116 14:23:15,CUrl
2011 116 18:40:00,DNologon
2011 117 08:27:00,Blogon
2011 117 09:29:26,BSendEmail
2011 117 09:50:01,BUrl
2011 117 12:42:39,Clogon
2011 117 15:34:08,CUrl
2011 117 18:07:35,DUrl
2011 117 18:28:00,DNologon
2011 118 08:31:00,Blogon
2011 118 09:00:01,BUrl
2011 118 09:20:21,BSendEmail
2011 118 09:23:19,BUrl
2011 118 14:27:06,Clogon
2011 118 14:41:05,CUrl
2011 118 18:13:11,DUrl
2011 118 18:35:00,DNologon
2011 119 08:22:00,Blogon
2011 119 08:37:26,BUrl
2011 119 12:30:07,CUrl
2011 119 13:14:30,Clogon
2011 119 16:09:13,CUrl
2011 119 17:52:54,CSendEmail
2011 119 18:18:21,DUrl
2011 119 18:31:00,DNologon
2011 122 08:30:00,Blogon
2011 122 08:31:10,BUrl
2011 122 09:32:06,BSendEmail
2011 122 09:44:45,BUrl
2011 122 11:29:54,Blogon
2011 122 12:37:41,CUrl
2011 122 18:11:01,DUrl
2011 122 18:30:00,DNologon
2011 123 08:28:00,Blogon
2011 123 08:55:39,BUrl
2011 123 12:03:54,Clogon
2011 123 12:13:33,CUrl
2011 123 14:03:38,CSendEmail
2011 123 14:55:34,CUrl
2011 123 18:40:00,DNologon
2011 124 08:23:00,Blogon
2011 124 08:44:43,BUrl
2011 124 11:58:27,Blogon
2011 124 13:26:23,CUrl
2011 124 14:13:14,CSendEmail
2011 124 14:15:45,CUrl
2011 124 18:34:00,DNologon
2011 125 08:27:00,Blogon
2011 125 08:37:21,BUrl
2011 125 10:55:06,BSendEmail
2011 125 11:24:29,BUrl
2011 125 15:16:17,CUrl
2011 125 18:27:40,DUrl
2011 125 18:42:00,DNologon
2011 126 08:31:00,Blogon
2011 126 09:23:12,BUrl
2011 126 10:06:13,BSendEmail
2011 126 11:07:52,BUrl
2011 126 12:39:19,Clogon
2011 126 12:59:14,CUrl
2011 126 18:27:17,DUrl
2011 126 18:29:00,DNologon
2011 129 08:30:00,Blogon
2011 129 08:40:52,BUrl
2011 129 12:34:28,CUrl
2011 129 13:03:30,Clogon
2011 129 13:10:06,CSendEmail
2011 129 13:12:33,CUrl
2011 129 18:28:00,DNologon
2011 130 08:28:00,Blogon
2011 130 08:38:33,BUrl
2011 130 12:03:46,CUrl
2011 130 14:11:23,CSendEmail
2011 130 14:21:05,CUrl
2011 130 18:44:00,DNologon
2011 131 08:31:00,Blogon
2011 131 08:35:04,BUrl
2011 131 14:08:44,Clogon
2011 131 14:11:18,CUrl
2011 131 15:22:17,CSendEmail
2011 131 15:27:19,CUrl
2011 131 18:04:47,DUrl
2011 131 18:37:00,DNologon
2011 132 08:17:00,Blogon
2011 132 08:32:07,BUrl
2011 132 11:07:26,BSendEmail
2011 132 14:08:53,Clogon
2011 132 14:23:19,CUrl
2011 132 18:09:10,DUrl
2011 132 18:34:00,DNologon
2011 133 08:20:00,Blogon
2011 133 09:10:40,BUrl
2011 133 09:56:30,BSendEmail
2011 133 09:57:44,BUrl
2011 133 13:13:49,CUrl
2011 133 18:34:00,DNologon
2011 136 08:31:00,Blogon
2011 136 08:44:14,BUrl
2011 136 10:19:04,BSendEmail
2011 136 11:47:45,BUrl
2011 136 13:13:06,Clogon
2011 136 13:15:00,CUrl
2011 136 18:43:00,DNologon
