2010 004 08:21:00,Blogon
2010 004 08:23:06,BSendEmail
2010 004 08:27:40,BSendEmail
2010 004 08:28:39,BUrl
2010 004 10:56:16,BConnect
2010 004 11:10:53,BUrl
2010 004 11:30:54,BDisconnect
2010 004 11:43:49,BUrl
2010 004 12:49:26,CUrl
2010 004 12:55:08,CConnect
2010 004 13:06:16,CDisconnect
2010 004 13:26:54,CUrl
2010 004 14:13:38,CConnect
2010 004 14:27:28,CSendEmail
2010 004 14:44:28,CDisconnect
2010 004 15:35:06,CUrl
2010 004 16:33:00,CNologon
2010 005 08:33:00,Blogon
2010 005 09:05:22,BUrl
2010 005 10:34:45,BSendEmail
2010 005 10:36:05,BSendEmail
2010 005 10:36:53,BSendEmail
2010 005 10:48:49,BUrl
2010 005 12:27:01,CUrl
2010 005 13:28:30,CConnect
2010 005 13:41:57,CFileCopy
2010 005 13:44:00,CDisconnect
2010 005 14:13:13,CUrl
2010 005 16:30:00,CNologon
2010 006 08:23:00,Blogon
2010 006 08:43:02,BUrl
2010 006 10:29:38,BSendEmail
2010 006 10:32:06,BSendEmail
2010 006 11:03:13,BUrl
2010 006 12:13:05,CUrl
2010 006 12:24:16,CSendEmail
2010 006 12:56:47,CUrl
2010 006 16:45:00,CNologon
2010 007 08:33:00,Blogon
2010 007 08:37:10,BUrl
2010 007 09:11:18,BConnect
2010 007 09:27:56,BUrl
2010 007 12:17:24,CUrl
2010 007 16:05:45,CSendEmail
2010 007 16:07:07,CUrl
2010 007 16:08:50,CSendEmail
2010 007 16:16:56,CSendEmail
2010 007 16:17:10,CUrl
2010 007 16:22:03,CConnect
2010 007 16:24:53,CDisconnect
2010 007 16:24:59,CUrl
2010 007 16:28:00,CNologon
2010 008 08:28:00,Blogon
2010 008 09:12:42,BUrl
2010 008 09:14:08,BConnect
2010 008 09:16:13,BFileCopy
2010 008 09:17:32,BUrl
2010 008 09:26:31,BDisconnect
2010 008 09:41:20,BUrl
2010 008 12:14:47,CConnect
2010 008 12:26:42,CUrl
2010 008 12:38:08,CFileCopy
2010 008 12:38:46,CDisconnect
2010 008 12:43:56,CUrl
2010 008 13:33:42,CConnect
2010 008 13:45:33,CUrl
2010 008 13:55:01,CFileCopy
2010 008 14:02:01,CFileCopy
2010 008 14:04:56,CDisconnect
2010 008 14:07:23,CUrl
2010 008 14:08:58,CSendEmail
2010 008 14:10:24,CSendEmail
2010 008 14:17:41,CSendEmail
2010 008 14:24:24,CUrl
2010 008 15:00:12,CConnect
2010 008 15:01:51,CUrl
2010 008 15:19:54,CFileCopy
2010 008 15:20:34,CUrl
2010 008 15:25:07,CDisconnect
2010 008 16:06:59,CUrl
2010 008 16:24:00,CNologon
2010 011 08:20:00,Blogon
2010 011 08:29:14,BSendEmail
2010 011 08:29:49,BSendEmail
2010 011 08:35:24,BUrl
2010 011 09:06:48,BSendEmail
2010 011 09:07:44,BUrl
2010 011 12:22:55,CUrl
2010 011 12:25:58,CConnect
2010 011 12:32:05,CUrl
2010 011 12:43:48,CDisconnect
2010 011 12:47:15,CConnect
2010 011 12:49:18,CUrl
2010 011 13:00:31,CDisconnect
2010 011 14:06:04,CUrl
2010 011 16:26:00,CNologon
2010 012 08:25:00,Blogon
2010 012 08:27:11,BUrl
2010 012 08:31:44,BConnect
2010 012 08:31:51,BFileCopy
2010 012 08:32:34,BUrl
2010 012 08:33:25,BDisconnect
2010 012 09:15:58,BUrl
2010 012 12:13:04,CUrl
2010 012 12:17:06,CConnect
2010 012 12:23:02,CUrl
2010 012 12:27:25,CDisconnect
2010 012 12:53:25,CUrl
2010 012 13:29:23,CSendEmail
2010 012 13:59:10,CUrl
2010 012 16:37:00,CNologon
2010 013 08:33:00,Blogon
2010 013 08:35:13,BUrl
2010 013 11:06:39,BConnect
2010 013 11:08:15,BFileCopy
2010 013 11:10:37,BDisconnect
2010 013 11:10:45,BConnect
2010 013 11:16:44,BDisconnect
2010 013 11:23:45,BConnect
2010 013 11:24:12,BUrl
2010 013 11:30:51,BFileCopy
2010 013 11:33:28,BFileCopy
2010 013 11:39:00,BDisconnect
2010 013 12:08:44,CConnect
2010 013 12:08:45,CFileCopy
2010 013 12:09:15,CFileCopy
2010 013 12:10:19,CDisconnect
2010 013 12:21:42,CUrl
2010 013 12:56:45,CSendEmail
2010 013 12:57:02,CSendEmail
2010 013 12:57:03,CUrl
2010 013 12:58:03,CSendEmail
2010 013 14:34:46,CUrl
2010 013 16:27:00,CNologon
2010 014 08:16:00,Blogon
2010 014 08:19:07,BUrl
2010 014 09:47:06,BSendEmail
2010 014 09:52:23,BSendEmail
2010 014 10:18:28,BUrl
2010 014 10:20:32,BSendEmail
2010 014 10:22:49,BUrl
2010 014 12:27:34,CConnect
2010 014 12:29:05,CUrl
2010 014 12:31:54,CFileCopy
2010 014 12:32:47,CFileCopy
2010 014 12:38:01,CUrl
2010 014 12:39:07,CFileCopy
2010 014 13:00:12,CFileCopy
2010 014 13:04:56,CUrl
2010 014 13:21:29,CFileCopy
2010 014 13:24:49,CDisconnect
2010 014 13:40:35,CUrl
2010 014 16:27:00,CNologon
2010 015 08:32:00,Blogon
2010 015 08:38:00,BUrl
2010 015 08:39:05,BSendEmail
2010 015 09:10:56,BUrl
2010 015 09:18:24,BSendEmail
2010 015 09:35:39,BSendEmail
2010 015 09:56:42,BConnect
2010 015 10:00:05,BFileCopy
2010 015 10:04:16,BUrl
2010 015 10:06:15,BDisconnect
2010 015 10:07:21,BUrl
2010 015 11:44:17,BConnect
2010 015 11:47:32,BFileCopy
2010 015 12:04:41,CUrl
2010 015 12:54:01,CDisconnect
2010 015 12:59:56,CUrl
2010 015 16:28:00,CNologon
2010 018 08:21:00,Blogon
2010 018 08:54:31,BUrl
2010 018 09:14:34,BConnect
2010 018 09:32:48,BUrl
2010 018 10:02:21,BDisconnect
2010 018 10:28:36,BUrl
2010 018 11:21:39,BConnect
2010 018 11:49:57,BUrl
2010 018 11:51:47,BFileCopy
2010 018 12:08:05,CUrl
2010 018 12:13:21,CDisconnect
2010 018 12:45:15,CUrl
2010 018 13:15:33,CConnect
2010 018 13:17:05,CFileCopy
2010 018 13:20:31,CSendEmail
2010 018 13:42:58,CSendEmail
2010 018 13:48:10,CUrl
2010 018 13:53:42,CSendEmail
2010 018 14:06:32,CDisconnect
2010 018 14:12:29,CUrl
2010 018 15:55:28,CConnect
2010 018 15:56:25,CUrl
2010 018 16:01:39,CFileCopy
2010 018 16:08:22,CDisconnect
2010 018 16:14:02,CUrl
2010 018 16:30:00,CNologon
2010 019 08:28:00,Blogon
2010 019 08:56:35,BUrl
2010 019 10:47:55,BSendEmail
2010 019 10:54:57,BConnect
2010 019 10:59:23,BSendEmail
2010 019 11:01:53,BUrl
2010 019 11:33:28,BDisconnect
2010 019 11:57:47,BUrl
2010 019 12:01:26,CUrl
2010 019 13:53:54,CSendEmail
2010 019 14:10:19,CUrl
2010 019 14:58:47,CConnect
2010 019 14:59:06,CUrl
2010 019 15:18:16,CDisconnect
2010 019 15:48:02,CUrl
2010 019 16:36:00,CNologon
2010 020 08:30:00,Blogon
2010 020 08:44:25,BUrl
2010 020 09:41:19,BConnect
2010 020 09:55:35,BFileCopy
2010 020 09:59:39,BFileCopy
2010 020 10:00:06,BUrl
2010 020 10:20:00,BFileCopy
2010 020 10:22:13,BFileCopy
2010 020 10:22:52,BDisconnect
2010 020 11:14:18,BUrl
2010 020 12:24:06,CUrl
2010 020 12:38:20,CSendEmail
2010 020 12:55:28,CSendEmail
2010 020 13:12:06,CUrl
2010 020 14:05:43,CSendEmail
2010 020 14:46:57,CUrl
2010 020 16:26:00,CNologon
2010 021 08:31:00,Blogon
2010 021 08:44:45,BUrl
2010 021 09:06:02,BSendEmail
2010 021 09:15:55,BUrl
2010 021 09:20:24,BSendEmail
2010 021 09:38:39,BUrl
2010 021 10:12:28,BConnect
2010 021 10:25:31,BFileCopy
2010 021 10:31:11,BUrl
2010 021 10:51:46,BFileCopy
2010 021 11:11:53,BSendEmail
2010 021 11:13:08,BUrl
2010 021 11:41:24,BFileCopy
2010 021 11:41:32,BUrl
2010 021 12:01:36,CUrl
2010 021 12:26:24,CFileCopy
2010 021 12:35:27,CFileCopy
2010 021 12:36:35,CUrl
2010 021 12:38:04,CDisconnect
2010 021 13:07:55,CUrl
2010 021 16:24:00,CNologon
2010 022 08:27:00,Blogon
2010 022 09:56:24,BConnect
2010 022 10:35:03,BUrl
2010 022 10:47:01,BDisconnect
2010 022 11:47:42,BConnect
2010 022 12:08:05,CDisconnect
2010 022 12:30:10,CConnect
2010 022 12:49:14,CDisconnect
2010 022 13:31:44,CSendEmail
2010 022 14:41:57,CSendEmail
2010 022 14:43:01,CUrl
2010 022 14:45:37,CSendEmail
2010 022 16:43:00,CNologon
2010 025 08:25:00,Blogon
2010 025 08:32:10,BUrl
2010 025 10:04:20,BConnect
2010 025 10:08:29,BUrl
2010 025 12:25:55,CSendEmail
2010 025 12:27:00,CSendEmail
2010 025 12:27:33,CSendEmail
2010 025 12:29:42,CUrl
2010 025 15:12:22,CConnect
2010 025 15:18:41,CUrl
2010 025 15:20:49,CDisconnect
2010 025 15:30:07,CUrl
2010 025 16:34:00,CNologon
2010 026 08:18:00,Blogon
2010 026 08:27:06,BUrl
2010 026 08:44:07,BSendEmail
2010 026 08:44:24,BUrl
2010 026 10:58:48,BConnect
2010 026 11:04:29,BFileCopy
2010 026 11:05:30,BFileCopy
2010 026 11:11:23,BDisconnect
2010 026 11:14:24,BUrl
2010 026 12:03:18,CUrl
2010 026 13:22:26,CSendEmail
2010 026 13:58:44,CUrl
2010 026 14:01:58,CSendEmail
2010 026 14:12:40,CUrl
2010 026 14:16:58,CConnect
2010 026 14:24:53,CFileCopy
2010 026 14:46:40,CUrl
2010 026 14:54:10,CDisconnect
2010 026 15:02:44,CUrl
2010 026 16:39:00,CNologon
2010 027 08:29:00,Blogon
2010 027 08:32:39,BUrl
2010 027 09:34:05,BSendEmail
2010 027 09:55:36,BUrl
2010 027 10:38:25,BSendEmail
2010 027 10:42:02,BConnect
2010 027 10:55:04,BDisconnect
2010 027 11:14:15,BUrl
2010 027 12:03:52,CUrl
2010 027 14:05:23,CSendEmail
2010 027 14:36:50,CUrl
2010 027 16:36:00,CNologon
2010 028 08:32:00,Blogon
2010 028 08:59:26,BUrl
2010 028 11:29:01,BSendEmail
2010 028 11:35:32,BUrl
2010 028 12:26:39,CUrl
2010 028 13:09:54,CConnect
2010 028 13:18:25,CUrl
2010 028 13:54:38,CSendEmail
2010 028 14:14:40,CUrl
2010 028 14:18:56,CFileCopy
2010 028 15:03:43,CUrl
2010 028 15:14:33,CDisconnect
2010 028 15:30:30,CUrl
2010 028 16:32:20,CSendEmail
2010 028 16:38:00,CNologon
2010 029 08:30:00,Blogon
2010 029 08:31:58,BUrl
2010 029 11:10:19,BSendEmail
2010 029 11:15:59,BUrl
2010 029 12:21:50,CUrl
2010 029 14:51:41,CSendEmail
2010 029 14:59:19,CUrl
2010 029 15:08:48,CSendEmail
2010 029 15:22:59,CUrl
2010 029 16:27:00,CNologon
2010 032 08:30:00,Blogon
2010 032 08:38:15,BUrl
2010 032 12:18:49,CUrl
2010 032 13:45:01,CConnect
2010 032 13:52:21,CFileCopy
2010 032 13:52:32,CUrl
2010 032 13:52:47,CFileCopy
2010 032 13:54:27,CFileCopy
2010 032 13:56:12,CFileCopy
2010 032 13:58:16,CFileCopy
2010 032 14:01:31,CDisconnect
2010 032 14:38:29,CUrl
2010 032 15:05:59,CSendEmail
2010 032 15:06:42,CSendEmail
2010 032 15:09:05,CUrl
2010 032 16:36:46,CSendEmail
2010 032 16:44:00,CNologon
2010 033 08:33:00,Blogon
2010 033 08:34:19,BUrl
2010 033 08:46:40,BConnect
2010 033 08:49:29,BFileCopy
2010 033 09:03:23,BDisconnect
2010 033 09:27:35,BUrl
2010 033 09:56:46,BSendEmail
2010 033 09:59:24,BSendEmail
2010 033 10:01:22,BSendEmail
2010 033 10:01:38,BUrl
2010 033 11:39:41,BConnect
2010 033 11:40:09,BFileCopy
2010 033 11:41:17,BFileCopy
2010 033 11:42:39,BDisconnect
2010 033 11:47:46,BUrl
2010 033 12:04:01,CUrl
2010 033 13:56:16,CConnect
2010 033 14:01:38,CFileCopy
2010 033 14:11:49,CUrl
2010 033 14:31:58,CDisconnect
2010 033 14:42:13,CUrl
2010 033 15:48:35,CConnect
2010 033 15:48:58,CFileCopy
2010 033 15:49:21,CDisconnect
2010 033 15:49:51,CUrl
2010 033 16:25:00,CNologon
2010 034 08:36:00,Blogon
2010 034 09:01:18,BConnect
2010 034 09:01:48,BUrl
2010 034 09:09:38,BDisconnect
2010 034 09:19:32,BUrl
2010 034 09:45:08,BSendEmail
2010 034 09:48:29,BUrl
2010 034 12:29:29,CConnect
2010 034 12:43:14,CUrl
2010 034 12:46:46,CFileCopy
2010 034 12:49:13,CFileCopy
2010 034 12:53:46,CUrl
2010 034 13:00:51,CFileCopy
2010 034 13:07:11,CDisconnect
2010 034 13:39:45,CUrl
2010 034 16:12:01,CSendEmail
2010 034 16:18:07,CSendEmail
2010 034 16:22:17,CUrl
2010 034 16:30:00,CNologon
2010 035 08:31:00,Blogon
2010 035 08:35:59,BUrl
2010 035 10:02:56,BConnect
2010 035 10:03:55,BFileCopy
2010 035 10:25:07,BDisconnect
2010 035 10:40:19,BUrl
2010 035 11:08:53,BConnect
2010 035 11:15:54,BUrl
2010 035 11:22:42,BFileCopy
2010 035 11:26:33,BFileCopy
2010 035 11:37:12,BFileCopy
2010 035 11:50:57,BDisconnect
2010 035 12:02:42,CUrl
2010 035 12:37:22,CSendEmail
2010 035 12:46:10,CUrl
2010 035 13:07:58,CSendEmail
2010 035 13:21:41,CSendEmail
2010 035 13:59:52,CUrl
2010 035 16:26:00,CNologon
2010 036 08:36:00,Blogon
2010 036 08:42:54,BUrl
2010 036 09:23:48,BConnect
2010 036 09:24:25,BUrl
2010 036 09:30:54,BDisconnect
2010 036 11:01:23,BUrl
2010 036 12:13:27,CUrl
2010 036 13:05:47,CConnect
2010 036 13:17:25,CDisconnect
2010 036 13:18:13,CConnect
2010 036 13:29:55,CUrl
2010 036 14:05:53,CDisconnect
2010 036 14:35:55,CUrl
2010 036 14:59:07,CSendEmail
2010 036 15:00:21,CUrl
2010 036 15:01:53,CSendEmail
2010 036 16:28:00,CNologon
2010 039 08:26:00,Blogon
2010 039 08:34:52,BUrl
2010 039 09:45:41,BConnect
2010 039 09:45:59,BFileCopy
2010 039 09:46:21,BFileCopy
2010 039 09:46:25,BFileCopy
2010 039 09:46:32,BFileCopy
2010 039 09:46:36,BDisconnect
2010 039 09:54:05,BUrl
2010 039 12:05:37,CUrl
2010 039 12:47:24,CSendEmail
2010 039 12:56:12,CUrl
2010 039 13:01:22,CSendEmail
2010 039 13:51:35,CUrl
2010 039 14:00:34,CSendEmail
2010 039 14:07:14,CUrl
2010 039 16:43:00,CNologon
2010 040 08:31:00,Blogon
2010 040 08:32:58,BUrl
2010 040 09:41:21,BConnect
2010 040 09:45:47,BUrl
2010 040 09:58:41,BFileCopy
2010 040 10:06:42,BUrl
2010 040 10:45:37,BFileCopy
2010 040 10:55:21,BSendEmail
2010 040 11:14:13,BUrl
2010 040 11:44:39,BSendEmail
2010 040 11:50:12,BUrl
2010 040 12:28:37,CSendEmail
2010 040 12:48:47,CDisconnect
2010 040 12:49:10,CConnect
2010 040 12:59:12,CUrl
2010 040 13:16:11,CDisconnect
2010 040 13:22:27,CUrl
2010 040 15:00:38,CConnect
2010 040 15:00:47,CFileCopy
2010 040 15:01:18,CDisconnect
2010 040 15:03:56,CUrl
2010 040 16:29:00,CNologon
2010 041 08:34:00,Blogon
2010 041 09:02:43,BSendEmail
2010 041 09:06:30,BUrl
2010 041 09:22:22,BConnect
2010 041 09:36:13,BUrl
2010 041 09:38:01,BSendEmail
2010 041 09:43:54,BFileCopy
2010 041 09:45:41,BFileCopy
2010 041 09:46:35,BFileCopy
2010 041 09:46:50,BUrl
2010 041 09:59:22,BFileCopy
2010 041 10:04:36,BUrl
2010 041 10:09:01,BFileCopy
2010 041 10:13:06,BDisconnect
2010 041 10:27:49,BUrl
2010 041 12:22:29,CUrl
2010 041 16:26:00,CNologon
2010 042 08:30:00,Blogon
2010 042 08:35:49,BUrl
2010 042 11:09:11,BSendEmail
2010 042 11:29:28,BUrl
2010 042 12:34:04,CUrl
2010 042 15:41:43,CSendEmail
2010 042 15:43:37,CUrl
2010 042 15:57:40,CSendEmail
2010 042 16:03:23,CUrl
2010 042 16:28:00,CNologon
2010 043 08:31:00,Blogon
2010 043 08:34:12,BUrl
2010 043 09:24:25,BSendEmail
2010 043 09:25:35,BConnect
2010 043 09:27:01,BFileCopy
2010 043 09:27:22,BUrl
2010 043 09:35:10,BFileCopy
2010 043 09:35:54,BSendEmail
2010 043 09:38:55,BFileCopy
2010 043 09:44:22,BDisconnect
2010 043 10:13:38,BUrl
2010 043 12:04:20,CConnect
2010 043 12:05:40,CFileCopy
2010 043 12:07:50,CDisconnect
2010 043 12:13:58,CUrl
2010 043 16:26:00,CNologon
2010 046 08:25:00,Blogon
2010 046 08:35:36,BUrl
2010 046 11:53:47,BSendEmail
2010 046 11:56:30,BUrl
2010 046 12:38:09,CUrl
2010 046 13:00:03,CSendEmail
2010 046 13:03:34,CUrl
2010 046 14:45:39,CConnect
2010 046 14:45:47,CUrl
2010 046 15:37:00,CDisconnect
2010 046 16:00:49,CSendEmail
2010 046 16:22:51,CUrl
2010 046 16:31:00,CNologon
2010 047 08:31:00,Blogon
2010 047 08:36:58,BSendEmail
2010 047 08:51:19,BUrl
2010 047 10:45:32,BSendEmail
2010 047 10:48:14,BSendEmail
2010 047 11:08:06,BUrl
2010 047 12:09:52,CUrl
2010 047 15:29:05,CConnect
2010 047 15:34:41,CUrl
2010 047 15:35:56,CFileCopy
2010 047 15:41:26,CUrl
2010 047 16:03:14,CFileCopy
2010 047 16:04:50,CUrl
2010 047 16:05:15,CDisconnect
2010 047 16:15:21,CUrl
2010 047 16:28:00,CNologon
2010 048 08:28:00,Blogon
2010 048 08:36:15,BUrl
2010 048 09:48:35,BSendEmail
2010 048 09:49:15,BSendEmail
2010 048 10:07:27,BSendEmail
2010 048 10:19:33,BUrl
2010 048 12:02:32,CUrl
2010 048 13:20:34,CConnect
2010 048 13:31:40,CUrl
2010 048 13:33:45,CDisconnect
2010 048 13:33:48,CConnect
2010 048 13:44:12,CUrl
2010 048 14:08:29,CDisconnect
2010 048 14:52:33,CUrl
2010 048 16:40:00,CNologon
2010 049 08:30:00,Blogon
2010 049 08:53:29,BUrl
2010 049 13:12:51,CUrl
2010 049 14:34:35,CSendEmail
2010 049 14:37:55,CSendEmail
2010 049 14:58:56,CUrl
2010 049 15:44:33,CConnect
2010 049 15:54:10,CDisconnect
2010 049 15:59:17,CUrl
2010 049 16:04:27,CConnect
2010 049 16:04:34,CDisconnect
2010 049 16:04:51,CConnect
2010 049 16:04:59,CUrl
2010 049 16:10:05,CDisconnect
2010 049 16:11:29,CUrl
2010 049 16:30:00,CNologon
2010 050 08:22:00,Blogon
2010 050 08:27:54,BUrl
2010 050 12:19:37,CUrl
2010 050 12:27:50,CConnect
2010 050 12:30:10,CUrl
2010 050 12:32:47,CDisconnect
2010 050 13:03:24,CUrl
2010 050 13:38:39,CConnect
2010 050 13:41:43,CDisconnect
2010 050 13:55:48,CUrl
2010 050 14:01:47,CSendEmail
2010 050 14:02:19,CSendEmail
2010 050 14:02:56,CSendEmail
2010 050 14:41:22,CUrl
2010 050 14:46:41,CConnect
2010 050 14:56:24,CUrl
2010 050 16:16:43,CDisconnect
2010 050 16:41:00,CNologon
2010 053 08:30:00,Blogon
2010 053 08:32:20,BConnect
2010 053 08:54:47,BDisconnect
2010 053 09:00:39,BUrl
2010 053 09:08:28,BConnect
2010 053 09:13:59,BDisconnect
2010 053 10:25:34,BUrl
2010 053 12:28:58,CUrl
2010 053 14:06:53,CConnect
2010 053 14:08:03,CDisconnect
2010 053 14:17:23,CUrl
2010 053 16:16:30,CSendEmail
2010 053 16:20:13,CUrl
2010 053 16:36:29,CSendEmail
2010 053 16:36:54,CSendEmail
2010 053 16:38:00,CNologon
2010 054 08:23:00,Blogon
2010 054 08:27:16,BSendEmail
2010 054 08:30:56,BUrl
2010 054 08:39:52,BSendEmail
2010 054 08:51:05,BUrl
2010 054 09:15:55,BConnect
2010 054 09:16:53,BUrl
2010 054 09:31:32,BDisconnect
2010 054 09:49:59,BUrl
2010 054 11:46:25,BConnect
2010 054 11:51:19,BUrl
2010 054 12:01:03,CUrl
2010 054 12:49:29,CDisconnect
2010 054 13:17:03,CUrl
2010 054 13:22:14,CSendEmail
2010 054 13:34:16,CUrl
2010 054 15:44:51,CConnect
2010 054 16:00:20,CUrl
2010 054 16:26:38,CDisconnect
2010 054 16:35:00,CNologon
2010 055 08:35:00,Blogon
2010 055 09:05:20,BUrl
2010 055 09:12:44,BConnect
2010 055 09:14:56,BUrl
2010 055 09:23:38,BDisconnect
2010 055 09:35:12,BUrl
2010 055 09:52:15,BSendEmail
2010 055 10:14:32,BUrl
2010 055 10:59:56,BSendEmail
2010 055 11:04:47,BUrl
2010 055 11:16:39,BConnect
2010 055 11:22:22,BDisconnect
2010 055 11:38:18,BUrl
2010 055 12:04:41,CUrl
2010 055 12:25:39,CSendEmail
2010 055 12:39:49,CUrl
2010 055 14:06:44,CConnect
2010 055 14:11:44,CUrl
2010 055 15:15:28,CDisconnect
2010 055 15:23:31,CUrl
2010 055 16:30:00,CNologon
2010 056 08:30:00,Blogon
2010 056 08:37:02,BUrl
2010 056 08:52:26,BConnect
2010 056 08:57:30,BUrl
2010 056 09:16:54,BDisconnect
2010 056 09:26:12,BUrl
2010 056 12:34:36,CUrl
2010 056 13:33:43,CConnect
2010 056 13:34:30,CDisconnect
2010 056 13:48:01,CUrl
2010 056 15:32:42,CConnect
2010 056 15:54:58,CUrl
2010 056 15:56:46,CDisconnect
2010 056 16:06:52,CUrl
2010 056 16:22:37,CSendEmail
2010 056 16:24:48,CSendEmail
2010 056 16:26:51,CSendEmail
2010 056 16:28:00,CNologon
2010 057 08:22:00,Blogon
2010 057 08:38:08,BUrl
2010 057 09:19:40,BSendEmail
2010 057 09:22:32,BSendEmail
2010 057 09:48:12,BUrl
2010 057 10:37:49,BSendEmail
2010 057 10:51:28,BUrl
2010 057 12:55:02,CUrl
2010 057 16:43:00,CNologon
2010 060 08:24:00,Blogon
2010 060 08:53:43,BUrl
2010 060 09:01:10,BConnect
2010 060 09:01:59,BFileCopy
2010 060 09:02:40,BFileCopy
2010 060 09:03:19,BFileCopy
2010 060 09:03:32,BUrl
2010 060 09:03:46,BFileCopy
2010 060 09:04:48,BFileCopy
2010 060 09:04:49,BDisconnect
2010 060 10:45:11,BUrl
2010 060 11:11:08,BSendEmail
2010 060 11:11:35,BUrl
2010 060 11:12:53,BSendEmail
2010 060 11:31:35,BUrl
2010 060 12:00:25,CUrl
2010 060 13:38:12,CSendEmail
2010 060 13:58:17,CUrl
2010 060 16:37:00,CNologon
2010 061 08:31:00,Blogon
2010 061 08:33:43,BUrl
2010 061 10:54:18,BSendEmail
2010 061 11:00:51,BSendEmail
2010 061 11:20:58,BUrl
2010 061 12:27:25,CUrl
2010 061 13:02:42,CSendEmail
2010 061 14:01:40,CUrl
2010 061 15:12:07,CConnect
2010 061 15:17:19,CDisconnect
2010 061 15:29:54,CUrl
2010 061 15:38:54,CConnect
2010 061 15:43:15,CFileCopy
2010 061 15:43:50,CUrl
2010 061 16:03:21,CDisconnect
2010 061 16:10:34,CUrl
2010 061 16:27:00,CNologon
2010 062 08:31:00,Blogon
2010 062 09:01:12,BUrl
2010 062 10:07:49,BConnect
2010 062 10:19:45,BUrl
2010 062 10:52:24,BDisconnect
2010 062 11:01:55,BUrl
2010 062 11:35:18,BSendEmail
2010 062 11:41:16,BUrl
2010 062 12:19:40,CUrl
2010 062 12:44:57,CConnect
2010 062 12:47:45,CUrl
2010 062 13:19:17,CDisconnect
2010 062 13:23:31,CUrl
2010 062 14:32:01,CSendEmail
2010 062 14:33:27,CUrl
2010 062 14:41:40,CConnect
2010 062 14:50:56,CUrl
2010 062 15:05:51,CSendEmail
2010 062 15:41:42,CUrl
2010 062 15:43:58,CDisconnect
2010 062 15:53:33,CUrl
2010 062 16:24:00,CNologon
2010 063 08:23:00,Blogon
2010 063 08:24:55,BUrl
2010 063 08:48:02,BConnect
2010 063 08:55:07,BUrl
2010 063 09:24:06,BFileCopy
2010 063 09:30:47,BUrl
2010 063 09:43:20,BDisconnect
2010 063 09:55:51,BUrl
2010 063 10:44:18,BConnect
2010 063 10:50:40,BDisconnect
2010 063 11:00:12,BUrl
2010 063 11:09:43,BConnect
2010 063 11:10:15,BUrl
2010 063 11:21:09,BFileCopy
2010 063 11:21:19,BFileCopy
2010 063 11:22:18,BUrl
2010 063 11:31:53,BDisconnect
2010 063 11:46:58,BSendEmail
2010 063 12:18:43,CSendEmail
2010 063 12:20:41,CUrl
2010 063 12:23:08,CSendEmail
2010 063 12:35:39,CUrl
2010 063 13:30:30,CConnect
2010 063 13:47:15,CUrl
2010 063 13:57:32,CDisconnect
2010 063 14:31:26,CUrl
2010 063 16:34:00,CNologon
2010 064 08:31:00,Blogon
2010 064 08:32:21,BUrl
2010 064 09:13:41,BConnect
2010 064 09:19:09,BUrl
2010 064 09:38:55,BDisconnect
2010 064 09:42:20,BUrl
2010 064 09:46:09,BSendEmail
2010 064 09:48:58,BUrl
2010 064 12:01:55,CUrl
2010 064 13:30:13,CSendEmail
2010 064 13:32:42,CUrl
2010 064 15:55:13,CConnect
2010 064 16:02:24,CUrl
2010 064 16:12:38,CDisconnect
2010 064 16:19:59,CUrl
2010 064 16:20:31,CSendEmail
2010 064 16:27:00,CNologon
2010 067 08:33:00,Blogon
2010 067 08:53:09,BUrl
2010 067 09:28:02,BSendEmail
2010 067 09:28:35,BUrl
2010 067 10:39:28,BSendEmail
2010 067 10:39:36,BSendEmail
2010 067 10:45:06,BConnect
2010 067 11:09:56,BUrl
2010 067 11:25:28,BDisconnect
2010 067 12:41:10,CUrl
2010 067 13:18:07,CConnect
2010 067 13:20:17,CDisconnect
2010 067 13:25:51,CUrl
2010 067 13:47:25,CConnect
2010 067 14:06:07,CFileCopy
2010 067 14:07:46,CUrl
2010 067 14:13:35,CDisconnect
2010 067 14:57:25,CUrl
2010 067 15:51:22,CConnect
2010 067 15:52:35,CFileCopy
2010 067 15:59:07,CUrl
2010 067 16:00:37,CFileCopy
2010 067 16:04:11,CUrl
2010 067 16:05:17,CDisconnect
2010 067 16:08:19,CUrl
2010 067 16:29:00,CNologon
2010 068 08:22:00,Blogon
2010 068 08:25:57,BUrl
2010 068 08:53:53,BConnect
2010 068 09:08:22,BUrl
2010 068 09:11:02,BFileCopy
2010 068 09:12:37,BFileCopy
2010 068 09:33:18,BUrl
2010 068 09:35:21,BFileCopy
2010 068 09:45:48,BDisconnect
2010 068 10:04:33,BUrl
2010 068 12:22:25,CConnect
2010 068 12:30:33,CDisconnect
2010 068 12:52:45,CUrl
2010 068 16:12:18,CSendEmail
2010 068 16:17:54,CUrl
2010 068 16:18:29,CSendEmail
2010 068 16:22:28,CUrl
2010 068 16:27:00,CSendEmail
2010 068 16:31:09,CUrl
2010 068 16:36:00,CNologon
2010 069 08:24:00,Blogon
2010 069 08:28:17,BUrl
2010 069 09:02:57,BSendEmail
2010 069 10:06:27,BUrl
2010 069 10:15:01,BSendEmail
2010 069 10:50:21,BUrl
2010 069 10:50:32,BSendEmail
2010 069 10:53:25,BUrl
2010 069 12:10:00,CUrl
2010 069 14:37:54,CConnect
2010 069 14:39:46,CDisconnect
2010 069 14:44:30,CUrl
2010 069 16:37:00,CNologon
2010 070 08:21:00,Blogon
2010 070 08:24:36,BUrl
2010 070 10:55:46,BConnect
2010 070 11:18:45,BFileCopy
2010 070 11:31:49,BFileCopy
2010 070 12:11:19,CUrl
2010 070 12:46:58,CDisconnect
2010 070 12:57:09,CSendEmail
2010 070 13:12:22,CSendEmail
2010 070 13:28:44,CSendEmail
2010 070 13:42:13,CUrl
2010 070 16:42:00,CNologon
2010 071 08:20:00,Blogon
2010 071 08:22:07,BUrl
2010 071 09:04:53,BSendEmail
2010 071 09:38:34,BUrl
2010 071 09:46:52,BConnect
2010 071 10:19:42,BUrl
2010 071 10:24:01,BFileCopy
2010 071 10:48:55,BUrl
2010 071 11:21:54,BDisconnect
2010 071 11:49:38,BUrl
2010 071 11:55:18,BConnect
2010 071 11:55:19,BFileCopy
2010 071 11:55:24,BDisconnect
2010 071 12:07:54,CUrl
2010 071 12:24:32,CSendEmail
2010 071 12:27:35,CSendEmail
2010 071 13:12:19,CUrl
2010 071 14:29:35,CConnect
2010 071 14:42:54,CFileCopy
2010 071 14:58:25,CUrl
2010 071 15:37:22,CDisconnect
2010 071 15:43:23,CUrl
2010 071 16:41:00,CNologon
2010 074 08:30:00,Blogon
2010 074 08:39:55,BConnect
2010 074 08:42:36,BUrl
2010 074 08:55:37,BDisconnect
2010 074 08:56:56,BConnect
2010 074 09:26:18,BUrl
2010 074 10:03:52,BFileCopy
2010 074 10:10:14,BDisconnect
2010 074 10:35:02,BUrl
2010 074 12:06:41,CUrl
2010 074 12:36:28,CConnect
2010 074 12:39:03,CUrl
2010 074 12:46:41,CDisconnect
2010 074 12:51:21,CUrl
2010 074 14:57:01,CSendEmail
2010 074 14:58:24,CSendEmail
2010 074 15:19:26,CUrl
2010 074 15:22:25,CConnect
2010 074 15:27:15,CFileCopy
2010 074 15:29:14,CFileCopy
2010 074 15:33:22,CDisconnect
2010 074 16:02:56,CConnect
2010 074 16:10:52,CUrl
2010 074 16:22:39,CSendEmail
2010 074 16:37:50,CDisconnect
2010 074 16:42:00,CNologon
2010 075 08:15:00,Blogon
2010 075 08:20:07,BSendEmail
2010 075 08:25:45,BUrl
2010 075 08:27:30,BSendEmail
2010 075 08:49:21,BUrl
2010 075 10:29:32,BConnect
2010 075 10:30:29,BFileCopy
2010 075 10:33:07,BFileCopy
2010 075 10:35:40,BUrl
2010 075 10:36:09,BFileCopy
2010 075 10:37:41,BUrl
2010 075 10:39:46,BFileCopy
2010 075 10:42:18,BUrl
2010 075 10:48:52,BDisconnect
2010 075 11:17:43,BUrl
2010 075 11:44:26,BConnect
2010 075 11:44:48,BUrl
2010 075 11:53:20,BFileCopy
2010 075 11:59:48,BDisconnect
2010 075 12:37:04,CUrl
2010 075 14:18:04,CSendEmail
2010 075 14:21:37,CUrl
2010 075 16:29:00,CNologon
2010 076 08:33:00,Blogon
2010 076 08:43:26,BUrl
2010 076 10:58:14,BConnect
2010 076 11:07:58,BUrl
2010 076 12:02:32,CUrl
2010 076 12:19:00,CDisconnect
2010 076 12:26:58,CUrl
2010 076 16:02:37,CSendEmail
2010 076 16:02:59,CUrl
2010 076 16:37:15,CSendEmail
2010 076 16:37:31,CSendEmail
2010 076 16:39:00,CNologon
2010 077 08:22:00,Blogon
2010 077 08:33:19,BUrl
2010 077 09:49:06,BSendEmail
2010 077 09:57:05,BUrl
2010 077 09:58:39,BConnect
2010 077 10:04:38,BUrl
2010 077 10:21:04,BDisconnect
2010 077 10:24:45,BUrl
2010 077 10:43:49,BConnect
2010 077 10:45:43,BFileCopy
2010 077 10:53:58,BUrl
2010 077 11:03:23,BDisconnect
2010 077 11:08:01,BUrl
2010 077 12:03:00,CUrl
2010 077 12:22:13,CSendEmail
2010 077 12:22:29,CUrl
2010 077 12:22:47,CSendEmail
2010 077 12:53:14,CUrl
2010 077 16:18:42,CConnect
2010 077 16:19:17,CFileCopy
2010 077 16:19:23,CFileCopy
2010 077 16:19:24,CFileCopy
2010 077 16:20:29,CDisconnect
2010 077 16:25:05,CUrl
2010 077 16:28:00,CNologon
2010 078 08:21:00,Blogon
2010 078 08:23:20,BUrl
2010 078 08:27:58,BConnect
2010 078 08:32:36,BUrl
2010 078 08:52:38,BSendEmail
2010 078 08:53:41,BSendEmail
2010 078 09:06:10,BUrl
2010 078 12:32:18,CDisconnect
2010 078 12:33:15,CUrl
2010 078 12:36:41,CConnect
2010 078 12:43:38,CDisconnect
2010 078 13:10:52,CUrl
2010 078 16:03:23,CSendEmail
2010 078 16:03:27,CUrl
2010 078 16:30:00,CNologon
2010 081 08:24:00,Blogon
2010 081 09:05:58,BUrl
2010 081 13:02:51,CUrl
2010 081 14:11:39,CSendEmail
2010 081 14:13:37,CSendEmail
2010 081 14:14:42,CUrl
2010 081 14:17:13,CSendEmail
2010 081 15:21:52,CUrl
2010 081 15:40:45,CConnect
2010 081 15:45:25,CUrl
2010 081 15:48:21,CDisconnect
2010 081 15:53:19,CUrl
2010 081 16:08:12,CConnect
2010 081 16:15:03,CDisconnect
2010 081 16:35:00,CNologon
2010 082 08:32:00,Blogon
2010 082 08:44:13,BUrl
2010 082 09:40:35,BConnect
2010 082 09:40:50,BFileCopy
2010 082 09:40:52,BFileCopy
2010 082 09:41:55,BDisconnect
2010 082 09:59:50,BUrl
2010 082 10:15:44,BConnect
2010 082 10:22:59,BFileCopy
2010 082 10:23:35,BDisconnect
2010 082 10:26:11,BUrl
2010 082 12:01:36,CSendEmail
2010 082 12:09:30,CUrl
2010 082 12:34:46,CSendEmail
2010 082 12:35:13,CSendEmail
2010 082 12:38:06,CUrl
2010 082 14:49:07,CConnect
2010 082 14:51:51,CFileCopy
2010 082 14:59:32,CUrl
2010 082 15:05:59,CDisconnect
2010 082 15:20:44,CUrl
2010 082 15:47:01,CConnect
2010 082 15:54:15,CFileCopy
2010 082 16:02:16,CUrl
2010 082 16:26:36,CDisconnect
2010 082 16:44:00,CNologon
2010 083 08:15:00,Blogon
2010 083 08:28:03,BUrl
2010 083 09:45:01,BConnect
2010 083 09:51:26,BDisconnect
2010 083 10:19:59,BUrl
2010 083 12:11:30,CUrl
2010 083 13:00:32,CConnect
2010 083 13:01:41,CFileCopy
2010 083 13:13:11,CDisconnect
2010 083 13:23:26,CUrl
2010 083 15:17:14,CSendEmail
2010 083 15:17:48,CUrl
2010 083 15:52:21,CSendEmail
2010 083 15:54:18,CUrl
2010 083 16:03:06,CSendEmail
2010 083 16:07:08,CUrl
2010 083 16:33:00,CNologon
2010 084 08:31:00,Blogon
2010 084 08:38:46,BUrl
2010 084 10:53:31,BConnect
2010 084 11:27:33,BSendEmail
2010 084 11:30:24,BUrl
2010 084 12:09:49,CUrl
2010 084 12:23:18,CDisconnect
2010 084 13:04:34,CUrl
2010 084 13:55:14,CConnect
2010 084 14:18:04,CDisconnect
2010 084 14:27:35,CUrl
2010 084 15:17:18,CConnect
2010 084 15:22:02,CUrl
2010 084 15:22:05,CSendEmail
2010 084 15:34:02,CDisconnect
2010 084 15:37:09,CUrl
2010 084 16:15:57,CSendEmail
2010 084 16:20:01,CUrl
2010 084 16:24:00,CNologon
2010 085 08:16:00,Blogon
2010 085 08:34:17,BUrl
2010 085 08:38:07,BSendEmail
2010 085 08:45:40,BUrl
2010 085 08:52:25,BSendEmail
2010 085 08:54:13,BSendEmail
2010 085 09:08:22,BConnect
2010 085 09:36:46,BUrl
2010 085 10:09:19,BDisconnect
2010 085 10:23:37,BUrl
2010 085 12:02:43,CUrl
2010 085 12:42:31,CConnect
2010 085 12:44:08,CFileCopy
2010 085 12:46:24,CDisconnect
2010 085 12:59:59,CUrl
2010 085 14:02:24,CConnect
2010 085 14:14:55,CDisconnect
2010 085 14:35:59,CUrl
2010 085 16:35:00,CNologon
2010 088 08:21:00,Blogon
2010 088 08:26:58,BUrl
2010 088 12:32:31,CConnect
2010 088 12:32:42,CFileCopy
2010 088 12:36:22,CFileCopy
2010 088 12:38:13,CFileCopy
2010 088 12:38:53,CFileCopy
2010 088 12:38:56,CDisconnect
2010 088 12:59:34,CUrl
2010 088 15:18:09,CSendEmail
2010 088 15:18:34,CUrl
2010 088 15:31:43,CSendEmail
2010 088 15:35:44,CUrl
2010 088 16:40:58,CSendEmail
2010 088 16:42:00,CNologon
2010 089 08:21:00,Blogon
2010 089 08:30:04,BUrl
2010 089 10:44:46,BConnect
2010 089 10:48:31,BUrl
2010 089 10:54:47,BSendEmail
2010 089 11:02:35,BSendEmail
2010 089 11:04:11,BDisconnect
2010 089 11:20:38,BUrl
2010 089 12:02:27,CUrl
2010 089 13:27:04,CConnect
2010 089 13:37:09,CUrl
2010 089 14:20:19,CDisconnect
2010 089 14:20:21,CUrl
2010 089 15:38:26,CSendEmail
2010 089 15:46:31,CConnect
2010 089 16:08:20,CDisconnect
2010 089 16:10:49,CUrl
2010 089 16:25:00,CNologon
2010 090 08:15:00,Blogon
2010 090 08:32:10,BSendEmail
2010 090 08:36:47,BSendEmail
2010 090 08:37:54,BUrl
2010 090 10:37:06,BConnect
2010 090 10:50:26,BUrl
2010 090 10:55:14,BSendEmail
2010 090 11:04:36,BDisconnect
2010 090 11:08:54,BUrl
2010 090 11:50:59,BConnect
2010 090 11:55:53,BDisconnect
2010 090 12:39:40,CUrl
2010 090 16:27:00,CNologon
2010 091 08:24:00,Blogon
2010 091 08:27:26,BSendEmail
2010 091 08:27:42,BUrl
2010 091 08:28:17,BSendEmail
2010 091 08:30:52,BSendEmail
2010 091 08:33:21,BUrl
2010 091 12:31:37,CUrl
2010 091 13:51:33,CConnect
2010 091 13:54:49,CFileCopy
2010 091 13:55:11,CUrl
2010 091 14:05:29,CDisconnect
2010 091 14:07:20,CUrl
2010 091 16:30:00,CNologon
2010 095 08:17:00,Blogon
2010 095 08:54:42,BUrl
2010 095 09:59:56,BSendEmail
2010 095 10:17:23,BUrl
2010 095 10:28:55,BConnect
2010 095 10:29:36,BUrl
2010 095 10:32:57,BFileCopy
2010 095 10:36:53,BDisconnect
2010 095 10:51:32,BSendEmail
2010 095 10:59:24,BUrl
2010 095 12:13:36,CUrl
2010 095 12:16:03,CSendEmail
2010 095 12:16:05,CUrl
2010 095 14:15:28,CConnect
2010 095 14:16:28,CUrl
2010 095 14:16:57,CDisconnect
2010 095 14:49:30,CUrl
2010 095 16:39:00,CNologon
2010 096 08:16:00,Blogon
2010 096 08:18:37,BUrl
2010 096 12:44:35,CUrl
2010 096 12:49:55,CSendEmail
2010 096 12:56:03,CUrl
2010 096 12:59:41,CSendEmail
2010 096 13:00:33,CSendEmail
2010 096 13:29:11,CUrl
2010 096 13:58:17,CConnect
2010 096 13:58:21,CUrl
2010 096 14:01:37,CFileCopy
2010 096 14:07:21,CFileCopy
2010 096 14:11:25,CFileCopy
2010 096 14:12:04,CDisconnect
2010 096 15:03:07,CUrl
2010 096 15:47:38,CConnect
2010 096 15:51:32,CUrl
2010 096 15:54:17,CFileCopy
2010 096 16:19:31,CUrl
2010 096 16:23:46,CDisconnect
2010 096 16:26:00,CNologon
2010 097 08:19:00,Blogon
2010 097 08:30:44,BConnect
2010 097 08:33:34,BFileCopy
2010 097 08:34:40,BUrl
2010 097 08:43:10,BDisconnect
2010 097 08:48:51,BConnect
2010 097 08:51:13,BUrl
2010 097 08:52:02,BFileCopy
2010 097 08:54:48,BUrl
2010 097 09:04:32,BDisconnect
2010 097 09:10:20,BUrl
2010 097 09:46:37,BSendEmail
2010 097 10:07:03,BUrl
2010 097 12:28:37,CUrl
2010 097 12:51:40,CConnect
2010 097 13:01:29,CUrl
2010 097 13:01:31,CFileCopy
2010 097 13:11:23,CUrl
2010 097 13:24:42,CFileCopy
2010 097 13:28:49,CDisconnect
2010 097 13:43:42,CUrl
2010 097 16:23:00,CSendEmail
2010 097 16:25:28,CUrl
2010 097 16:28:03,CSendEmail
2010 097 16:32:00,CNologon
2010 098 08:34:00,Blogon
2010 098 08:42:33,BUrl
2010 098 09:56:01,BSendEmail
2010 098 10:04:15,BSendEmail
2010 098 10:16:18,BConnect
2010 098 10:17:16,BDisconnect
2010 098 10:23:51,BUrl
2010 098 11:09:34,BSendEmail
2010 098 11:21:23,BUrl
2010 098 12:05:05,CConnect
2010 098 12:14:00,CUrl
2010 098 12:37:28,CFileCopy
2010 098 12:39:48,CDisconnect
2010 098 13:19:32,CUrl
2010 098 16:28:00,CNologon
2010 099 08:31:00,Blogon
2010 099 08:36:10,BUrl
2010 099 09:40:33,BConnect
2010 099 10:00:35,BDisconnect
2010 099 10:06:53,BUrl
2010 099 10:14:40,BSendEmail
2010 099 10:28:53,BSendEmail
2010 099 10:31:31,BUrl
2010 099 10:52:18,BConnect
2010 099 11:17:34,BUrl
2010 099 11:34:07,BDisconnect
2010 099 11:52:12,BUrl
2010 099 12:14:38,CUrl
2010 099 12:26:47,CSendEmail
2010 099 12:27:47,CUrl
2010 099 15:14:39,CConnect
2010 099 15:22:02,CDisconnect
2010 099 15:22:11,CUrl
2010 099 16:25:00,CNologon
2010 102 08:22:00,Blogon
2010 102 08:27:20,BUrl
2010 102 08:42:45,BConnect
2010 102 08:42:47,BUrl
2010 102 08:47:42,BDisconnect
2010 102 08:51:29,BUrl
2010 102 12:25:03,CUrl
2010 102 13:07:35,CSendEmail
2010 102 13:10:02,CSendEmail
2010 102 13:12:37,CSendEmail
2010 102 13:14:44,CUrl
2010 102 16:45:00,CNologon
2010 103 08:27:00,Blogon
2010 103 08:29:51,BUrl
2010 103 09:00:49,BConnect
2010 103 09:39:06,BUrl
2010 103 10:07:23,BFileCopy
2010 103 10:34:41,BUrl
2010 103 10:46:16,BDisconnect
2010 103 10:54:00,BUrl
2010 103 12:16:02,CUrl
2010 103 13:03:39,CSendEmail
2010 103 13:35:35,CUrl
2010 103 13:53:43,CSendEmail
2010 103 13:58:47,CUrl
2010 103 14:03:50,CSendEmail
2010 103 14:11:14,CUrl
2010 103 16:42:00,CNologon
2010 104 08:15:00,Blogon
2010 104 08:25:32,BUrl
2010 104 10:31:21,BSendEmail
2010 104 10:45:53,BUrl
2010 104 12:24:05,CUrl
2010 104 13:16:23,CConnect
2010 104 13:20:17,CFileCopy
2010 104 13:22:31,CFileCopy
2010 104 13:36:46,CFileCopy
2010 104 13:46:03,CUrl
2010 104 13:51:56,CFileCopy
2010 104 13:55:25,CFileCopy
2010 104 13:59:08,CDisconnect
2010 104 14:38:27,CUrl
2010 104 16:10:16,CSendEmail
2010 104 16:10:49,CUrl
2010 104 16:14:23,CSendEmail
2010 104 16:41:00,CNologon
2010 105 08:34:00,Blogon
2010 105 08:41:35,BUrl
2010 105 08:56:50,BSendEmail
2010 105 08:58:01,BUrl
2010 105 08:59:09,BSendEmail
2010 105 09:24:45,BUrl
2010 105 10:59:18,BSendEmail
2010 105 11:20:35,BUrl
2010 105 11:35:56,BConnect
2010 105 11:56:15,BUrl
2010 105 12:04:06,CFileCopy
2010 105 12:07:52,CUrl
2010 105 12:30:06,CDisconnect
2010 105 12:38:04,CUrl
2010 105 14:34:32,CConnect
2010 105 14:38:14,CFileCopy
2010 105 14:48:04,CFileCopy
2010 105 14:56:18,CUrl
2010 105 15:07:12,CFileCopy
2010 105 15:12:07,CFileCopy
2010 105 15:12:36,CDisconnect
2010 105 15:20:48,CUrl
2010 105 16:25:00,CNologon
2010 106 08:29:00,Blogon
2010 106 08:48:25,BUrl
2010 106 08:49:11,BSendEmail
2010 106 09:21:33,BUrl
2010 106 10:47:13,BSendEmail
2010 106 10:50:39,BUrl
2010 106 11:55:00,BSendEmail
2010 106 12:21:28,CUrl
2010 106 13:46:25,CConnect
2010 106 13:51:58,CUrl
2010 106 14:01:26,CFileCopy
2010 106 14:01:58,CFileCopy
2010 106 14:12:50,CDisconnect
2010 106 14:32:20,CUrl
2010 106 16:41:00,CNologon
2010 109 08:22:00,Blogon
2010 109 08:30:47,BUrl
2010 109 10:23:29,BConnect
2010 109 10:24:53,BFileCopy
2010 109 10:25:21,BFileCopy
2010 109 10:26:09,BUrl
2010 109 10:28:25,BFileCopy
2010 109 10:28:53,BDisconnect
2010 109 10:30:29,BUrl
2010 109 11:57:53,BConnect
2010 109 12:16:30,CFileCopy
2010 109 12:16:57,CDisconnect
2010 109 13:28:01,CUrl
2010 109 13:28:59,CSendEmail
2010 109 13:30:22,CUrl
2010 109 13:39:49,CConnect
2010 109 13:44:36,CUrl
2010 109 15:11:38,CFileCopy
2010 109 15:14:12,CDisconnect
2010 109 15:16:02,CUrl
2010 109 15:46:46,CSendEmail
2010 109 15:47:19,CUrl
2010 109 15:51:26,CSendEmail
2010 109 15:58:24,CUrl
2010 109 16:33:00,CNologon
2010 110 08:32:00,Blogon
2010 110 08:40:43,BUrl
2010 110 09:12:13,BConnect
2010 110 09:15:23,BUrl
2010 110 09:18:18,BDisconnect
2010 110 09:42:16,BUrl
2010 110 10:26:12,BConnect
2010 110 10:30:24,BFileCopy
2010 110 10:50:00,BUrl
2010 110 11:42:40,BDisconnect
2010 110 11:48:06,BUrl
2010 110 12:18:39,CUrl
2010 110 15:49:40,CConnect
2010 110 15:49:48,CSendEmail
2010 110 15:50:25,CFileCopy
2010 110 15:52:55,CSendEmail
2010 110 15:53:14,CSendEmail
2010 110 15:54:07,CFileCopy
2010 110 15:54:33,CDisconnect
2010 110 15:55:11,CUrl
2010 110 16:43:00,CNologon
2010 111 08:31:00,Blogon
2010 111 08:43:45,BUrl
2010 111 12:22:31,CUrl
2010 111 13:08:08,CConnect
2010 111 13:09:26,CFileCopy
2010 111 13:09:53,CFileCopy
2010 111 13:11:04,CUrl
2010 111 15:57:12,CSendEmail
2010 111 15:57:24,CSendEmail
2010 111 16:01:09,CSendEmail
2010 111 16:22:18,CUrl
2010 111 16:43:00,CNologon
2010 112 08:29:00,Blogon
2010 112 08:37:18,BUrl
2010 112 12:04:06,CUrl
2010 112 15:31:38,CSendEmail
2010 112 15:34:46,CUrl
2010 112 15:52:44,CSendEmail
2010 112 16:04:44,CUrl
2010 112 16:08:05,CSendEmail
2010 112 16:30:03,CUrl
2010 112 16:36:00,CNologon
2010 113 08:35:00,Blogon
2010 113 08:37:22,BUrl
2010 113 08:39:09,BSendEmail
2010 113 08:45:12,BUrl
2010 113 08:47:59,BSendEmail
2010 113 09:05:19,BUrl
2010 113 10:49:26,BSendEmail
2010 113 11:11:16,BUrl
2010 113 11:42:08,BConnect
2010 113 11:48:06,BDisconnect
2010 113 11:58:56,BUrl
2010 113 12:26:10,CUrl
2010 113 16:27:00,CNologon
2010 116 08:31:00,Blogon
2010 116 08:42:52,BUrl
2010 116 10:17:19,BSendEmail
2010 116 10:24:03,BUrl
2010 116 10:33:13,BSendEmail
2010 116 10:36:00,BSendEmail
2010 116 10:52:45,BUrl
2010 116 12:18:18,CUrl
2010 116 16:30:00,CNologon
2010 117 08:26:00,Blogon
2010 117 08:28:17,BUrl
2010 117 08:39:13,BSendEmail
2010 117 08:39:28,BUrl
2010 117 08:39:59,BSendEmail
2010 117 08:56:14,BSendEmail
2010 117 09:08:22,BUrl
2010 117 12:11:05,CUrl
2010 117 12:50:12,CConnect
2010 117 13:18:10,CDisconnect
2010 117 13:33:22,CUrl
2010 117 14:10:39,CConnect
2010 117 14:20:41,CUrl
2010 117 14:40:18,CDisconnect
2010 117 14:56:21,CUrl
2010 117 16:42:00,CNologon
2010 118 08:32:00,Blogon
2010 118 08:33:43,BUrl
2010 118 11:31:40,BSendEmail
2010 118 11:32:08,BUrl
2010 118 11:38:57,BConnect
2010 118 11:44:51,BUrl
2010 118 11:50:46,BFileCopy
2010 118 11:52:38,BUrl
2010 118 11:55:57,BSendEmail
2010 118 12:00:53,CUrl
2010 118 12:03:49,CDisconnect
2010 118 12:04:41,CSendEmail
2010 118 12:19:20,CUrl
2010 118 16:41:00,CNologon
2010 119 08:35:00,Blogon
2010 119 08:51:29,BUrl
2010 119 10:08:21,BSendEmail
2010 119 10:08:22,BSendEmail
2010 119 10:08:43,BUrl
2010 119 10:08:47,BSendEmail
2010 119 10:16:56,BUrl
2010 119 12:21:34,CUrl
2010 119 16:07:30,CConnect
2010 119 16:24:48,CDisconnect
2010 119 16:26:00,CNologon
2010 120 08:17:00,Blogon
2010 120 08:31:48,BUrl
2010 120 12:16:44,CUrl
2010 120 12:36:49,CSendEmail
2010 120 12:55:21,CUrl
2010 120 12:59:27,CSendEmail
2010 120 13:11:35,CUrl
2010 120 14:08:33,CSendEmail
2010 120 14:16:44,CUrl
2010 120 15:36:55,CConnect
2010 120 15:52:09,CDisconnect
2010 120 16:14:05,CUrl
2010 120 16:41:00,CNologon
2010 123 08:32:00,Blogon
2010 123 08:34:44,BUrl
2010 123 09:35:28,BConnect
2010 123 09:36:37,BFileCopy
2010 123 09:39:01,BUrl
2010 123 09:41:18,BFileCopy
2010 123 09:44:32,BFileCopy
2010 123 09:52:21,BFileCopy
2010 123 09:52:50,BDisconnect
2010 123 10:13:36,BUrl
2010 123 10:58:47,BConnect
2010 123 11:00:34,BUrl
2010 123 11:08:56,BDisconnect
2010 123 11:20:42,BUrl
2010 123 11:57:50,BSendEmail
2010 123 12:00:37,CSendEmail
2010 123 12:01:25,CUrl
2010 123 13:39:37,CSendEmail
2010 123 14:11:25,CUrl
2010 123 14:37:47,CConnect
2010 123 14:37:54,CFileCopy
2010 123 14:54:04,CDisconnect
2010 123 15:14:19,CUrl
2010 123 15:36:17,CConnect
2010 123 15:40:58,CDisconnect
2010 123 15:46:40,CUrl
2010 123 16:27:00,CNologon
2010 124 08:32:00,Blogon
2010 124 08:45:57,BUrl
2010 124 12:20:42,CUrl
2010 124 13:40:03,CSendEmail
2010 124 13:40:22,CSendEmail
2010 124 13:41:30,CUrl
2010 124 14:53:07,CSendEmail
2010 124 15:31:36,CUrl
2010 124 16:30:00,CNologon
2010 125 08:34:00,Blogon
2010 125 08:41:42,BUrl
2010 125 10:13:34,BConnect
2010 125 10:14:08,BFileCopy
2010 125 10:14:38,BFileCopy
2010 125 10:17:11,BFileCopy
2010 125 10:17:24,BDisconnect
2010 125 10:38:48,BUrl
2010 125 12:54:08,CUrl
2010 125 13:13:57,CConnect
2010 125 13:20:55,CUrl
2010 125 13:26:48,CSendEmail
2010 125 13:26:51,CSendEmail
2010 125 13:27:02,CSendEmail
2010 125 13:32:34,CFileCopy
2010 125 13:32:51,CUrl
2010 125 14:32:59,CDisconnect
2010 125 14:47:52,CConnect
2010 125 14:49:26,CFileCopy
2010 125 14:59:06,CDisconnect
2010 125 15:22:17,CUrl
2010 125 16:26:00,CNologon
2010 126 08:30:00,Blogon
2010 126 08:33:50,BUrl
2010 126 08:39:24,BSendEmail
2010 126 08:40:37,BUrl
2010 126 08:50:59,BSendEmail
2010 126 09:06:28,BUrl
2010 126 11:04:19,BConnect
2010 126 11:13:00,BFileCopy
2010 126 11:32:12,BDisconnect
2010 126 12:03:35,CSendEmail
2010 126 12:18:56,CUrl
2010 126 14:18:06,CConnect
2010 126 14:31:04,CUrl
2010 126 14:35:09,CDisconnect
2010 126 14:41:00,CUrl
2010 126 16:27:00,CNologon
2010 127 08:18:00,Blogon
2010 127 08:21:55,BUrl
2010 127 09:57:22,BSendEmail
2010 127 10:05:37,BUrl
2010 127 11:13:21,BConnect
2010 127 11:36:15,BUrl
2010 127 11:50:31,BFileCopy
2010 127 12:01:51,CUrl
2010 127 12:04:41,CDisconnect
2010 127 12:05:42,CUrl
2010 127 12:32:25,CConnect
2010 127 12:37:50,CUrl
2010 127 12:46:01,CDisconnect
2010 127 12:55:46,CUrl
2010 127 15:01:58,CSendEmail
2010 127 15:05:54,CUrl
2010 127 15:41:14,CSendEmail
2010 127 16:40:00,CNologon
2010 130 08:35:00,Blogon
2010 130 08:36:44,BConnect
2010 130 08:39:12,BDisconnect
2010 130 08:52:29,BUrl
2010 130 12:21:26,CUrl
2010 130 14:53:30,CSendEmail
2010 130 14:54:02,CSendEmail
2010 130 15:07:51,CUrl
2010 130 16:25:00,CNologon
2010 131 08:23:00,Blogon
2010 131 08:30:34,BSendEmail
2010 131 08:36:32,BUrl
2010 131 08:59:19,BSendEmail
2010 131 09:01:12,BSendEmail
2010 131 09:08:52,BUrl
2010 131 11:28:55,BConnect
2010 131 11:34:49,BUrl
2010 131 11:35:02,BDisconnect
2010 131 11:55:43,BUrl
2010 131 12:06:43,CConnect
2010 131 12:59:37,CDisconnect
2010 131 12:59:40,CUrl
2010 131 13:23:55,CConnect
2010 131 13:41:47,CUrl
2010 131 15:05:22,CDisconnect
2010 131 15:12:19,CConnect
2010 131 15:36:38,CDisconnect
2010 131 15:49:26,CUrl
2010 131 16:33:00,CNologon
2010 132 08:35:00,Blogon
2010 132 08:46:31,BUrl
2010 132 10:07:56,BConnect
2010 132 10:12:55,BDisconnect
2010 132 10:40:47,BUrl
2010 132 10:56:15,BConnect
2010 132 10:59:41,BFileCopy
2010 132 11:14:36,BUrl
2010 132 12:20:52,CDisconnect
2010 132 13:05:25,CUrl
2010 132 13:21:07,CSendEmail
2010 132 13:30:21,CConnect
2010 132 13:42:17,CSendEmail
2010 132 13:42:33,CSendEmail
2010 132 14:06:15,CUrl
2010 132 14:15:50,CDisconnect
2010 132 14:46:56,CUrl
2010 132 16:40:00,CNologon
2010 133 08:26:00,Blogon
2010 133 08:28:04,BSendEmail
2010 133 08:28:23,BSendEmail
2010 133 08:46:53,BUrl
2010 133 09:17:04,BConnect
2010 133 09:22:34,BDisconnect
2010 133 09:24:16,BUrl
2010 133 10:19:51,BSendEmail
2010 133 10:33:36,BUrl
2010 133 12:08:39,CUrl
2010 133 13:19:40,CConnect
2010 133 13:21:55,CFileCopy
2010 133 13:22:30,CDisconnect
2010 133 13:40:11,CUrl
2010 133 15:23:57,CConnect
2010 133 15:24:42,CUrl
2010 133 16:19:26,CDisconnect
2010 133 16:23:56,CUrl
2010 133 16:32:00,CNologon
2010 134 08:15:00,Blogon
2010 134 08:35:36,BSendEmail
2010 134 08:35:37,BUrl
2010 134 09:13:39,BSendEmail
2010 134 09:13:53,BUrl
2010 134 09:18:31,BSendEmail
2010 134 09:51:45,BUrl
2010 134 10:11:54,BConnect
2010 134 10:14:27,BDisconnect
2010 134 10:52:49,BUrl
2010 134 11:14:46,BConnect
2010 134 11:21:39,BUrl
2010 134 11:28:58,BDisconnect
2010 134 11:36:29,BUrl
2010 134 12:16:27,CUrl
2010 134 14:09:50,CConnect
2010 134 14:14:10,CUrl
2010 134 14:33:48,CDisconnect
2010 134 14:36:30,CUrl
2010 134 16:30:00,CNologon
2010 137 08:35:00,Blogon
2010 137 08:44:32,BUrl
2010 137 11:56:45,BSendEmail
2010 137 12:02:37,CUrl
2010 137 12:09:03,CSendEmail
2010 137 12:14:33,CUrl
2010 137 12:17:51,CSendEmail
2010 137 12:55:21,CUrl
2010 137 16:30:00,CNologon
2010 138 08:36:00,Blogon
2010 138 08:40:08,BUrl
2010 138 08:46:01,BSendEmail
2010 138 08:46:30,BSendEmail
2010 138 08:52:38,BUrl
2010 138 10:02:31,BConnect
2010 138 10:06:54,BFileCopy
2010 138 10:08:00,BFileCopy
2010 138 10:15:46,BFileCopy
2010 138 10:21:53,BFileCopy
2010 138 10:37:05,BUrl
2010 138 10:59:21,BFileCopy
2010 138 11:02:08,BUrl
2010 138 11:11:56,BDisconnect
2010 138 11:34:16,BUrl
2010 138 12:56:03,CUrl
2010 138 16:30:00,CNologon
2010 139 08:33:00,Blogon
2010 139 08:46:56,BUrl
2010 139 08:49:59,BConnect
2010 139 08:51:22,BUrl
2010 139 08:53:05,BFileCopy
2010 139 08:57:15,BDisconnect
2010 139 09:01:05,BUrl
2010 139 10:44:57,BConnect
2010 139 10:47:47,BUrl
2010 139 11:11:33,BFileCopy
2010 139 11:27:38,BUrl
2010 139 11:39:35,BDisconnect
2010 139 11:43:32,BUrl
2010 139 12:36:37,CUrl
2010 139 15:32:44,CSendEmail
2010 139 15:34:04,CUrl
2010 139 16:27:05,CSendEmail
2010 139 16:29:01,CSendEmail
2010 139 16:33:00,CNologon
2010 140 08:30:00,Blogon
2010 140 08:34:08,BUrl
2010 140 09:56:03,BConnect
2010 140 10:05:50,BSendEmail
2010 140 10:10:07,BDisconnect
2010 140 10:11:09,BUrl
2010 140 10:24:20,BSendEmail
2010 140 10:37:35,BUrl
2010 140 11:13:13,BConnect
2010 140 11:19:21,BUrl
2010 140 12:11:00,CDisconnect
2010 140 12:15:15,CUrl
2010 140 12:44:33,CConnect
2010 140 13:03:10,CUrl
2010 140 13:17:36,CDisconnect
2010 140 13:23:03,CUrl
2010 140 13:23:34,CSendEmail
2010 140 13:49:24,CUrl
2010 140 16:36:00,CNologon
2010 141 08:20:00,Blogon
2010 141 08:51:06,BUrl
2010 141 12:05:23,CUrl
2010 141 15:04:03,CSendEmail
2010 141 15:04:20,CSendEmail
2010 141 15:23:50,CSendEmail
2010 141 15:56:54,CUrl
2010 141 16:41:00,CNologon
2010 144 08:18:00,Blogon
2010 144 08:35:34,BSendEmail
2010 144 08:41:26,BUrl
2010 144 08:46:22,BSendEmail
2010 144 08:52:14,BSendEmail
2010 144 12:36:05,CUrl
2010 144 14:41:03,CConnect
2010 144 14:45:16,CDisconnect
2010 144 14:51:59,CUrl
2010 144 15:06:21,CConnect
2010 144 15:07:35,CUrl
2010 144 15:25:18,CDisconnect
2010 144 15:25:35,CUrl
2010 144 15:45:20,CConnect
2010 144 15:48:58,CFileCopy
2010 144 16:08:00,CDisconnect
2010 144 16:36:00,CNologon
2010 145 08:30:00,Blogon
2010 145 08:36:16,BUrl
2010 145 09:20:57,BSendEmail
2010 145 09:21:27,BUrl
2010 145 09:26:06,BSendEmail
2010 145 09:30:46,BSendEmail
2010 145 10:35:20,BUrl
2010 145 11:00:21,BDisconnect
2010 145 11:14:14,BUrl
2010 145 12:12:31,CUrl
2010 145 16:19:15,CConnect
2010 145 16:20:23,CUrl
2010 145 16:22:36,CDisconnect
2010 145 16:27:00,CNologon
2010 146 08:32:00,Blogon
2010 146 08:37:23,BUrl
2010 146 09:57:05,BSendEmail
2010 146 10:04:23,BUrl
2010 146 12:10:07,CUrl
2010 146 15:46:53,CSendEmail
2010 146 15:50:24,CSendEmail
2010 146 15:52:05,CUrl
2010 146 15:52:14,CConnect
2010 146 15:54:06,CFileCopy
2010 146 15:54:18,CFileCopy
2010 146 15:55:15,CFileCopy
2010 146 15:55:56,CDisconnect
2010 146 15:56:16,CUrl
2010 146 16:25:00,CNologon
2010 147 08:26:00,Blogon
2010 147 08:30:53,BUrl
2010 147 09:00:24,BConnect
2010 147 09:02:27,BFileCopy
2010 147 09:03:22,BDisconnect
2010 147 09:21:18,BUrl
2010 147 10:35:11,BSendEmail
2010 147 10:44:55,BUrl
2010 147 12:16:35,CUrl
2010 147 12:49:53,CConnect
2010 147 12:54:42,CUrl
2010 147 13:11:57,CFileCopy
2010 147 13:12:28,CUrl
2010 147 13:24:27,CDisconnect
2010 147 13:25:36,CUrl
2010 147 14:19:35,CSendEmail
2010 147 15:02:30,CUrl
2010 147 15:36:41,CConnect
2010 147 15:37:02,CUrl
2010 147 15:41:19,CFileCopy
2010 147 15:53:40,CUrl
2010 147 15:54:25,CFileCopy
2010 147 15:56:26,CFileCopy
2010 147 16:00:32,CDisconnect
2010 147 16:17:17,CSendEmail
2010 147 16:27:20,CUrl
2010 147 16:33:00,CNologon
2010 148 08:30:00,Blogon
2010 148 08:33:19,BUrl
2010 148 12:06:33,CUrl
2010 148 12:19:03,CConnect
2010 148 12:28:11,CUrl
2010 148 13:16:25,CDisconnect
2010 148 13:17:08,CUrl
2010 148 14:42:46,CSendEmail
2010 148 14:59:24,CSendEmail
2010 148 14:59:45,CSendEmail
2010 148 15:12:04,CUrl
2010 148 16:32:00,CNologon
2010 152 08:35:00,Blogon
2010 152 08:45:07,BUrl
2010 152 08:47:55,BSendEmail
2010 152 08:53:40,BUrl
2010 152 09:36:14,BSendEmail
2010 152 09:36:44,BSendEmail
2010 152 09:52:46,BUrl
2010 152 12:23:01,CUrl
2010 152 15:17:29,CConnect
2010 152 15:20:54,CFileCopy
2010 152 15:21:09,CUrl
2010 152 15:23:47,CFileCopy
2010 152 15:24:52,CFileCopy
2010 152 15:25:17,CFileCopy
2010 152 15:25:58,CFileCopy
2010 152 15:29:06,CUrl
2010 152 15:43:15,CDisconnect
2010 152 15:44:04,CUrl
2010 152 16:39:00,CNologon
2010 153 08:29:00,Blogon
2010 153 08:30:45,BSendEmail
2010 153 08:31:07,BUrl
2010 153 09:00:23,BSendEmail
2010 153 09:39:40,BUrl
2010 153 10:22:35,BSendEmail
2010 153 10:24:41,BUrl
2010 153 11:55:33,BConnect
2010 153 12:00:11,CFileCopy
2010 153 12:04:59,CFileCopy
2010 153 12:13:26,CFileCopy
2010 153 12:14:55,CFileCopy
2010 153 12:27:37,CDisconnect
2010 153 12:33:51,CUrl
2010 153 13:52:46,CConnect
2010 153 13:54:56,CFileCopy
2010 153 13:55:08,CDisconnect
2010 153 14:26:09,CUrl
2010 153 16:35:00,CNologon
2010 154 08:25:00,Blogon
2010 154 08:32:43,BSendEmail
2010 154 08:34:44,BUrl
2010 154 09:31:42,BConnect
2010 154 09:33:12,BFileCopy
2010 154 09:37:13,BDisconnect
2010 154 09:56:58,BUrl
2010 154 12:07:10,CUrl
2010 154 12:52:15,CSendEmail
2010 154 12:57:56,CSendEmail
2010 154 13:02:16,CUrl
2010 154 15:50:39,CConnect
2010 154 16:06:15,CUrl
2010 154 16:28:14,CDisconnect
2010 154 16:33:00,CNologon
2010 155 08:24:00,Blogon
2010 155 08:41:22,BConnect
2010 155 08:46:49,BFileCopy
2010 155 08:47:04,BUrl
2010 155 08:48:03,BFileCopy
2010 155 08:49:57,BFileCopy
2010 155 08:50:54,BDisconnect
2010 155 09:01:46,BSendEmail
2010 155 09:01:54,BUrl
2010 155 09:02:20,BSendEmail
2010 155 09:43:35,BUrl
2010 155 12:03:12,CUrl
2010 155 12:10:07,CSendEmail
2010 155 12:18:37,CUrl
2010 155 12:50:43,CConnect
2010 155 13:06:51,CUrl
2010 155 13:18:30,CFileCopy
2010 155 13:24:43,CDisconnect
2010 155 13:58:14,CUrl
2010 155 16:36:00,CNologon
2010 158 08:21:00,Blogon
2010 158 08:35:37,BUrl
2010 158 08:39:19,BConnect
2010 158 08:48:03,BUrl
2010 158 09:47:27,BDisconnect
2010 158 10:22:26,BUrl
2010 158 10:41:08,BConnect
2010 158 10:48:01,BUrl
2010 158 10:55:26,BDisconnect
2010 158 10:57:29,BUrl
2010 158 12:06:29,CUrl
2010 158 14:39:37,CConnect
2010 158 14:41:17,CFileCopy
2010 158 14:41:56,CFileCopy
2010 158 14:42:01,CDisconnect
2010 158 14:51:11,CSendEmail
2010 158 15:01:52,CSendEmail
2010 158 15:11:36,CUrl
2010 158 15:22:21,CSendEmail
2010 158 15:43:13,CUrl
2010 158 16:38:00,CNologon
2010 159 08:31:00,Blogon
2010 159 08:36:45,BUrl
2010 159 08:36:49,BConnect
2010 159 08:37:18,BUrl
2010 159 09:05:26,BDisconnect
2010 159 09:10:57,BUrl
2010 159 11:21:37,BConnect
2010 159 11:49:17,BUrl
2010 159 12:03:45,CUrl
2010 159 12:14:57,CDisconnect
2010 159 12:48:01,CUrl
2010 159 13:08:54,CSendEmail
2010 159 13:24:29,CUrl
2010 159 15:13:24,CConnect
2010 159 15:16:39,CUrl
2010 159 15:18:32,CDisconnect
2010 159 15:28:33,CUrl
2010 159 16:29:00,CNologon
2010 160 08:19:00,Blogon
2010 160 08:22:57,BUrl
2010 160 11:17:49,BConnect
2010 160 11:28:11,BDisconnect
2010 160 11:49:01,BUrl
2010 160 11:58:22,BConnect
2010 160 12:01:11,CUrl
2010 160 12:05:13,CSendEmail
2010 160 12:10:26,CUrl
2010 160 12:10:39,CSendEmail
2010 160 12:11:06,CFileCopy
2010 160 12:18:40,CDisconnect
2010 160 12:20:15,CUrl
2010 160 12:48:37,CSendEmail
2010 160 12:56:55,CUrl
2010 160 13:36:06,CConnect
2010 160 13:36:37,CFileCopy
2010 160 13:39:10,CFileCopy
2010 160 13:44:18,CFileCopy
2010 160 13:46:23,CDisconnect
2010 160 13:52:14,CUrl
2010 160 16:01:04,CConnect
2010 160 16:01:45,CDisconnect
2010 160 16:18:28,CUrl
2010 160 16:40:00,CNologon
2010 161 08:19:00,Blogon
2010 161 08:34:20,BUrl
2010 161 09:15:21,BConnect
2010 161 09:27:24,BUrl
2010 161 09:40:24,BFileCopy
2010 161 09:42:54,BDisconnect
2010 161 10:40:03,BUrl
2010 161 11:53:25,BConnect
2010 161 11:56:53,BFileCopy
2010 161 11:58:39,BFileCopy
2010 161 12:00:34,CUrl
2010 161 12:26:04,CFileCopy
2010 161 12:27:55,CFileCopy
2010 161 12:34:47,CDisconnect
2010 161 12:37:43,CUrl
2010 161 14:26:12,CSendEmail
2010 161 14:27:00,CSendEmail
2010 161 14:27:54,CSendEmail
2010 161 14:39:46,CUrl
2010 161 16:41:00,CNologon
2010 162 08:31:00,Blogon
2010 162 08:50:16,BUrl
2010 162 09:21:47,BConnect
2010 162 09:46:34,BFileCopy
2010 162 10:05:04,BUrl
2010 162 10:13:25,BFileCopy
2010 162 10:14:59,BFileCopy
2010 162 10:19:41,BUrl
2010 162 11:35:20,BDisconnect
2010 162 11:45:29,BUrl
2010 162 12:32:36,CUrl
2010 162 13:12:28,CConnect
2010 162 13:14:21,CFileCopy
2010 162 13:23:37,CUrl
2010 162 14:01:09,CFileCopy
2010 162 14:02:43,CDisconnect
2010 162 14:27:01,CUrl
2010 162 14:31:09,CConnect
2010 162 14:40:33,CUrl
2010 162 14:46:01,CDisconnect
2010 162 14:47:15,CUrl
2010 162 16:24:11,CSendEmail
2010 162 16:24:23,CUrl
2010 162 16:25:28,CSendEmail
2010 162 16:27:57,CSendEmail
2010 162 16:31:00,CNologon
2010 165 08:35:00,Blogon
2010 165 09:02:40,BUrl
2010 165 10:51:42,BSendEmail
2010 165 11:02:44,BSendEmail
2010 165 11:21:27,BUrl
2010 165 12:53:09,CSendEmail
2010 165 12:56:00,CUrl
2010 165 16:33:00,CNologon
2010 166 08:18:00,Blogon
2010 166 08:27:58,BUrl
2010 166 08:52:28,BSendEmail
2010 166 08:56:05,BUrl
2010 166 09:08:52,BConnect
2010 166 09:10:40,BUrl
2010 166 09:24:12,BFileCopy
2010 166 09:29:44,BFileCopy
2010 166 09:36:48,BUrl
2010 166 09:38:26,BDisconnect
2010 166 09:38:33,BUrl
2010 166 09:50:25,BConnect
2010 166 09:53:14,BDisconnect
2010 166 09:56:41,BSendEmail
2010 166 10:12:21,BUrl
2010 166 12:44:55,CUrl
2010 166 16:25:49,CSendEmail
2010 166 16:27:00,CNologon
2010 167 08:36:00,Blogon
2010 167 08:54:14,BUrl
2010 167 09:45:22,BSendEmail
2010 167 09:59:22,BUrl
2010 167 12:06:53,CUrl
2010 167 13:57:30,CConnect
2010 167 13:57:53,CSendEmail
2010 167 13:58:50,CUrl
2010 167 14:00:55,CFileCopy
2010 167 14:00:56,CFileCopy
2010 167 14:01:21,CUrl
2010 167 14:03:13,CFileCopy
2010 167 14:05:10,CFileCopy
2010 167 14:17:34,CFileCopy
2010 167 14:42:20,CUrl
2010 167 15:51:32,CSendEmail
2010 167 16:36:00,CNologon
2010 168 08:31:00,Blogon
2010 168 08:39:28,BSendEmail
2010 168 08:39:43,BUrl
2010 168 11:19:14,BSendEmail
2010 168 11:35:44,BSendEmail
2010 168 11:46:11,BUrl
2010 168 12:34:52,CUrl
2010 168 15:06:51,CConnect
2010 168 15:07:15,CFileCopy
2010 168 15:09:58,CDisconnect
2010 168 15:54:11,CUrl
2010 168 16:28:00,CNologon
2010 169 08:33:00,Blogon
2010 169 08:34:20,BUrl
2010 169 10:34:18,BConnect
2010 169 10:35:43,BSendEmail
2010 169 10:46:40,BDisconnect
2010 169 10:55:35,BUrl
2010 169 11:33:49,BSendEmail
2010 169 11:58:06,BUrl
2010 169 12:03:51,CUrl
2010 169 14:28:33,CSendEmail
2010 169 14:39:08,CUrl
2010 169 15:34:54,CConnect
2010 169 15:39:13,CFileCopy
2010 169 15:43:58,CFileCopy
2010 169 16:07:53,CDisconnect
2010 169 16:12:37,CUrl
2010 169 16:26:00,CNologon
2010 172 08:26:00,Blogon
2010 172 08:27:49,BSendEmail
2010 172 08:28:36,BUrl
2010 172 08:28:56,BSendEmail
2010 172 08:29:31,BSendEmail
2010 172 09:37:29,BUrl
2010 172 10:33:48,BConnect
2010 172 10:35:18,BFileCopy
2010 172 10:35:46,BUrl
2010 172 10:56:38,BDisconnect
2010 172 10:58:24,BUrl
2010 172 12:11:47,CUrl
2010 172 15:23:22,CConnect
2010 172 15:28:16,CFileCopy
2010 172 15:28:36,CFileCopy
2010 172 15:42:46,CFileCopy
2010 172 15:48:55,CFileCopy
2010 172 15:51:29,CDisconnect
2010 172 15:57:39,CUrl
2010 172 16:41:00,CNologon
2010 173 08:22:00,Blogon
2010 173 08:30:39,BUrl
2010 173 10:27:38,BConnect
2010 173 10:47:21,BDisconnect
2010 173 10:51:34,BUrl
2010 173 12:32:14,CUrl
2010 173 12:43:13,CSendEmail
2010 173 12:57:39,CConnect
2010 173 12:59:45,CSendEmail
2010 173 13:00:32,CUrl
2010 173 13:32:06,CDisconnect
2010 173 14:16:26,CUrl
2010 173 14:54:32,CSendEmail
2010 173 14:58:37,CUrl
2010 173 16:35:00,CNologon
2010 174 08:18:00,Blogon
2010 174 08:36:49,BUrl
2010 174 09:17:45,BSendEmail
2010 174 09:18:23,BUrl
2010 174 10:07:11,BSendEmail
2010 174 10:28:12,BSendEmail
2010 174 11:12:42,BUrl
2010 174 12:20:50,CConnect
2010 174 12:23:26,CUrl
2010 174 12:23:54,CFileCopy
2010 174 12:25:45,CFileCopy
2010 174 12:26:04,CFileCopy
2010 174 12:26:53,CDisconnect
2010 174 12:41:01,CUrl
2010 174 14:35:43,CConnect
2010 174 14:38:15,CFileCopy
2010 174 14:39:27,CDisconnect
2010 174 14:41:55,CUrl
2010 174 16:45:00,CNologon
2010 175 08:30:00,Blogon
2010 175 08:42:55,BUrl
2010 175 12:20:23,CUrl
2010 175 13:32:35,CConnect
2010 175 13:33:50,CFileCopy
2010 175 13:35:54,CFileCopy
2010 175 13:35:59,CDisconnect
2010 175 14:06:26,CUrl
2010 175 16:01:21,CSendEmail
2010 175 16:02:28,CUrl
2010 175 16:05:08,CSendEmail
2010 175 16:06:11,CUrl
2010 175 16:15:41,CSendEmail
2010 175 16:24:00,CNologon
2010 176 08:23:00,Blogon
2010 176 08:28:58,BSendEmail
2010 176 08:29:52,BUrl
2010 176 08:31:21,BSendEmail
2010 176 08:36:23,BSendEmail
2010 176 08:40:20,BUrl
2010 176 12:11:22,CUrl
2010 176 13:18:59,CConnect
2010 176 13:37:55,CUrl
2010 176 14:53:02,CDisconnect
2010 176 15:07:36,CUrl
2010 176 16:40:00,CNologon
2010 179 08:19:00,Blogon
2010 179 08:22:10,BUrl
2010 179 12:08:46,CUrl
2010 179 12:24:33,CSendEmail
2010 179 12:42:44,CUrl
2010 179 13:19:01,CConnect
2010 179 13:38:54,CDisconnect
2010 179 13:57:12,CUrl
2010 179 16:45:00,CNologon
2010 180 08:31:00,Blogon
2010 180 08:32:34,BUrl
2010 180 10:59:53,BSendEmail
2010 180 11:16:05,BUrl
2010 180 12:01:06,CUrl
2010 180 13:18:53,CConnect
2010 180 13:22:19,CDisconnect
2010 180 13:54:20,CUrl
2010 180 14:12:14,CConnect
2010 180 14:13:26,CUrl
2010 180 14:29:45,CFileCopy
2010 180 14:47:54,CFileCopy
2010 180 14:57:02,CDisconnect
2010 180 15:10:53,CUrl
2010 180 15:57:47,CSendEmail
2010 180 16:06:56,CSendEmail
2010 180 16:16:02,CUrl
2010 180 16:25:00,CNologon
2010 181 08:35:00,Blogon
2010 181 08:54:32,BUrl
2010 181 09:26:51,BSendEmail
2010 181 09:35:14,BUrl
2010 181 10:49:28,BSendEmail
2010 181 10:51:06,BUrl
2010 181 11:41:27,BSendEmail
2010 181 11:50:18,BUrl
2010 181 12:44:44,CUrl
2010 181 16:28:00,CNologon
2010 182 08:30:00,Blogon
2010 182 08:31:06,BSendEmail
2010 182 08:31:20,BUrl
2010 182 11:52:56,BConnect
2010 182 12:31:56,CUrl
2010 182 13:01:00,CDisconnect
2010 182 13:39:50,CSendEmail
2010 182 13:46:40,CUrl
2010 182 14:41:53,CConnect
2010 182 14:51:51,CUrl
2010 182 15:10:27,CDisconnect
2010 182 15:15:25,CUrl
2010 182 16:00:33,CSendEmail
2010 182 16:02:02,CUrl
2010 182 16:30:00,CNologon
2010 183 08:17:00,Blogon
2010 183 08:25:45,BUrl
2010 183 08:54:31,BConnect
2010 183 08:59:39,BUrl
2010 183 09:05:30,BFileCopy
2010 183 09:22:15,BDisconnect
2010 183 09:59:27,BUrl
2010 183 11:14:43,BConnect
2010 183 11:16:36,BFileCopy
2010 183 11:23:14,BFileCopy
2010 183 11:23:18,BDisconnect
2010 183 11:29:11,BUrl
2010 183 12:30:09,CUrl
2010 183 12:42:10,CConnect
2010 183 13:02:04,CUrl
2010 183 13:05:10,CDisconnect
2010 183 13:13:47,CSendEmail
2010 183 13:16:09,CSendEmail
2010 183 13:32:54,CUrl
2010 183 14:47:35,CSendEmail
2010 183 14:57:38,CUrl
2010 183 16:44:00,CNologon
2010 187 08:30:00,Blogon
2010 187 08:32:40,BUrl
2010 187 10:01:27,BSendEmail
2010 187 10:04:13,BUrl
2010 187 10:08:52,BSendEmail
2010 187 10:17:33,BUrl
2010 187 12:04:38,CUrl
2010 187 15:31:00,CSendEmail
2010 187 15:32:54,CUrl
2010 187 16:26:00,CNologon
2010 188 08:32:00,Blogon
2010 188 08:54:08,BUrl
2010 188 12:04:08,CUrl
2010 188 12:31:43,CSendEmail
2010 188 12:39:31,CUrl
2010 188 12:46:27,CSendEmail
2010 188 12:48:16,CSendEmail
2010 188 12:49:31,CUrl
2010 188 14:29:36,CConnect
2010 188 14:30:23,CFileCopy
2010 188 14:36:37,CFileCopy
2010 188 14:38:09,CDisconnect
2010 188 14:52:12,CUrl
2010 188 16:24:00,CNologon
2010 189 08:15:00,Blogon
2010 189 08:40:41,BUrl
2010 189 12:19:47,CUrl
2010 189 12:59:42,CConnect
2010 189 13:04:36,CDisconnect
2010 189 13:19:02,CUrl
2010 189 15:07:38,CSendEmail
2010 189 15:08:56,CSendEmail
2010 189 15:11:52,CSendEmail
2010 189 15:14:50,CUrl
2010 189 16:38:00,CNologon
2010 190 08:31:00,Blogon
2010 190 08:35:23,BUrl
2010 190 09:30:18,BConnect
2010 190 09:41:55,BUrl
2010 190 09:42:14,BFileCopy
2010 190 09:45:58,BUrl
2010 190 09:53:26,BDisconnect
2010 190 10:01:59,BUrl
2010 190 10:04:25,BSendEmail
2010 190 10:12:49,BUrl
2010 190 11:38:59,BSendEmail
2010 190 11:41:18,BSendEmail
2010 190 12:05:37,CUrl
2010 190 16:29:00,CNologon
2010 193 08:24:00,Blogon
2010 193 08:27:28,BUrl
2010 193 08:33:33,BSendEmail
2010 193 08:58:59,BSendEmail
2010 193 09:07:10,BSendEmail
2010 193 09:08:18,BSendEmail
2010 193 09:09:36,BUrl
2010 193 09:35:48,BConnect
2010 193 09:44:33,BDisconnect
2010 193 10:01:08,BUrl
2010 193 10:06:37,BConnect
2010 193 10:18:24,BUrl
2010 193 10:55:46,BDisconnect
2010 193 10:59:52,BUrl
2010 193 12:06:33,CUrl
2010 193 15:04:56,CSendEmail
2010 193 15:06:51,CDisconnect
2010 193 15:07:41,CUrl
2010 193 16:42:00,CNologon
2010 194 08:29:00,Blogon
2010 194 08:34:13,BUrl
2010 194 08:48:24,BConnect
2010 194 09:03:30,BUrl
2010 194 09:17:20,BFileCopy
2010 194 09:19:22,BUrl
2010 194 09:57:42,BFileCopy
2010 194 10:29:37,BDisconnect
2010 194 10:55:05,BUrl
2010 194 11:15:52,BSendEmail
2010 194 11:31:20,BUrl
2010 194 11:34:50,BSendEmail
2010 194 11:41:52,BUrl
2010 194 11:56:51,BSendEmail
2010 194 12:09:54,CUrl
2010 194 14:30:24,CConnect
2010 194 14:31:09,CFileCopy
2010 194 14:33:19,CFileCopy
2010 194 14:43:13,CUrl
2010 194 14:43:21,CFileCopy
2010 194 14:48:33,CDisconnect
2010 194 15:22:53,CUrl
2010 194 16:24:00,CNologon
2010 195 08:36:00,Blogon
2010 195 08:59:03,BUrl
2010 195 10:59:29,BConnect
2010 195 11:05:14,BFileCopy
2010 195 11:15:03,BSendEmail
2010 195 11:59:43,BUrl
2010 195 12:03:13,CDisconnect
2010 195 12:05:27,CUrl
2010 195 14:51:25,CSendEmail
2010 195 14:59:09,CUrl
2010 195 16:21:43,CSendEmail
2010 195 16:22:50,CUrl
2010 195 16:30:00,CNologon
2010 196 08:24:00,Blogon
2010 196 08:34:19,BUrl
2010 196 09:29:37,BSendEmail
2010 196 09:30:32,BSendEmail
2010 196 09:35:48,BUrl
2010 196 10:38:19,BConnect
2010 196 10:41:06,BUrl
2010 196 10:42:51,BFileCopy
2010 196 10:58:35,BUrl
2010 196 11:07:27,BDisconnect
2010 196 11:10:39,BUrl
2010 196 11:28:07,BConnect
2010 196 11:28:15,BFileCopy
2010 196 11:34:12,BFileCopy
2010 196 11:34:57,BFileCopy
2010 196 11:35:01,BDisconnect
2010 196 11:38:51,BUrl
2010 196 12:04:40,CUrl
2010 196 12:27:07,CSendEmail
2010 196 12:40:09,CConnect
2010 196 12:41:07,CUrl
2010 196 12:58:57,CFileCopy
2010 196 13:15:18,CUrl
2010 196 13:21:33,CDisconnect
2010 196 13:28:21,CSendEmail
2010 196 13:40:13,CUrl
2010 196 14:22:01,CSendEmail
2010 196 14:34:55,CUrl
2010 196 16:24:00,CNologon
2010 197 08:35:00,Blogon
2010 197 08:35:55,BUrl
2010 197 12:13:17,CUrl
2010 197 14:39:56,CConnect
2010 197 14:41:46,CUrl
2010 197 14:53:53,CDisconnect
2010 197 15:00:13,CSendEmail
2010 197 15:02:35,CSendEmail
2010 197 15:05:30,CSendEmail
2010 197 15:19:22,CUrl
2010 197 16:29:00,CNologon
2010 200 08:30:00,Blogon
2010 200 08:33:29,BUrl
2010 200 09:05:39,BConnect
2010 200 09:07:09,BFileCopy
2010 200 09:20:13,BUrl
2010 200 09:27:58,BFileCopy
2010 200 09:38:02,BUrl
2010 200 09:51:15,BDisconnect
2010 200 10:00:42,BUrl
2010 200 10:41:04,BConnect
2010 200 10:49:01,BFileCopy
2010 200 10:49:08,BUrl
2010 200 10:57:54,BDisconnect
2010 200 11:16:07,BUrl
2010 200 12:04:33,CUrl
2010 200 15:29:42,CSendEmail
2010 200 15:39:03,CSendEmail
2010 200 15:39:04,CUrl
2010 200 15:45:42,CSendEmail
2010 200 16:00:14,CUrl
2010 200 16:28:00,CNologon
2010 201 08:19:00,Blogon
2010 201 08:20:56,BUrl
2010 201 08:45:41,BConnect
2010 201 08:47:56,BUrl
2010 201 09:20:21,BDisconnect
2010 201 09:36:17,BUrl
2010 201 10:15:28,BSendEmail
2010 201 10:18:34,BUrl
2010 201 12:02:52,CUrl
2010 201 15:55:59,CSendEmail
2010 201 16:02:02,CUrl
2010 201 16:11:39,CSendEmail
2010 201 16:12:36,CUrl
2010 201 16:30:00,CNologon
2010 202 08:18:00,Blogon
2010 202 08:20:45,BUrl
2010 202 09:42:43,BSendEmail
2010 202 09:48:08,BUrl
2010 202 12:06:26,CSendEmail
2010 202 12:17:20,CUrl
2010 202 13:07:44,CConnect
2010 202 13:18:04,CFileCopy
2010 202 13:22:02,CFileCopy
2010 202 13:23:36,CFileCopy
2010 202 13:26:37,CDisconnect
2010 202 13:29:58,CUrl
2010 202 14:47:17,CSendEmail
2010 202 14:53:13,CSendEmail
2010 202 14:56:42,CUrl
2010 202 15:01:35,CSendEmail
2010 202 15:17:37,CUrl
2010 202 15:18:15,CSendEmail
2010 202 15:22:42,CUrl
2010 202 16:28:00,CNologon
2010 203 08:30:00,Blogon
2010 203 08:31:26,BUrl
2010 203 08:33:35,BSendEmail
2010 203 08:37:27,BSendEmail
2010 203 08:42:03,BUrl
2010 203 08:47:39,BSendEmail
2010 203 08:49:01,BUrl
2010 203 09:48:13,BConnect
2010 203 09:53:52,BUrl
2010 203 09:56:15,BFileCopy
2010 203 10:09:26,BUrl
2010 203 10:10:42,BDisconnect
2010 203 10:21:14,BUrl
2010 203 12:13:02,CUrl
2010 203 12:27:43,CConnect
2010 203 12:29:13,CFileCopy
2010 203 12:34:40,CFileCopy
2010 203 12:39:18,CFileCopy
2010 203 12:49:10,CFileCopy
2010 203 12:57:48,CUrl
2010 203 13:03:21,CDisconnect
2010 203 13:14:17,CUrl
2010 203 16:33:00,CNologon
2010 204 08:34:00,Blogon
2010 204 08:36:58,BUrl
2010 204 09:54:38,BConnect
2010 204 09:56:47,BFileCopy
2010 204 09:59:15,BFileCopy
2010 204 09:59:54,BDisconnect
2010 204 10:19:50,BSendEmail
2010 204 10:24:50,BUrl
2010 204 12:01:26,CUrl
2010 204 12:29:27,CSendEmail
2010 204 12:32:07,CUrl
2010 204 14:24:31,CConnect
2010 204 14:58:08,CUrl
2010 204 14:59:47,CDisconnect
2010 204 15:09:29,CUrl
2010 204 16:02:18,CSendEmail
2010 204 16:06:09,CUrl
2010 204 16:29:00,CNologon
2010 207 08:33:00,Blogon
2010 207 09:04:37,BUrl
2010 207 10:46:03,BConnect
2010 207 10:57:38,BUrl
2010 207 12:24:28,CUrl
2010 207 13:10:03,CSendEmail
2010 207 13:16:12,CConnect
2010 207 13:24:24,CUrl
2010 207 13:30:40,CDisconnect
2010 207 13:31:50,CUrl
2010 207 13:34:57,CConnect
2010 207 13:43:04,CUrl
2010 207 14:02:09,CSendEmail
2010 207 14:03:55,CDisconnect
2010 207 14:05:16,CSendEmail
2010 207 14:47:21,CUrl
2010 207 16:27:00,CNologon
2010 208 08:34:00,Blogon
2010 208 08:52:53,BUrl
2010 208 08:55:11,BSendEmail
2010 208 08:58:04,BUrl
2010 208 10:35:32,BSendEmail
2010 208 10:54:27,BSendEmail
2010 208 11:27:21,BUrl
2010 208 12:40:12,CUrl
2010 208 13:20:12,CSendEmail
2010 208 13:45:07,CUrl
2010 208 14:13:30,CConnect
2010 208 14:31:43,CUrl
2010 208 14:35:20,CDisconnect
2010 208 14:37:13,CUrl
2010 208 15:03:52,CConnect
2010 208 15:19:24,CDisconnect
2010 208 15:53:43,CUrl
2010 208 16:26:00,CNologon
2010 209 08:35:00,Blogon
2010 209 08:43:43,BUrl
2010 209 09:49:27,BSendEmail
2010 209 10:02:03,BUrl
2010 209 12:02:01,CUrl
2010 209 12:23:56,CConnect
2010 209 12:29:51,CFileCopy
2010 209 12:38:47,CDisconnect
2010 209 13:10:28,CUrl
2010 209 15:13:55,CSendEmail
2010 209 15:38:02,CUrl
2010 209 16:18:12,CSendEmail
2010 209 16:25:00,CNologon
2010 210 08:30:00,Blogon
2010 210 08:49:37,BUrl
2010 210 12:18:13,CUrl
2010 210 13:53:02,CConnect
2010 210 13:55:22,CFileCopy
2010 210 14:00:30,CFileCopy
2010 210 14:00:39,CFileCopy
2010 210 14:03:37,CUrl
2010 210 14:05:42,CFileCopy
2010 210 14:08:05,CUrl
2010 210 14:29:27,CFileCopy
2010 210 14:29:32,CDisconnect
2010 210 14:33:45,CUrl
2010 210 16:09:59,CSendEmail
2010 210 16:10:28,CUrl
2010 210 16:17:15,CSendEmail
2010 210 16:19:24,CSendEmail
2010 210 16:19:47,CUrl
2010 210 16:35:00,CNologon
2010 211 08:31:00,Blogon
2010 211 08:36:22,BUrl
2010 211 08:40:33,BSendEmail
2010 211 08:40:59,BUrl
2010 211 12:18:32,CUrl
2010 211 13:32:48,CSendEmail
2010 211 13:38:55,CUrl
2010 211 14:14:55,CSendEmail
2010 211 14:19:04,CUrl
2010 211 14:19:16,CSendEmail
2010 211 14:39:27,CUrl
2010 211 16:07:37,CSendEmail
2010 211 16:13:18,CUrl
2010 211 16:25:00,CNologon
2010 214 08:26:00,Blogon
2010 214 08:47:45,BUrl
2010 214 09:06:31,BConnect
2010 214 09:07:29,BUrl
2010 214 09:21:53,BDisconnect
2010 214 09:24:18,BUrl
2010 214 09:55:08,BSendEmail
2010 214 10:13:32,BSendEmail
2010 214 10:26:16,BUrl
2010 214 11:26:28,BConnect
2010 214 11:31:42,BUrl
2010 214 11:35:19,BDisconnect
2010 214 11:39:10,BUrl
2010 214 12:03:30,CUrl
2010 214 15:10:30,CSendEmail
2010 214 15:18:00,CUrl
2010 214 16:41:00,CNologon
2010 215 08:22:00,Blogon
2010 215 08:26:43,BConnect
2010 215 08:30:29,BUrl
2010 215 08:46:53,BSendEmail
2010 215 08:49:54,BUrl
2010 215 09:38:22,BDisconnect
2010 215 09:58:24,BUrl
2010 215 12:32:14,CUrl
2010 215 12:57:51,CSendEmail
2010 215 12:58:06,CSendEmail
2010 215 13:00:07,CSendEmail
2010 215 13:10:59,CUrl
2010 215 15:30:57,CSendEmail
2010 215 15:43:07,CUrl
2010 215 16:24:00,CNologon
2010 216 08:23:00,Blogon
2010 216 08:30:01,BUrl
2010 216 11:21:39,BConnect
2010 216 11:24:54,BDisconnect
2010 216 11:45:13,BConnect
2010 216 11:45:37,BFileCopy
2010 216 11:46:09,BFileCopy
2010 216 12:00:04,CUrl
2010 216 12:18:34,CDisconnect
2010 216 12:57:36,CUrl
2010 216 13:34:01,CSendEmail
2010 216 14:03:14,CUrl
2010 216 15:34:48,CSendEmail
2010 216 15:37:41,CUrl
2010 216 16:29:35,CSendEmail
2010 216 16:30:43,CSendEmail
2010 216 16:32:00,CNologon
2010 217 08:35:00,Blogon
2010 217 08:40:35,BSendEmail
2010 217 08:45:02,BUrl
2010 217 08:59:04,BSendEmail
2010 217 09:03:12,BUrl
2010 217 09:07:27,BSendEmail
2010 217 09:12:37,BUrl
2010 217 10:39:58,BConnect
2010 217 10:40:01,BFileCopy
2010 217 10:45:59,BFileCopy
2010 217 10:49:02,BFileCopy
2010 217 10:51:57,BUrl
2010 217 10:57:12,BFileCopy
2010 217 11:00:17,BDisconnect
2010 217 11:24:58,BUrl
2010 217 12:02:07,CUrl
2010 217 16:30:00,CNologon
2010 218 08:36:00,Blogon
2010 218 08:45:38,BSendEmail
2010 218 08:46:33,BUrl
2010 218 09:27:24,BConnect
2010 218 09:33:00,BUrl
2010 218 09:33:40,BFileCopy
2010 218 09:36:53,BDisconnect
2010 218 09:38:51,BUrl
2010 218 10:02:44,BConnect
2010 218 10:04:49,BDisconnect
2010 218 10:34:17,BConnect
2010 218 10:58:18,BUrl
2010 218 11:05:30,BFileCopy
2010 218 11:06:00,BDisconnect
2010 218 11:23:02,BConnect
2010 218 11:27:00,BSendEmail
2010 218 11:32:46,BUrl
2010 218 11:41:54,BDisconnect
2010 218 11:58:42,BConnect
2010 218 11:59:22,BFileCopy
2010 218 12:01:46,CDisconnect
2010 218 12:30:04,CUrl
2010 218 13:29:14,CConnect
2010 218 13:29:41,CUrl
2010 218 13:40:38,CFileCopy
2010 218 13:44:55,CDisconnect
2010 218 14:06:45,CUrl
2010 218 14:53:48,CConnect
2010 218 14:56:29,CSendEmail
2010 218 15:00:00,CFileCopy
2010 218 15:00:10,CFileCopy
2010 218 15:02:07,CFileCopy
2010 218 15:06:12,CDisconnect
2010 218 15:30:50,CUrl
2010 218 16:04:05,CConnect
2010 218 16:08:01,CDisconnect
2010 218 16:14:58,CUrl
2010 218 16:30:00,CNologon
2010 221 08:25:00,Blogon
2010 221 08:50:35,BUrl
2010 221 09:28:24,BConnect
2010 221 09:29:12,BFileCopy
2010 221 09:29:15,BFileCopy
2010 221 09:30:48,BDisconnect
2010 221 09:42:41,BUrl
2010 221 10:18:56,BConnect
2010 221 10:21:55,BUrl
2010 221 10:39:59,BDisconnect
2010 221 10:51:45,BUrl
2010 221 11:58:12,BConnect
2010 221 12:11:03,CDisconnect
2010 221 12:17:34,CUrl
2010 221 13:09:32,CConnect
2010 221 13:11:10,CDisconnect
2010 221 13:22:33,CUrl
2010 221 13:35:21,CConnect
2010 221 13:35:41,CUrl
2010 221 13:52:24,CFileCopy
2010 221 13:53:08,CUrl
2010 221 13:55:28,CDisconnect
2010 221 13:55:40,CUrl
2010 221 15:21:25,CConnect
2010 221 15:24:39,CUrl
2010 221 15:52:03,CDisconnect
2010 221 15:53:33,CUrl
2010 221 16:28:48,CSendEmail
2010 221 16:28:50,CSendEmail
2010 221 16:28:54,CSendEmail
2010 221 16:30:00,CNologon
2010 222 08:30:00,Blogon
2010 222 09:11:35,BUrl
2010 222 10:39:55,BConnect
2010 222 10:51:32,BUrl
2010 222 10:59:04,BDisconnect
2010 222 11:15:17,BConnect
2010 222 11:20:53,BDisconnect
2010 222 11:50:15,BUrl
2010 222 12:29:23,CUrl
2010 222 12:45:49,CConnect
2010 222 12:46:52,CUrl
2010 222 12:59:26,CDisconnect
2010 222 13:00:23,CUrl
2010 222 15:13:52,CSendEmail
2010 222 15:51:34,CUrl
2010 222 15:57:07,CSendEmail
2010 222 15:57:53,CUrl
2010 222 16:03:44,CSendEmail
2010 222 16:09:10,CUrl
2010 222 16:25:00,CNologon
2010 223 08:31:00,Blogon
2010 223 08:40:11,BUrl
2010 223 11:22:41,BSendEmail
2010 223 11:30:30,BSendEmail
2010 223 11:38:46,BUrl
2010 223 12:04:55,CUrl
2010 223 12:05:58,CConnect
2010 223 12:08:38,CUrl
2010 223 12:23:32,CFileCopy
2010 223 12:34:39,CFileCopy
2010 223 12:57:17,CSendEmail
2010 223 13:01:05,CDisconnect
2010 223 13:01:33,CUrl
2010 223 14:03:48,CConnect
2010 223 14:03:56,CFileCopy
2010 223 14:04:13,CFileCopy
2010 223 14:04:18,CFileCopy
2010 223 14:04:43,CDisconnect
2010 223 14:14:23,CUrl
2010 223 16:42:00,CNologon
2010 224 08:29:00,Blogon
2010 224 08:31:07,BUrl
2010 224 09:52:55,BConnect
2010 224 09:55:00,BFileCopy
2010 224 09:55:31,BUrl
2010 224 10:07:42,BDisconnect
2010 224 11:07:43,BConnect
2010 224 11:18:23,BUrl
2010 224 11:50:30,BFileCopy
2010 224 12:07:03,CDisconnect
2010 224 12:32:46,CUrl
2010 224 12:59:21,CConnect
2010 224 13:01:48,CFileCopy
2010 224 13:11:45,CDisconnect
2010 224 13:55:45,CUrl
2010 224 14:43:39,CSendEmail
2010 224 14:46:42,CSendEmail
2010 224 14:49:20,CUrl
2010 224 15:03:40,CSendEmail
2010 224 15:33:56,CUrl
2010 224 16:03:27,CConnect
2010 224 16:12:52,CFileCopy
2010 224 16:24:04,CFileCopy
2010 224 16:33:48,CUrl
2010 224 16:35:49,CDisconnect
2010 224 16:38:57,CUrl
2010 224 16:40:00,CNologon
2010 225 08:33:00,Blogon
2010 225 09:01:11,BUrl
2010 225 12:09:37,CUrl
2010 225 15:23:11,CConnect
2010 225 15:47:26,CUrl
2010 225 15:49:02,CFileCopy
2010 225 15:52:15,CFileCopy
2010 225 15:53:04,CUrl
2010 225 16:01:11,CDisconnect
2010 225 16:05:17,CUrl
2010 225 16:22:02,CSendEmail
2010 225 16:22:21,CUrl
2010 225 16:22:36,CSendEmail
2010 225 16:22:45,CSendEmail
2010 225 16:24:00,CNologon
2010 228 08:33:00,Blogon
2010 228 08:38:55,BUrl
2010 228 08:53:53,BSendEmail
2010 228 09:17:54,BUrl
2010 228 11:06:19,BConnect
2010 228 11:18:28,BUrl
2010 228 11:32:10,BFileCopy
2010 228 11:48:53,BUrl
2010 228 12:11:35,CUrl
2010 228 12:11:55,CFileCopy
2010 228 12:28:51,CFileCopy
2010 228 12:29:12,CUrl
2010 228 12:43:55,CDisconnect
2010 228 12:50:36,CUrl
2010 228 16:08:10,CSendEmail
2010 228 16:14:36,CUrl
2010 228 16:24:23,CSendEmail
2010 228 16:37:00,CNologon
2010 229 08:30:00,Blogon
2010 229 08:44:07,BUrl
2010 229 09:45:38,BConnect
2010 229 09:45:43,BFileCopy
2010 229 09:50:08,BUrl
2010 229 10:00:54,BDisconnect
2010 229 10:08:26,BUrl
2010 229 10:36:14,BSendEmail
2010 229 10:36:40,BUrl
2010 229 11:04:45,BConnect
2010 229 11:19:27,BFileCopy
2010 229 11:24:39,BDisconnect
2010 229 11:29:33,BUrl
2010 229 12:02:58,CUrl
2010 229 12:27:49,CConnect
2010 229 12:29:04,CFileCopy
2010 229 12:29:47,CFileCopy
2010 229 12:34:42,CFileCopy
2010 229 12:41:48,CDisconnect
2010 229 13:11:10,CUrl
2010 229 14:41:58,CSendEmail
2010 229 14:44:55,CUrl
2010 229 14:51:12,CSendEmail
2010 229 15:25:01,CUrl
2010 229 15:41:17,CSendEmail
2010 229 15:41:26,CUrl
2010 229 16:29:00,CNologon
2010 230 08:30:00,Blogon
2010 230 08:32:50,BUrl
2010 230 08:38:59,BConnect
2010 230 08:46:03,BFileCopy
2010 230 08:55:38,BUrl
2010 230 08:56:06,BDisconnect
2010 230 08:56:25,BUrl
2010 230 10:04:01,BConnect
2010 230 10:06:36,BUrl
2010 230 10:10:12,BDisconnect
2010 230 10:32:06,BUrl
2010 230 10:32:14,BSendEmail
2010 230 10:57:39,BUrl
2010 230 11:08:01,BConnect
2010 230 11:08:24,BFileCopy
2010 230 11:15:41,BFileCopy
2010 230 11:18:46,BFileCopy
2010 230 11:27:27,BFileCopy
2010 230 11:29:56,BDisconnect
2010 230 11:49:02,BConnect
2010 230 11:49:49,BDisconnect
2010 230 11:51:50,BUrl
2010 230 12:18:17,CUrl
2010 230 15:09:15,CConnect
2010 230 15:09:18,CFileCopy
2010 230 15:23:13,CUrl
2010 230 16:07:49,CSendEmail
2010 230 16:16:13,CUrl
2010 230 16:20:22,CSendEmail
2010 230 16:31:00,CNologon
2010 231 08:28:00,Blogon
2010 231 08:33:11,BUrl
2010 231 08:51:04,BConnect
2010 231 08:54:11,BUrl
2010 231 09:35:58,BFileCopy
2010 231 09:36:00,BUrl
2010 231 09:36:52,BDisconnect
2010 231 09:56:10,BUrl
2010 231 11:23:23,BSendEmail
2010 231 11:24:38,BConnect
2010 231 11:26:44,BDisconnect
2010 231 12:08:55,CUrl
2010 231 12:13:39,CConnect
2010 231 12:15:17,CUrl
2010 231 12:15:29,CDisconnect
2010 231 12:48:09,CUrl
2010 231 12:52:15,CSendEmail
2010 231 12:59:34,CConnect
2010 231 13:01:57,CUrl
2010 231 13:08:05,CSendEmail
2010 231 13:21:52,CFileCopy
2010 231 13:37:35,CUrl
2010 231 13:41:04,CDisconnect
2010 231 13:53:21,CConnect
2010 231 14:03:09,CUrl
2010 231 14:10:11,CFileCopy
2010 231 14:20:44,CUrl
2010 231 14:22:08,CFileCopy
2010 231 14:23:27,CDisconnect
2010 231 14:40:06,CUrl
2010 231 15:26:19,CConnect
2010 231 15:29:41,CUrl
2010 231 16:23:28,CFileCopy
2010 231 16:26:35,CDisconnect
2010 231 16:33:00,CNologon
2010 232 08:32:00,Blogon
2010 232 10:35:37,BUrl
2010 232 13:40:08,CUrl
2010 232 15:40:37,CSendEmail
2010 232 15:41:25,CSendEmail
2010 232 15:46:50,CUrl
2010 232 15:55:25,CSendEmail
2010 232 16:10:11,CUrl
2010 232 16:24:00,CNologon
2010 235 08:20:00,Blogon
2010 235 08:37:24,BUrl
2010 235 10:23:23,BConnect
2010 235 11:00:09,BUrl
2010 235 11:11:11,BDisconnect
2010 235 11:34:09,BUrl
2010 235 12:00:47,CSendEmail
2010 235 12:38:35,CSendEmail
2010 235 12:45:36,CUrl
2010 235 13:52:38,CConnect
2010 235 13:54:00,CUrl
2010 235 14:16:19,CDisconnect
2010 235 14:22:49,CUrl
2010 235 14:49:53,CSendEmail
2010 235 15:04:21,CUrl
2010 235 15:14:58,CConnect
2010 235 15:24:37,CUrl
2010 235 15:40:08,CDisconnect
2010 235 16:28:24,CUrl
2010 235 16:32:00,CNologon
2010 236 08:33:00,Blogon
2010 236 08:48:02,BUrl
2010 236 12:16:24,CSendEmail
2010 236 12:17:08,CUrl
2010 236 12:22:14,CSendEmail
2010 236 12:23:52,CUrl
2010 236 12:25:29,CSendEmail
2010 236 12:33:29,CUrl
2010 236 13:14:54,CConnect
2010 236 13:15:27,CUrl
2010 236 13:16:17,CFileCopy
2010 236 13:18:03,CFileCopy
2010 236 13:18:06,CFileCopy
2010 236 13:18:20,CDisconnect
2010 236 13:54:03,CUrl
2010 236 14:13:23,CConnect
2010 236 14:14:45,CFileCopy
2010 236 14:15:21,CFileCopy
2010 236 14:17:27,CDisconnect
2010 236 14:17:29,CConnect
2010 236 14:18:02,CDisconnect
2010 236 14:19:22,CUrl
2010 236 15:14:09,CConnect
2010 236 15:17:50,CFileCopy
2010 236 15:18:54,CFileCopy
2010 236 16:25:00,CNologon
2010 237 08:36:00,Blogon
2010 237 08:49:20,BUrl
2010 237 10:12:52,BConnect
2010 237 10:15:01,BFileCopy
2010 237 10:36:53,BFileCopy
2010 237 10:40:48,BDisconnect
2010 237 11:03:49,BUrl
2010 237 12:11:06,CSendEmail
2010 237 12:16:00,CUrl
2010 237 12:22:31,CSendEmail
2010 237 12:44:39,CUrl
2010 237 12:52:24,CSendEmail
2010 237 13:18:24,CUrl
2010 237 14:17:17,CConnect
2010 237 14:21:11,CUrl
2010 237 14:53:45,CFileCopy
2010 237 15:10:39,CUrl
2010 237 15:52:19,CDisconnect
2010 237 16:05:40,CUrl
2010 237 16:29:00,CNologon
2010 238 08:33:00,Blogon
2010 238 08:37:20,BUrl
2010 238 09:54:36,BConnect
2010 238 09:57:31,BUrl
2010 238 10:37:04,BDisconnect
2010 238 10:38:03,BUrl
2010 238 11:45:09,BConnect
2010 238 12:12:33,CDisconnect
2010 238 12:38:08,CUrl
2010 238 13:09:47,CSendEmail
2010 238 13:25:59,CUrl
2010 238 14:07:25,CSendEmail
2010 238 14:38:02,CUrl
2010 238 14:40:50,CSendEmail
2010 238 14:42:31,CUrl
2010 238 16:28:00,CNologon
2010 239 08:23:00,Blogon
2010 239 08:29:18,BUrl
2010 239 09:06:28,BSendEmail
2010 239 09:37:06,BUrl
2010 239 11:32:34,BConnect
2010 239 11:38:46,BFileCopy
2010 239 11:47:50,BFileCopy
2010 239 11:58:09,BUrl
2010 239 12:02:47,CUrl
2010 239 12:41:54,CSendEmail
2010 239 12:49:05,CSendEmail
2010 239 13:17:34,CUrl
2010 239 16:41:00,CNologon
2010 242 08:36:00,Blogon
2010 242 08:38:20,BUrl
2010 242 10:10:36,BSendEmail
2010 242 10:19:38,BConnect
2010 242 10:33:52,BUrl
2010 242 10:41:35,BDisconnect
2010 242 11:14:10,BUrl
2010 242 11:51:30,BConnect
2010 242 11:55:31,BUrl
2010 242 12:08:02,CDisconnect
2010 242 12:19:17,CSendEmail
2010 242 13:23:00,CUrl
2010 242 15:13:32,CSendEmail
2010 242 15:13:43,CUrl
2010 242 15:29:04,CConnect
2010 242 15:30:24,CUrl
2010 242 15:43:57,CFileCopy
2010 242 15:58:56,CFileCopy
2010 242 16:02:32,CDisconnect
2010 242 16:24:00,CNologon
2010 243 08:34:00,Blogon
2010 243 08:42:03,BUrl
2010 243 12:03:58,CSendEmail
2010 243 12:03:59,CSendEmail
2010 243 12:30:13,CUrl
2010 243 12:37:34,CConnect
2010 243 12:39:51,CUrl
2010 243 12:46:33,CFileCopy
2010 243 12:52:04,CFileCopy
2010 243 12:52:45,CFileCopy
2010 243 12:59:17,CFileCopy
2010 243 13:00:39,CDisconnect
2010 243 14:08:03,CUrl
2010 243 16:24:00,CNologon
2010 244 08:34:00,Blogon
2010 244 08:35:47,BUrl
2010 244 08:36:58,BConnect
2010 244 08:37:11,BFileCopy
2010 244 08:43:21,BUrl
2010 244 08:58:58,BFileCopy
2010 244 09:12:07,BDisconnect
2010 244 09:20:16,BConnect
2010 244 09:26:27,BUrl
2010 244 09:28:06,BDisconnect
2010 244 09:34:32,BUrl
2010 244 09:45:54,BConnect
2010 244 09:47:12,BDisconnect
2010 244 10:08:08,BUrl
2010 244 11:03:38,BSendEmail
2010 244 11:12:52,BUrl
2010 244 11:14:22,BConnect
2010 244 11:20:00,BFileCopy
2010 244 11:23:15,BUrl
2010 244 11:26:26,BDisconnect
2010 244 11:29:44,BUrl
2010 244 11:39:09,BConnect
2010 244 11:40:09,BFileCopy
2010 244 11:45:08,BDisconnect
2010 244 11:50:08,BConnect
2010 244 11:51:22,BUrl
2010 244 12:04:38,CUrl
2010 244 12:05:09,CDisconnect
2010 244 12:31:47,CUrl
2010 244 14:03:56,CSendEmail
2010 244 14:05:30,CConnect
2010 244 14:05:50,CFileCopy
2010 244 14:08:54,CFileCopy
2010 244 14:09:48,CFileCopy
2010 244 14:10:31,CDisconnect
2010 244 14:22:27,CUrl
2010 244 14:40:41,CSendEmail
2010 244 15:08:04,CUrl
2010 244 16:28:00,CNologon
2010 245 08:33:00,Blogon
2010 245 08:35:53,BUrl
2010 245 09:35:11,BSendEmail
2010 245 09:48:36,BConnect
2010 245 09:55:55,BUrl
2010 245 10:07:28,BDisconnect
2010 245 10:19:00,BUrl
2010 245 10:36:02,BSendEmail
2010 245 10:42:05,BUrl
2010 245 11:11:36,BSendEmail
2010 245 11:47:24,BUrl
2010 245 12:28:11,CUrl
2010 245 13:57:09,CConnect
2010 245 13:57:23,CFileCopy
2010 245 13:57:51,CDisconnect
2010 245 14:04:11,CUrl
2010 245 16:29:00,CNologon
