2010 004 08:57:00,Blogon
2010 004 09:04:35,BUrl
2010 004 13:15:40,CUrl
2010 004 18:10:00,DNologon
2010 005 09:00:00,Blogon
2010 005 09:11:54,BUrl
2010 005 12:14:06,CUrl
2010 005 17:52:00,CNologon
2010 006 09:00:00,Blogon
2010 006 09:18:23,BUrl
2010 006 12:04:55,CUrl
2010 006 17:58:59,CSendEmail
2010 006 18:01:00,DNologon
2010 007 09:07:00,Blogon
2010 007 09:54:43,BUrl
2010 007 12:00:49,CUrl
2010 007 14:04:41,CSendEmail
2010 007 14:41:35,CUrl
2010 007 17:54:00,CNologon
2010 008 09:04:00,Blogon
2010 008 09:05:44,BSendEmail
2010 008 09:56:23,BUrl
2010 008 14:05:24,CUrl
2010 008 18:05:00,DNologon
2010 011 09:05:00,Blogon
2010 011 09:32:29,BUrl
2010 011 10:07:18,BSendEmail
2010 011 12:07:02,CUrl
2010 011 18:04:23,DUrl
2010 011 18:11:00,DNologon
2010 012 08:56:00,Blogon
2010 012 09:06:10,BUrl
2010 012 09:43:52,BSendEmail
2010 012 09:55:39,BUrl
2010 012 12:24:52,CUrl
2010 012 18:15:00,DNologon
2010 013 09:05:00,Blogon
2010 013 10:01:50,BUrl
2010 013 12:24:15,CUrl
2010 013 17:42:27,CSendEmail
2010 013 17:42:42,CUrl
2010 013 17:57:00,CNologon
2010 014 08:51:00,Blogon
2010 014 09:39:10,BUrl
2010 014 13:18:54,CUrl
2010 014 17:34:15,CSendEmail
2010 014 18:00:00,DNologon
2010 015 09:07:00,Blogon
2010 015 10:15:28,BUrl
2010 015 12:45:25,CUrl
2010 015 17:56:00,CNologon
2010 018 09:05:00,Blogon
2010 018 09:25:04,BUrl
2010 018 11:22:26,BSendEmail
2010 018 12:07:07,CUrl
2010 018 18:01:35,DUrl
2010 018 18:06:00,DNologon
2010 019 08:46:00,Blogon
2010 019 10:07:33,BUrl
2010 019 12:11:48,CSendEmail
2010 019 12:40:58,CUrl
2010 019 18:03:00,DNologon
2010 020 09:07:00,Blogon
2010 020 09:17:25,BUrl
2010 020 12:30:00,CUrl
2010 020 16:18:21,CSendEmail
2010 020 16:58:21,CUrl
2010 020 18:03:00,DNologon
2010 021 09:06:00,Blogon
2010 021 09:17:11,BUrl
2010 021 13:07:54,CUrl
2010 021 15:12:56,CSendEmail
2010 021 16:04:23,CUrl
2010 021 17:54:00,CNologon
2010 022 08:57:00,Blogon
2010 022 08:59:31,BUrl
2010 022 12:29:09,CUrl
2010 022 12:36:14,CSendEmail
2010 022 13:11:22,CUrl
2010 022 18:01:00,DNologon
2010 025 08:59:00,Blogon
2010 025 09:32:20,BUrl
2010 025 12:21:37,CUrl
2010 025 15:40:23,CSendEmail
2010 025 16:14:22,CUrl
2010 025 18:03:00,DNologon
2010 026 09:02:00,Blogon
2010 026 09:38:32,BUrl
2010 026 12:07:18,CUrl
2010 026 18:01:28,DUrl
2010 026 18:05:27,DSendEmail
2010 026 18:08:00,DNologon
2010 027 08:57:00,Blogon
2010 027 09:09:44,BUrl
2010 027 12:57:31,CUrl
2010 027 17:14:18,CSendEmail
2010 027 17:21:38,CUrl
2010 027 18:10:00,DNologon
2010 028 09:01:00,Blogon
2010 028 09:21:07,BUrl
2010 028 11:23:47,BSendEmail
2010 028 11:48:51,BUrl
2010 028 12:18:22,CUrl
2010 028 18:01:41,DUrl
2010 028 18:10:00,DNologon
2010 029 09:05:00,Blogon
2010 029 09:10:55,BUrl
2010 029 11:29:52,BSendEmail
2010 029 12:28:16,CUrl
2010 029 17:51:00,CNologon
2010 032 09:02:00,Blogon
2010 032 09:07:32,BUrl
2010 032 12:17:59,CSendEmail
2010 032 12:33:35,CUrl
2010 032 17:52:00,CNologon
2010 033 09:09:00,Blogon
2010 033 09:17:14,BUrl
2010 033 11:07:57,BSendEmail
2010 033 11:30:41,BUrl
2010 033 12:41:46,CUrl
2010 033 17:58:00,CNologon
2010 034 09:04:00,Blogon
2010 034 09:09:36,BUrl
2010 034 14:04:04,CSendEmail
2010 034 14:48:04,CUrl
2010 034 17:57:00,CNologon
2010 035 09:08:00,Blogon
2010 035 10:47:46,BUrl
2010 035 12:27:40,CUrl
2010 035 15:29:13,CSendEmail
2010 035 15:46:00,CUrl
2010 035 17:51:00,CNologon
2010 036 09:00:00,Blogon
2010 036 09:16:49,BUrl
2010 036 12:34:25,CUrl
2010 036 13:11:09,CSendEmail
2010 036 13:12:42,CUrl
2010 036 18:02:00,DNologon
2010 039 09:08:00,Blogon
2010 039 09:09:28,BUrl
2010 039 11:01:07,BSendEmail
2010 039 11:34:40,BUrl
2010 039 12:57:01,CUrl
2010 039 17:51:00,CNologon
2010 040 09:10:00,Blogon
2010 040 09:20:51,BUrl
2010 040 14:14:01,CUrl
2010 040 15:02:17,CSendEmail
2010 040 16:43:53,CUrl
2010 040 17:56:00,CNologon
2010 041 09:00:00,Blogon
2010 041 09:11:44,BUrl
2010 041 11:59:52,BSendEmail
2010 041 12:26:36,CUrl
2010 041 17:57:00,CNologon
2010 042 08:57:00,Blogon
2010 042 09:21:02,BUrl
2010 042 09:28:51,BSendEmail
2010 042 09:34:43,BUrl
2010 042 12:28:31,CUrl
2010 042 18:11:00,DNologon
2010 043 09:05:00,Blogon
2010 043 09:20:12,BUrl
2010 043 10:24:17,BSendEmail
2010 043 12:59:42,CUrl
2010 043 17:56:00,CNologon
2010 046 08:49:00,Blogon
2010 046 08:55:28,BUrl
2010 046 12:51:02,CUrl
2010 046 16:22:02,CSendEmail
2010 046 16:40:43,CUrl
2010 046 18:09:00,DNologon
2010 047 09:04:00,Blogon
2010 047 09:09:24,BUrl
2010 047 12:42:04,CUrl
2010 047 14:35:29,CSendEmail
2010 047 15:13:37,CUrl
2010 047 17:53:00,CNologon
2010 048 08:46:00,Blogon
2010 048 09:23:34,BUrl
2010 048 14:18:04,CUrl
2010 048 18:05:21,DSendEmail
2010 048 18:11:00,DNologon
2010 049 09:05:00,Blogon
2010 049 09:27:52,BUrl
2010 049 12:01:20,CUrl
2010 049 17:33:22,CSendEmail
2010 049 17:50:25,CUrl
2010 049 17:58:00,CNologon
2010 050 08:53:00,Blogon
2010 050 08:56:53,BUrl
2010 050 12:33:24,CUrl
2010 050 13:24:49,CSendEmail
2010 050 15:20:43,CUrl
2010 050 18:06:00,DNologon
2010 053 09:06:00,Blogon
2010 053 09:37:13,BUrl
2010 053 11:38:18,BSendEmail
2010 053 12:01:58,CUrl
2010 053 18:04:00,DNologon
2010 054 08:49:00,Blogon
2010 054 13:19:31,CUrl
2010 054 16:01:28,CSendEmail
2010 054 16:44:32,CUrl
2010 054 18:11:00,DNologon
2010 055 09:04:00,Blogon
2010 055 09:06:05,BUrl
2010 055 13:54:25,CUrl
2010 055 16:42:03,CSendEmail
2010 055 17:59:00,CNologon
2010 056 09:08:00,Blogon
2010 056 09:20:43,BUrl
2010 056 10:26:41,BSendEmail
2010 056 11:37:46,BUrl
2010 056 13:04:38,CUrl
2010 056 18:00:00,DNologon
2010 057 08:55:00,Blogon
2010 057 09:47:53,BUrl
2010 057 14:04:07,CUrl
2010 057 17:43:48,CSendEmail
2010 057 18:08:56,DUrl
2010 057 18:13:00,DNologon
2010 060 08:57:00,Blogon
2010 060 09:24:48,BUrl
2010 060 12:46:39,CUrl
2010 060 13:05:19,CSendEmail
2010 060 13:05:25,CUrl
2010 060 18:08:00,DNologon
2010 061 09:04:00,Blogon
2010 061 09:07:16,BUrl
2010 061 12:05:19,CSendEmail
2010 061 13:25:04,CUrl
2010 061 18:01:00,DNologon
2010 062 09:00:00,Blogon
2010 062 09:14:14,BUrl
2010 062 12:52:17,CUrl
2010 062 15:06:40,CSendEmail
2010 062 15:19:40,CUrl
2010 062 18:11:38,DUrl
2010 062 18:13:00,DNologon
2010 063 09:06:00,Blogon
2010 063 09:13:10,BUrl
2010 063 12:04:31,CUrl
2010 063 16:45:26,CSendEmail
2010 063 17:14:47,CUrl
2010 063 18:01:51,DUrl
2010 063 18:15:00,DNologon
2010 064 09:02:00,Blogon
2010 064 09:18:41,BUrl
2010 064 12:18:53,CUrl
2010 064 16:59:21,CSendEmail
2010 064 17:06:24,CUrl
2010 064 17:51:00,CNologon
2010 067 09:09:00,Blogon
2010 067 10:48:49,BUrl
2010 067 12:08:50,CUrl
2010 067 12:52:15,CSendEmail
2010 067 13:15:02,CUrl
2010 067 17:56:00,CNologon
2010 068 08:49:00,Blogon
2010 068 09:04:19,BUrl
2010 068 14:02:18,CUrl
2010 068 18:07:46,DUrl
2010 068 18:08:12,DSendEmail
2010 068 18:09:40,DUrl
2010 068 18:13:00,DNologon
2010 069 08:55:00,Blogon
2010 069 08:56:46,BSendEmail
2010 069 09:14:55,BUrl
2010 069 12:24:21,CUrl
2010 069 18:03:00,DNologon
2010 070 09:00:00,Blogon
2010 070 09:38:58,BSendEmail
2010 070 10:07:05,BUrl
2010 070 12:47:47,CUrl
2010 070 17:53:00,CNologon
2010 071 08:59:00,Blogon
2010 071 09:14:47,BUrl
2010 071 12:33:29,CSendEmail
2010 071 13:51:28,CUrl
2010 071 18:02:00,DNologon
2010 074 08:53:00,Blogon
2010 074 10:28:23,BUrl
2010 074 10:44:10,BSendEmail
2010 074 11:05:57,BUrl
2010 074 12:36:31,CUrl
2010 074 18:04:19,DUrl
2010 074 18:13:00,DNologon
2010 075 08:56:00,Blogon
2010 075 09:15:48,BUrl
2010 075 12:48:20,CUrl
2010 075 13:11:09,CSendEmail
2010 075 14:26:26,CUrl
2010 075 17:56:00,CNologon
2010 076 09:10:00,Blogon
2010 076 10:09:33,BUrl
2010 076 12:46:42,CUrl
2010 076 12:53:43,CSendEmail
2010 076 13:44:42,CUrl
2010 076 17:52:00,CNologon
2010 077 08:53:00,Blogon
2010 077 08:57:41,BUrl
2010 077 13:35:24,CUrl
2010 077 14:35:34,CSendEmail
2010 077 14:54:33,CUrl
2010 077 18:11:00,DNologon
2010 078 09:06:00,Blogon
2010 078 10:27:09,BUrl
2010 078 13:03:01,CUrl
2010 078 17:51:00,CNologon
2010 081 08:58:00,Blogon
2010 081 08:59:36,BUrl
2010 081 09:00:45,BSendEmail
2010 081 10:01:44,BUrl
2010 081 13:02:37,CUrl
2010 081 18:06:32,DUrl
2010 081 18:13:00,DNologon
2010 082 09:00:00,Blogon
2010 082 09:06:47,BUrl
2010 082 12:02:39,CUrl
2010 082 15:36:56,CSendEmail
2010 082 16:16:19,CUrl
2010 082 18:02:13,DUrl
2010 082 18:06:00,DNologon
2010 083 08:48:00,Blogon
2010 083 08:59:54,BUrl
2010 083 09:48:51,BSendEmail
2010 083 10:31:15,BUrl
2010 083 12:03:52,CUrl
2010 083 18:13:00,DNologon
2010 084 09:04:00,Blogon
2010 084 09:27:43,BUrl
2010 084 10:32:44,BSendEmail
2010 084 11:18:43,BUrl
2010 084 13:05:13,CUrl
2010 084 17:57:00,CNologon
2010 085 08:58:00,Blogon
2010 085 09:07:42,BUrl
2010 085 13:03:08,CUrl
2010 085 18:05:13,DSendEmail
2010 085 18:06:00,DUrl
2010 085 18:09:00,DNologon
2010 088 08:47:00,Blogon
2010 088 09:46:31,BUrl
2010 088 12:04:47,CUrl
2010 088 18:07:00,DNologon
2010 089 09:01:00,Blogon
2010 089 09:25:50,BUrl
2010 089 13:48:37,CSendEmail
2010 089 14:59:14,CUrl
2010 089 18:00:00,DNologon
2010 090 09:03:00,Blogon
2010 090 09:04:26,BUrl
2010 090 13:04:50,CUrl
2010 090 15:53:38,CSendEmail
2010 090 15:55:41,CUrl
2010 090 17:54:00,CNologon
2010 091 08:51:00,Blogon
2010 091 09:28:11,BSendEmail
2010 091 09:41:43,BUrl
2010 091 12:44:35,CUrl
2010 091 18:02:00,DNologon
2010 095 08:54:00,Blogon
2010 095 08:57:48,BSendEmail
2010 095 09:02:09,BUrl
2010 095 12:55:01,CUrl
2010 095 18:02:48,DUrl
2010 095 18:06:00,DNologon
2010 096 09:00:00,Blogon
2010 096 10:32:51,BUrl
2010 096 14:18:49,CUrl
2010 096 15:22:20,CSendEmail
2010 096 15:29:08,CUrl
2010 096 18:13:00,DNologon
2010 097 08:51:00,Blogon
2010 097 08:53:52,BUrl
2010 097 09:33:44,BSendEmail
2010 097 10:58:40,BUrl
2010 097 14:01:29,CUrl
2010 097 18:04:00,DNologon
2010 098 09:06:00,Blogon
2010 098 09:11:37,BUrl
2010 098 11:52:47,BSendEmail
2010 098 13:25:49,CUrl
2010 098 17:54:00,CNologon
2010 099 09:05:00,Blogon
2010 099 09:23:48,BUrl
2010 099 12:58:24,CUrl
2010 099 15:02:57,CSendEmail
2010 099 16:08:40,CUrl
2010 099 17:59:00,CNologon
2010 102 08:59:00,Blogon
2010 102 09:35:59,BUrl
2010 102 13:49:23,CUrl
2010 102 16:54:58,CSendEmail
2010 102 17:06:39,CUrl
2010 102 18:03:46,DUrl
2010 102 18:11:00,DNologon
2010 103 09:05:00,Blogon
2010 103 09:12:20,BUrl
2010 103 12:50:03,CUrl
2010 103 13:32:58,CSendEmail
2010 103 14:20:11,CUrl
2010 103 18:15:00,DNologon
2010 104 09:00:00,Blogon
2010 104 09:01:43,BUrl
2010 104 11:31:13,BSendEmail
2010 104 12:38:28,CUrl
2010 104 18:14:00,DNologon
2010 105 09:05:00,Blogon
2010 105 09:10:57,BUrl
2010 105 13:21:01,CSendEmail
2010 105 13:30:47,CUrl
2010 105 17:58:00,CNologon
2010 106 08:51:00,Blogon
2010 106 09:02:39,BUrl
2010 106 13:59:41,CUrl
2010 106 15:55:53,CSendEmail
2010 106 16:34:23,CUrl
2010 106 18:03:00,DNologon
2010 109 08:59:00,Blogon
2010 109 10:22:16,BUrl
2010 109 14:01:53,CUrl
2010 109 14:53:27,CSendEmail
2010 109 14:59:21,CUrl
2010 109 18:04:59,DUrl
2010 109 18:11:00,DNologon
2010 110 09:10:00,Blogon
2010 110 09:43:21,BSendEmail
2010 110 09:53:49,BUrl
2010 110 13:33:03,CUrl
2010 110 17:54:00,CNologon
2010 111 09:09:00,Blogon
2010 111 10:11:34,BUrl
2010 111 13:28:05,CUrl
2010 111 14:50:28,CSendEmail
2010 111 15:16:43,CUrl
2010 111 18:05:01,DUrl
2010 111 18:07:00,DNologon
2010 112 08:55:00,Blogon
2010 112 08:56:32,BUrl
2010 112 12:54:14,CUrl
2010 112 16:30:40,CSendEmail
2010 112 17:02:54,CUrl
2010 112 18:07:00,DNologon
2010 113 09:07:00,Blogon
2010 113 09:20:45,BUrl
2010 113 13:26:32,CUrl
2010 113 17:09:17,CSendEmail
2010 113 17:17:02,CUrl
2010 113 17:51:00,CNologon
2010 116 09:10:00,Blogon
2010 116 09:33:02,BUrl
2010 116 13:10:43,CUrl
2010 116 15:29:56,CSendEmail
2010 116 15:39:13,CUrl
2010 116 17:56:00,CNologon
2010 117 08:50:00,Blogon
2010 117 09:35:54,BUrl
2010 117 10:05:51,BSendEmail
2010 117 10:11:05,BUrl
2010 117 13:10:02,CUrl
2010 117 18:15:00,DNologon
2010 118 08:57:00,Blogon
2010 118 09:29:11,BUrl
2010 118 14:15:56,CUrl
2010 118 14:18:41,CSendEmail
2010 118 14:18:59,CUrl
2010 118 18:07:00,DNologon
2010 119 09:07:00,Blogon
2010 119 09:37:18,BUrl
2010 119 12:47:13,CUrl
2010 119 15:15:40,CSendEmail
2010 119 16:13:32,CUrl
2010 119 17:54:00,CNologon
2010 120 08:48:00,Blogon
2010 120 08:57:09,BUrl
2010 120 12:37:05,CUrl
2010 120 13:45:13,CSendEmail
2010 120 13:53:55,CUrl
2010 120 18:04:00,DNologon
2010 123 09:00:00,Blogon
2010 123 09:26:16,BUrl
2010 123 12:12:30,CUrl
2010 123 15:55:15,CSendEmail
2010 123 15:55:21,CUrl
2010 123 18:00:00,DNologon
2010 124 08:56:00,Blogon
2010 124 09:04:39,BUrl
2010 124 12:03:59,CUrl
2010 124 14:21:57,CSendEmail
2010 124 15:10:11,CUrl
2010 124 17:59:00,CNologon
2010 125 09:08:00,Blogon
2010 125 09:30:55,BUrl
2010 125 12:25:09,CSendEmail
2010 125 12:28:12,CUrl
2010 125 17:57:00,CNologon
2010 126 09:06:00,Blogon
2010 126 09:09:51,BUrl
2010 126 12:05:33,CSendEmail
2010 126 12:07:44,CUrl
2010 126 17:59:00,CNologon
2010 127 09:08:00,Blogon
2010 127 09:28:10,BUrl
2010 127 11:37:54,BSendEmail
2010 127 12:35:06,CUrl
2010 127 18:09:00,DNologon
2010 130 09:00:00,Blogon
2010 130 09:03:40,BUrl
2010 130 12:20:00,CUrl
2010 130 17:10:13,CSendEmail
2010 130 17:44:28,CUrl
2010 130 17:52:00,CNologon
2010 131 08:53:00,Blogon
2010 131 09:00:45,BUrl
2010 131 09:45:32,BSendEmail
2010 131 09:57:15,BUrl
2010 131 12:34:14,CUrl
2010 131 18:02:00,DNologon
2010 132 08:51:00,Blogon
2010 132 09:19:22,BUrl
2010 132 13:39:08,CUrl
2010 132 14:19:21,CSendEmail
2010 132 16:56:20,CUrl
2010 132 18:02:00,DNologon
2010 133 08:56:00,Blogon
2010 133 08:57:49,BUrl
2010 133 12:53:54,CUrl
2010 133 14:14:53,CSendEmail
2010 133 14:24:20,CUrl
2010 133 18:01:00,DNologon
2010 134 08:46:00,Blogon
2010 134 08:49:13,BUrl
2010 134 12:38:52,CSendEmail
2010 134 14:14:04,CUrl
2010 134 18:05:00,DNologon
2010 137 09:08:00,Blogon
2010 137 09:10:44,BUrl
2010 137 13:08:12,CSendEmail
2010 137 13:10:21,CUrl
2010 137 17:52:00,CNologon
2010 138 08:54:00,Blogon
2010 138 09:08:56,BUrl
2010 138 09:25:08,BSendEmail
2010 138 10:06:49,BUrl
2010 138 12:05:19,CUrl
2010 138 18:06:58,DUrl
2010 138 18:14:00,DNologon
2010 139 08:57:00,Blogon
2010 139 09:06:48,BUrl
2010 139 12:33:06,CUrl
2010 139 17:24:34,CSendEmail
2010 139 17:54:00,CNologon
2010 140 09:00:00,Blogon
2010 140 09:50:24,BUrl
2010 140 13:05:50,CUrl
2010 140 17:31:22,CSendEmail
2010 140 17:36:05,CUrl
2010 140 18:01:00,DNologon
2010 141 08:51:00,Blogon
2010 141 09:32:58,BUrl
2010 141 09:58:57,BSendEmail
2010 141 13:34:23,CUrl
2010 141 18:10:00,DNologon
2010 144 08:50:00,Blogon
2010 144 09:03:42,BUrl
2010 144 13:30:27,CUrl
2010 144 17:21:28,CSendEmail
2010 144 17:28:05,CUrl
2010 144 17:52:00,CNologon
2010 145 09:02:00,Blogon
2010 145 09:04:31,BUrl
2010 145 12:14:40,CUrl
2010 145 17:51:00,CNologon
2010 146 09:07:00,Blogon
2010 146 09:29:10,BSendEmail
2010 146 09:54:36,BUrl
2010 146 12:03:49,CUrl
2010 146 17:59:00,CNologon
2010 147 08:53:00,Blogon
2010 147 09:28:18,BUrl
2010 147 10:18:09,BSendEmail
2010 147 10:19:01,BUrl
2010 147 12:39:20,CUrl
2010 147 18:05:00,DNologon
2010 148 08:48:00,Blogon
2010 148 09:27:01,BUrl
2010 148 09:27:45,BSendEmail
2010 148 09:32:04,BUrl
2010 148 13:49:43,CUrl
2010 148 18:15:00,DNologon
2010 152 09:04:00,Blogon
2010 152 10:57:40,BUrl
2010 152 12:14:30,CUrl
2010 152 14:45:57,CSendEmail
2010 152 16:31:31,CUrl
2010 152 17:51:00,CNologon
2010 153 08:48:00,Blogon
2010 153 09:13:23,BUrl
2010 153 11:30:41,BSendEmail
2010 153 12:20:42,CUrl
2010 153 17:51:00,CNologon
2010 154 09:00:00,Blogon
2010 154 09:42:09,BUrl
2010 154 12:52:33,CUrl
2010 154 14:09:46,CSendEmail
2010 154 14:32:26,CUrl
2010 154 18:04:00,DNologon
2010 155 09:00:00,Blogon
2010 155 09:10:42,BUrl
2010 155 14:44:57,CUrl
2010 155 18:02:00,DNologon
2010 158 08:46:00,Blogon
2010 158 09:35:58,BUrl
2010 158 11:55:05,BSendEmail
2010 158 12:30:50,CUrl
2010 158 18:07:00,DNologon
2010 159 09:06:00,Blogon
2010 159 09:15:29,BUrl
2010 159 10:12:43,BSendEmail
2010 159 10:36:37,BUrl
2010 159 13:58:21,CUrl
2010 159 17:53:00,CNologon
2010 160 08:48:00,Blogon
2010 160 08:55:30,BUrl
2010 160 12:01:13,CUrl
2010 160 12:19:13,CSendEmail
2010 160 13:29:25,CUrl
2010 160 18:14:00,DNologon
2010 161 08:53:00,Blogon
2010 161 09:21:23,BUrl
2010 161 09:39:09,BSendEmail
2010 161 10:08:21,BUrl
2010 161 14:19:36,CUrl
2010 161 18:08:00,DNologon
2010 162 08:51:00,Blogon
2010 162 09:04:29,BUrl
2010 162 12:09:32,CUrl
2010 162 15:02:37,CSendEmail
2010 162 16:53:18,CUrl
2010 162 18:11:00,DNologon
2010 165 09:03:00,Blogon
2010 165 10:56:16,BUrl
2010 165 12:17:43,CUrl
2010 165 15:15:18,CSendEmail
2010 165 15:20:04,CUrl
2010 165 18:02:37,DUrl
2010 165 18:13:00,DNologon
2010 166 08:50:00,Blogon
2010 166 08:57:28,BUrl
2010 166 12:58:52,CUrl
2010 166 17:57:43,CSendEmail
2010 166 17:59:00,CNologon
2010 167 09:07:00,Blogon
2010 167 09:24:07,BUrl
2010 167 12:46:44,CUrl
2010 167 15:07:30,CSendEmail
2010 167 15:42:28,CUrl
2010 167 18:02:18,DUrl
2010 167 18:06:00,DNologon
2010 168 09:05:00,Blogon
2010 168 09:11:10,BUrl
2010 168 12:17:58,CSendEmail
2010 168 13:30:22,CUrl
2010 168 17:53:00,CNologon
2010 169 09:02:00,Blogon
2010 169 09:08:01,BSendEmail
2010 169 09:15:37,BUrl
2010 169 12:45:43,CUrl
2010 169 17:53:00,CNologon
2010 172 08:45:00,Blogon
2010 172 08:54:55,BUrl
2010 172 12:09:44,CSendEmail
2010 172 14:17:45,CUrl
2010 172 18:01:48,DUrl
2010 172 18:09:00,DNologon
2010 173 08:58:00,Blogon
2010 173 10:05:20,BUrl
2010 173 13:06:55,CUrl
2010 173 14:23:47,CSendEmail
2010 173 15:07:53,CUrl
2010 173 18:12:00,DNologon
2010 174 08:53:00,Blogon
2010 174 09:24:41,BUrl
2010 174 10:30:48,BSendEmail
2010 174 12:15:41,CUrl
2010 174 17:58:00,CNologon
2010 175 09:06:00,Blogon
2010 175 09:42:06,BUrl
2010 175 14:04:34,CUrl
2010 175 17:42:45,CSendEmail
2010 175 18:07:16,DUrl
2010 175 18:14:00,DNologon
2010 176 09:00:00,Blogon
2010 176 09:42:40,BUrl
2010 176 10:19:08,BSendEmail
2010 176 11:21:24,BUrl
2010 176 13:26:37,CUrl
2010 176 18:13:00,DNologon
2010 179 09:00:00,Blogon
2010 179 09:06:50,BUrl
2010 179 12:21:04,CUrl
2010 179 15:35:31,CSendEmail
2010 179 15:41:33,CUrl
2010 179 18:01:00,DNologon
2010 180 09:02:00,Blogon
2010 180 09:18:06,BUrl
2010 180 13:17:44,CUrl
2010 180 13:26:19,CSendEmail
2010 180 15:29:38,CUrl
2010 180 17:52:00,CNologon
2010 181 09:09:00,Blogon
2010 181 11:31:16,BUrl
2010 181 12:09:22,CSendEmail
2010 181 16:12:04,CUrl
2010 181 17:52:00,CNologon
2010 182 08:56:00,Blogon
2010 182 09:27:05,BUrl
2010 182 14:02:35,CUrl
2010 182 18:02:08,DSendEmail
2010 182 18:02:29,DUrl
2010 182 18:04:00,DNologon
2010 183 08:57:00,Blogon
2010 183 08:58:33,BUrl
2010 183 12:16:27,CUrl
2010 183 16:29:30,CSendEmail
2010 183 17:02:34,CUrl
2010 183 18:13:33,DUrl
2010 183 18:15:00,DNologon
2010 187 08:52:00,Blogon
2010 187 09:38:42,BUrl
2010 187 12:23:17,CUrl
2010 187 16:25:08,CSendEmail
2010 187 16:33:52,CUrl
2010 187 18:00:00,DNologon
2010 188 09:09:00,Blogon
2010 188 09:46:53,BUrl
2010 188 12:46:59,CUrl
2010 188 12:52:26,CSendEmail
2010 188 14:15:05,CUrl
2010 188 17:54:00,CNologon
2010 189 08:52:00,Blogon
2010 189 09:11:11,BUrl
2010 189 15:55:56,CUrl
2010 189 17:33:49,CSendEmail
2010 189 17:50:00,CNologon
2010 190 09:07:00,Blogon
2010 190 10:51:02,BUrl
2010 190 12:36:09,CUrl
2010 190 16:08:20,CSendEmail
2010 190 16:11:13,CUrl
2010 190 17:52:00,CNologon
2010 193 09:01:00,Blogon
2010 193 09:02:18,BUrl
2010 193 09:42:18,BSendEmail
2010 193 10:01:18,BUrl
2010 193 12:41:29,CUrl
2010 193 17:54:00,CNologon
2010 194 09:02:00,Blogon
2010 194 09:11:44,BUrl
2010 194 12:13:43,CUrl
2010 194 14:31:50,CSendEmail
2010 194 14:39:31,CUrl
2010 194 18:04:00,DNologon
2010 195 09:06:00,Blogon
2010 195 09:24:58,BUrl
2010 195 09:33:47,BSendEmail
2010 195 10:11:25,BUrl
2010 195 12:43:22,CUrl
2010 195 17:55:00,CNologon
2010 196 09:00:00,Blogon
2010 196 09:02:23,BUrl
2010 196 14:42:28,CUrl
2010 196 17:50:28,CSendEmail
2010 196 17:55:00,CNologon
2010 197 09:08:00,Blogon
2010 197 10:19:41,BSendEmail
2010 197 10:21:28,BUrl
2010 197 12:33:21,CUrl
2010 197 17:52:00,CNologon
2010 200 09:08:00,Blogon
2010 200 09:22:50,BUrl
2010 200 14:59:03,CUrl
2010 200 14:59:04,CSendEmail
2010 200 15:59:09,CUrl
2010 200 17:51:00,CNologon
2010 201 09:07:00,Blogon
2010 201 09:13:27,BUrl
2010 201 12:09:07,CUrl
2010 201 14:10:28,CSendEmail
2010 201 16:24:17,CUrl
2010 201 17:54:00,CNologon
2010 202 09:07:00,Blogon
2010 202 09:14:16,BUrl
2010 202 12:22:33,CSendEmail
2010 202 13:30:26,CUrl
2010 202 18:10:00,DNologon
2010 203 08:47:00,Blogon
2010 203 08:49:01,BUrl
2010 203 13:29:06,CUrl
2010 203 18:03:54,DSendEmail
2010 203 18:09:00,DNologon
2010 204 09:02:00,Blogon
2010 204 09:36:15,BUrl
2010 204 11:41:22,BSendEmail
2010 204 12:43:56,CUrl
2010 204 17:52:00,CNologon
2010 207 09:04:00,Blogon
2010 207 09:10:05,BUrl
2010 207 13:32:17,CUrl
2010 207 13:53:24,CSendEmail
2010 207 15:19:31,CUrl
2010 207 18:00:00,DNologon
2010 208 09:01:00,Blogon
2010 208 09:02:49,BUrl
2010 208 13:57:41,CUrl
2010 208 15:25:06,CSendEmail
2010 208 15:38:25,CUrl
2010 208 17:55:00,CNologon
2010 209 09:05:00,Blogon
2010 209 09:19:40,BUrl
2010 209 10:39:32,BSendEmail
2010 209 11:01:18,BUrl
2010 209 12:37:16,CUrl
2010 209 18:00:00,DNologon
2010 210 09:10:00,Blogon
2010 210 09:27:38,BUrl
2010 210 12:10:22,CUrl
2010 210 14:30:54,CSendEmail
2010 210 14:39:32,CUrl
2010 210 17:50:00,CNologon
2010 211 09:07:00,Blogon
2010 211 09:23:58,BUrl
2010 211 12:19:14,CUrl
2010 211 16:29:15,CSendEmail
2010 211 16:58:30,CUrl
2010 211 17:59:00,CNologon
2010 214 08:59:00,Blogon
2010 214 10:38:06,BUrl
2010 214 11:57:47,BSendEmail
2010 214 12:04:20,CUrl
2010 214 18:14:00,DNologon
2010 215 09:08:00,Blogon
2010 215 09:10:44,BUrl
2010 215 11:47:08,BSendEmail
2010 215 12:16:46,CUrl
2010 215 18:00:00,DNologon
2010 216 08:51:00,Blogon
2010 216 08:54:41,BUrl
2010 216 12:05:57,CSendEmail
2010 216 13:18:36,CUrl
2010 216 18:11:00,DNologon
2010 217 09:09:00,Blogon
2010 217 09:12:54,BUrl
2010 217 09:32:41,BSendEmail
2010 217 10:03:55,BUrl
2010 217 13:58:32,CUrl
2010 217 17:50:00,CNologon
2010 218 09:01:00,Blogon
2010 218 09:40:37,BUrl
2010 218 13:27:34,CUrl
2010 218 14:16:33,CSendEmail
2010 218 14:17:27,CUrl
2010 218 17:54:00,CNologon
2010 221 09:00:00,Blogon
2010 221 09:06:32,BUrl
2010 221 12:56:17,CUrl
2010 221 18:00:00,DNologon
2010 222 08:52:00,Blogon
2010 222 09:04:58,BUrl
2010 222 12:36:50,CUrl
2010 222 16:19:55,CSendEmail
2010 222 18:12:00,DNologon
2010 223 09:08:00,Blogon
2010 223 09:24:29,BUrl
2010 223 12:01:35,CUrl
2010 223 16:30:55,CSendEmail
2010 223 17:43:56,CUrl
2010 223 18:08:00,DNologon
2010 224 08:58:00,Blogon
2010 224 09:18:56,BSendEmail
2010 224 09:49:46,BUrl
2010 224 13:09:24,CUrl
2010 224 18:06:00,DNologon
2010 225 09:06:00,Blogon
2010 225 09:22:29,BSendEmail
2010 225 09:51:45,BUrl
2010 225 12:11:20,CUrl
2010 225 17:55:00,CNologon
2010 228 09:00:00,Blogon
2010 228 09:46:51,BUrl
2010 228 12:48:37,CUrl
2010 228 17:35:13,CSendEmail
2010 228 17:36:24,CUrl
2010 228 17:59:00,CNologon
2010 229 08:52:00,Blogon
2010 229 09:09:10,BUrl
2010 229 10:56:47,BSendEmail
2010 229 12:02:08,CUrl
2010 229 17:58:00,CNologon
2010 230 08:56:00,Blogon
2010 230 09:04:25,BUrl
2010 230 12:40:14,CSendEmail
2010 230 14:28:45,CUrl
2010 230 18:03:42,DUrl
2010 230 18:06:00,DNologon
2010 231 08:45:00,Blogon
2010 231 08:48:36,BUrl
2010 231 13:21:36,CUrl
2010 231 16:18:19,CSendEmail
2010 231 18:06:00,DNologon
2010 232 09:07:00,Blogon
2010 232 09:45:37,BUrl
2010 232 12:08:14,CSendEmail
2010 232 12:08:48,CUrl
2010 232 17:52:00,CNologon
2010 235 08:49:00,Blogon
2010 235 09:05:53,BUrl
2010 235 09:16:14,BSendEmail
2010 235 11:18:40,BUrl
2010 235 13:04:05,CUrl
2010 235 18:01:33,DUrl
2010 235 18:07:00,DNologon
2010 236 09:06:00,Blogon
2010 236 09:13:06,BUrl
2010 236 12:50:11,CUrl
2010 236 14:31:09,CSendEmail
2010 236 14:43:03,CUrl
2010 236 17:50:00,CNologon
2010 237 09:05:00,Blogon
2010 237 09:49:48,BUrl
2010 237 12:25:18,CUrl
2010 237 14:59:23,CSendEmail
2010 237 16:12:30,CUrl
2010 237 18:10:00,DNologon
2010 238 09:00:00,Blogon
2010 238 09:32:09,BUrl
2010 238 12:15:14,CSendEmail
2010 238 12:16:42,CUrl
2010 238 17:52:00,CNologon
2010 239 08:52:00,Blogon
2010 239 09:12:15,BUrl
2010 239 12:36:23,CSendEmail
2010 239 14:37:32,CUrl
2010 239 17:51:00,CNologon
2010 242 09:01:00,Blogon
2010 242 09:04:55,BUrl
2010 242 12:30:28,CUrl
2010 242 16:07:59,CSendEmail
2010 242 16:44:10,CUrl
2010 242 17:59:00,CNologon
2010 243 09:10:00,Blogon
2010 243 09:15:52,BUrl
2010 243 12:24:14,CUrl
2010 243 15:28:34,CSendEmail
2010 243 15:42:47,CUrl
2010 243 17:52:00,CNologon
2010 244 09:10:00,Blogon
2010 244 09:50:36,BUrl
2010 244 09:58:52,BSendEmail
2010 244 10:33:56,BUrl
2010 244 13:47:16,CUrl
2010 244 18:00:00,DNologon
2010 245 08:48:00,Blogon
2010 245 08:59:42,BUrl
2010 245 12:12:26,CUrl
2010 245 17:07:31,CSendEmail
2010 245 17:49:39,CUrl
2010 245 18:00:00,DNologon
2010 246 08:46:00,Blogon
2010 246 08:52:27,BUrl
2010 246 12:50:00,CUrl
2010 246 17:35:21,CSendEmail
2010 246 17:58:23,CUrl
2010 246 18:04:00,DNologon
2010 250 08:50:00,Blogon
2010 250 10:40:03,BUrl
2010 250 12:19:50,CSendEmail
2010 250 12:34:53,CUrl
2010 250 18:05:00,DNologon
2010 251 09:08:00,Blogon
2010 251 09:17:59,BUrl
2010 251 13:55:45,CUrl
2010 251 14:39:52,CSendEmail
2010 251 16:07:54,CUrl
2010 251 17:56:00,CNologon
2010 252 08:55:00,Blogon
2010 252 09:00:03,BUrl
2010 252 12:36:01,CUrl
2010 252 17:31:38,CSendEmail
2010 252 17:43:48,CUrl
2010 252 18:14:00,DNologon
2010 253 09:04:00,Blogon
2010 253 09:32:39,BUrl
2010 253 14:37:41,CUrl
2010 253 16:41:21,CSendEmail
2010 253 16:47:01,CUrl
2010 253 17:56:00,CNologon
2010 256 08:50:00,Blogon
2010 256 09:08:37,BUrl
2010 256 13:06:15,CUrl
2010 256 13:08:24,CSendEmail
2010 256 16:58:49,CUrl
2010 256 18:02:11,DUrl
2010 256 18:08:00,DNologon
2010 257 08:58:00,Blogon
2010 257 09:47:04,BUrl
2010 257 12:04:32,CUrl
2010 257 17:05:38,CSendEmail
2010 257 18:13:00,DNologon
2010 258 08:54:00,Blogon
2010 258 09:13:13,BUrl
2010 258 12:13:11,CUrl
2010 258 15:32:15,CSendEmail
2010 258 17:46:40,CUrl
2010 258 18:03:00,DNologon
2010 259 09:08:00,Blogon
2010 259 09:27:20,BUrl
2010 259 13:27:56,CUrl
2010 259 17:27:48,CSendEmail
2010 259 17:47:14,CUrl
2010 259 17:53:00,CNologon
2010 260 08:59:00,Blogon
2010 260 09:44:18,BUrl
2010 260 13:55:39,CUrl
2010 260 17:35:41,CSendEmail
2010 260 17:56:00,CNologon
2010 263 08:45:00,Blogon
2010 263 09:16:18,BUrl
2010 263 13:02:01,CUrl
2010 263 17:17:12,CSendEmail
2010 263 18:01:00,DNologon
2010 264 09:00:00,Blogon
2010 264 09:04:54,BUrl
2010 264 12:15:12,CUrl
2010 264 16:16:24,CSendEmail
2010 264 16:17:42,CUrl
2010 264 18:11:00,DNologon
2010 265 09:01:00,Blogon
2010 265 09:21:51,BUrl
2010 265 13:24:38,CUrl
2010 265 17:53:10,CSendEmail
2010 265 17:54:40,CUrl
2010 265 18:02:00,DNologon
2010 266 09:00:00,Blogon
2010 266 11:04:42,BUrl
2010 266 12:11:57,CUrl
2010 266 17:37:27,CSendEmail
2010 266 17:55:00,CNologon
2010 267 09:01:00,Blogon
2010 267 09:02:35,BUrl
2010 267 13:40:04,CUrl
2010 267 15:11:15,CSendEmail
2010 267 15:43:43,CUrl
2010 267 17:51:00,CNologon
2010 270 08:53:00,Blogon
2010 270 09:10:44,BUrl
2010 270 13:06:59,CUrl
2010 270 17:22:44,CSendEmail
2010 270 17:32:41,CUrl
2010 270 17:53:00,CNologon
2010 271 08:57:00,Blogon
2010 271 09:54:26,BUrl
2010 271 13:47:29,CUrl
2010 271 15:25:14,CSendEmail
2010 271 15:33:00,CUrl
2010 271 18:03:00,DNologon
2010 272 08:53:00,Blogon
2010 272 10:01:25,BUrl
2010 272 12:09:09,CUrl
2010 272 13:53:10,CSendEmail
2010 272 14:35:58,CUrl
2010 272 18:08:00,DNologon
2010 273 08:57:00,Blogon
2010 273 10:10:45,BUrl
2010 273 12:37:16,CUrl
2010 273 13:25:53,CSendEmail
2010 273 14:22:27,CUrl
2010 273 17:54:00,CNologon
2010 274 08:45:00,Blogon
2010 274 08:58:08,BUrl
2010 274 10:40:57,BSendEmail
2010 274 13:22:39,CUrl
2010 274 18:02:00,DNologon
2010 277 08:52:00,Blogon
2010 277 08:54:46,BUrl
2010 277 12:41:56,CUrl
2010 277 17:57:34,CSendEmail
2010 277 18:04:00,DNologon
2010 278 08:46:00,Blogon
2010 278 08:57:55,BUrl
2010 278 10:30:17,BSendEmail
2010 278 11:10:30,BUrl
2010 278 13:02:04,CUrl
2010 278 18:09:00,DNologon
2010 279 09:06:00,Blogon
2010 279 09:48:24,BUrl
2010 279 12:34:29,CUrl
2010 279 15:54:29,CSendEmail
2010 279 16:04:54,CUrl
2010 279 17:55:00,CNologon
2010 280 08:55:00,Blogon
2010 280 09:03:06,BUrl
2010 280 11:48:30,BSendEmail
2010 280 14:39:26,CUrl
2010 280 18:11:00,DNologon
2010 281 09:10:00,Blogon
2010 281 10:03:57,BUrl
2010 281 11:15:16,BSendEmail
2010 281 11:37:15,BUrl
2010 281 12:21:12,CUrl
2010 281 17:55:00,CNologon
2010 284 09:01:00,Blogon
2010 284 09:03:43,BUrl
2010 284 09:14:16,BSendEmail
2010 284 09:41:05,BUrl
2010 284 13:57:16,CUrl
2010 284 17:51:00,CNologon
2010 285 09:03:00,Blogon
2010 285 09:24:36,BUrl
2010 285 10:44:08,BSendEmail
2010 285 12:37:03,CUrl
2010 285 17:57:00,CNologon
2010 286 09:03:00,Blogon
2010 286 12:14:30,CUrl
2010 286 18:10:00,DNologon
2010 287 08:59:00,Blogon
2010 287 09:32:30,BUrl
2010 287 10:29:25,BSendEmail
2010 287 15:37:06,CUrl
2010 287 18:04:00,DNologon
2010 288 09:03:00,Blogon
2010 288 10:44:09,BUrl
2010 288 12:21:29,CUrl
2010 288 13:27:28,CSendEmail
2010 288 13:59:09,CUrl
2010 288 18:03:37,DUrl
2010 288 18:05:00,DNologon
2010 291 08:51:00,Blogon
2010 291 09:03:08,BUrl
2010 291 09:09:38,BSendEmail
2010 291 09:49:31,BUrl
2010 291 12:01:02,CUrl
2010 291 18:04:57,DUrl
2010 291 18:09:00,DNologon
2010 292 08:59:00,Blogon
2010 292 09:35:24,BUrl
2010 292 12:12:31,CUrl
2010 292 14:13:24,CSendEmail
2010 292 15:57:13,CUrl
2010 292 18:00:10,DUrl
2010 292 18:13:00,DNologon
2010 293 08:47:00,Blogon
2010 293 09:42:53,BUrl
2010 293 12:14:24,CUrl
2010 293 12:35:31,CSendEmail
2010 293 12:41:24,CUrl
2010 293 18:04:59,DUrl
2010 293 18:14:00,DNologon
2010 294 09:01:00,Blogon
2010 294 09:02:38,BUrl
2010 294 12:03:20,CUrl
2010 294 15:48:44,CSendEmail
2010 294 16:04:29,CUrl
2010 294 17:50:00,CNologon
2010 295 09:07:00,Blogon
2010 295 09:33:57,BUrl
2010 295 11:40:40,BSendEmail
2010 295 12:22:27,CUrl
2010 295 18:00:00,DNologon
2010 298 09:04:00,Blogon
2010 298 09:08:06,BUrl
2010 298 14:29:54,CUrl
2010 298 15:25:42,CSendEmail
2010 298 17:12:50,CUrl
2010 298 17:55:00,CNologon
2010 299 08:45:00,Blogon
2010 299 08:50:05,BUrl
2010 299 12:03:50,CUrl
2010 299 15:42:02,CSendEmail
2010 299 17:08:27,CUrl
2010 299 18:07:00,DNologon
2010 300 09:00:00,Blogon
2010 300 09:44:41,BSendEmail
2010 300 09:54:35,BUrl
2010 300 12:26:56,CUrl
2010 300 18:11:00,DNologon
2010 301 08:52:00,Blogon
2010 301 08:55:35,BUrl
2010 301 10:00:57,BSendEmail
2010 301 10:23:15,BUrl
2010 301 12:44:35,CUrl
2010 301 18:11:00,DNologon
2010 302 08:46:00,Blogon
2010 302 08:48:23,BUrl
2010 302 12:27:14,CUrl
2010 302 16:04:33,CSendEmail
2010 302 16:33:49,CUrl
2010 302 17:53:00,CNologon
2010 305 09:07:00,Blogon
2010 305 09:38:47,BUrl
2010 305 10:48:43,BSendEmail
2010 305 10:52:51,BUrl
2010 305 12:16:20,CUrl
2010 305 17:58:00,CNologon
2010 306 08:52:00,Blogon
2010 306 09:09:19,BUrl
2010 306 11:03:02,BSendEmail
2010 306 12:18:34,CUrl
2010 306 18:12:00,DNologon
2010 307 09:03:00,Blogon
2010 307 09:45:08,BUrl
2010 307 13:11:26,CUrl
2010 307 17:55:00,CNologon
2010 308 09:07:00,Blogon
2010 308 09:30:35,BUrl
2010 308 10:57:25,BSendEmail
2010 308 11:06:22,BUrl
2010 308 12:47:22,CUrl
2010 308 17:51:00,CNologon
2010 309 09:00:00,Blogon
2010 309 09:04:45,BUrl
2010 309 10:57:42,BSendEmail
2010 309 11:23:14,BUrl
2010 309 13:59:38,CUrl
2010 309 18:04:00,DNologon
2010 312 08:45:00,Blogon
2010 312 09:01:30,BUrl
2010 312 11:49:48,BSendEmail
2010 312 12:10:08,CUrl
2010 312 18:03:00,DNologon
2010 313 09:06:00,Blogon
2010 313 11:17:19,BUrl
2010 313 12:31:15,CUrl
2010 313 16:23:42,CSendEmail
2010 313 16:29:01,CUrl
2010 313 17:55:00,CNologon
2010 314 08:50:00,Blogon
2010 314 09:00:23,BUrl
2010 314 09:43:12,BSendEmail
2010 314 12:09:55,CUrl
2010 314 17:51:00,CNologon
2010 315 08:54:00,Blogon
2010 315 09:05:11,BUrl
2010 315 10:20:12,BSendEmail
2010 315 12:26:54,CUrl
2010 315 18:01:00,DNologon
2010 316 09:03:00,Blogon
2010 316 09:04:24,BUrl
2010 316 12:09:42,CUrl
2010 316 13:44:32,CSendEmail
2010 316 13:53:36,CUrl
2010 316 18:07:00,DNologon
2010 319 09:08:00,Blogon
2010 319 09:25:32,BUrl
2010 319 13:03:12,CUrl
2010 319 14:11:10,CSendEmail
2010 319 14:43:48,CUrl
2010 319 17:57:00,CNologon
2010 320 08:45:00,Blogon
2010 320 09:23:11,BSendEmail
2010 320 09:41:45,BUrl
2010 320 13:54:37,CUrl
2010 320 18:14:00,DNologon
2010 321 08:54:00,Blogon
2010 321 09:10:37,BUrl
2010 321 09:16:41,BSendEmail
2010 321 09:31:28,BUrl
2010 321 14:39:13,CUrl
2010 321 18:15:00,DNologon
2010 322 08:54:00,Blogon
2010 322 09:31:38,BUrl
2010 322 12:55:43,CUrl
2010 322 16:35:05,CSendEmail
2010 322 17:59:44,CUrl
2010 322 18:12:00,DNologon
2010 323 09:03:00,Blogon
2010 323 09:20:48,BUrl
2010 323 09:43:46,BSendEmail
2010 323 10:04:09,BUrl
2010 323 14:06:15,CUrl
2010 323 17:56:00,CNologon
2010 326 08:46:00,Blogon
2010 326 09:16:21,BUrl
2010 326 14:23:41,CUrl
2010 326 17:48:05,CSendEmail
2010 326 18:02:00,DNologon
2010 327 08:46:00,Blogon
2010 327 08:54:37,BUrl
2010 327 12:13:51,CUrl
2010 327 14:52:37,CSendEmail
2010 327 15:49:07,CUrl
2010 327 18:12:00,DNologon
2010 328 08:56:00,Blogon
2010 328 09:40:23,BUrl
2010 328 12:10:23,CUrl
2010 328 15:10:25,CSendEmail
2010 328 16:09:03,CUrl
2010 328 18:12:00,DNologon
2010 333 09:04:00,Blogon
2010 333 09:45:36,BUrl
2010 333 10:47:47,BSendEmail
2010 333 11:25:19,BUrl
2010 333 12:13:17,CUrl
2010 333 17:56:00,CNologon
2010 334 09:08:00,Blogon
2010 334 09:24:31,BUrl
2010 334 10:15:27,BSendEmail
2010 334 10:29:44,BUrl
2010 334 15:01:38,CUrl
2010 334 17:51:00,CNologon
2010 335 09:01:00,Blogon
2010 335 09:04:58,BUrl
2010 335 13:53:28,CUrl
2010 335 16:18:41,CSendEmail
2010 335 16:35:31,CUrl
2010 335 17:51:00,CNologon
2010 336 08:45:00,Blogon
2010 336 09:14:23,BUrl
2010 336 09:43:05,BSendEmail
2010 336 09:49:51,BUrl
2010 336 14:41:36,CUrl
2010 336 17:51:00,CNologon
2010 337 08:59:00,Blogon
2010 337 09:13:53,BSendEmail
2010 337 09:31:12,BUrl
2010 337 13:18:53,CUrl
2010 337 18:04:00,DNologon
2010 340 08:56:00,Blogon
2010 340 09:05:24,BUrl
2010 340 12:13:25,CUrl
2010 340 13:31:54,CSendEmail
2010 340 13:48:49,CUrl
2010 340 18:01:08,DUrl
2010 340 18:11:00,DNologon
2010 341 09:09:00,Blogon
2010 341 09:44:42,BUrl
2010 341 12:24:42,CUrl
2010 341 16:54:57,CSendEmail
2010 341 17:01:52,CUrl
2010 341 17:58:00,CNologon
2010 342 08:48:00,Blogon
2010 342 09:12:36,BUrl
2010 342 11:18:36,BSendEmail
2010 342 11:54:05,BUrl
2010 342 12:43:14,CUrl
2010 342 18:01:00,DNologon
2010 343 08:49:00,Blogon
2010 343 10:27:18,BUrl
2010 343 12:38:36,CUrl
2010 343 12:38:40,CSendEmail
2010 343 13:04:59,CUrl
2010 343 17:55:00,CNologon
2010 344 09:10:00,Blogon
2010 344 09:23:03,BUrl
2010 344 12:09:03,CUrl
2010 344 16:00:15,CSendEmail
2010 344 17:31:58,CUrl
2010 344 18:12:00,DNologon
2010 347 09:03:00,Blogon
2010 347 10:20:43,BUrl
2010 347 10:38:51,BSendEmail
2010 347 10:51:38,BUrl
2010 347 13:36:21,CUrl
2010 347 18:14:00,DNologon
2010 348 09:03:00,Blogon
2010 348 09:05:01,BUrl
2010 348 12:14:05,CUrl
2010 348 12:41:43,CSendEmail
2010 348 12:53:41,CUrl
2010 348 18:01:00,DNologon
2010 349 09:09:00,Blogon
2010 349 09:20:16,BUrl
2010 349 12:44:09,CSendEmail
2010 349 13:09:11,CUrl
2010 349 17:53:00,CNologon
2010 350 09:04:00,Blogon
2010 350 09:16:16,BUrl
2010 350 09:36:33,BSendEmail
2010 350 09:58:39,BUrl
2010 350 12:05:49,CUrl
2010 350 17:54:00,CNologon
2010 351 09:00:00,Blogon
2010 351 09:15:05,BUrl
2010 351 12:56:10,CSendEmail
2010 351 13:59:50,CUrl
2010 351 17:52:00,CNologon
2010 354 08:48:00,Blogon
2010 354 09:15:38,BUrl
2010 354 12:32:03,CUrl
2010 354 16:44:58,CSendEmail
2010 354 16:46:26,CUrl
2010 354 17:54:00,CNologon
2010 355 09:07:00,Blogon
2010 355 09:12:35,BUrl
2010 355 12:30:13,CUrl
2010 355 16:21:06,CSendEmail
2010 355 16:23:03,CUrl
2010 355 18:07:00,DNologon
2010 356 09:04:00,Blogon
2010 356 09:47:05,BUrl
2010 356 12:55:13,CUrl
2010 356 16:18:55,CSendEmail
2010 356 16:20:54,CUrl
2010 356 17:55:00,CNologon
2010 361 09:01:00,Blogon
2010 361 09:08:54,BUrl
2010 361 12:50:30,CUrl
2010 361 16:05:05,CSendEmail
2010 361 16:16:48,CUrl
2010 361 17:52:00,CNologon
2010 362 08:50:00,Blogon
2010 362 08:52:49,BUrl
2010 362 12:16:59,CUrl
2010 362 16:24:50,CSendEmail
2010 362 17:00:40,CUrl
2010 362 18:00:00,DNologon
2010 363 09:00:00,Blogon
2010 363 10:48:26,BUrl
2010 363 12:07:12,CUrl
2010 363 15:57:29,CSendEmail
2010 363 17:06:34,CUrl
2010 363 17:52:00,CNologon
2010 364 09:06:00,Blogon
2010 364 09:23:50,BUrl
2010 364 13:22:13,CSendEmail
2010 364 13:43:11,CUrl
2010 364 17:53:00,CNologon
2011 003 08:45:00,Blogon
2011 003 09:14:46,BUrl
2011 003 12:38:57,CUrl
2011 003 14:01:21,CSendEmail
2011 003 14:04:34,CUrl
2011 003 17:50:00,CNologon
2011 004 09:06:00,Blogon
2011 004 09:24:55,BUrl
2011 004 12:00:48,CSendEmail
2011 004 12:03:20,CUrl
2011 004 17:50:00,CNologon
2011 005 09:05:00,Blogon
2011 005 09:16:14,BUrl
2011 005 11:12:55,BSendEmail
2011 005 11:34:35,BUrl
2011 005 14:46:46,CUrl
2011 005 17:54:00,CNologon
2011 006 09:01:00,Blogon
2011 006 09:08:19,BUrl
2011 006 12:04:47,CUrl
2011 006 15:36:12,CSendEmail
2011 006 17:01:31,CUrl
2011 006 17:55:00,CNologon
2011 007 08:48:00,Blogon
2011 007 08:57:43,BSendEmail
2011 007 09:09:40,BUrl
2011 007 12:01:41,CUrl
2011 007 18:05:00,DNologon
2011 010 09:02:00,Blogon
2011 010 09:07:42,BUrl
2011 010 13:59:00,CSendEmail
2011 010 14:06:48,CUrl
2011 010 17:59:00,CNologon
2011 011 09:00:00,Blogon
2011 011 09:20:14,BUrl
2011 011 12:15:13,CUrl
2011 011 12:39:00,CSendEmail
2011 011 17:23:44,CUrl
2011 011 17:56:00,CNologon
2011 012 09:01:00,Blogon
2011 012 09:10:30,BUrl
2011 012 12:03:33,CUrl
2011 012 17:30:02,CSendEmail
2011 012 17:56:00,CNologon
2011 013 09:04:00,Blogon
2011 013 09:33:16,BUrl
2011 013 14:01:01,CUrl
2011 013 18:06:11,DSendEmail
2011 013 18:12:00,DNologon
2011 014 09:09:00,Blogon
2011 014 09:12:00,BUrl
2011 014 11:42:06,BSendEmail
2011 014 12:16:34,CUrl
2011 014 17:50:00,CNologon
2011 017 09:05:00,Blogon
2011 017 09:11:19,BUrl
2011 017 10:37:32,BSendEmail
2011 017 11:38:07,BUrl
2011 017 13:26:13,CUrl
2011 017 18:04:06,DUrl
2011 017 18:11:00,DNologon
2011 018 08:56:00,Blogon
2011 018 09:13:24,BUrl
2011 018 09:15:27,BSendEmail
2011 018 09:48:47,BUrl
2011 018 12:09:19,CUrl
2011 018 18:12:00,DNologon
2011 019 09:00:00,Blogon
2011 019 09:06:19,BUrl
2011 019 15:21:31,CUrl
2011 019 17:52:29,CSendEmail
2011 019 18:00:00,DNologon
2011 020 08:45:00,Blogon
2011 020 09:04:43,BUrl
2011 020 12:26:30,CUrl
2011 020 17:07:36,CSendEmail
2011 020 17:11:49,CUrl
2011 020 18:14:00,DNologon
2011 021 09:07:00,Blogon
2011 021 10:31:44,BUrl
2011 021 13:40:41,CUrl
2011 021 15:45:23,CSendEmail
2011 021 16:05:10,CUrl
2011 021 17:50:00,CNologon
2011 024 08:50:00,Blogon
2011 024 09:01:59,BSendEmail
2011 024 09:07:00,BUrl
2011 024 12:37:37,CUrl
2011 024 17:53:00,CNologon
2011 025 09:04:00,Blogon
2011 025 09:08:50,BUrl
2011 025 12:14:38,CUrl
2011 025 14:41:41,CSendEmail
2011 025 15:23:04,CUrl
2011 025 17:53:00,CNologon
2011 026 09:10:00,Blogon
2011 026 09:25:57,BUrl
2011 026 10:42:10,BSendEmail
2011 026 11:00:08,BUrl
2011 026 12:20:31,CUrl
2011 026 17:52:00,CNologon
2011 027 09:00:00,Blogon
2011 027 09:59:04,BUrl
2011 027 12:54:27,CUrl
2011 027 14:11:18,CSendEmail
2011 027 14:17:39,CUrl
2011 027 17:57:00,CNologon
2011 028 09:06:00,Blogon
2011 028 09:23:08,BUrl
2011 028 10:46:49,BSendEmail
2011 028 11:35:32,BUrl
2011 028 12:45:35,CUrl
2011 028 17:52:00,CNologon
2011 031 09:00:00,Blogon
2011 031 09:12:40,BUrl
2011 031 12:10:55,CUrl
2011 031 17:55:00,CNologon
2011 032 09:09:00,Blogon
2011 032 09:29:13,BUrl
2011 032 12:56:54,CUrl
2011 032 14:11:29,CSendEmail
2011 032 16:34:11,CUrl
2011 032 18:14:00,DNologon
2011 033 08:51:00,Blogon
2011 033 08:54:32,BUrl
2011 033 12:24:11,CUrl
2011 033 14:30:36,CSendEmail
2011 033 14:50:38,CUrl
2011 033 18:12:00,DNologon
2011 034 09:02:00,Blogon
2011 034 09:38:08,BUrl
2011 034 12:28:05,CUrl
2011 034 15:40:38,CSendEmail
2011 034 16:06:16,CUrl
2011 034 18:03:00,DNologon
2011 035 08:49:00,Blogon
2011 035 08:50:26,BSendEmail
2011 035 08:54:13,BUrl
2011 035 13:09:46,CUrl
2011 035 18:04:26,DUrl
2011 035 18:10:00,DNologon
2011 038 08:49:00,Blogon
2011 038 09:09:53,BUrl
2011 038 13:45:49,CUrl
2011 038 17:13:37,CSendEmail
2011 038 17:45:27,CUrl
2011 038 18:04:00,DNologon
2011 039 08:52:00,Blogon
2011 039 09:08:36,BUrl
2011 039 12:24:33,CUrl
2011 039 17:21:54,CSendEmail
2011 039 17:34:02,CUrl
2011 039 18:09:00,DNologon
2011 040 09:01:00,Blogon
2011 040 09:45:41,BUrl
2011 040 11:01:05,BSendEmail
2011 040 11:13:26,BUrl
2011 040 12:20:20,CUrl
2011 040 17:59:00,CNologon
2011 041 08:57:00,Blogon
2011 041 08:58:13,BUrl
2011 041 09:22:08,BSendEmail
2011 041 11:08:22,BUrl
2011 041 12:57:44,CUrl
2011 041 18:00:00,DNologon
2011 042 09:05:00,Blogon
2011 042 09:21:13,BUrl
2011 042 12:26:38,CUrl
2011 042 17:58:00,CNologon
2011 045 08:59:00,Blogon
2011 045 09:45:37,BUrl
2011 045 12:45:18,CUrl
2011 045 17:29:40,CSendEmail
2011 045 17:29:54,CUrl
2011 045 18:09:00,DNologon
2011 046 08:47:00,Blogon
2011 046 09:38:06,BUrl
2011 046 13:01:58,CUrl
2011 046 16:20:36,CSendEmail
2011 046 17:09:01,CUrl
2011 046 18:13:00,DNologon
2011 047 09:06:00,Blogon
2011 047 09:31:59,BUrl
2011 047 12:12:49,CUrl
2011 047 13:11:04,CSendEmail
2011 047 13:11:55,CUrl
2011 047 17:50:00,CNologon
2011 048 09:06:00,Blogon
2011 048 11:30:57,BUrl
2011 048 16:34:34,CUrl
2011 048 16:36:30,CSendEmail
2011 048 16:36:38,CUrl
2011 048 17:58:00,CNologon
2011 049 09:00:00,Blogon
2011 049 09:10:27,BUrl
2011 049 09:48:09,BSendEmail
2011 049 10:10:47,BUrl
2011 049 13:12:38,CUrl
2011 049 17:53:00,CNologon
2011 052 09:06:00,Blogon
2011 052 09:07:19,BUrl
2011 052 10:05:28,BSendEmail
2011 052 11:39:38,BUrl
2011 052 12:02:52,CUrl
2011 052 18:15:00,DNologon
2011 053 09:02:00,Blogon
2011 053 09:29:35,BUrl
2011 053 14:21:44,CUrl
2011 053 16:51:40,CSendEmail
2011 053 17:34:27,CUrl
2011 053 17:59:00,CNologon
2011 054 09:01:00,Blogon
2011 054 11:06:44,BUrl
2011 054 12:05:06,CUrl
2011 054 12:46:16,CSendEmail
2011 054 12:52:15,CUrl
2011 054 17:55:00,CNologon
2011 055 09:00:00,Blogon
2011 055 09:07:11,BUrl
2011 055 12:51:21,CUrl
2011 055 17:41:13,CSendEmail
2011 055 17:57:00,CNologon
2011 056 09:00:00,Blogon
2011 056 09:27:47,BUrl
2011 056 12:48:51,CUrl
2011 056 13:07:00,CSendEmail
2011 056 13:45:27,CUrl
2011 056 17:52:00,CNologon
2011 059 09:08:00,Blogon
2011 059 10:41:57,BUrl
2011 059 11:15:39,BSendEmail
2011 059 11:41:54,BUrl
2011 059 12:59:51,CUrl
2011 059 17:53:00,CNologon
2011 060 09:08:00,Blogon
2011 060 09:11:32,BUrl
2011 060 12:10:54,CUrl
2011 060 15:26:36,CSendEmail
2011 060 17:48:07,CUrl
2011 060 17:51:00,CNologon
2011 061 09:06:00,Blogon
2011 061 10:00:34,BUrl
2011 061 12:07:10,CUrl
2011 061 14:30:41,CSendEmail
2011 061 15:24:38,CUrl
2011 061 17:57:00,CNologon
2011 062 09:02:00,Blogon
2011 062 09:36:34,BUrl
2011 062 10:06:39,BSendEmail
2011 062 10:48:51,BUrl
2011 062 12:56:03,CUrl
2011 062 17:55:00,CNologon
2011 063 09:01:00,Blogon
2011 063 09:31:07,BUrl
2011 063 09:53:52,BSendEmail
2011 063 10:01:25,BUrl
2011 063 14:21:42,CUrl
2011 063 17:50:00,CNologon
2011 066 08:57:00,Blogon
2011 066 09:14:01,BUrl
2011 066 12:14:35,CSendEmail
2011 066 12:31:46,CUrl
2011 066 18:09:33,DUrl
2011 066 18:13:00,DNologon
2011 067 09:08:00,Blogon
2011 067 09:13:47,BUrl
2011 067 12:06:53,CUrl
2011 067 12:21:08,CSendEmail
2011 067 13:31:23,CUrl
2011 067 17:56:00,CNologon
2011 068 09:09:00,Blogon
2011 068 09:22:14,BUrl
2011 068 12:23:44,CUrl
2011 068 17:28:21,CSendEmail
2011 068 17:44:59,CUrl
2011 068 17:52:00,CNologon
2011 069 09:02:00,Blogon
2011 069 09:05:35,BUrl
2011 069 09:42:16,BSendEmail
2011 069 09:50:45,BUrl
2011 069 12:48:38,CUrl
2011 069 17:51:00,CNologon
2011 070 08:50:00,Blogon
2011 070 08:57:40,BUrl
2011 070 13:21:04,CSendEmail
2011 070 13:36:39,CUrl
2011 070 18:09:00,DNologon
2011 073 09:09:00,Blogon
2011 073 09:14:11,BUrl
2011 073 12:16:35,CUrl
2011 073 16:02:01,CSendEmail
2011 073 16:02:16,CUrl
2011 073 17:53:00,CNologon
2011 074 08:48:00,Blogon
2011 074 10:26:58,BUrl
2011 074 12:17:42,CUrl
2011 074 13:38:16,CSendEmail
2011 074 14:09:58,CUrl
2011 074 18:01:24,DUrl
2011 074 18:13:00,DNologon
2011 075 09:05:00,Blogon
2011 075 09:10:19,BUrl
2011 075 11:30:06,BSendEmail
2011 075 11:36:22,BUrl
2011 075 13:23:22,CUrl
2011 075 17:51:00,CNologon
2011 076 08:46:00,Blogon
2011 076 09:21:36,BUrl
2011 076 09:48:57,BSendEmail
2011 076 10:41:30,BUrl
2011 076 13:03:24,CUrl
2011 076 18:01:00,DNologon
2011 077 09:05:00,Blogon
2011 077 09:34:08,BUrl
2011 077 12:02:18,CUrl
2011 077 14:34:57,CSendEmail
2011 077 15:16:01,CUrl
2011 077 18:00:00,DNologon
2011 080 09:02:00,Blogon
2011 080 09:18:08,BUrl
2011 080 13:08:15,CSendEmail
2011 080 13:20:28,CUrl
2011 080 17:56:00,CNologon
2011 081 08:47:00,Blogon
2011 081 08:49:17,BUrl
2011 081 12:21:11,CUrl
2011 081 17:49:13,CSendEmail
2011 081 17:58:48,CUrl
2011 081 18:10:00,DNologon
2011 082 09:10:00,Blogon
2011 082 10:19:24,BUrl
2011 082 11:43:16,BSendEmail
2011 082 14:04:15,CUrl
2011 082 17:54:00,CNologon
2011 083 09:09:00,Blogon
2011 083 09:10:49,BUrl
2011 083 12:26:07,CUrl
2011 083 18:03:37,DUrl
2011 083 18:12:44,DSendEmail
2011 083 18:14:00,DNologon
2011 084 09:02:00,Blogon
2011 084 09:11:55,BUrl
2011 084 09:50:51,BSendEmail
2011 084 10:30:56,BUrl
2011 084 12:23:47,CUrl
2011 084 17:51:00,CNologon
2011 087 08:54:00,Blogon
2011 087 09:25:55,BUrl
2011 087 13:49:30,CUrl
2011 087 13:53:27,CSendEmail
2011 087 14:24:11,CUrl
2011 087 18:15:00,DNologon
2011 088 09:02:00,Blogon
2011 088 09:10:23,BUrl
2011 088 13:04:10,CUrl
2011 088 17:11:19,CSendEmail
2011 088 18:01:45,DUrl
2011 088 18:10:00,DNologon
2011 089 08:55:00,Blogon
2011 089 08:57:38,BUrl
2011 089 12:13:39,CSendEmail
2011 089 13:47:58,CUrl
2011 089 18:05:00,DNologon
2011 090 09:02:00,Blogon
2011 090 09:20:02,BUrl
2011 090 13:43:33,CUrl
2011 090 17:55:49,CSendEmail
2011 090 18:00:00,DNologon
2011 091 08:57:00,Blogon
2011 091 09:08:36,BUrl
2011 091 12:46:19,CUrl
2011 091 15:35:53,CSendEmail
2011 091 16:19:05,CUrl
2011 091 17:50:00,CNologon
2011 094 09:07:00,Blogon
2011 094 09:52:33,BUrl
2011 094 13:06:46,CSendEmail
2011 094 14:39:44,CUrl
2011 094 18:01:00,DNologon
2011 095 08:46:00,Blogon
2011 095 10:01:22,BUrl
2011 095 12:16:58,CUrl
2011 095 13:53:21,CSendEmail
2011 095 14:45:55,CUrl
2011 095 18:04:09,DUrl
2011 095 18:12:00,DNologon
2011 096 08:55:00,Blogon
2011 096 09:03:35,BUrl
2011 096 13:02:13,CUrl
2011 096 16:26:40,CSendEmail
2011 096 16:42:25,CUrl
2011 096 18:11:00,DNologon
2011 097 08:59:00,Blogon
2011 097 09:05:56,BUrl
2011 097 13:21:44,CUrl
2011 097 17:59:45,CSendEmail
2011 097 18:01:00,DNologon
2011 098 09:10:00,Blogon
2011 098 09:32:54,BUrl
2011 098 13:13:04,CUrl
2011 098 17:41:40,CSendEmail
2011 098 17:55:00,CNologon
2011 101 09:05:00,Blogon
2011 101 09:39:55,BSendEmail
2011 101 10:01:49,BUrl
2011 101 12:13:09,CUrl
2011 101 17:56:00,CNologon
2011 102 09:05:00,Blogon
2011 102 09:54:36,BUrl
2011 102 12:38:48,CUrl
2011 102 17:55:10,CSendEmail
2011 102 17:58:00,CNologon
2011 103 08:47:00,Blogon
2011 103 09:14:38,BUrl
2011 103 13:01:06,CUrl
2011 103 15:16:40,CSendEmail
2011 103 16:46:34,CUrl
2011 103 18:06:00,DNologon
2011 104 09:00:00,Blogon
2011 104 10:00:47,BUrl
2011 104 12:30:31,CUrl
2011 104 17:08:28,CSendEmail
2011 104 17:57:00,CNologon
2011 105 09:10:00,Blogon
2011 105 09:47:12,BUrl
2011 105 11:57:29,BSendEmail
2011 105 13:56:42,CUrl
2011 105 18:00:00,DNologon
2011 108 09:00:00,Blogon
2011 108 09:24:47,BUrl
2011 108 11:32:13,BSendEmail
2011 108 12:34:04,CUrl
2011 108 17:50:00,CNologon
2011 109 09:04:00,Blogon
2011 109 09:39:37,BUrl
2011 109 10:51:55,BSendEmail
2011 109 11:06:10,BUrl
2011 109 14:25:22,CUrl
2011 109 17:51:00,CNologon
2011 110 08:57:00,Blogon
2011 110 09:03:27,BUrl
2011 110 09:26:17,BSendEmail
2011 110 09:27:11,BUrl
2011 110 12:51:39,CUrl
2011 110 18:14:00,DNologon
2011 111 09:03:00,Blogon
2011 111 10:24:07,BUrl
2011 111 12:03:46,CUrl
2011 111 17:44:42,CSendEmail
2011 111 17:57:00,CNologon
2011 115 09:03:00,Blogon
2011 115 09:55:38,BUrl
2011 115 13:04:33,CSendEmail
2011 115 13:07:54,CUrl
2011 115 17:54:00,CNologon
2011 116 08:49:00,Blogon
2011 116 09:17:56,BUrl
2011 116 13:58:15,CUrl
2011 116 17:05:45,CSendEmail
2011 116 17:46:58,CUrl
2011 116 18:01:00,DNologon
2011 117 09:01:00,Blogon
2011 117 10:06:03,BUrl
2011 117 12:30:14,CUrl
2011 117 13:21:45,CSendEmail
2011 117 15:35:58,CUrl
2011 117 18:00:49,DUrl
2011 117 18:15:00,DNologon
2011 118 08:45:00,Blogon
2011 118 08:55:33,BUrl
2011 118 08:57:08,BSendEmail
2011 118 10:13:12,BUrl
2011 118 14:34:31,CUrl
2011 118 18:06:00,DNologon
2011 119 08:55:00,Blogon
2011 119 09:14:15,BUrl
2011 119 12:25:48,CSendEmail
2011 119 12:30:12,CUrl
2011 119 18:05:00,DNologon
2011 122 09:02:00,Blogon
2011 122 09:27:18,BUrl
2011 122 11:04:07,BSendEmail
2011 122 11:08:59,BUrl
2011 122 12:50:17,CUrl
2011 122 17:54:00,CNologon
2011 123 08:48:00,Blogon
2011 123 08:52:25,BUrl
2011 123 09:59:55,BSendEmail
2011 123 10:06:32,BUrl
2011 123 16:09:10,CUrl
2011 123 18:02:00,DNologon
2011 124 08:48:00,Blogon
2011 124 09:23:09,BUrl
2011 124 12:58:12,CUrl
2011 124 15:38:41,CSendEmail
2011 124 16:31:06,CUrl
2011 124 18:15:00,DNologon
2011 125 09:00:00,Blogon
2011 125 09:16:44,BUrl
2011 125 09:25:42,BSendEmail
2011 125 10:47:53,BUrl
2011 125 12:42:25,CUrl
2011 125 17:50:00,CNologon
2011 126 09:02:00,Blogon
2011 126 09:16:11,BUrl
2011 126 12:32:57,CUrl
2011 126 17:55:00,CNologon
2011 129 09:00:00,Blogon
2011 129 09:43:52,BUrl
2011 129 11:05:26,BSendEmail
2011 129 13:07:33,CUrl
2011 129 17:59:00,CNologon
2011 130 08:54:00,Blogon
2011 130 10:00:22,BUrl
2011 130 11:39:02,BSendEmail
2011 130 11:43:39,BUrl
2011 130 13:02:35,CUrl
2011 130 18:12:09,DUrl
2011 130 18:14:00,DNologon
2011 131 09:00:00,Blogon
2011 131 09:51:33,BUrl
2011 131 13:44:38,CUrl
2011 131 15:34:00,CSendEmail
2011 131 16:34:16,CUrl
2011 131 18:07:03,DUrl
2011 131 18:13:00,DNologon
2011 132 09:09:00,Blogon
2011 132 09:37:38,BUrl
2011 132 09:39:40,BSendEmail
2011 132 09:41:58,BUrl
2011 132 12:16:24,CUrl
2011 132 18:10:19,DUrl
2011 132 18:14:00,DNologon
2011 133 09:00:00,Blogon
2011 133 09:02:36,BUrl
2011 133 12:23:15,CUrl
2011 133 17:26:32,CSendEmail
2011 133 17:27:44,CUrl
2011 133 18:05:00,DNologon
2011 136 08:46:00,Blogon
2011 136 09:04:15,BUrl
2011 136 11:10:18,BSendEmail
2011 136 13:39:45,CUrl
2011 136 17:52:00,CNologon
