2010 003 08:27:00,Blogon
2010 003 09:03:28,BUrl
2010 003 11:13:53,BSendEmail
2010 003 11:27:29,BUrl
2010 003 12:26:18,CUrl
2010 003 13:02:56,Clogon
2010 003 17:00:17,CUrl
2010 003 19:41:00,DNologon
2010 004 08:40:00,Blogon
2010 004 08:56:07,BSendEmail
2010 004 09:03:15,BUrl
2010 004 14:19:38,Clogon
2010 004 14:46:53,CUrl
2010 004 18:28:48,DUrl
2010 004 19:20:00,DNologon
2010 005 08:36:00,Blogon
2010 005 09:09:52,BUrl
2010 005 09:18:02,BSendEmail
2010 005 09:52:49,BUrl
2010 005 13:12:22,CUrl
2010 005 15:51:44,Clogon
2010 005 16:08:07,CNologon
2010 005 17:05:18,CUrl
2010 005 18:11:04,DUrl
2010 005 19:21:00,DNologon
2010 006 08:34:00,Blogon
2010 006 08:35:31,BUrl
2010 006 10:16:16,Blogon
2010 006 10:32:02,BUrl
2010 006 13:09:00,CUrl
2010 006 13:51:52,CSendEmail
2010 006 17:46:44,CUrl
2010 006 18:06:24,DUrl
2010 006 19:30:00,DNologon
2010 007 08:34:00,Blogon
2010 007 08:45:59,BUrl
2010 007 14:12:37,Clogon
2010 007 14:14:47,CUrl
2010 007 15:20:59,CSendEmail
2010 007 18:48:07,DUrl
2010 007 19:21:00,DNologon
2010 008 08:27:00,Blogon
2010 008 08:29:37,BUrl
2010 008 10:52:37,BSendEmail
2010 008 11:03:51,BUrl
2010 008 14:08:21,Clogon
2010 008 15:38:12,CUrl
2010 008 18:05:08,DUrl
2010 008 19:31:00,DNologon
2010 009 08:20:00,Blogon
2010 009 08:21:50,BUrl
2010 009 10:40:26,Blogon
2010 009 13:07:50,CSendEmail
2010 009 13:11:02,CUrl
2010 009 19:03:41,DUrl
2010 009 19:40:00,DNologon
2010 010 08:33:00,Blogon
2010 010 09:04:23,BUrl
2010 010 13:10:26,CUrl
2010 010 13:33:57,Clogon
2010 010 13:37:02,CUrl
2010 010 19:20:12,DSendEmail
2010 010 19:25:00,DNologon
2010 011 08:16:00,Blogon
2010 011 08:32:29,BUrl
2010 011 09:59:27,BSendEmail
2010 011 10:14:51,BUrl
2010 011 12:29:46,CUrl
2010 011 19:06:34,DUrl
2010 011 19:33:00,DNologon
2010 012 08:30:00,Blogon
2010 012 08:51:28,BUrl
2010 012 09:55:02,BSendEmail
2010 012 10:42:41,BUrl
2010 012 12:18:31,CUrl
2010 012 14:00:50,Clogon
2010 012 15:02:35,CUrl
2010 012 18:39:43,DUrl
2010 012 19:27:00,DNologon
2010 013 08:35:00,Blogon
2010 013 08:37:40,BUrl
2010 013 14:13:12,CUrl
2010 013 15:10:33,CSendEmail
2010 013 15:31:39,CUrl
2010 013 15:51:57,Clogon
2010 013 16:17:02,CUrl
2010 013 16:18:27,CNologon
2010 013 18:01:52,DUrl
2010 013 19:42:00,DNologon
2010 013 23:46:34,Dlogon
2010 013 23:52:20,DUrl
2010 014 07:09:12,BNologon
2010 014 08:21:00,Blogon
2010 014 08:51:18,BUrl
2010 014 11:50:44,Blogon
2010 014 13:02:28,CSendEmail
2010 014 13:26:09,CUrl
2010 014 18:04:10,DUrl
2010 014 19:36:00,DNologon
2010 015 08:15:00,Blogon
2010 015 09:14:36,BUrl
2010 015 13:29:46,Clogon
2010 015 15:54:36,CSendEmail
2010 015 15:56:34,CUrl
2010 015 18:03:27,DUrl
2010 015 19:45:00,DNologon
2010 016 08:38:00,Blogon
2010 016 09:16:13,BUrl
2010 016 12:21:28,CUrl
2010 016 13:34:49,Clogon
2010 016 13:55:57,CSendEmail
2010 016 16:46:24,CUrl
2010 016 19:25:00,DNologon
2010 018 08:20:00,Blogon
2010 018 08:33:27,BUrl
2010 018 10:38:28,BSendEmail
2010 018 11:26:35,BUrl
2010 018 12:57:39,CUrl
2010 018 18:15:54,Dlogon
2010 018 18:18:57,DNologon
2010 018 19:26:14,DUrl
2010 018 19:42:00,DNologon
2010 019 08:20:00,Blogon
2010 019 08:30:18,BUrl
2010 019 08:31:05,BSendEmail
2010 019 10:15:47,BUrl
2010 019 13:12:24,CUrl
2010 019 18:00:17,DUrl
2010 019 19:31:00,DNologon
2010 020 08:36:00,Blogon
2010 020 09:00:45,BUrl
2010 020 14:17:28,Clogon
2010 020 14:49:42,CUrl
2010 020 18:11:44,DSendEmail
2010 020 18:15:48,DUrl
2010 020 19:25:00,DNologon
2010 021 08:15:00,Blogon
2010 021 09:06:43,BUrl
2010 021 13:10:44,CUrl
2010 021 13:12:02,CSendEmail
2010 021 15:04:38,CUrl
2010 021 18:47:21,DUrl
2010 021 19:39:00,DNologon
2010 022 08:36:00,Blogon
2010 022 09:03:34,BUrl
2010 022 09:18:00,BSendEmail
2010 022 10:17:46,BUrl
2010 022 14:04:22,CUrl
2010 022 19:28:00,DNologon
2010 024 08:38:00,Blogon
2010 024 08:49:51,BUrl
2010 024 12:24:52,Clogon
2010 024 12:41:50,CSendEmail
2010 024 14:10:21,CUrl
2010 024 18:36:30,DUrl
2010 024 19:23:00,DNologon
2010 025 08:36:00,Blogon
2010 025 10:17:06,BUrl
2010 025 10:24:38,BSendEmail
2010 025 11:23:59,BUrl
2010 025 12:53:13,Clogon
2010 025 14:28:58,CUrl
2010 025 19:01:17,DUrl
2010 025 19:31:00,DNologon
2010 026 08:33:00,Blogon
2010 026 09:54:45,BUrl
2010 026 13:42:16,Clogon
2010 026 15:05:36,CUrl
2010 026 17:08:51,CSendEmail
2010 026 18:33:01,DUrl
2010 026 19:21:00,DNologon
2010 027 08:39:00,Blogon
2010 027 08:41:39,BSendEmail
2010 027 08:51:40,BUrl
2010 027 14:36:43,Clogon
2010 027 15:06:20,CUrl
2010 027 18:43:35,DUrl
2010 027 19:23:00,DNologon
2010 028 08:39:00,Blogon
2010 028 08:46:23,BUrl
2010 028 12:45:53,CUrl
2010 028 14:00:47,Clogon
2010 028 15:41:24,CUrl
2010 028 16:17:56,CSendEmail
2010 028 16:53:13,CUrl
2010 028 18:34:58,DUrl
2010 028 19:21:00,DNologon
2010 029 08:21:00,Blogon
2010 029 08:37:55,BUrl
2010 029 09:05:16,BSendEmail
2010 029 10:59:08,BUrl
2010 029 13:23:04,Clogon
2010 029 13:56:46,CUrl
2010 029 14:34:17,Clogon
2010 029 14:38:05,CNologon
2010 029 15:10:03,CUrl
2010 029 18:04:54,DUrl
2010 029 19:29:00,DNologon
2010 031 08:30:00,Blogon
2010 031 08:39:47,BSendEmail
2010 031 08:50:14,BUrl
2010 031 14:28:13,Clogon
2010 031 15:32:09,CUrl
2010 031 18:21:23,DUrl
2010 031 19:23:00,DNologon
2010 032 00:16:44,Alogon
2010 032 06:12:00,BNologon
2010 032 08:38:00,Blogon
2010 032 08:52:54,BUrl
2010 032 12:21:53,CUrl
2010 032 13:18:33,Clogon
2010 032 13:44:32,CUrl
2010 032 17:07:30,CSendEmail
2010 032 18:14:09,DUrl
2010 032 19:26:00,DNologon
2010 033 08:34:00,Blogon
2010 033 08:40:10,BUrl
2010 033 11:40:05,Blogon
2010 033 11:48:23,BUrl
2010 033 12:22:20,CUrl
2010 033 16:56:59,CSendEmail
2010 033 17:47:56,CUrl
2010 033 18:18:17,DUrl
2010 033 19:25:00,DNologon
2010 034 08:39:00,Blogon
2010 034 08:42:21,BUrl
2010 034 10:36:38,BSendEmail
2010 034 13:59:55,Clogon
2010 034 14:26:22,CUrl
2010 034 18:16:42,DUrl
2010 034 19:43:00,DNologon
2010 035 08:35:00,Blogon
2010 035 08:54:11,BUrl
2010 035 08:54:59,BSendEmail
2010 035 09:21:21,BUrl
2010 035 11:08:25,Blogon
2010 035 11:19:41,BUrl
2010 035 12:53:11,CUrl
2010 035 18:36:12,DUrl
2010 035 19:25:00,DNologon
2010 036 08:18:00,Blogon
2010 036 08:20:25,BUrl
2010 036 12:01:35,CSendEmail
2010 036 13:59:56,CUrl
2010 036 19:25:35,DUrl
2010 036 19:32:00,DNologon
2010 037 05:40:36,Alogon
2010 037 06:45:15,BNologon
2010 037 08:39:00,Blogon
2010 037 08:46:13,BUrl
2010 037 12:45:29,CUrl
2010 037 12:52:36,CSendEmail
2010 037 13:08:44,CUrl
2010 037 13:58:51,Clogon
2010 037 14:51:30,CUrl
2010 037 18:06:10,DUrl
2010 037 19:30:00,DNologon
2010 038 08:23:00,Blogon
2010 038 08:27:29,BUrl
2010 038 08:28:00,BSendEmail
2010 038 09:46:13,BUrl
2010 038 13:00:49,CUrl
2010 038 18:00:33,DUrl
2010 038 19:06:02,Dlogon
2010 038 19:15:31,DNologon
2010 038 19:19:57,DUrl
2010 038 19:35:00,DNologon
2010 039 08:17:00,Blogon
2010 039 08:21:47,BUrl
2010 039 09:52:23,BSendEmail
2010 039 09:53:43,BUrl
2010 039 13:26:30,Clogon
2010 039 13:39:41,CUrl
2010 039 19:10:42,DUrl
2010 039 19:45:00,DNologon
2010 040 08:17:00,Blogon
2010 040 08:23:39,BUrl
2010 040 13:12:21,Clogon
2010 040 13:18:27,CUrl
2010 040 14:16:10,CSendEmail
2010 040 17:15:16,CUrl
2010 040 19:21:44,DUrl
2010 040 19:33:00,DNologon
2010 041 08:28:00,Blogon
2010 041 08:52:47,BUrl
2010 041 12:24:35,CUrl
2010 041 13:36:20,Clogon
2010 041 14:37:44,CUrl
2010 041 16:02:00,CSendEmail
2010 041 16:48:03,CUrl
2010 041 19:27:34,DUrl
2010 041 19:38:00,DNologon
2010 042 08:30:00,Blogon
2010 042 09:00:48,BUrl
2010 042 13:48:44,CUrl
2010 042 16:12:37,CSendEmail
2010 042 16:16:22,CUrl
2010 042 18:29:58,DUrl
2010 042 19:44:00,DNologon
2010 043 08:30:00,Blogon
2010 043 10:22:35,BUrl
2010 043 12:13:16,CUrl
2010 043 13:02:17,Clogon
2010 043 13:26:31,CUrl
2010 043 17:31:55,CSendEmail
2010 043 18:31:27,DUrl
2010 043 19:28:00,DNologon
2010 044 08:37:00,Blogon
2010 044 09:53:55,BUrl
2010 044 11:59:07,Blogon
2010 044 13:34:56,CUrl
2010 044 17:15:38,CSendEmail
2010 044 17:35:21,CUrl
2010 044 19:11:02,DUrl
2010 044 19:28:00,DNologon
2010 045 08:20:00,Blogon
2010 045 08:57:27,BUrl
2010 045 12:20:52,CUrl
2010 045 13:50:45,Clogon
2010 045 14:21:55,CUrl
2010 045 18:36:22,DSendEmail
2010 045 19:44:00,DNologon
2010 046 08:17:00,Blogon
2010 046 09:30:22,BUrl
2010 046 12:07:45,CUrl
2010 046 12:33:43,CSendEmail
2010 046 13:18:50,CUrl
2010 046 19:23:27,Dlogon
2010 046 19:25:53,DNologon
2010 046 19:30:00,DNologon
2010 047 08:38:00,Blogon
2010 047 09:48:59,BUrl
2010 047 11:19:58,BSendEmail
2010 047 11:24:01,BUrl
2010 047 12:25:18,CUrl
2010 047 14:22:54,Clogon
2010 047 15:10:24,CUrl
2010 047 18:59:15,DUrl
2010 047 19:25:00,DNologon
2010 048 08:32:00,Blogon
2010 048 09:41:36,BUrl
2010 048 12:43:35,CUrl
2010 048 14:25:29,Clogon
2010 048 16:35:20,CUrl
2010 048 18:30:25,DUrl
2010 048 18:54:18,DSendEmail
2010 048 19:26:21,DUrl
2010 048 19:30:00,DNologon
2010 049 08:25:00,Blogon
2010 049 08:49:25,BUrl
2010 049 09:53:19,BSendEmail
2010 049 10:41:37,BUrl
2010 049 12:39:27,CUrl
2010 049 18:37:43,DUrl
2010 049 19:34:00,DNologon
2010 050 08:25:00,Blogon
2010 050 08:29:17,Blogon
2010 050 08:33:39,BUrl
2010 050 09:17:09,BNologon
2010 050 12:04:32,CUrl
2010 050 14:09:13,Clogon
2010 050 14:25:27,CUrl
2010 050 14:46:07,CSendEmail
2010 050 14:47:05,CUrl
2010 050 18:05:14,DUrl
2010 050 19:42:00,DNologon
2010 053 08:37:00,Blogon
2010 053 09:07:04,BUrl
2010 053 13:42:33,Clogon
2010 053 14:40:08,CUrl
2010 053 18:04:43,DUrl
2010 053 18:23:41,DSendEmail
2010 053 18:50:17,DUrl
2010 053 19:25:00,DNologon
2010 054 08:20:00,Blogon
2010 054 09:31:30,BUrl
2010 054 11:40:51,BSendEmail
2010 054 13:33:10,Clogon
2010 054 14:16:23,CUrl
2010 054 19:17:52,DUrl
2010 054 19:36:00,DNologon
2010 055 08:17:00,Blogon
2010 055 08:27:12,BUrl
2010 055 09:34:49,BSendEmail
2010 055 09:56:31,BUrl
2010 055 10:28:14,Blogon
2010 055 13:30:19,CUrl
2010 055 18:48:29,DUrl
2010 055 19:36:00,DNologon
2010 056 08:39:00,Blogon
2010 056 08:47:49,BUrl
2010 056 09:52:31,BSendEmail
2010 056 10:05:14,BUrl
2010 056 13:21:13,Clogon
2010 056 13:28:07,CUrl
2010 056 18:14:10,DUrl
2010 056 19:27:00,DNologon
2010 057 08:24:00,Blogon
2010 057 09:09:44,BUrl
2010 057 12:00:42,CUrl
2010 057 18:24:41,DSendEmail
2010 057 19:22:44,DUrl
2010 057 19:32:00,DNologon
2010 058 08:19:00,Blogon
2010 058 08:55:40,BUrl
2010 058 11:21:28,BSendEmail
2010 058 13:05:39,Clogon
2010 058 13:55:47,CUrl
2010 058 19:37:00,DNologon
2010 060 08:30:00,Blogon
2010 060 08:33:14,BSendEmail
2010 060 08:42:20,BUrl
2010 060 11:59:22,Blogon
2010 060 12:54:30,CUrl
2010 060 18:50:14,DUrl
2010 060 19:38:00,DNologon
2010 061 08:28:00,Blogon
2010 061 08:47:55,BUrl
2010 061 13:47:18,Clogon
2010 061 13:48:52,CSendEmail
2010 061 14:26:51,CUrl
2010 061 18:27:14,DUrl
2010 061 19:43:00,DNologon
2010 062 08:19:00,Blogon
2010 062 08:32:24,BUrl
2010 062 09:09:39,Blogon
2010 062 09:20:26,BNologon
2010 062 10:04:39,BUrl
2010 062 12:15:21,Clogon
2010 062 12:28:56,CUrl
2010 062 16:49:29,CSendEmail
2010 062 17:41:15,CUrl
2010 062 18:14:15,DUrl
2010 062 19:31:00,DNologon
2010 063 08:15:00,Blogon
2010 063 08:59:49,BUrl
2010 063 13:40:28,CUrl
2010 063 14:57:02,CSendEmail
2010 063 15:04:04,CUrl
2010 063 19:20:00,DNologon
2010 064 08:22:00,Blogon
2010 064 08:48:48,BUrl
2010 064 11:26:19,Blogon
2010 064 11:47:23,BUrl
2010 064 12:53:30,CUrl
2010 064 14:05:11,CSendEmail
2010 064 14:39:39,CUrl
2010 064 16:54:44,Clogon
2010 064 16:56:21,CNologon
2010 064 18:10:45,DUrl
2010 064 19:45:00,DNologon
2010 066 08:36:00,Blogon
2010 066 08:46:48,BUrl
2010 066 13:04:26,CUrl
2010 066 15:44:00,CSendEmail
2010 066 18:39:57,DUrl
2010 066 19:20:00,DNologon
2010 066 22:32:34,Dlogon
2010 066 23:36:03,DUrl
2010 067 02:58:22,ANologon
2010 067 08:29:00,Blogon
2010 067 09:09:47,BUrl
2010 067 09:26:30,BSendEmail
2010 067 09:58:48,BUrl
2010 067 12:03:20,Clogon
2010 067 12:31:48,CNologon
2010 067 13:27:53,Clogon
2010 067 14:01:58,CUrl
2010 067 19:40:49,DUrl
2010 067 19:44:00,DNologon
2010 067 21:46:54,Dlogon
2010 067 23:17:20,DUrl
2010 068 03:35:29,ANologon
2010 068 08:34:00,Blogon
2010 068 08:38:24,BUrl
2010 068 09:15:31,BSendEmail
2010 068 09:38:13,BUrl
2010 068 13:34:21,Clogon
2010 068 14:23:19,CUrl
2010 068 18:46:20,DUrl
2010 068 19:29:00,DNologon
2010 069 08:24:00,Blogon
2010 069 08:43:06,BUrl
2010 069 09:05:29,BSendEmail
2010 069 09:10:41,BUrl
2010 069 13:03:28,CUrl
2010 069 13:45:51,Clogon
2010 069 14:09:18,CUrl
2010 069 18:03:32,DUrl
2010 069 19:31:00,DNologon
2010 070 08:17:00,Blogon
2010 070 08:50:32,BUrl
2010 070 11:58:46,Blogon
2010 070 12:47:02,CUrl
2010 070 17:11:39,CSendEmail
2010 070 17:58:22,CUrl
2010 070 18:08:08,DUrl
2010 070 19:31:00,DNologon
2010 071 08:20:00,Blogon
2010 071 08:23:46,BUrl
2010 071 12:14:35,CSendEmail
2010 071 13:54:48,Clogon
2010 071 14:13:57,CUrl
2010 071 18:23:04,DUrl
2010 071 19:20:05,Dlogon
2010 071 19:24:54,DNologon
2010 071 19:27:00,DNologon
2010 072 08:18:00,Blogon
2010 072 08:21:43,BUrl
2010 072 13:21:12,Clogon
2010 072 15:59:31,CUrl
2010 072 18:52:03,DSendEmail
2010 072 19:00:03,DUrl
2010 072 19:34:00,DNologon
2010 073 08:18:00,Blogon
2010 073 08:22:47,BUrl
2010 073 13:52:30,Clogon
2010 073 14:01:40,CSendEmail
2010 073 15:13:27,CUrl
2010 073 18:05:56,DUrl
2010 073 19:32:00,DNologon
2010 074 08:30:00,Blogon
2010 074 08:42:10,BUrl
2010 074 11:49:22,BSendEmail
2010 074 16:14:45,CUrl
2010 074 19:05:33,DUrl
2010 074 19:36:00,DNologon
2010 075 08:18:00,Blogon
2010 075 09:11:41,BSendEmail
2010 075 09:14:50,BUrl
2010 075 11:04:21,Blogon
2010 075 11:06:37,BUrl
2010 075 12:11:05,Clogon
2010 075 12:33:03,CNologon
2010 075 13:17:09,CUrl
2010 075 18:48:02,DUrl
2010 075 19:28:00,DNologon
2010 076 08:21:00,Blogon
2010 076 09:04:16,BUrl
2010 076 13:30:26,Clogon
2010 076 15:16:47,CUrl
2010 076 17:49:54,CSendEmail
2010 076 17:59:48,CUrl
2010 076 19:43:00,DNologon
2010 077 08:36:00,Blogon
2010 077 08:39:00,BSendEmail
2010 077 08:55:22,BUrl
2010 077 11:01:27,Blogon
2010 077 12:07:01,CUrl
2010 077 18:12:31,DUrl
2010 077 19:29:00,DNologon
2010 078 08:36:00,Blogon
2010 078 08:56:22,BUrl
2010 078 09:55:25,BSendEmail
2010 078 10:25:46,Blogon
2010 078 11:00:32,BUrl
2010 078 12:13:12,CUrl
2010 078 19:24:00,DNologon
2010 079 08:20:00,Blogon
2010 079 09:08:04,BUrl
2010 079 12:11:27,CUrl
2010 079 13:51:26,Clogon
2010 079 17:05:02,CUrl
2010 079 18:04:30,DUrl
2010 079 18:05:35,DSendEmail
2010 079 19:43:00,DNologon
2010 080 08:15:00,Blogon
2010 080 08:26:12,BUrl
2010 080 13:33:48,Clogon
2010 080 15:04:31,CUrl
2010 080 17:12:38,CSendEmail
2010 080 18:40:31,DUrl
2010 080 19:26:00,DNologon
2010 081 08:19:00,Blogon
2010 081 08:22:39,BUrl
2010 081 14:02:14,Clogon
2010 081 15:01:52,CUrl
2010 081 18:19:17,DUrl
2010 081 18:22:38,DSendEmail
2010 081 18:26:59,DUrl
2010 081 19:42:00,DNologon
2010 082 08:39:00,Blogon
2010 082 09:24:12,BUrl
2010 082 13:39:11,Clogon
2010 082 13:46:50,CUrl
2010 082 14:35:49,CSendEmail
2010 082 16:48:57,CUrl
2010 082 18:08:17,DUrl
2010 082 19:29:00,DNologon
2010 083 08:15:00,Blogon
2010 083 08:19:21,BUrl
2010 083 12:02:42,CUrl
2010 083 13:51:29,Clogon
2010 083 13:59:20,CUrl
2010 083 17:25:35,CSendEmail
2010 083 18:06:36,DUrl
2010 083 19:30:00,DNologon
2010 084 08:30:00,Blogon
2010 084 09:11:26,BSendEmail
2010 084 09:34:23,Blogon
2010 084 09:57:59,BNologon
2010 084 10:52:16,BUrl
2010 084 12:43:14,CUrl
2010 084 19:11:12,DUrl
2010 084 19:37:00,DNologon
2010 085 08:30:00,Blogon
2010 085 09:02:35,BUrl
2010 085 12:15:58,Clogon
2010 085 13:49:14,CUrl
2010 085 15:07:27,CSendEmail
2010 085 16:04:54,CUrl
2010 085 18:38:45,DUrl
2010 085 19:22:00,DNologon
2010 087 08:27:00,Blogon
2010 087 08:48:25,BUrl
2010 087 14:17:50,Clogon
2010 087 14:41:40,CUrl
2010 087 15:26:08,CSendEmail
2010 087 15:45:31,CUrl
2010 087 19:43:00,DNologon
2010 088 08:27:00,Blogon
2010 088 09:03:21,BUrl
2010 088 12:06:37,Clogon
2010 088 12:10:29,CUrl
2010 088 19:07:27,DUrl
2010 088 19:28:14,DSendEmail
2010 088 19:33:00,DNologon
2010 089 08:31:00,Blogon
2010 089 08:41:53,BUrl
2010 089 14:27:53,Clogon
2010 089 14:49:51,CUrl
2010 089 17:19:26,CSendEmail
2010 089 17:37:50,CUrl
2010 089 19:25:00,DNologon
2010 090 08:38:00,Blogon
2010 090 08:43:03,BUrl
2010 090 08:50:04,BSendEmail
2010 090 09:25:17,BUrl
2010 090 14:54:08,CUrl
2010 090 18:06:33,DUrl
2010 090 19:25:00,DNologon
2010 090 21:49:19,Dlogon
2010 090 22:04:39,DUrl
2010 091 02:14:50,ANologon
2010 091 08:24:00,Blogon
2010 091 09:01:12,Blogon
2010 091 09:09:56,BUrl
2010 091 09:12:01,BNologon
2010 091 10:12:36,BUrl
2010 091 12:22:29,CUrl
2010 091 12:28:55,CSendEmail
2010 091 12:45:41,CUrl
2010 091 19:27:23,DUrl
2010 091 19:45:00,DNologon
2010 093 08:27:00,Blogon
2010 093 09:38:35,BUrl
2010 093 11:37:53,Blogon
2010 093 11:48:42,BSendEmail
2010 093 12:51:16,CUrl
2010 093 19:30:14,DUrl
2010 093 19:38:00,DNologon
2010 094 08:39:00,Blogon
2010 094 08:43:16,BUrl
2010 094 11:56:16,Blogon
2010 094 12:16:21,CUrl
2010 094 12:50:19,CSendEmail
2010 094 17:03:56,CUrl
2010 094 19:11:38,DUrl
2010 094 19:27:00,DNologon
2010 095 08:19:00,Blogon
2010 095 09:33:59,BUrl
2010 095 12:26:14,CUrl
2010 095 18:21:16,DSendEmail
2010 095 18:23:44,DUrl
2010 095 19:19:41,Dlogon
2010 095 19:25:02,DNologon
2010 095 19:30:00,DNologon
2010 096 08:38:00,Blogon
2010 096 08:43:49,BUrl
2010 096 13:05:37,CUrl
2010 096 13:28:04,Clogon
2010 096 13:59:14,CUrl
2010 096 15:14:09,CSendEmail
2010 096 15:38:43,CUrl
2010 096 19:23:38,DUrl
2010 096 19:27:00,DNologon
2010 097 08:39:00,Blogon
2010 097 09:16:00,BUrl
2010 097 13:46:39,Clogon
2010 097 14:04:01,CUrl
2010 097 18:52:38,DSendEmail
2010 097 19:08:05,DUrl
2010 097 19:41:00,DNologon
2010 098 08:36:00,Blogon
2010 098 10:07:44,BSendEmail
2010 098 10:26:09,BUrl
2010 098 12:06:50,Clogon
2010 098 12:29:57,CUrl
2010 098 18:18:34,DUrl
2010 098 19:21:00,DNologon
2010 099 08:40:00,Blogon
2010 099 10:02:33,BUrl
2010 099 13:53:59,Clogon
2010 099 14:06:25,CUrl
2010 099 18:10:24,DSendEmail
2010 099 18:17:13,DUrl
2010 099 19:27:00,DNologon
2010 100 08:40:00,Blogon
2010 100 08:43:53,BUrl
2010 100 08:52:38,Blogon
2010 100 09:01:56,BUrl
2010 100 09:15:42,BNologon
2010 100 09:37:01,BUrl
2010 100 12:22:21,CUrl
2010 100 15:16:56,CSendEmail
2010 100 19:23:19,DUrl
2010 100 19:42:00,DNologon
2010 101 08:31:00,Blogon
2010 101 08:36:23,BUrl
2010 101 08:38:20,BSendEmail
2010 101 10:38:26,BUrl
2010 101 12:23:43,Clogon
2010 101 12:29:40,CUrl
2010 101 19:12:43,DUrl
2010 101 19:23:00,DNologon
2010 102 08:26:00,Blogon
2010 102 08:31:46,BUrl
2010 102 12:38:36,CUrl
2010 102 14:21:16,Clogon
2010 102 15:51:49,CUrl
2010 102 18:55:59,DSendEmail
2010 102 19:21:24,DUrl
2010 102 19:32:00,DNologon
2010 103 08:27:00,Blogon
2010 103 08:39:39,BUrl
2010 103 12:13:01,CSendEmail
2010 103 12:28:28,CUrl
2010 103 14:03:04,Clogon
2010 103 16:52:27,CUrl
2010 103 18:13:58,DUrl
2010 103 19:38:00,DNologon
2010 104 08:29:00,Blogon
2010 104 11:52:12,BUrl
2010 104 12:56:30,Clogon
2010 104 13:04:51,CNologon
2010 104 13:17:17,CUrl
2010 104 13:18:55,CSendEmail
2010 104 14:08:58,CUrl
2010 104 19:01:25,DUrl
2010 104 19:42:00,DNologon
2010 105 08:16:00,Blogon
2010 105 08:22:06,BUrl
2010 105 12:45:03,CSendEmail
2010 105 15:36:43,CUrl
2010 105 18:21:11,DUrl
2010 105 19:33:00,DNologon
2010 106 08:30:00,Blogon
2010 106 08:57:15,BUrl
2010 106 09:13:03,BSendEmail
2010 106 10:09:47,BUrl
2010 106 14:29:52,Clogon
2010 106 14:30:52,CUrl
2010 106 18:17:00,DUrl
2010 106 19:24:00,DNologon
2010 108 08:19:00,Blogon
2010 108 09:02:34,BUrl
2010 108 12:57:55,CUrl
2010 108 18:16:45,DSendEmail
2010 108 18:46:51,DUrl
2010 108 19:30:00,DNologon
2010 109 06:08:04,Blogon
2010 109 06:18:01,BNologon
2010 109 08:37:00,Blogon
2010 109 08:38:20,BUrl
2010 109 13:15:17,Clogon
2010 109 14:10:02,CUrl
2010 109 16:45:51,CSendEmail
2010 109 17:18:24,CUrl
2010 109 18:31:12,DUrl
2010 109 19:41:00,DNologon
2010 110 08:40:00,Blogon
2010 110 09:20:15,BUrl
2010 110 11:21:51,BSendEmail
2010 110 12:24:51,CUrl
2010 110 19:23:06,DUrl
2010 110 19:35:00,DNologon
2010 111 08:25:00,Blogon
2010 111 08:37:53,BUrl
2010 111 14:07:49,Clogon
2010 111 14:58:18,CUrl
2010 111 16:20:45,CSendEmail
2010 111 16:29:29,CUrl
2010 111 18:50:42,DUrl
2010 111 19:38:00,DNologon
2010 112 08:16:00,Blogon
2010 112 09:32:05,BUrl
2010 112 11:51:38,BSendEmail
2010 112 13:17:48,Clogon
2010 112 13:33:44,CUrl
2010 112 18:11:33,DUrl
2010 112 19:21:00,DNologon
2010 113 08:34:00,Blogon
2010 113 09:43:51,BUrl
2010 113 11:03:54,BSendEmail
2010 113 11:04:12,BUrl
2010 113 13:30:14,Clogon
2010 113 13:56:16,CUrl
2010 113 19:06:23,DUrl
2010 113 19:25:00,DNologon
2010 115 08:32:00,Blogon
2010 115 09:01:40,BUrl
2010 115 11:35:19,BSendEmail
2010 115 11:49:39,BUrl
2010 115 12:51:00,Clogon
2010 115 12:58:25,CUrl
2010 115 18:16:22,DUrl
2010 115 19:23:00,DNologon
2010 116 08:26:00,Blogon
2010 116 08:29:33,BSendEmail
2010 116 08:30:41,BUrl
2010 116 15:09:00,CUrl
2010 116 18:01:31,DUrl
2010 116 19:33:00,DNologon
2010 117 08:15:00,Blogon
2010 117 09:49:01,BUrl
2010 117 12:18:35,Clogon
2010 117 12:44:17,CUrl
2010 117 16:33:09,CSendEmail
2010 117 18:31:09,DUrl
2010 117 19:40:00,DNologon
2010 118 08:21:00,Blogon
2010 118 08:38:51,BUrl
2010 118 10:16:59,BSendEmail
2010 118 14:07:33,Clogon
2010 118 14:14:38,CUrl
2010 118 18:33:08,DUrl
2010 118 19:22:00,DNologon
2010 119 04:05:33,Alogon
2010 119 06:06:25,BNologon
2010 119 08:30:00,Blogon
2010 119 08:41:45,BUrl
2010 119 14:13:27,CUrl
2010 119 15:21:25,Clogon
2010 119 15:22:37,CNologon
2010 119 16:33:41,CSendEmail
2010 119 17:07:37,CUrl
2010 119 18:03:49,DUrl
2010 119 19:35:00,DNologon
2010 120 08:21:00,Blogon
2010 120 08:23:38,BUrl
2010 120 09:40:42,BSendEmail
2010 120 14:10:43,Clogon
2010 120 16:19:02,CUrl
2010 120 18:15:07,DUrl
2010 120 19:40:00,DNologon
2010 122 08:28:00,Blogon
2010 122 08:35:44,BUrl
2010 122 13:17:21,Clogon
2010 122 13:57:01,CSendEmail
2010 122 16:16:18,CUrl
2010 122 19:23:53,DUrl
2010 122 19:45:00,DNologon
2010 123 08:20:00,Blogon
2010 123 08:41:48,BUrl
2010 123 13:42:47,Clogon
2010 123 13:45:56,CUrl
2010 123 16:19:44,CSendEmail
2010 123 17:43:22,CUrl
2010 123 18:53:25,DUrl
2010 123 19:38:00,DNologon
2010 124 08:36:00,Blogon
2010 124 09:41:33,BUrl
2010 124 09:50:14,BSendEmail
2010 124 09:52:19,BUrl
2010 124 11:55:19,Blogon
2010 124 12:22:55,CUrl
2010 124 18:31:05,DUrl
2010 124 19:24:00,DNologon
2010 125 08:30:00,Blogon
2010 125 08:36:26,BUrl
2010 125 09:33:06,BSendEmail
2010 125 14:04:51,Clogon
2010 125 14:12:38,CUrl
2010 125 18:15:32,DUrl
2010 125 19:40:00,DNologon
2010 126 08:15:00,Blogon
2010 126 08:26:36,BUrl
2010 126 12:42:17,CUrl
2010 126 13:13:58,Clogon
2010 126 13:23:17,CNologon
2010 126 13:35:24,CUrl
2010 126 18:16:00,DUrl
2010 126 19:10:04,DSendEmail
2010 126 19:32:12,DUrl
2010 126 19:36:00,DNologon
2010 127 08:17:00,Blogon
2010 127 08:59:41,BUrl
2010 127 12:20:48,CUrl
2010 127 13:14:45,Clogon
2010 127 13:24:42,CUrl
2010 127 15:18:49,CSendEmail
2010 127 16:44:47,CUrl
2010 127 18:18:37,DUrl
2010 127 19:26:00,DNologon
2010 129 08:28:00,Blogon
2010 129 09:09:35,BUrl
2010 129 09:22:46,BSendEmail
2010 129 09:28:09,BUrl
2010 129 13:33:49,CUrl
2010 129 18:49:40,DUrl
2010 129 19:24:00,DNologon
2010 130 08:27:00,Blogon
2010 130 09:47:12,BUrl
2010 130 12:07:42,CUrl
2010 130 12:28:54,CSendEmail
2010 130 13:46:37,Clogon
2010 130 14:04:12,CUrl
2010 130 19:12:55,DUrl
2010 130 19:44:00,DNologon
2010 131 08:34:00,Blogon
2010 131 09:13:45,BUrl
2010 131 09:35:50,BSendEmail
2010 131 10:43:13,BUrl
2010 131 13:24:50,Clogon
2010 131 16:40:42,CUrl
2010 131 18:17:50,DUrl
2010 131 19:20:00,DNologon
2010 132 08:34:00,Blogon
2010 132 08:52:16,BUrl
2010 132 13:20:31,Clogon
2010 132 14:00:25,CUrl
2010 132 16:09:10,CSendEmail
2010 132 16:39:11,CUrl
2010 132 18:02:30,DUrl
2010 132 19:22:00,DNologon
2010 133 08:32:00,Blogon
2010 133 09:29:10,BUrl
2010 133 13:41:09,Clogon
2010 133 15:26:17,CUrl
2010 133 17:06:16,CSendEmail
2010 133 18:28:17,DUrl
2010 133 19:26:00,DNologon
2010 134 08:21:00,Blogon
2010 134 08:29:32,BUrl
2010 134 10:11:52,BSendEmail
2010 134 10:49:14,BUrl
2010 134 14:08:14,CUrl
2010 134 18:29:23,DUrl
2010 134 19:40:00,DNologon
2010 135 05:47:19,Alogon
2010 135 06:59:37,BNologon
2010 135 08:22:00,Blogon
2010 135 09:39:33,BUrl
2010 135 13:40:41,Clogon
2010 135 14:57:35,CUrl
2010 135 18:07:46,DUrl
2010 135 19:39:21,DSendEmail
2010 135 19:45:00,DNologon
2010 136 08:26:00,Blogon
2010 136 08:35:28,BUrl
2010 136 12:08:36,CUrl
2010 136 15:37:07,CSendEmail
2010 136 17:02:11,CUrl
2010 136 18:34:53,Dlogon
2010 136 18:48:01,DUrl
2010 136 19:16:23,DNologon
2010 136 19:32:00,DNologon
2010 137 08:31:00,Blogon
2010 137 08:44:01,BSendEmail
2010 137 08:55:48,BUrl
2010 137 14:27:47,Clogon
2010 137 15:10:29,CUrl
2010 137 19:13:53,DUrl
2010 137 19:29:00,DNologon
2010 138 08:19:00,Blogon
2010 138 08:20:25,BUrl
2010 138 13:27:03,Clogon
2010 138 14:44:08,CUrl
2010 138 15:41:59,CSendEmail
2010 138 16:03:43,CUrl
2010 138 18:14:31,DUrl
2010 138 19:34:00,DNologon
2010 139 08:21:00,Blogon
2010 139 09:00:32,BUrl
2010 139 09:03:40,BSendEmail
2010 139 09:48:23,BUrl
2010 139 11:51:33,Blogon
2010 139 12:04:00,CUrl
2010 139 15:52:03,Clogon
2010 139 15:55:49,CNologon
2010 139 16:45:56,CUrl
2010 139 18:11:37,DUrl
2010 139 19:45:00,DNologon
2010 140 08:30:00,Blogon
2010 140 09:37:15,BUrl
2010 140 11:08:45,Blogon
2010 140 11:31:28,BUrl
2010 140 11:31:53,BSendEmail
2010 140 12:23:04,CUrl
2010 140 18:21:25,DUrl
2010 140 19:24:00,DNologon
2010 141 08:33:00,Blogon
2010 141 08:39:53,BUrl
2010 141 10:29:22,Blogon
2010 141 10:36:51,BUrl
2010 141 10:37:10,BSendEmail
2010 141 16:54:40,CUrl
2010 141 19:13:06,DUrl
2010 141 19:25:00,DNologon
2010 143 08:26:00,Blogon
2010 143 09:21:55,BUrl
2010 143 10:06:05,Blogon
2010 143 10:49:43,BUrl
2010 143 12:14:03,CUrl
2010 143 13:00:54,CSendEmail
2010 143 14:45:48,CUrl
2010 143 18:29:02,DUrl
2010 143 19:31:00,DNologon
2010 144 08:15:00,Blogon
2010 144 08:33:46,BUrl
2010 144 12:46:33,Clogon
2010 144 15:34:43,CSendEmail
2010 144 15:43:31,CUrl
2010 144 18:05:19,DUrl
2010 144 19:43:00,DNologon
2010 145 08:22:00,Blogon
2010 145 09:15:08,BUrl
2010 145 12:22:40,Clogon
2010 145 12:29:57,CUrl
2010 145 13:02:24,CSendEmail
2010 145 13:48:00,CUrl
2010 145 19:18:33,DUrl
2010 145 19:23:00,DNologon
2010 146 08:36:00,Blogon
2010 146 08:57:14,BUrl
2010 146 11:17:31,Blogon
2010 146 11:20:19,BUrl
2010 146 13:51:47,CUrl
2010 146 17:40:01,CSendEmail
2010 146 17:48:24,CUrl
2010 146 18:30:00,DUrl
2010 146 19:25:00,DNologon
2010 147 08:40:00,Blogon
2010 147 08:51:09,BUrl
2010 147 13:13:39,CUrl
2010 147 13:23:03,CSendEmail
2010 147 15:40:18,CUrl
2010 147 19:12:48,DUrl
2010 147 19:30:00,DNologon
2010 148 08:30:00,Blogon
2010 148 08:57:46,BUrl
2010 148 11:48:14,Blogon
2010 148 11:51:38,BUrl
2010 148 12:12:31,CSendEmail
2010 148 12:41:53,CUrl
2010 148 18:07:45,DUrl
2010 148 19:24:00,DNologon
2010 149 08:16:00,Blogon
2010 149 08:22:28,BUrl
2010 149 11:35:39,Blogon
2010 149 11:37:37,BUrl
2010 149 12:18:19,CUrl
2010 149 18:53:57,DUrl
2010 149 18:58:16,DSendEmail
2010 149 19:22:00,DNologon
2010 151 08:16:00,Blogon
2010 151 08:19:07,BUrl
2010 151 11:45:46,Blogon
2010 151 12:35:49,CUrl
2010 151 17:52:55,CSendEmail
2010 151 18:53:40,DUrl
2010 151 19:25:00,DNologon
2010 152 08:34:00,Blogon
2010 152 08:59:56,BUrl
2010 152 12:45:08,CUrl
2010 152 13:36:30,Clogon
2010 152 14:32:26,CSendEmail
2010 152 15:16:30,CUrl
2010 152 19:17:27,DUrl
2010 152 19:29:00,DNologon
2010 153 08:30:00,Blogon
2010 153 08:41:58,BUrl
2010 153 10:51:55,BSendEmail
2010 153 11:14:48,BUrl
2010 153 13:34:24,Clogon
2010 153 15:08:40,CUrl
2010 153 18:45:05,DUrl
2010 153 19:20:00,DNologon
2010 154 08:35:00,Blogon
2010 154 09:17:24,BUrl
2010 154 13:35:32,Clogon
2010 154 13:47:54,CUrl
2010 154 18:04:19,DUrl
2010 154 19:21:00,DNologon
2010 155 08:34:00,Blogon
2010 155 08:57:07,BUrl
2010 155 11:11:04,BSendEmail
2010 155 14:21:50,Clogon
2010 155 14:23:00,CUrl
2010 155 19:17:47,DUrl
2010 155 19:28:00,DNologon
2010 156 08:34:00,Blogon
2010 156 08:45:55,BUrl
2010 156 13:41:06,Clogon
2010 156 17:04:26,CUrl
2010 156 17:37:35,CSendEmail
2010 156 19:30:00,DNologon
2010 156 22:18:22,Dlogon
2010 156 22:28:23,DUrl
2010 157 04:49:12,ANologon
2010 157 08:36:00,Blogon
2010 157 08:56:39,BUrl
2010 157 10:20:33,BSendEmail
2010 157 10:27:40,BUrl
2010 157 10:33:41,Blogon
2010 157 10:52:53,BUrl
2010 157 15:45:24,CUrl
2010 157 18:37:09,DUrl
2010 157 19:23:00,DNologon
2010 158 08:23:00,Blogon
2010 158 10:35:02,BUrl
2010 158 12:54:28,Clogon
2010 158 12:57:09,CUrl
2010 158 12:57:39,CSendEmail
2010 158 13:58:55,CUrl
2010 158 18:59:27,DUrl
2010 158 19:44:00,DNologon
2010 159 08:32:00,Blogon
2010 159 08:53:17,BUrl
2010 159 12:10:45,CSendEmail
2010 159 12:23:52,CUrl
2010 159 13:18:32,Clogon
2010 159 13:29:08,CUrl
2010 159 19:02:29,DUrl
2010 159 19:30:00,DNologon
2010 160 08:32:00,Blogon
2010 160 09:32:01,BUrl
2010 160 12:39:50,Clogon
2010 160 13:29:19,CUrl
2010 160 18:09:49,DSendEmail
2010 160 18:30:39,DUrl
2010 160 19:22:00,DNologon
2010 161 08:40:00,Blogon
2010 161 08:52:42,BSendEmail
2010 161 08:52:43,BUrl
2010 161 13:03:00,Clogon
2010 161 14:32:17,CUrl
2010 161 19:24:00,DNologon
2010 162 08:36:00,Blogon
2010 162 09:05:04,BUrl
2010 162 09:47:35,BSendEmail
2010 162 12:48:21,Clogon
2010 162 14:03:24,CUrl
2010 162 18:58:47,DUrl
2010 162 19:23:00,DNologon
2010 165 08:19:00,Blogon
2010 165 08:24:14,BUrl
2010 165 12:42:31,CUrl
2010 165 14:57:33,CSendEmail
2010 165 15:22:57,CUrl
2010 165 19:13:31,Dlogon
2010 165 19:15:25,DNologon
2010 165 19:40:00,DNologon
2010 166 08:39:00,Blogon
2010 166 09:21:50,BUrl
2010 166 12:06:58,CUrl
2010 166 13:19:48,CSendEmail
2010 166 13:20:10,CUrl
2010 166 14:28:04,Clogon
2010 166 14:43:44,CUrl
2010 166 19:08:26,DUrl
2010 166 19:30:00,DNologon
2010 167 08:22:00,Blogon
2010 167 08:58:54,BUrl
2010 167 09:47:35,BSendEmail
2010 167 09:53:46,BUrl
2010 167 13:24:01,Clogon
2010 167 13:35:44,CUrl
2010 167 14:53:21,Clogon
2010 167 15:07:33,CNologon
2010 167 16:42:20,CUrl
2010 167 19:22:13,DUrl
2010 167 19:42:00,DNologon
2010 168 04:14:12,Alogon
2010 168 07:15:56,BNologon
2010 168 08:27:00,Blogon
2010 168 08:41:10,BUrl
2010 168 12:31:16,Clogon
2010 168 12:43:41,CSendEmail
2010 168 16:46:41,CUrl
2010 168 19:11:03,DUrl
2010 168 19:38:00,DNologon
2010 169 08:17:00,Blogon
2010 169 08:48:36,BSendEmail
2010 169 08:51:49,BUrl
2010 169 09:39:00,Blogon
2010 169 10:13:34,BNologon
2010 169 10:20:46,BUrl
2010 169 13:41:25,CUrl
2010 169 19:31:48,DUrl
2010 169 19:33:00,DNologon
2010 170 08:40:00,Blogon
2010 170 08:51:13,BUrl
2010 170 12:36:49,Clogon
2010 170 12:38:38,CUrl
2010 170 12:52:50,CSendEmail
2010 170 13:08:32,CUrl
2010 170 18:56:07,DUrl
2010 170 19:23:00,DNologon
2010 172 08:40:00,Blogon
2010 172 08:53:04,BUrl
2010 172 11:31:12,BSendEmail
2010 172 11:39:06,BUrl
2010 172 12:48:39,CUrl
2010 172 13:33:41,Clogon
2010 172 14:05:32,CUrl
2010 172 18:20:08,DUrl
2010 172 19:27:00,DNologon
2010 173 08:20:00,Blogon
2010 173 09:37:16,BUrl
2010 173 12:29:47,Clogon
2010 173 13:59:41,CUrl
2010 173 18:19:01,DUrl
2010 173 19:41:00,DNologon
2010 174 08:32:00,Blogon
2010 174 08:33:02,BUrl
2010 174 12:14:00,CUrl
2010 174 14:25:35,Clogon
2010 174 15:14:20,CUrl
2010 174 16:23:42,CSendEmail
2010 174 19:18:53,DUrl
2010 174 19:23:00,DNologon
2010 175 08:36:00,Blogon
2010 175 09:07:53,BUrl
2010 175 11:52:40,Blogon
2010 175 11:59:33,BUrl
2010 175 12:51:00,CUrl
2010 175 15:28:54,CSendEmail
2010 175 16:47:51,CUrl
2010 175 18:31:55,DUrl
2010 175 19:29:00,DNologon
2010 176 08:21:00,Blogon
2010 176 08:29:05,BUrl
2010 176 12:21:09,CUrl
2010 176 13:56:19,Clogon
2010 176 13:59:20,CSendEmail
2010 176 14:16:53,CUrl
2010 176 17:28:12,Clogon
2010 176 17:29:56,CNologon
2010 176 18:44:33,DUrl
2010 176 19:34:00,DNologon
2010 178 08:31:00,Blogon
2010 178 08:48:05,BUrl
2010 178 14:30:27,Clogon
2010 178 14:51:35,CUrl
2010 178 16:20:04,CSendEmail
2010 178 17:57:27,CUrl
2010 178 18:07:28,DUrl
2010 178 19:25:00,DNologon
2010 179 08:33:00,Blogon
2010 179 09:57:37,BUrl
2010 179 14:18:30,Clogon
2010 179 14:28:12,CUrl
2010 179 18:23:37,DUrl
2010 179 18:30:49,DSendEmail
2010 179 19:01:36,DUrl
2010 179 19:33:51,Dlogon
2010 179 19:39:24,DNologon
2010 179 19:43:00,DNologon
2010 180 08:31:00,Blogon
2010 180 09:05:19,BUrl
2010 180 12:54:57,Clogon
2010 180 13:05:20,CSendEmail
2010 180 13:08:14,CUrl
2010 180 18:29:31,DUrl
2010 180 19:26:00,DNologon
2010 181 08:19:00,Blogon
2010 181 08:22:47,BUrl
2010 181 13:13:49,CUrl
2010 181 18:40:08,DSendEmail
2010 181 18:53:34,DUrl
2010 181 19:33:00,DNologon
2010 181 23:44:44,Dlogon
2010 181 23:45:23,DUrl
2010 182 03:17:12,ANologon
2010 182 08:25:00,Blogon
2010 182 08:45:09,BUrl
2010 182 12:24:36,CUrl
2010 182 13:17:39,CSendEmail
2010 182 13:42:37,CUrl
2010 182 19:15:23,DUrl
2010 182 19:38:00,DNologon
2010 183 08:31:00,Blogon
2010 183 08:39:10,BUrl
2010 183 10:02:26,BSendEmail
2010 183 10:04:56,BUrl
2010 183 14:30:37,Clogon
2010 183 14:38:23,CUrl
2010 183 18:46:19,DUrl
2010 183 19:23:00,DNologon
2010 184 08:27:00,Blogon
2010 184 08:38:34,BUrl
2010 184 12:06:01,CSendEmail
2010 184 12:50:09,Clogon
2010 184 14:10:35,CUrl
2010 184 18:17:28,DUrl
2010 184 19:40:00,DNologon
2010 186 08:38:00,Blogon
2010 186 10:10:50,BUrl
2010 186 10:26:56,BSendEmail
2010 186 11:16:41,BUrl
2010 186 12:52:46,CUrl
2010 186 14:04:50,Clogon
2010 186 14:37:15,CUrl
2010 186 18:06:30,DUrl
2010 186 19:25:00,DNologon
2010 187 08:39:00,Blogon
2010 187 08:59:00,BUrl
2010 187 09:18:35,BSendEmail
2010 187 09:24:23,BUrl
2010 187 13:02:06,CUrl
2010 187 14:10:02,Clogon
2010 187 15:50:40,CUrl
2010 187 18:48:17,DUrl
2010 187 19:28:00,DNologon
2010 188 08:30:00,Blogon
2010 188 09:12:54,BUrl
2010 188 12:19:13,CUrl
2010 188 13:12:11,Clogon
2010 188 13:25:23,CUrl
2010 188 16:56:50,CSendEmail
2010 188 16:57:54,CUrl
2010 188 19:13:32,DUrl
2010 188 19:23:00,DNologon
2010 189 08:35:00,Blogon
2010 189 08:36:53,BUrl
2010 189 12:10:28,CUrl
2010 189 13:29:33,Clogon
2010 189 13:36:26,CUrl
2010 189 16:28:51,CSendEmail
2010 189 17:23:11,CUrl
2010 189 19:19:36,DUrl
2010 189 19:21:00,DNologon
2010 190 08:30:00,Blogon
2010 190 08:42:47,BUrl
2010 190 12:58:06,Clogon
2010 190 13:15:56,CUrl
2010 190 18:12:57,DSendEmail
2010 190 18:41:24,DUrl
2010 190 19:30:00,DNologon
2010 191 08:39:00,Blogon
2010 191 09:15:10,BUrl
2010 191 10:07:01,BSendEmail
2010 191 10:27:39,BUrl
2010 191 11:16:00,Blogon
2010 191 12:07:57,CUrl
2010 191 18:02:41,DUrl
2010 191 19:30:00,DNologon
2010 193 08:40:00,Blogon
2010 193 08:53:54,BUrl
2010 193 14:12:12,Clogon
2010 193 14:24:43,CUrl
2010 193 18:45:01,DUrl
2010 193 19:21:34,DSendEmail
2010 193 19:25:00,DNologon
2010 194 08:26:00,Blogon
2010 194 08:42:41,BUrl
2010 194 10:27:18,Blogon
2010 194 10:53:28,BUrl
2010 194 11:38:13,BSendEmail
2010 194 12:55:06,CUrl
2010 194 16:22:49,Clogon
2010 194 16:24:51,CNologon
2010 194 18:51:01,DUrl
2010 194 19:28:00,DNologon
2010 195 08:29:00,Blogon
2010 195 10:27:04,BUrl
2010 195 12:35:59,Clogon
2010 195 12:49:13,CUrl
2010 195 15:18:51,CSendEmail
2010 195 17:10:26,CUrl
2010 195 18:35:43,DUrl
2010 195 19:38:00,DNologon
2010 196 08:28:00,Blogon
2010 196 08:49:18,BUrl
2010 196 09:44:03,BSendEmail
2010 196 11:05:12,Blogon
2010 196 11:05:16,BUrl
2010 196 11:06:18,BNologon
2010 196 13:35:40,Clogon
2010 196 14:41:46,CUrl
2010 196 18:32:11,DUrl
2010 196 19:44:00,DNologon
2010 197 08:36:00,Blogon
2010 197 09:39:14,BUrl
2010 197 09:54:02,BSendEmail
2010 197 09:59:16,BUrl
2010 197 11:51:54,Blogon
2010 197 13:31:33,CUrl
2010 197 18:40:26,DUrl
2010 197 19:27:00,DNologon
2010 198 08:24:00,Blogon
2010 198 09:09:08,BUrl
2010 198 13:18:23,Clogon
2010 198 15:00:53,CUrl
2010 198 17:45:17,CSendEmail
2010 198 19:02:57,DUrl
2010 198 19:34:00,DNologon
2010 200 08:35:00,Blogon
2010 200 10:16:53,BUrl
2010 200 14:16:46,Clogon
2010 200 16:33:34,CUrl
2010 200 18:36:30,DSendEmail
2010 200 19:29:00,DNologon
2010 201 08:23:00,Blogon
2010 201 09:17:54,BUrl
2010 201 13:55:46,Clogon
2010 201 13:57:52,CUrl
2010 201 14:07:14,CSendEmail
2010 201 15:20:11,CUrl
2010 201 19:36:00,DNologon
2010 202 08:17:00,Blogon
2010 202 08:21:07,BUrl
2010 202 10:37:54,BSendEmail
2010 202 12:08:55,CUrl
2010 202 13:38:06,Clogon
2010 202 16:44:07,CUrl
2010 202 18:23:07,DUrl
2010 202 19:37:00,DNologon
2010 203 08:33:00,Blogon
2010 203 08:50:26,BUrl
2010 203 13:29:21,CUrl
2010 203 15:49:54,CSendEmail
2010 203 18:43:55,Dlogon
2010 203 18:44:55,DNologon
2010 203 19:39:00,DNologon
2010 203 21:06:05,Dlogon
2010 203 21:10:36,DUrl
2010 204 01:25:57,ANologon
2010 204 08:37:00,Blogon
2010 204 08:44:16,BUrl
2010 204 13:48:32,Clogon
2010 204 17:13:44,CUrl
2010 204 18:10:44,DUrl
2010 204 19:27:00,DNologon
2010 205 08:20:00,Blogon
2010 205 08:48:15,BUrl
2010 205 13:09:56,Clogon
2010 205 14:17:15,CUrl
2010 205 15:55:26,CSendEmail
2010 205 16:28:50,CUrl
2010 205 18:48:40,DUrl
2010 205 19:35:00,DNologon
2010 206 08:18:00,Blogon
2010 206 09:01:12,BUrl
2010 206 10:17:41,BSendEmail
2010 206 12:38:02,CUrl
2010 206 14:10:51,Clogon
2010 206 15:09:14,CUrl
2010 206 18:36:21,DUrl
2010 206 19:41:00,DNologon
2010 207 08:22:00,Blogon
2010 207 08:23:53,BUrl
2010 207 12:10:40,CSendEmail
2010 207 14:04:10,Clogon
2010 207 14:46:40,CUrl
2010 207 18:36:00,DUrl
2010 207 19:33:00,DNologon
2010 208 08:32:00,Blogon
2010 208 08:56:50,BUrl
2010 208 12:12:20,CUrl
2010 208 14:21:54,Clogon
2010 208 15:30:21,CSendEmail
2010 208 16:12:49,CUrl
2010 208 18:21:35,Dlogon
2010 208 18:40:08,DUrl
2010 208 19:11:01,DNologon
2010 208 19:17:33,DUrl
2010 208 19:35:00,DNologon
2010 209 08:36:00,Blogon
2010 209 08:47:56,BUrl
2010 209 13:28:58,Clogon
2010 209 15:23:02,CSendEmail
2010 209 17:01:41,CUrl
2010 209 18:39:44,DUrl
2010 209 19:23:00,DNologon
2010 210 08:31:00,Blogon
2010 210 10:29:30,BUrl
2010 210 12:12:47,CSendEmail
2010 210 13:31:53,Clogon
2010 210 14:36:05,CUrl
2010 210 18:04:59,DUrl
2010 210 19:27:00,DNologon
2010 211 08:34:00,Blogon
2010 211 08:48:08,BUrl
2010 211 10:00:19,BSendEmail
2010 211 10:02:59,BUrl
2010 211 13:37:58,CUrl
2010 211 16:09:58,Clogon
2010 211 16:27:27,CUrl
2010 211 16:59:53,CNologon
2010 211 19:33:50,DUrl
2010 211 19:38:00,DNologon
2010 214 08:19:00,Blogon
2010 214 08:39:09,BUrl
2010 214 13:00:23,Clogon
2010 214 13:17:32,CUrl
2010 214 17:05:21,CSendEmail
2010 214 17:54:38,CUrl
2010 214 19:34:00,DNologon
2010 215 08:19:00,Blogon
2010 215 08:28:14,BUrl
2010 215 13:37:08,CSendEmail
2010 215 14:34:04,CUrl
2010 215 17:30:23,Clogon
2010 215 18:03:36,DUrl
2010 215 18:24:59,DNologon
2010 215 19:44:00,DNologon
2010 216 08:20:00,Blogon
2010 216 09:01:44,BUrl
2010 216 14:14:27,Clogon
2010 216 14:17:48,CUrl
2010 216 14:45:15,CSendEmail
2010 216 17:58:13,CUrl
2010 216 18:17:16,DUrl
2010 216 19:31:00,DNologon
2010 217 08:39:00,Blogon
2010 217 09:00:01,BUrl
2010 217 09:54:07,BSendEmail
2010 217 10:12:19,BUrl
2010 217 12:45:02,CUrl
2010 217 18:55:53,DUrl
2010 217 19:37:00,DNologon
2010 218 04:09:22,Alogon
2010 218 06:36:57,BNologon
2010 218 08:23:00,Blogon
2010 218 08:30:35,BUrl
2010 218 13:46:58,Clogon
2010 218 13:56:51,CUrl
2010 218 18:41:58,DUrl
2010 218 19:28:31,DSendEmail
2010 218 19:30:00,DNologon
2010 219 08:28:00,Blogon
2010 219 08:56:40,BUrl
2010 219 12:35:49,Clogon
2010 219 13:24:13,CSendEmail
2010 219 13:41:06,CUrl
2010 219 19:21:13,DUrl
2010 219 19:43:00,DNologon
2010 220 08:39:00,Blogon
2010 220 08:45:27,BUrl
2010 220 12:43:32,CUrl
2010 220 13:53:44,Clogon
2010 220 15:35:59,CUrl
2010 220 18:32:35,DSendEmail
2010 220 19:29:00,DNologon
2010 221 08:18:00,Blogon
2010 221 08:44:26,BUrl
2010 221 10:49:22,BSendEmail
2010 221 11:26:23,BUrl
2010 221 13:56:34,CUrl
2010 221 18:44:43,DUrl
2010 221 19:42:00,DNologon
2010 222 08:37:00,Blogon
2010 222 08:38:46,BUrl
2010 222 08:39:03,BSendEmail
2010 222 08:43:03,BUrl
2010 222 12:51:37,Clogon
2010 222 16:07:52,CUrl
2010 222 18:54:15,DUrl
2010 222 19:24:00,DNologon
2010 223 08:38:00,Blogon
2010 223 08:46:46,BUrl
2010 223 13:28:27,Clogon
2010 223 14:18:05,CUrl
2010 223 19:15:35,DSendEmail
2010 223 19:21:00,DNologon
2010 224 08:35:00,Blogon
2010 224 08:54:23,BUrl
2010 224 12:58:21,Clogon
2010 224 13:09:59,CUrl
2010 224 14:32:01,CSendEmail
2010 224 15:21:28,CUrl
2010 224 19:09:43,DUrl
2010 224 19:22:00,DNologon
2010 225 08:24:00,Blogon
2010 225 09:06:38,BUrl
2010 225 12:42:27,CUrl
2010 225 13:53:21,CSendEmail
2010 225 19:40:00,DNologon
2010 225 21:05:36,Dlogon
2010 225 21:12:22,DUrl
2010 225 22:41:18,DNologon
2010 227 08:18:00,Blogon
2010 227 08:51:08,BUrl
2010 227 14:14:10,Clogon
2010 227 14:24:03,CUrl
2010 227 19:37:23,DSendEmail
2010 227 19:39:00,DNologon
2010 228 08:19:00,Blogon
2010 228 08:23:10,BUrl
2010 228 08:50:45,BSendEmail
2010 228 09:45:47,BUrl
2010 228 12:42:37,Clogon
2010 228 14:48:23,CUrl
2010 228 18:28:19,DUrl
2010 228 19:41:00,DNologon
2010 229 08:29:00,Blogon
2010 229 09:36:58,BSendEmail
2010 229 10:17:05,Blogon
2010 229 10:29:04,BUrl
2010 229 12:03:46,CUrl
2010 229 13:07:28,Clogon
2010 229 13:13:00,CNologon
2010 229 13:42:43,CUrl
2010 229 18:08:07,DUrl
2010 229 19:39:00,DNologon
2010 230 08:21:00,Blogon
2010 230 08:37:10,BUrl
2010 230 12:09:29,CUrl
2010 230 18:05:35,DSendEmail
2010 230 18:53:43,DUrl
2010 230 19:14:32,Dlogon
2010 230 19:15:57,DNologon
2010 230 19:17:52,DUrl
2010 230 19:41:00,DNologon
2010 231 08:26:00,Blogon
2010 231 08:36:33,BUrl
2010 231 13:25:43,CUrl
2010 231 19:27:44,DUrl
2010 231 19:39:00,DNologon
2010 231 20:51:38,Dlogon
2010 231 21:54:04,DUrl
2010 232 05:15:08,ANologon
2010 232 08:15:00,Blogon
2010 232 09:15:13,BUrl
2010 232 11:32:55,Blogon
2010 232 11:40:49,BUrl
2010 232 11:44:33,BSendEmail
2010 232 12:49:11,CUrl
2010 232 17:47:56,Clogon
2010 232 17:49:32,CNologon
2010 232 19:40:00,DNologon
2010 233 08:39:00,Blogon
2010 233 12:11:19,Clogon
2010 233 19:24:00,DNologon
2010 234 08:35:00,Blogon
2010 234 08:36:58,BSendEmail
2010 234 09:33:57,BUrl
2010 234 12:58:22,CUrl
2010 234 14:15:48,Clogon
2010 234 14:26:19,CUrl
2010 234 18:00:17,DUrl
2010 234 19:26:00,DNologon
2010 235 08:30:00,Blogon
2010 235 08:38:44,BUrl
2010 235 12:58:34,CUrl
2010 235 13:06:24,Clogon
2010 235 13:24:32,CSendEmail
2010 235 13:43:15,CUrl
2010 235 18:28:20,DUrl
2010 235 19:44:00,DNologon
2010 236 08:40:00,Blogon
2010 236 08:52:48,BUrl
2010 236 08:54:55,Blogon
2010 236 09:04:15,BUrl
2010 236 09:46:05,BNologon
2010 236 09:46:44,BUrl
2010 236 12:40:58,CUrl
2010 236 14:12:15,Clogon
2010 236 14:13:47,CUrl
2010 236 18:51:43,DUrl
2010 236 19:26:09,DSendEmail
2010 236 19:35:00,DNologon
2010 237 08:24:00,Blogon
2010 237 08:25:15,BUrl
2010 237 10:06:26,BSendEmail
2010 237 10:20:19,BUrl
2010 237 14:13:31,Clogon
2010 237 14:17:56,CUrl
2010 237 19:07:38,DUrl
2010 237 19:40:00,DNologon
2010 238 08:36:00,Blogon
2010 238 08:38:28,BUrl
2010 238 11:46:37,Blogon
2010 238 12:13:18,CUrl
2010 238 15:07:40,CSendEmail
2010 238 17:41:48,CUrl
2010 238 18:34:40,DUrl
2010 238 19:28:00,DNologon
2010 239 08:33:00,Blogon
2010 239 08:38:30,BUrl
2010 239 10:42:10,BSendEmail
2010 239 10:56:50,BUrl
2010 239 13:34:30,Clogon
2010 239 15:55:52,CUrl
2010 239 18:47:33,DUrl
2010 239 19:20:00,DNologon
2010 240 08:29:00,Blogon
2010 240 08:34:04,BUrl
2010 240 12:46:13,CUrl
2010 240 14:06:38,Clogon
2010 240 15:56:17,CSendEmail
2010 240 16:15:05,CUrl
2010 240 19:15:29,DUrl
2010 240 19:36:00,DNologon
2010 242 08:15:00,Blogon
2010 242 08:33:55,BUrl
2010 242 12:01:53,CUrl
2010 242 12:08:43,Clogon
2010 242 12:10:10,CNologon
2010 242 13:31:06,CUrl
2010 242 16:56:55,CSendEmail
2010 242 17:26:58,CUrl
2010 242 18:19:43,DUrl
2010 242 19:37:00,DNologon
2010 243 08:38:00,Blogon
2010 243 09:39:02,BUrl
2010 243 12:35:49,Clogon
2010 243 14:31:28,CSendEmail
2010 243 16:16:59,CUrl
2010 243 19:05:53,DUrl
2010 243 19:22:00,DNologon
2010 244 08:35:00,Blogon
2010 244 08:38:20,BUrl
2010 244 12:33:42,CSendEmail
2010 244 12:56:06,CUrl
2010 244 13:33:22,Clogon
2010 244 14:07:02,CUrl
2010 244 18:13:28,DUrl
2010 244 19:23:00,DNologon
2010 245 08:30:00,Blogon
2010 245 08:33:48,BUrl
2010 245 11:10:30,BSendEmail
2010 245 11:31:59,BUrl
2010 245 12:43:20,CUrl
2010 245 13:17:26,Clogon
2010 245 13:24:20,CNologon
2010 245 15:24:26,CUrl
2010 245 19:38:00,DNologon
2010 246 03:52:20,Alogon
2010 246 05:25:49,ANologon
2010 246 08:39:00,Blogon
2010 246 08:50:18,BUrl
2010 246 12:10:14,CUrl
2010 246 13:46:45,Clogon
2010 246 14:25:46,CUrl
2010 246 17:45:37,CSendEmail
2010 246 18:42:07,DUrl
2010 246 19:29:00,DNologon
2010 247 08:17:00,Blogon
2010 247 08:23:32,BUrl
2010 247 13:15:08,CSendEmail
2010 247 13:37:29,CUrl
2010 247 19:26:16,DUrl
2010 247 19:35:00,DNologon
2010 247 23:24:37,Dlogon
2010 247 23:32:37,DUrl
2010 248 01:38:19,ANologon
2010 249 08:15:00,Blogon
2010 249 09:28:13,BUrl
2010 249 12:43:51,Clogon
2010 249 14:40:20,CUrl
2010 249 16:35:45,CSendEmail
2010 249 17:18:32,CUrl
2010 249 19:13:00,DUrl
2010 249 19:36:00,DNologon
2010 250 08:34:00,Blogon
2010 250 09:09:55,BUrl
2010 250 10:59:21,BSendEmail
2010 250 11:47:11,BUrl
2010 250 12:52:20,CUrl
2010 250 19:27:00,DUrl
2010 250 19:33:00,DNologon
2010 250 21:28:51,Dlogon
2010 250 22:14:37,DUrl
2010 251 00:27:33,ANologon
2010 251 08:33:00,Blogon
2010 251 09:53:02,BUrl
2010 251 13:08:04,CUrl
2010 251 18:49:53,DUrl
2010 251 19:28:00,DNologon
2010 251 21:46:59,Dlogon
2010 251 22:51:12,DUrl
2010 252 03:39:07,ANologon
2010 252 08:27:00,Blogon
2010 252 08:38:40,BUrl
2010 252 08:44:18,BSendEmail
2010 252 11:47:59,BUrl
2010 252 13:42:11,Clogon
2010 252 13:51:56,CUrl
2010 252 18:59:51,DUrl
2010 252 19:30:00,DNologon
2010 253 08:27:00,Blogon
2010 253 08:47:14,BUrl
2010 253 12:30:35,CUrl
2010 253 14:33:46,CSendEmail
2010 253 14:57:00,CUrl
2010 253 19:09:59,DUrl
2010 253 19:29:00,DNologon
2010 254 08:22:00,Blogon
2010 254 08:25:43,BUrl
2010 254 13:14:55,Clogon
2010 254 13:30:47,CUrl
2010 254 14:08:41,Clogon
2010 254 14:13:04,CNologon
2010 254 15:22:20,CUrl
2010 254 15:28:29,CSendEmail
2010 254 18:02:55,DUrl
2010 254 19:25:00,DNologon
2010 255 06:07:25,Blogon
2010 255 07:16:46,BNologon
2010 256 08:23:00,Blogon
2010 256 09:33:16,BUrl
2010 256 10:15:55,Blogon
2010 256 10:48:56,BUrl
2010 256 12:41:56,CUrl
2010 256 18:19:33,DSendEmail
2010 256 19:28:00,DNologon
2010 257 08:23:00,Blogon
2010 257 08:37:10,BUrl
2010 257 12:08:56,CUrl
2010 257 16:51:58,CSendEmail
2010 257 17:17:01,CUrl
2010 257 19:07:20,DUrl
2010 257 19:28:25,Dlogon
2010 257 19:30:52,DNologon
2010 257 19:33:00,DNologon
2010 258 05:27:01,Alogon
2010 258 07:23:56,BNologon
2010 258 08:19:00,Blogon
2010 258 08:26:36,BUrl
2010 258 10:09:18,BSendEmail
2010 258 10:57:48,BUrl
2010 258 13:04:52,CUrl
2010 258 18:08:38,DUrl
2010 258 19:21:44,Dlogon
2010 258 19:35:32,DNologon
2010 258 19:45:00,DNologon
2010 259 08:19:00,Blogon
2010 259 08:49:01,BUrl
2010 259 13:01:45,CUrl
2010 259 13:05:13,CSendEmail
2010 259 14:05:27,Clogon
2010 259 14:30:17,CUrl
2010 259 18:48:46,DUrl
2010 259 19:34:00,DNologon
2010 260 08:39:00,Blogon
2010 260 08:48:38,BUrl
2010 260 09:06:35,BSendEmail
2010 260 09:34:12,BUrl
2010 260 13:42:53,Clogon
2010 260 14:02:07,CUrl
2010 260 18:01:10,DUrl
2010 260 19:24:00,DNologon
2010 262 08:36:00,Blogon
2010 262 09:15:10,BUrl
2010 262 12:06:26,CUrl
2010 262 13:57:21,Clogon
2010 262 14:48:53,CSendEmail
2010 262 15:28:02,CUrl
2010 262 18:25:32,DUrl
2010 262 19:22:00,DNologon
2010 263 08:31:00,Blogon
2010 263 08:47:33,BUrl
2010 263 12:03:17,CUrl
2010 263 14:29:52,Clogon
2010 263 14:35:13,CUrl
2010 263 17:55:24,CSendEmail
2010 263 18:17:59,DUrl
2010 263 19:29:00,DNologon
2010 264 08:37:00,Blogon
2010 264 08:39:04,BUrl
2010 264 11:59:35,Blogon
2010 264 12:09:12,CUrl
2010 264 19:27:08,DUrl
2010 264 19:29:00,DNologon
2010 265 08:25:00,Blogon
2010 265 08:34:13,BUrl
2010 265 09:14:44,BSendEmail
2010 265 10:42:42,Blogon
2010 265 11:25:01,BUrl
2010 265 12:53:21,CUrl
2010 265 19:00:20,DUrl
2010 265 19:30:00,DNologon
2010 266 08:30:00,Blogon
2010 266 10:21:33,BSendEmail
2010 266 10:51:50,BUrl
2010 266 11:42:02,Blogon
2010 266 12:01:09,CNologon
2010 266 12:14:04,CUrl
2010 266 18:31:40,DUrl
2010 266 19:37:00,DNologon
2010 267 05:00:55,Alogon
2010 267 06:21:08,BNologon
2010 267 08:40:00,Blogon
2010 267 09:02:18,BUrl
2010 267 11:36:48,Blogon
2010 267 16:46:40,CUrl
2010 267 18:50:04,DSendEmail
2010 267 18:57:02,DUrl
2010 267 19:28:00,DNologon
2010 268 08:20:00,Blogon
2010 268 13:14:36,CUrl
2010 268 18:17:36,DUrl
2010 268 19:12:53,DSendEmail
2010 268 19:15:53,DUrl
2010 268 19:34:00,DNologon
2010 269 08:39:00,Blogon
2010 269 10:06:05,BUrl
2010 269 12:59:36,CUrl
2010 269 13:07:16,CSendEmail
2010 269 13:09:09,CUrl
2010 269 15:50:42,Clogon
2010 269 16:26:46,CNologon
2010 269 17:31:15,CUrl
2010 269 19:21:21,DUrl
2010 269 19:24:00,DNologon
2010 270 08:21:00,Blogon
2010 270 08:32:15,BUrl
2010 270 12:11:53,CUrl
2010 270 12:57:49,Clogon
2010 270 13:00:28,CUrl
2010 270 16:02:40,CSendEmail
2010 270 16:24:25,CUrl
2010 270 18:36:37,DUrl
2010 270 19:38:00,DNologon
2010 271 08:29:00,Blogon
2010 271 08:38:59,BUrl
2010 271 12:55:27,CUrl
2010 271 13:12:21,CSendEmail
2010 271 13:36:25,CUrl
2010 271 17:04:13,Clogon
2010 271 17:07:25,CNologon
2010 271 17:11:45,CUrl
2010 271 18:33:23,DUrl
2010 271 19:21:00,DNologon
2010 272 07:10:22,Blogon
2010 272 07:28:06,BNologon
2010 272 08:25:00,Blogon
2010 272 08:34:19,BUrl
2010 272 12:15:40,CUrl
2010 272 17:37:37,CSendEmail
2010 272 17:46:30,CUrl
2010 272 18:31:23,DUrl
2010 272 19:37:01,Dlogon
2010 272 19:41:55,DNologon
2010 272 19:44:00,DNologon
2010 273 05:43:25,Alogon
2010 273 06:27:44,BNologon
2010 273 08:35:00,Blogon
2010 273 09:37:03,BUrl
2010 273 11:09:09,BSendEmail
2010 273 11:10:02,BUrl
2010 273 12:54:48,Clogon
2010 273 13:23:53,CUrl
2010 273 18:50:26,DUrl
2010 273 19:25:00,DNologon
2010 274 08:35:00,Blogon
2010 274 08:41:46,BUrl
2010 274 13:18:04,Clogon
2010 274 13:28:08,CUrl
2010 274 18:48:21,DSendEmail
2010 274 18:48:28,DUrl
2010 274 19:29:00,DNologon
2010 275 08:35:00,Blogon
2010 275 09:35:45,BUrl
2010 275 13:00:04,Clogon
2010 275 13:06:04,CUrl
2010 275 13:27:00,CSendEmail
2010 275 16:35:29,CUrl
2010 275 19:24:00,DNologon
2010 276 08:20:00,Blogon
2010 276 08:49:02,BUrl
2010 276 12:15:32,CUrl
2010 276 14:48:51,CSendEmail
2010 276 17:49:32,CUrl
2010 276 18:23:29,Dlogon
2010 276 18:25:24,DNologon
2010 276 19:06:58,DUrl
2010 276 19:30:00,DNologon
2010 277 08:30:00,Blogon
2010 277 08:50:24,BSendEmail
2010 277 09:13:05,BUrl
2010 277 11:46:05,Blogon
2010 277 12:36:37,CUrl
2010 277 15:11:13,Clogon
2010 277 15:27:04,CUrl
2010 277 16:02:25,CNologon
2010 277 16:27:06,CUrl
2010 277 18:22:35,DUrl
2010 277 19:39:00,DNologon
2010 278 08:28:00,Blogon
2010 278 09:03:37,BUrl
2010 278 13:31:50,Clogon
2010 278 13:53:18,CUrl
2010 278 18:09:40,DSendEmail
2010 278 18:35:01,DUrl
2010 278 19:34:00,DNologon
2010 279 08:34:00,Blogon
2010 279 08:42:20,BUrl
2010 279 09:33:31,BSendEmail
2010 279 10:53:40,BUrl
2010 279 14:19:01,Clogon
2010 279 14:21:57,CUrl
2010 279 19:17:21,DUrl
2010 279 19:26:00,DNologon
2010 280 08:29:00,Blogon
2010 280 08:37:10,BUrl
2010 280 14:01:43,CUrl
2010 280 18:42:09,DSendEmail
2010 280 18:42:51,DUrl
2010 280 19:44:00,DNologon
2010 281 08:35:00,Blogon
2010 281 08:55:33,BSendEmail
2010 281 09:02:30,BUrl
2010 281 10:39:17,Blogon
2010 281 10:56:38,BUrl
2010 281 12:47:30,CUrl
2010 281 18:01:07,DUrl
2010 281 19:20:00,DNologon
2010 283 08:35:00,Blogon
2010 283 09:00:54,BUrl
2010 283 11:36:40,Blogon
2010 283 11:50:21,BUrl
2010 283 13:12:58,CSendEmail
2010 283 13:38:41,CUrl
2010 283 18:11:09,DUrl
2010 283 19:24:00,DNologon
2010 284 08:30:00,Blogon
2010 284 08:35:13,BUrl
2010 284 13:03:47,CUrl
2010 284 16:17:32,Clogon
2010 284 16:29:21,CNologon
2010 284 16:30:59,CUrl
2010 284 18:27:32,DUrl
2010 284 19:15:49,DSendEmail
2010 284 19:23:00,DNologon
2010 285 06:14:53,Blogon
2010 285 06:30:35,BNologon
2010 285 08:38:00,Blogon
2010 285 10:20:14,BUrl
2010 285 10:38:40,BSendEmail
2010 285 10:53:43,BUrl
2010 285 14:12:13,Clogon
2010 285 14:43:14,CUrl
2010 285 18:26:36,DUrl
2010 285 19:21:00,DNologon
2010 286 08:35:00,Blogon
2010 286 08:38:50,BUrl
2010 286 12:07:09,CUrl
2010 286 14:10:33,Clogon
2010 286 14:21:22,CUrl
2010 286 16:40:00,CSendEmail
2010 286 17:32:05,CUrl
2010 286 18:51:06,DUrl
2010 286 19:28:00,DNologon
2010 287 08:37:00,Blogon
2010 287 08:39:04,BUrl
2010 287 10:47:49,Blogon
2010 287 10:54:56,BUrl
2010 287 13:08:18,CUrl
2010 287 19:10:14,DUrl
2010 287 19:17:03,DSendEmail
2010 287 19:25:00,DNologon
2010 288 08:20:00,Blogon
2010 288 08:21:29,BUrl
2010 288 12:39:07,CUrl
2010 288 13:48:52,CSendEmail
2010 288 14:32:46,CUrl
2010 288 18:02:14,DUrl
2010 288 19:30:00,DNologon
2010 289 05:26:31,Alogon
2010 289 07:32:11,BNologon
2010 289 08:39:00,Blogon
2010 289 08:41:17,BUrl
2010 289 12:07:54,CUrl
2010 289 13:26:43,Clogon
2010 289 13:45:22,CSendEmail
2010 289 13:59:34,CUrl
2010 289 18:29:47,DUrl
2010 289 19:27:00,DNologon
2010 291 08:39:00,Blogon
2010 291 09:04:02,BUrl
2010 291 14:13:26,Clogon
2010 291 15:19:21,CSendEmail
2010 291 15:35:26,CUrl
2010 291 18:50:33,DUrl
2010 291 19:22:00,DNologon
2010 292 08:34:00,Blogon
2010 292 08:41:55,BUrl
2010 292 12:07:18,CUrl
2010 292 12:43:24,Clogon
2010 292 12:45:05,CUrl
2010 292 16:27:20,CSendEmail
2010 292 18:20:16,DUrl
2010 292 19:22:00,DNologon
2010 293 08:29:00,Blogon
2010 293 08:45:30,BUrl
2010 293 13:27:24,Clogon
2010 293 13:30:02,CUrl
2010 293 17:37:02,CSendEmail
2010 293 17:41:46,CUrl
2010 293 18:17:53,DUrl
2010 293 19:22:00,DNologon
2010 294 08:38:00,Blogon
2010 294 09:12:13,BUrl
2010 294 10:12:28,BSendEmail
2010 294 12:38:47,Clogon
2010 294 15:01:57,CUrl
2010 294 18:27:25,DUrl
2010 294 19:21:00,DNologon
2010 295 08:24:00,Blogon
2010 295 08:36:58,BUrl
2010 295 12:17:42,CUrl
2010 295 14:50:41,CSendEmail
2010 295 14:52:12,CUrl
2010 295 18:11:36,DUrl
2010 295 19:30:00,DNologon
2010 296 08:25:00,Blogon
2010 296 09:13:36,BUrl
2010 296 13:35:47,Clogon
2010 296 16:29:21,CUrl
2010 296 18:25:48,DUrl
2010 296 19:38:00,DNologon
2010 297 08:38:00,Blogon
2010 297 08:55:11,BUrl
2010 297 11:17:09,BSendEmail
2010 297 11:23:00,BUrl
2010 297 13:24:16,Clogon
2010 297 15:08:25,CUrl
2010 297 18:30:17,DUrl
2010 297 19:24:00,DNologon
2010 298 08:18:00,Blogon
2010 298 09:04:11,BUrl
2010 298 13:12:24,Clogon
2010 298 13:24:35,CUrl
2010 298 14:47:49,CSendEmail
2010 298 15:08:25,CUrl
2010 298 19:19:45,DUrl
2010 298 19:43:00,DNologon
2010 299 08:32:00,Blogon
2010 299 08:41:18,BUrl
2010 299 12:01:17,Clogon
2010 299 12:08:32,CUrl
2010 299 16:28:00,CSendEmail
2010 299 19:08:34,DUrl
2010 299 19:20:00,DNologon
2010 300 08:25:00,Blogon
2010 300 09:00:10,BUrl
2010 300 12:23:54,CUrl
2010 300 18:36:37,DUrl
2010 300 19:34:43,DSendEmail
2010 300 19:38:00,DNologon
2010 301 08:30:00,Blogon
2010 301 09:17:02,BUrl
2010 301 11:42:26,Blogon
2010 301 14:55:03,CUrl
2010 301 15:05:43,CSendEmail
2010 301 16:19:32,CUrl
2010 301 18:06:28,DUrl
2010 301 19:22:16,Dlogon
2010 301 19:24:01,DNologon
2010 301 19:28:00,DNologon
2010 302 08:31:00,Blogon
2010 302 08:36:12,BUrl
2010 302 08:58:08,BSendEmail
2010 302 09:38:46,BUrl
2010 302 12:37:44,Clogon
2010 302 13:13:36,CUrl
2010 302 18:02:32,DUrl
2010 302 19:24:00,DNologon
2010 303 08:37:00,Blogon
2010 303 10:26:55,BUrl
2010 303 14:34:05,Clogon
2010 303 17:30:59,CUrl
2010 303 18:16:38,DUrl
2010 303 19:26:00,DNologon
2010 304 08:35:00,Blogon
2010 304 08:55:37,BUrl
2010 304 10:28:32,BSendEmail
2010 304 10:42:15,BUrl
2010 304 12:21:50,Clogon
2010 304 16:23:42,CUrl
2010 304 18:33:22,DUrl
2010 304 19:25:00,DNologon
2010 305 08:24:00,Blogon
2010 305 08:43:54,BUrl
2010 305 14:16:36,CUrl
2010 305 15:14:23,CSendEmail
2010 305 16:55:18,CUrl
2010 305 18:00:51,Dlogon
2010 305 18:15:23,DNologon
2010 305 19:15:30,DUrl
2010 305 19:38:00,DNologon
2010 306 08:36:00,Blogon
2010 306 08:51:09,BUrl
2010 306 12:34:02,Clogon
2010 306 12:45:12,CUrl
2010 306 14:46:07,Clogon
2010 306 14:47:10,CNologon
2010 306 15:15:13,CUrl
2010 306 17:14:39,CSendEmail
2010 306 19:23:00,DNologon
2010 307 06:09:22,Blogon
2010 307 07:10:01,BNologon
2010 307 08:16:00,Blogon
2010 307 08:35:35,BUrl
2010 307 12:13:29,CUrl
2010 307 12:28:43,Clogon
2010 307 14:33:53,CUrl
2010 307 16:00:29,CSendEmail
2010 307 19:38:44,DUrl
2010 307 19:45:00,DNologon
2010 308 08:40:00,Blogon
2010 308 11:06:44,BSendEmail
2010 308 12:10:44,CUrl
2010 308 19:11:19,DUrl
2010 308 19:40:00,DNologon
2010 309 08:27:00,Blogon
2010 309 08:44:35,BUrl
2010 309 09:06:41,BSendEmail
2010 309 10:02:40,BUrl
2010 309 14:24:44,Clogon
2010 309 15:40:01,CUrl
2010 309 18:51:09,DUrl
2010 309 19:37:00,DNologon
2010 310 08:19:00,Blogon
2010 310 09:07:20,BUrl
2010 310 11:54:49,Blogon
2010 310 12:17:39,CUrl
2010 310 18:10:58,DUrl
2010 310 18:21:47,DSendEmail
2010 310 19:30:00,DNologon
2010 311 03:10:17,Alogon
2010 311 05:00:42,ANologon
2010 311 08:16:00,Blogon
2010 311 10:08:19,BUrl
2010 311 10:11:29,BSendEmail
2010 311 10:23:27,BUrl
2010 311 13:44:28,Clogon
2010 311 14:02:45,CUrl
2010 311 18:13:32,DUrl
2010 311 19:37:00,DNologon
2010 312 08:38:00,Blogon
2010 312 09:03:46,BUrl
2010 312 13:41:02,Clogon
2010 312 14:21:19,CUrl
2010 312 14:37:45,CSendEmail
2010 312 15:10:12,CUrl
2010 312 18:40:47,DUrl
2010 312 19:24:00,DNologon
2010 313 08:22:00,Blogon
2010 313 08:27:58,BUrl
2010 313 12:30:51,CUrl
2010 313 13:12:15,Clogon
2010 313 13:21:04,CUrl
2010 313 19:05:45,DUrl
2010 313 19:25:42,DSendEmail
2010 313 19:37:00,DNologon
2010 314 08:39:00,Blogon
2010 314 09:02:08,BUrl
2010 314 11:55:26,Blogon
2010 314 12:13:15,CUrl
2010 314 18:09:25,DUrl
2010 314 18:35:06,DSendEmail
2010 314 18:35:20,DUrl
2010 314 19:24:00,DNologon
2010 315 08:23:00,Blogon
2010 315 08:28:40,BUrl
2010 315 08:58:28,BSendEmail
2010 315 09:28:50,BUrl
2010 315 13:32:26,Clogon
2010 315 13:43:15,CUrl
2010 315 18:22:58,DUrl
2010 315 19:36:00,DNologon
2010 316 08:27:00,Blogon
2010 316 08:34:52,BUrl
2010 316 12:12:51,CUrl
2010 316 13:58:51,CSendEmail
2010 316 14:11:33,CUrl
2010 316 18:23:25,DUrl
2010 316 19:37:00,DNologon
2010 318 08:32:00,Blogon
2010 318 08:50:27,BUrl
2010 318 12:54:14,Clogon
2010 318 13:15:26,CUrl
2010 318 18:48:52,DUrl
2010 318 19:12:34,DSendEmail
2010 318 19:14:52,DUrl
2010 318 19:22:00,DNologon
2010 319 08:33:00,Blogon
2010 319 08:36:24,BUrl
2010 319 13:23:07,Clogon
2010 319 13:54:38,CUrl
2010 319 15:39:46,CSendEmail
2010 319 16:44:43,CUrl
2010 319 18:20:28,DUrl
2010 319 19:23:00,DNologon
2010 320 08:27:00,Blogon
2010 320 09:00:35,BUrl
2010 320 14:20:07,Clogon
2010 320 14:26:18,CUrl
2010 320 17:26:18,CSendEmail
2010 320 17:27:09,CUrl
2010 320 18:44:58,DUrl
2010 320 19:45:00,DNologon
2010 321 08:30:00,Blogon
2010 321 08:33:58,BUrl
2010 321 13:06:51,Clogon
2010 321 13:22:59,CUrl
2010 321 18:59:51,DUrl
2010 321 19:36:00,DNologon
2010 322 08:22:00,Blogon
2010 322 08:28:47,BUrl
2010 322 12:44:46,CUrl
2010 322 14:29:47,CSendEmail
2010 322 14:41:44,CUrl
2010 322 18:27:10,DUrl
2010 322 19:34:00,DNologon
2010 323 08:30:00,Blogon
2010 323 08:32:33,BUrl
2010 323 12:33:55,Clogon
2010 323 13:08:46,CUrl
2010 323 13:46:01,CSendEmail
2010 323 15:26:26,CUrl
2010 323 18:12:01,DUrl
2010 323 19:23:00,DNologon
2010 326 08:30:00,Blogon
2010 326 08:40:29,BUrl
2010 326 13:34:41,Clogon
2010 326 13:44:12,CUrl
2010 326 18:24:06,DUrl
2010 326 19:15:32,DSendEmail
2010 326 19:26:00,DNologon
2010 327 08:31:00,Blogon
2010 327 08:32:32,BUrl
2010 327 10:47:28,BSendEmail
2010 327 13:05:30,Clogon
2010 327 13:06:58,CNologon
2010 327 13:59:43,Clogon
2010 327 14:50:00,CUrl
2010 327 19:03:42,DUrl
2010 327 19:30:00,DNologon
2010 328 08:38:00,Blogon
2010 328 08:48:42,BUrl
2010 328 14:05:02,Clogon
2010 328 14:11:14,CUrl
2010 328 19:29:00,DNologon
2010 329 08:23:00,Blogon
2010 329 08:32:49,Blogon
2010 329 08:41:09,BUrl
2010 329 09:17:27,BNologon
2010 329 09:35:27,BUrl
2010 329 11:08:39,Blogon
2010 329 14:19:12,CUrl
2010 329 16:29:28,CSendEmail
2010 329 17:16:27,CUrl
2010 329 18:59:25,DUrl
2010 329 19:41:00,DNologon
2010 331 08:31:00,Blogon
2010 331 09:15:15,BUrl
2010 331 13:13:26,Clogon
2010 331 13:51:37,CUrl
2010 331 15:07:47,CSendEmail
2010 331 16:28:51,CUrl
2010 331 18:40:01,DUrl
2010 331 19:26:00,DNologon
2010 332 08:34:00,Blogon
2010 332 08:35:06,BSendEmail
2010 332 09:05:53,BUrl
2010 332 12:24:37,CUrl
2010 332 13:19:04,Clogon
2010 332 13:36:02,CUrl
2010 332 19:11:21,DUrl
2010 332 19:28:00,DNologon
2010 333 08:28:00,Blogon
2010 333 08:37:33,BUrl
2010 333 11:28:18,Blogon
2010 333 11:29:55,BUrl
2010 333 11:42:38,BSendEmail
2010 333 11:45:25,BUrl
2010 333 13:45:45,CUrl
2010 333 18:03:59,DUrl
2010 333 19:36:00,DNologon
2010 334 08:29:00,Blogon
2010 334 09:06:54,BUrl
2010 334 09:12:01,Blogon
2010 334 09:45:58,BNologon
2010 334 11:32:48,BUrl
2010 334 15:45:18,CUrl
2010 334 17:57:30,CSendEmail
2010 334 17:59:53,CUrl
2010 334 18:20:55,DUrl
2010 334 19:41:00,DNologon
2010 335 08:40:00,Blogon
2010 335 09:03:32,BUrl
2010 335 09:25:39,BSendEmail
2010 335 09:27:24,BUrl
2010 335 14:32:17,Clogon
2010 335 15:42:54,CUrl
2010 335 18:30:34,DUrl
2010 335 19:30:00,DNologon
2010 336 08:35:00,Blogon
2010 336 08:40:06,BUrl
2010 336 08:55:58,BSendEmail
2010 336 08:57:16,BUrl
2010 336 12:33:26,CUrl
2010 336 18:23:57,DUrl
2010 336 19:23:00,DNologon
2010 337 08:30:00,Blogon
2010 337 09:10:26,BUrl
2010 337 10:33:21,BSendEmail
2010 337 10:38:33,BUrl
2010 337 14:06:00,Clogon
2010 337 14:09:46,CUrl
2010 337 18:07:20,DUrl
2010 337 19:26:00,DNologon
2010 338 08:25:00,Blogon
2010 338 09:07:11,BUrl
2010 338 14:13:33,Clogon
2010 338 15:15:48,CUrl
2010 338 17:58:17,CSendEmail
2010 338 18:37:05,DUrl
2010 338 19:24:00,DNologon
2010 340 08:32:00,Blogon
2010 340 08:45:55,BUrl
2010 340 10:10:12,Blogon
2010 340 12:05:21,CSendEmail
2010 340 13:30:25,CUrl
2010 340 18:14:53,DUrl
2010 340 19:21:00,DNologon
2010 341 08:24:00,Blogon
2010 341 08:28:04,BUrl
2010 341 09:03:58,Blogon
2010 341 09:12:13,BNologon
2010 341 09:44:01,BUrl
2010 341 12:28:37,CUrl
2010 341 15:49:21,CSendEmail
2010 341 16:21:50,CUrl
2010 341 18:58:18,DUrl
2010 341 19:32:00,DNologon
2010 342 08:36:00,Blogon
2010 342 08:55:59,BUrl
2010 342 13:42:38,Clogon
2010 342 14:01:31,CUrl
2010 342 15:58:07,CSendEmail
2010 342 16:38:24,CUrl
2010 342 18:10:45,DUrl
2010 342 19:30:00,DNologon
2010 343 08:28:00,Blogon
2010 343 08:32:37,BUrl
2010 343 14:19:52,CUrl
2010 343 16:34:04,CSendEmail
2010 343 17:08:08,CUrl
2010 343 19:30:17,DUrl
2010 343 19:42:00,DNologon
2010 344 06:27:41,Blogon
2010 344 06:45:37,BNologon
2010 344 08:40:00,Blogon
2010 344 08:44:21,BUrl
2010 344 09:09:58,BSendEmail
2010 344 10:25:41,BUrl
2010 344 11:47:54,Blogon
2010 344 11:50:13,BNologon
2010 344 13:29:41,CUrl
2010 344 19:25:00,DNologon
2010 346 08:31:00,Blogon
2010 346 09:50:53,BUrl
2010 346 11:39:30,Blogon
2010 346 12:33:02,CUrl
2010 346 14:44:11,CSendEmail
2010 346 15:03:42,CUrl
2010 346 18:33:59,DUrl
2010 346 19:25:00,DNologon
2010 347 08:21:00,Blogon
2010 347 08:52:25,BUrl
2010 347 12:14:10,CUrl
2010 347 13:41:41,Clogon
2010 347 14:17:15,CUrl
2010 347 18:23:27,DSendEmail
2010 347 18:51:50,DUrl
2010 347 19:38:00,DNologon
2010 348 08:28:00,Blogon
2010 348 09:16:54,BUrl
2010 348 10:37:52,Blogon
2010 348 10:50:28,BUrl
2010 348 13:51:13,CUrl
2010 348 16:49:28,CSendEmail
2010 348 17:41:07,CUrl
2010 348 18:46:22,DUrl
2010 348 19:23:00,DNologon
2010 349 08:31:00,Blogon
2010 349 08:35:55,BSendEmail
2010 349 08:54:09,BUrl
2010 349 14:19:28,Clogon
2010 349 15:55:14,CUrl
2010 349 18:34:58,DUrl
2010 349 19:27:00,DNologon
2010 350 08:28:00,Blogon
2010 350 08:52:09,BUrl
2010 350 11:11:43,BSendEmail
2010 350 11:24:17,Blogon
2010 350 13:37:40,CUrl
2010 350 18:23:36,DUrl
2010 350 19:23:00,DNologon
2010 351 08:22:00,Blogon
2010 351 08:30:52,BUrl
2010 351 10:44:37,BSendEmail
2010 351 11:39:12,BUrl
2010 351 12:48:08,Clogon
2010 351 12:53:15,CUrl
2010 351 19:14:59,DUrl
2010 351 19:39:00,DNologon
2010 352 08:16:00,Blogon
2010 352 08:53:50,BUrl
2010 352 09:07:38,BSendEmail
2010 352 09:12:53,BUrl
2010 352 11:28:22,Blogon
2010 352 11:30:30,BUrl
2010 352 13:22:11,CUrl
2010 352 14:23:04,Clogon
2010 352 14:28:30,CNologon
2010 352 15:46:49,CUrl
2010 352 18:00:49,DUrl
2010 352 19:30:00,DNologon
2010 353 02:24:13,Alogon
2010 353 04:26:11,ANologon
2010 353 08:30:00,Blogon
2010 353 08:41:30,BSendEmail
2010 353 10:16:44,BUrl
2010 353 11:26:51,Blogon
2010 353 11:37:54,BNologon
2010 353 12:07:02,CUrl
2010 353 19:04:48,DUrl
2010 353 19:44:00,DNologon
2010 354 01:01:11,Alogon
2010 354 04:02:51,ANologon
2010 354 08:36:00,Blogon
2010 354 08:47:56,BUrl
2010 354 11:54:32,Blogon
2010 354 12:05:55,CUrl
2010 354 14:58:45,CSendEmail
2010 354 16:10:09,CUrl
2010 354 18:31:14,DUrl
2010 354 19:22:00,DNologon
2010 355 08:37:00,Blogon
2010 355 08:49:02,BUrl
2010 355 11:47:50,Blogon
2010 355 12:27:43,CUrl
2010 355 12:32:04,CSendEmail
2010 355 13:19:33,CUrl
2010 355 18:04:34,DUrl
2010 355 19:34:00,DNologon
2010 356 08:31:00,Blogon
2010 356 08:35:58,BUrl
2010 356 08:38:27,Blogon
2010 356 08:41:23,BUrl
2010 356 08:51:00,BNologon
2010 356 09:09:25,BSendEmail
2010 356 09:14:24,BUrl
2010 356 13:32:43,CUrl
2010 356 18:54:31,DUrl
2010 356 19:24:00,DNologon
2010 357 08:33:00,Blogon
2010 357 08:49:11,BUrl
2010 357 09:15:53,Blogon
2010 357 09:40:30,BNologon
2010 357 10:15:44,BUrl
2010 357 12:14:19,CSendEmail
2010 357 12:15:55,CUrl
2010 357 18:04:54,DUrl
2010 357 19:31:00,DNologon
2010 358 08:18:00,Blogon
2010 358 08:30:12,BUrl
2010 358 12:39:28,Clogon
2010 358 12:46:38,Clogon
2010 358 12:59:44,CNologon
2010 358 13:53:42,CUrl
2010 358 18:33:58,DUrl
2010 358 19:29:48,DSendEmail
2010 358 19:36:00,DNologon
2010 361 08:18:00,Blogon
2010 361 08:19:41,BUrl
2010 361 12:30:10,Clogon
2010 361 12:35:55,CUrl
2010 361 12:44:52,CSendEmail
2010 361 12:50:18,CUrl
2010 361 18:08:29,DUrl
2010 361 19:43:00,DNologon
2010 362 08:40:00,Blogon
2010 362 09:41:57,BUrl
2010 362 12:51:06,CUrl
2010 362 13:19:52,Clogon
2010 362 15:31:19,CUrl
2010 362 18:05:49,DUrl
2010 362 19:13:13,DSendEmail
2010 362 19:13:48,DUrl
2010 362 19:25:00,DNologon
2010 363 08:37:00,Blogon
2010 363 09:01:09,BUrl
2010 363 12:18:42,CSendEmail
2010 363 12:21:16,CUrl
2010 363 14:30:52,Clogon
2010 363 14:42:23,CUrl
2010 363 19:12:12,DUrl
2010 363 19:21:00,DNologon
2010 364 08:31:00,Blogon
2010 364 08:34:24,BUrl
2010 364 12:41:08,CUrl
2010 364 13:15:39,Clogon
2010 364 15:25:29,CUrl
2010 364 15:58:27,CSendEmail
2010 364 17:18:56,CUrl
2010 364 18:17:24,DUrl
2010 364 19:30:00,DNologon
2011 001 08:37:00,Blogon
2011 001 09:01:06,BUrl
2011 001 12:12:55,CUrl
2011 001 12:20:00,CSendEmail
2011 001 12:52:16,Clogon
2011 001 12:54:39,CUrl
2011 001 19:04:08,DUrl
2011 001 19:44:00,DNologon
2011 003 08:19:00,Blogon
2011 003 09:52:09,BUrl
2011 003 11:08:49,BSendEmail
2011 003 13:25:17,Clogon
2011 003 13:50:18,CUrl
2011 003 18:25:17,DUrl
2011 003 19:21:00,DNologon
2011 004 08:35:00,Blogon
2011 004 10:06:07,BUrl
2011 004 10:54:33,BSendEmail
2011 004 13:48:18,Clogon
2011 004 14:41:09,CUrl
2011 004 18:15:20,DUrl
2011 004 19:30:00,DNologon
2011 005 08:20:00,Blogon
2011 005 08:22:49,BUrl
2011 005 12:29:59,Clogon
2011 005 13:44:22,CSendEmail
2011 005 14:04:53,CUrl
2011 005 19:19:25,DUrl
2011 005 19:34:00,DNologon
2011 006 08:40:00,Blogon
2011 006 08:56:41,BUrl
2011 006 13:20:16,Clogon
2011 006 13:27:14,CUrl
2011 006 15:52:45,CSendEmail
2011 006 15:59:44,CUrl
2011 006 18:06:07,DUrl
2011 006 19:20:00,DNologon
2011 007 08:15:00,Blogon
2011 007 09:21:54,BUrl
2011 007 12:13:48,Clogon
2011 007 12:45:32,CUrl
2011 007 17:05:48,CSendEmail
2011 007 18:04:50,DUrl
2011 007 19:30:00,DNologon
2011 010 08:34:00,Blogon
2011 010 08:40:18,BUrl
2011 010 12:46:31,CUrl
2011 010 13:50:06,Clogon
2011 010 14:10:53,CUrl
2011 010 18:36:28,DUrl
2011 010 19:20:00,DNologon
2011 011 08:40:00,Blogon
2011 011 09:37:08,BUrl
2011 011 12:46:06,Clogon
2011 011 13:02:55,CSendEmail
2011 011 13:13:04,CUrl
2011 011 18:30:10,DUrl
2011 011 19:24:00,DNologon
2011 012 08:25:00,Blogon
2011 012 08:35:20,BUrl
2011 012 15:20:25,CUrl
2011 012 16:38:57,CSendEmail
2011 012 18:40:47,DUrl
2011 012 19:44:00,DNologon
2011 013 08:23:00,Blogon
2011 013 08:42:10,BUrl
2011 013 14:18:20,Clogon
2011 013 15:49:57,CUrl
2011 013 16:18:54,CSendEmail
2011 013 18:13:36,DUrl
2011 013 19:30:00,DNologon
2011 014 08:39:00,Blogon
2011 014 08:44:48,BUrl
2011 014 13:45:00,Clogon
2011 014 13:51:12,CUrl
2011 014 18:56:07,DSendEmail
2011 014 18:56:46,DUrl
2011 014 19:39:00,DNologon
2011 016 08:35:00,Blogon
2011 016 08:49:00,BUrl
2011 016 12:45:53,CUrl
2011 016 12:51:35,CSendEmail
2011 016 14:30:05,Clogon
2011 016 14:58:23,CUrl
2011 016 18:31:48,DUrl
2011 016 19:30:00,DNologon
2011 017 08:40:00,Blogon
2011 017 09:40:46,BUrl
2011 017 09:46:35,BSendEmail
2011 017 10:07:26,BUrl
2011 017 13:02:31,Clogon
2011 017 13:37:09,CUrl
2011 017 18:56:59,DUrl
2011 017 19:29:00,DNologon
2011 018 08:34:00,Blogon
2011 018 08:45:03,BUrl
2011 018 13:53:42,Clogon
2011 018 14:00:02,CUrl
2011 018 19:18:19,DUrl
2011 018 19:35:00,DNologon
2011 019 08:17:00,Blogon
2011 019 09:31:02,BUrl
2011 019 14:11:05,Clogon
2011 019 14:40:15,CUrl
2011 019 18:54:18,DUrl
2011 019 19:41:00,DNologon
2011 020 08:18:00,Blogon
2011 020 08:19:39,BUrl
2011 020 14:13:31,Clogon
2011 020 14:36:47,CUrl
2011 020 16:21:51,CSendEmail
2011 020 16:55:39,CUrl
2011 020 18:11:49,DUrl
2011 020 19:35:00,DNologon
2011 021 08:40:00,Blogon
2011 021 08:41:23,BUrl
2011 021 11:14:17,Blogon
2011 021 13:14:49,CSendEmail
2011 021 14:39:34,CUrl
2011 021 19:07:43,DUrl
2011 021 19:26:00,DNologon
2011 024 08:37:00,Blogon
2011 024 09:11:50,BUrl
2011 024 11:05:38,BSendEmail
2011 024 12:45:49,Clogon
2011 024 14:06:06,CUrl
2011 024 18:25:50,DUrl
2011 024 19:25:00,DNologon
2011 025 08:21:00,Blogon
2011 025 08:56:35,BUrl
2011 025 11:57:41,Blogon
2011 025 12:45:01,CUrl
2011 025 16:24:10,CSendEmail
2011 025 17:46:34,CUrl
2011 025 19:45:00,DNologon
2011 026 08:30:00,Blogon
2011 026 08:44:02,BUrl
2011 026 13:18:07,Clogon
2011 026 14:53:23,CUrl
2011 026 15:12:22,CSendEmail
2011 026 16:44:48,CUrl
2011 026 19:30:00,DNologon
2011 027 08:39:00,Blogon
2011 027 08:56:38,BUrl
2011 027 09:01:50,BSendEmail
2011 027 09:08:17,BUrl
2011 027 12:57:04,Clogon
2011 027 13:43:55,Clogon
2011 027 14:07:31,CNologon
2011 027 14:31:41,CUrl
2011 027 19:05:04,DUrl
2011 027 19:26:00,DNologon
2011 028 08:30:00,Blogon
2011 028 08:46:22,BUrl
2011 028 13:12:01,CUrl
2011 028 18:43:32,DUrl
2011 028 19:19:07,DSendEmail
2011 028 19:25:00,DNologon
2011 029 08:17:00,Blogon
2011 029 08:18:43,BUrl
2011 029 11:30:58,BSendEmail
2011 029 12:20:18,CUrl
2011 029 14:11:52,Clogon
2011 029 14:42:18,CUrl
2011 029 18:02:04,DUrl
2011 029 19:40:00,DNologon
2011 031 08:40:00,Blogon
2011 031 08:45:33,BSendEmail
2011 031 08:52:37,BUrl
2011 031 12:15:34,CUrl
2011 031 14:20:36,Clogon
2011 031 15:33:50,CUrl
2011 031 19:27:00,DNologon
2011 032 08:18:00,Blogon
2011 032 08:19:49,BUrl
2011 032 10:30:20,BSendEmail
2011 032 11:33:50,BUrl
2011 032 12:16:48,CUrl
2011 032 18:15:05,DUrl
2011 032 19:43:00,DNologon
2011 033 08:17:00,Blogon
2011 033 09:24:14,BUrl
2011 033 12:16:18,CUrl
2011 033 12:32:42,Clogon
2011 033 12:38:17,CUrl
2011 033 14:11:03,Clogon
2011 033 14:12:30,CNologon
2011 033 15:01:16,CUrl
2011 033 18:23:59,DUrl
2011 033 18:55:32,DSendEmail
2011 033 19:36:00,DNologon
2011 034 08:38:00,Blogon
2011 034 09:04:46,BUrl
2011 034 12:20:14,CUrl
2011 034 14:12:38,Clogon
2011 034 14:51:35,CUrl
2011 034 18:37:02,DUrl
2011 034 18:49:59,DSendEmail
2011 034 19:20:15,DUrl
2011 034 19:26:00,DNologon
2011 035 08:19:00,Blogon
2011 035 11:54:05,BUrl
2011 035 12:10:17,CUrl
2011 035 15:04:23,CSendEmail
2011 035 15:08:47,CUrl
2011 035 18:32:29,DUrl
2011 035 19:42:00,DNologon
2011 036 08:18:00,Blogon
2011 036 08:22:27,Blogon
2011 036 08:47:36,BNologon
2011 036 09:09:11,BUrl
2011 036 13:55:57,Clogon
2011 036 13:58:17,CUrl
2011 036 17:14:13,CSendEmail
2011 036 17:16:00,CUrl
2011 036 18:13:52,DUrl
2011 036 19:32:00,DNologon
2011 037 01:26:17,Alogon
2011 037 04:20:49,ANologon
2011 037 08:39:00,Blogon
2011 037 09:05:24,BUrl
2011 037 10:07:19,BSendEmail
2011 037 10:24:50,BUrl
2011 037 12:09:25,CUrl
2011 037 12:40:59,Clogon
2011 037 17:43:39,CUrl
2011 037 18:15:07,DUrl
2011 037 19:24:00,DNologon
2011 038 08:26:00,Blogon
2011 038 08:52:24,BUrl
2011 038 08:56:49,BSendEmail
2011 038 09:14:27,BUrl
2011 038 13:00:14,CUrl
2011 038 18:11:36,DUrl
2011 038 18:51:22,Dlogon
2011 038 18:52:50,DNologon
2011 038 19:15:14,DUrl
2011 038 19:30:00,DNologon
2011 039 08:22:00,Blogon
2011 039 08:29:13,BUrl
2011 039 10:26:41,BSendEmail
2011 039 11:33:58,BUrl
2011 039 13:54:29,Clogon
2011 039 15:07:20,CUrl
2011 039 18:48:20,DUrl
2011 039 19:45:00,DNologon
2011 040 08:36:00,Blogon
2011 040 09:23:31,BUrl
2011 040 11:35:47,BSendEmail
2011 040 11:41:58,BUrl
2011 040 12:12:25,CUrl
2011 040 14:04:01,Clogon
2011 040 14:53:53,CUrl
2011 040 18:43:03,DUrl
2011 040 19:30:00,DNologon
2011 041 08:39:00,Blogon
2011 041 08:52:48,BUrl
2011 041 13:23:46,Clogon
2011 041 16:25:57,CUrl
2011 041 17:14:38,CSendEmail
2011 041 17:17:43,CUrl
2011 041 18:01:10,DUrl
2011 041 19:23:00,DNologon
2011 042 08:24:00,Blogon
2011 042 08:32:34,BUrl
2011 042 12:28:16,Clogon
2011 042 13:15:15,CUrl
2011 042 13:21:31,CSendEmail
2011 042 15:09:54,CUrl
2011 042 18:42:54,DUrl
2011 042 19:38:00,DNologon
2011 043 08:28:00,Blogon
2011 043 08:52:07,BUrl
2011 043 12:20:31,Clogon
2011 043 13:20:18,CSendEmail
2011 043 13:44:49,CUrl
2011 043 18:56:23,DUrl
2011 043 19:40:00,DNologon
2011 044 08:34:00,Blogon
2011 044 08:36:48,BUrl
2011 044 11:17:44,BSendEmail
2011 044 14:16:59,Clogon
2011 044 17:02:54,CUrl
2011 044 19:19:42,DUrl
2011 044 19:27:00,DNologon
2011 045 08:32:00,Blogon
2011 045 09:20:42,BUrl
2011 045 10:05:55,BSendEmail
2011 045 12:41:45,Clogon
2011 045 13:42:13,CUrl
2011 045 19:11:29,DUrl
2011 045 19:23:00,DNologon
2011 046 08:39:00,Blogon
2011 046 09:24:36,BUrl
2011 046 13:19:40,Clogon
2011 046 13:28:50,CUrl
2011 046 16:48:09,CSendEmail
2011 046 17:12:30,CUrl
2011 046 19:28:00,DNologon
2011 047 08:37:00,Blogon
2011 047 09:09:50,BUrl
2011 047 12:38:50,Clogon
2011 047 13:50:24,CUrl
2011 047 17:10:19,CSendEmail
2011 047 17:20:32,CUrl
2011 047 18:30:40,DUrl
2011 047 19:25:00,DNologon
2011 048 08:37:00,Blogon
2011 048 08:44:50,BUrl
2011 048 11:28:15,Blogon
2011 048 12:01:02,CUrl
2011 048 16:31:04,CSendEmail
2011 048 16:31:07,CUrl
2011 048 18:41:12,DUrl
2011 048 19:31:00,DNologon
2011 049 08:38:00,Blogon
2011 049 09:38:55,BUrl
2011 049 09:58:03,BSendEmail
2011 049 11:33:06,BUrl
2011 049 12:23:09,CUrl
2011 049 13:22:25,Clogon
2011 049 14:51:42,CUrl
2011 049 18:23:20,DUrl
2011 049 19:26:00,DNologon
2011 052 08:15:00,Blogon
2011 052 08:17:29,BUrl
2011 052 08:49:40,BSendEmail
2011 052 08:50:17,BUrl
2011 052 12:11:57,Clogon
2011 052 12:20:14,CUrl
2011 052 18:01:11,DUrl
2011 052 19:45:00,DNologon
2011 053 08:36:00,Blogon
2011 053 08:44:09,BUrl
2011 053 12:19:27,Clogon
2011 053 12:50:24,CUrl
2011 053 16:43:37,CSendEmail
2011 053 16:46:19,Clogon
2011 053 16:47:31,CNologon
2011 053 16:53:49,CUrl
2011 053 18:07:45,DUrl
2011 053 19:39:00,DNologon
2011 054 08:36:00,Blogon
2011 054 08:42:04,BUrl
2011 054 10:33:29,BSendEmail
2011 054 12:42:10,CUrl
2011 054 13:22:23,Clogon
2011 054 14:14:11,CUrl
2011 054 19:21:52,DUrl
2011 054 19:40:00,DNologon
2011 055 00:31:24,Alogon
2011 055 06:13:02,BNologon
2011 055 08:37:00,Blogon
2011 055 08:43:51,BUrl
2011 055 11:51:54,Blogon
2011 055 17:54:18,CUrl
2011 055 18:01:49,DUrl
2011 055 18:31:59,DSendEmail
2011 055 18:54:04,DUrl
2011 055 19:20:00,DNologon
2011 056 08:16:00,Blogon
2011 056 08:37:47,BUrl
2011 056 13:12:01,Clogon
2011 056 13:40:13,CUrl
2011 056 15:37:21,CSendEmail
2011 056 16:51:33,CUrl
2011 056 18:38:43,DUrl
2011 056 19:37:00,DNologon
2011 058 08:38:00,Blogon
2011 058 08:43:34,BUrl
2011 058 09:29:25,BSendEmail
2011 058 12:38:37,Clogon
2011 058 13:39:38,CUrl
2011 058 18:23:00,DUrl
2011 058 19:26:00,DNologon
2011 059 08:16:00,Blogon
2011 059 09:15:51,BUrl
2011 059 12:57:27,Clogon
2011 059 13:27:51,CUrl
2011 059 16:45:13,CSendEmail
2011 059 18:05:46,DUrl
2011 059 19:32:00,DNologon
2011 060 08:30:00,Blogon
2011 060 08:39:26,BUrl
2011 060 10:57:10,BSendEmail
2011 060 14:02:11,Clogon
2011 060 14:53:22,CUrl
2011 060 18:23:34,DUrl
2011 060 19:44:00,DNologon
2011 061 01:46:23,Alogon
2011 061 04:06:58,ANologon
2011 061 08:21:00,Blogon
2011 061 08:26:40,BUrl
2011 061 14:11:50,Clogon
2011 061 14:25:27,CUrl
2011 061 17:18:55,CSendEmail
2011 061 18:08:28,DUrl
2011 061 19:38:00,DNologon
2011 062 08:37:00,Blogon
2011 062 08:55:25,BUrl
2011 062 11:57:11,Blogon
2011 062 12:00:49,CUrl
2011 062 16:47:36,CSendEmail
2011 062 17:38:07,CUrl
2011 062 18:28:44,DUrl
2011 062 19:27:00,DNologon
2011 063 08:27:00,Blogon
2011 063 08:30:41,BUrl
2011 063 13:38:37,Clogon
2011 063 14:43:33,CUrl
2011 063 18:12:23,DSendEmail
2011 063 18:28:18,DUrl
2011 063 19:34:00,DNologon
2011 066 08:23:00,Blogon
2011 066 08:33:56,BUrl
2011 066 13:20:58,Clogon
2011 066 13:32:04,CNologon
2011 066 13:46:47,CUrl
2011 066 17:02:05,CSendEmail
2011 066 17:25:21,CUrl
2011 066 18:15:33,DUrl
2011 066 19:29:00,DNologon
2011 067 00:09:43,Alogon
2011 067 04:14:20,ANologon
2011 067 08:32:00,Blogon
2011 067 09:02:03,BUrl
2011 067 13:41:58,Clogon
2011 067 15:54:00,CUrl
2011 067 16:10:48,CSendEmail
2011 067 16:16:58,CUrl
2011 067 18:52:53,DUrl
2011 067 19:24:00,DNologon
2011 068 08:35:00,Blogon
2011 068 08:37:47,BUrl
2011 068 13:36:17,Clogon
2011 068 13:38:05,CUrl
2011 068 15:47:44,CSendEmail
2011 068 16:11:43,CUrl
2011 068 19:12:04,DUrl
2011 068 19:20:00,DNologon
2011 069 08:35:00,Blogon
2011 069 08:59:33,BUrl
2011 069 13:27:06,Clogon
2011 069 13:29:31,CUrl
2011 069 16:31:25,CSendEmail
2011 069 17:48:30,CUrl
2011 069 19:22:00,DNologon
2011 070 08:40:00,Blogon
2011 070 08:46:36,BSendEmail
2011 070 08:57:54,BUrl
2011 070 12:36:59,Clogon
2011 070 14:01:26,CUrl
2011 070 18:13:17,DUrl
2011 070 19:24:00,DNologon
2011 071 08:30:00,Blogon
2011 071 09:09:09,BUrl
2011 071 12:32:25,CUrl
2011 071 13:07:02,CSendEmail
2011 071 14:12:42,Clogon
2011 071 15:12:16,CUrl
2011 071 18:54:46,DUrl
2011 071 19:29:00,DNologon
2011 072 08:16:00,Blogon
2011 072 08:20:36,BUrl
2011 072 08:20:45,BSendEmail
2011 072 08:36:56,BUrl
2011 072 13:52:15,Clogon
2011 072 13:56:01,CUrl
2011 072 18:32:18,DUrl
2011 072 19:45:00,DNologon
2011 073 08:15:00,Blogon
2011 073 08:39:13,BUrl
2011 073 13:19:21,CUrl
2011 073 14:50:59,Clogon
2011 073 14:58:31,CUrl
2011 073 14:58:43,CSendEmail
2011 073 15:05:51,CNologon
2011 073 15:22:01,CUrl
2011 073 18:37:20,DUrl
2011 073 19:31:00,DNologon
2011 074 06:26:47,Blogon
2011 074 06:35:39,BNologon
2011 074 08:24:00,Blogon
2011 074 08:27:47,BSendEmail
2011 074 08:48:36,BUrl
2011 074 12:51:23,CUrl
2011 074 18:30:39,DUrl
2011 074 19:42:00,DNologon
2011 075 08:34:00,Blogon
2011 075 08:36:44,BUrl
2011 075 12:12:09,CUrl
2011 075 14:38:04,Clogon
2011 075 14:49:56,CNologon
2011 075 16:59:52,CSendEmail
2011 075 17:32:24,CUrl
2011 075 18:09:23,DUrl
2011 075 19:30:00,DNologon
2011 076 08:36:00,Blogon
2011 076 08:37:18,BUrl
2011 076 12:59:33,CUrl
2011 076 14:56:14,CSendEmail
2011 076 16:05:18,CUrl
2011 076 19:43:00,DNologon
2011 077 08:39:00,Blogon
2011 077 08:48:45,BUrl
2011 077 12:00:10,Clogon
2011 077 12:01:22,CNologon
2011 077 14:24:27,Clogon
2011 077 14:29:36,CUrl
2011 077 14:44:53,CSendEmail
2011 077 15:24:24,CUrl
2011 077 19:28:00,DNologon
2011 077 20:44:23,Dlogon
2011 077 21:26:09,DUrl
2011 078 03:23:26,ANologon
2011 080 08:19:00,Blogon
2011 080 08:51:39,BUrl
2011 080 10:51:31,Blogon
2011 080 10:55:47,BUrl
2011 080 13:52:28,CUrl
2011 080 15:55:52,CSendEmail
2011 080 16:39:06,CUrl
2011 080 18:07:15,DUrl
2011 080 19:40:00,DNologon
2011 081 08:28:00,Blogon
2011 081 09:11:31,BUrl
2011 081 14:09:09,Clogon
2011 081 15:29:00,CUrl
2011 081 17:48:15,CSendEmail
2011 081 17:52:54,CUrl
2011 081 18:39:52,DUrl
2011 081 19:36:00,DNologon
2011 082 08:28:00,Blogon
2011 082 08:35:12,BUrl
2011 082 13:36:39,Clogon
2011 082 13:40:30,CUrl
2011 082 18:23:48,DUrl
2011 082 18:24:23,DSendEmail
2011 082 19:28:00,DNologon
2011 083 08:17:00,Blogon
2011 083 08:20:12,BUrl
2011 083 08:44:36,BSendEmail
2011 083 10:47:31,BUrl
2011 083 13:31:50,Clogon
2011 083 13:36:29,CUrl
2011 083 18:02:33,DUrl
2011 083 19:44:00,DNologon
2011 084 08:20:00,Blogon
2011 084 09:22:55,BSendEmail
2011 084 10:04:01,BUrl
2011 084 12:31:13,CUrl
2011 084 14:19:12,Clogon
2011 084 14:47:52,CUrl
2011 084 19:25:01,DUrl
2011 084 19:32:00,DNologon
2011 086 08:28:00,Blogon
2011 086 08:30:36,BUrl
2011 086 12:42:10,CUrl
2011 086 13:17:15,CSendEmail
2011 086 14:10:19,CUrl
2011 086 18:05:14,DUrl
2011 086 19:34:00,DNologon
2011 087 08:36:00,Blogon
2011 087 08:51:27,BUrl
2011 087 12:34:35,CUrl
2011 087 13:08:25,Clogon
2011 087 15:06:05,CUrl
2011 087 16:44:00,CSendEmail
2011 087 17:41:06,CUrl
2011 087 18:19:24,DUrl
2011 087 19:26:00,DNologon
2011 088 08:20:00,Blogon
2011 088 09:25:04,BUrl
2011 088 10:44:06,BSendEmail
2011 088 12:01:42,Clogon
2011 088 13:23:51,CUrl
2011 088 18:13:56,DUrl
2011 088 19:31:00,DNologon
2011 089 08:17:00,Blogon
2011 089 08:33:23,BUrl
2011 089 13:31:02,CUrl
2011 089 14:59:51,CSendEmail
2011 089 17:31:42,CUrl
2011 089 19:30:25,DUrl
2011 089 19:45:00,DNologon
2011 090 08:33:00,Blogon
2011 090 09:19:34,BUrl
2011 090 13:28:28,Clogon
2011 090 13:57:41,CUrl
2011 090 17:05:21,CSendEmail
2011 090 17:44:29,CUrl
2011 090 18:24:39,DUrl
2011 090 19:20:00,DNologon
2011 091 08:17:00,Blogon
2011 091 09:17:10,BSendEmail
2011 091 09:21:42,BUrl
2011 091 12:55:14,CUrl
2011 091 14:07:09,Clogon
2011 091 14:09:34,CUrl
2011 091 19:34:00,DNologon
2011 092 08:20:00,Blogon
2011 092 08:44:29,BUrl
2011 092 12:29:13,Clogon
2011 092 12:56:20,CUrl
2011 092 15:41:51,CSendEmail
2011 092 16:42:00,CUrl
2011 092 18:45:47,DUrl
2011 092 19:21:00,DNologon
2011 093 08:21:00,Blogon
2011 093 08:38:15,BUrl
2011 093 09:21:05,BSendEmail
2011 093 11:27:45,BUrl
2011 093 14:05:12,CUrl
2011 093 18:37:44,DUrl
2011 093 19:37:00,DNologon
2011 094 04:22:47,Alogon
2011 094 05:52:31,ANologon
2011 094 08:34:00,Blogon
2011 094 08:47:15,BUrl
2011 094 13:04:42,CUrl
2011 094 14:33:22,CSendEmail
2011 094 14:42:24,CUrl
2011 094 18:15:54,DUrl
2011 094 19:27:00,DNologon
2011 095 08:30:00,Blogon
2011 095 08:37:35,BUrl
2011 095 12:16:23,CUrl
2011 095 13:42:37,Clogon
2011 095 13:56:17,CUrl
2011 095 14:06:30,CSendEmail
2011 095 14:16:19,CUrl
2011 095 18:47:15,DUrl
2011 095 19:26:00,DNologon
2011 096 08:30:00,Blogon
2011 096 08:40:53,BUrl
2011 096 12:38:46,Clogon
2011 096 15:25:59,CUrl
2011 096 18:03:56,DUrl
2011 096 18:40:31,DSendEmail
2011 096 19:27:00,DNologon
2011 097 08:30:00,Blogon
2011 097 08:37:54,BUrl
2011 097 09:35:34,BSendEmail
2011 097 09:51:43,BUrl
2011 097 14:17:18,Clogon
2011 097 16:53:24,CUrl
2011 097 19:00:30,DUrl
2011 097 19:21:00,DNologon
2011 098 08:22:00,Blogon
2011 098 08:41:38,BUrl
2011 098 10:07:38,BSendEmail
2011 098 13:23:38,Clogon
2011 098 13:27:32,CUrl
2011 098 18:08:33,DUrl
2011 098 19:30:00,DNologon
2011 099 08:23:00,Blogon
2011 099 09:02:37,BUrl
2011 099 13:10:30,Clogon
2011 099 14:45:40,CSendEmail
2011 099 15:53:32,CUrl
2011 099 18:12:04,Dlogon
2011 099 18:36:34,DNologon
2011 099 19:01:55,DUrl
2011 099 19:31:00,DNologon
2011 100 08:30:00,Blogon
2011 100 08:59:36,BUrl
2011 100 12:41:51,Clogon
2011 100 12:46:35,CUrl
2011 100 15:02:01,CSendEmail
2011 100 16:05:29,CUrl
2011 100 18:00:55,DUrl
2011 100 19:23:00,DNologon
2011 101 08:25:00,Blogon
2011 101 08:32:53,BUrl
2011 101 10:29:51,BSendEmail
2011 101 10:53:13,BUrl
2011 101 12:02:13,CUrl
2011 101 13:14:39,Clogon
2011 101 13:30:16,CUrl
2011 101 19:18:02,DUrl
2011 101 19:41:00,DNologon
2011 102 08:26:00,Blogon
2011 102 08:33:43,BUrl
2011 102 10:37:00,BSendEmail
2011 102 11:54:30,BUrl
2011 102 13:11:00,CUrl
2011 102 18:31:15,DUrl
2011 102 19:20:00,DNologon
2011 103 08:35:00,Blogon
2011 103 09:11:24,BUrl
2011 103 14:20:43,Clogon
2011 103 14:48:31,CUrl
2011 103 17:20:06,CSendEmail
2011 103 17:21:05,CUrl
2011 103 19:27:00,DNologon
2011 104 08:27:00,Blogon
2011 104 08:51:40,BUrl
2011 104 11:47:34,Blogon
2011 104 12:16:04,Clogon
2011 104 12:19:13,CNologon
2011 104 13:11:23,CUrl
2011 104 14:42:56,CSendEmail
2011 104 15:45:01,CUrl
2011 104 19:08:50,DUrl
2011 104 19:32:00,DNologon
2011 105 08:27:00,Blogon
2011 105 08:52:05,BUrl
2011 105 13:46:00,Clogon
2011 105 14:00:02,CUrl
2011 105 15:15:45,CSendEmail
2011 105 15:51:25,CUrl
2011 105 18:01:14,DUrl
2011 105 19:34:00,DNologon
2011 106 08:22:00,Blogon
2011 106 08:26:23,BSendEmail
2011 106 08:30:50,BUrl
2011 106 12:45:40,CUrl
2011 106 14:14:28,Clogon
2011 106 14:57:23,CNologon
2011 106 15:24:52,CUrl
2011 106 19:30:37,DUrl
2011 106 19:34:00,DNologon
2011 107 08:30:00,Blogon
2011 107 08:50:28,BUrl
2011 107 13:48:47,CSendEmail
2011 107 14:17:09,CUrl
2011 107 19:00:49,DUrl
2011 107 19:28:00,DNologon
2011 107 22:58:25,Dlogon
2011 107 23:09:41,DUrl
2011 108 07:22:10,BNologon
2011 108 08:31:00,Blogon
2011 108 08:33:27,BUrl
2011 108 14:20:32,Clogon
2011 108 14:51:31,CUrl
2011 108 15:57:04,CSendEmail
2011 108 16:17:19,CUrl
2011 108 19:02:27,DUrl
2011 108 19:27:00,DNologon
2011 109 08:17:00,Blogon
2011 109 08:29:32,BUrl
2011 109 14:14:04,Clogon
2011 109 14:59:56,CUrl
2011 109 19:15:15,DUrl
2011 109 19:38:00,DNologon
2011 110 08:35:00,Blogon
2011 110 09:01:44,BUrl
2011 110 11:39:37,Blogon
2011 110 12:12:20,CUrl
2011 110 17:34:05,CSendEmail
2011 110 18:13:39,DUrl
2011 110 19:29:00,DNologon
2011 111 08:19:00,Blogon
2011 111 08:51:05,BUrl
2011 111 12:05:51,CSendEmail
2011 111 13:05:15,Clogon
2011 111 13:18:56,CUrl
2011 111 18:06:08,DUrl
2011 111 19:34:00,DNologon
2011 112 08:33:00,Blogon
2011 112 08:41:17,BUrl
2011 112 12:22:26,CUrl
2011 112 14:01:27,Clogon
2011 112 14:35:50,CUrl
2011 112 18:25:27,DSendEmail
2011 112 19:02:13,DUrl
2011 112 19:40:00,DNologon
2011 113 08:21:00,Blogon
2011 113 09:06:33,BUrl
2011 113 13:01:24,CUrl
2011 113 13:38:24,CSendEmail
2011 113 13:49:50,CUrl
2011 113 19:10:44,DUrl
2011 113 19:30:00,DNologon
2011 114 08:37:00,Blogon
2011 114 09:16:13,BUrl
2011 114 12:29:32,CUrl
2011 114 13:27:40,Clogon
2011 114 14:10:01,CUrl
2011 114 17:46:56,CSendEmail
2011 114 19:02:19,DUrl
2011 114 19:26:00,DNologon
2011 115 08:25:00,Blogon
2011 115 08:42:20,BUrl
2011 115 12:28:05,CUrl
2011 115 12:49:56,Clogon
2011 115 16:29:20,CUrl
2011 115 17:36:59,CSendEmail
2011 115 17:39:54,CUrl
2011 115 18:34:16,DUrl
2011 115 19:28:00,DNologon
2011 116 08:35:00,Blogon
2011 116 09:17:05,BUrl
2011 116 13:37:56,Clogon
2011 116 14:32:28,CUrl
2011 116 18:04:46,DUrl
2011 116 18:57:44,DSendEmail
2011 116 19:25:00,DNologon
2011 117 08:19:00,Blogon
2011 117 08:22:39,BUrl
2011 117 12:12:27,Clogon
2011 117 13:08:15,CUrl
2011 117 18:08:26,DUrl
2011 117 19:33:00,DNologon
2011 118 08:33:00,Blogon
2011 118 09:26:27,BUrl
2011 118 13:45:03,Clogon
2011 118 14:07:22,CUrl
2011 118 18:32:50,DUrl
2011 118 18:55:51,DSendEmail
2011 118 19:09:25,DUrl
2011 118 19:28:00,DNologon
2011 119 08:15:00,Blogon
2011 119 08:47:06,BUrl
2011 119 12:36:29,Clogon
2011 119 12:45:22,CUrl
2011 119 14:19:57,CSendEmail
2011 119 14:25:18,CUrl
2011 119 18:21:03,DUrl
2011 119 19:43:00,DNologon
2011 120 08:29:00,Blogon
2011 120 09:09:59,BUrl
2011 120 09:40:47,BSendEmail
2011 120 09:44:32,BUrl
2011 120 13:52:56,Clogon
2011 120 15:42:34,CUrl
2011 120 19:19:08,DUrl
2011 120 19:31:00,DNologon
2011 121 08:32:00,Blogon
2011 121 08:38:29,BUrl
2011 121 13:16:28,Clogon
2011 121 13:59:36,CUrl
2011 121 16:21:10,CSendEmail
2011 121 18:44:52,DUrl
2011 121 19:33:00,DNologon
2011 122 08:24:00,Blogon
2011 122 08:51:59,BUrl
2011 122 09:58:25,BSendEmail
2011 122 12:02:44,Clogon
2011 122 13:07:15,CUrl
2011 122 18:39:32,DUrl
2011 122 19:27:00,DNologon
2011 123 08:40:00,Blogon
2011 123 09:46:12,BUrl
2011 123 14:12:37,Clogon
2011 123 15:04:54,CUrl
2011 123 18:52:03,DUrl
2011 123 19:12:55,DSendEmail
2011 123 19:21:00,DNologon
2011 124 08:16:00,Blogon
2011 124 08:20:57,BUrl
2011 124 13:23:51,Clogon
2011 124 13:29:54,CSendEmail
2011 124 13:48:42,CUrl
2011 124 19:27:37,DUrl
2011 124 19:40:00,DNologon
2011 125 08:20:00,Blogon
2011 125 09:48:00,BUrl
2011 125 10:35:20,Blogon
2011 125 11:13:37,BUrl
2011 125 14:39:37,CUrl
2011 125 18:40:52,DUrl
2011 125 19:04:20,DSendEmail
2011 125 19:05:41,DUrl
2011 125 19:37:00,DNologon
2011 126 08:38:00,Blogon
2011 126 08:41:27,BUrl
2011 126 09:16:23,BSendEmail
2011 126 09:38:12,BUrl
2011 126 12:04:01,CUrl
2011 126 14:31:57,Clogon
2011 126 14:40:54,CUrl
2011 126 19:24:00,DNologon
2011 128 08:18:00,Blogon
2011 128 08:52:10,BUrl
2011 128 09:56:58,BSendEmail
2011 128 11:31:32,BUrl
2011 128 12:26:27,CUrl
2011 128 18:41:50,DUrl
2011 128 19:31:00,DNologon
2011 129 01:47:03,Alogon
2011 129 07:24:59,BNologon
2011 129 08:37:00,Blogon
2011 129 09:38:32,BUrl
2011 129 13:10:42,Clogon
2011 129 15:36:48,CUrl
2011 129 18:09:57,DUrl
2011 129 19:02:21,DSendEmail
2011 129 19:20:00,DNologon
2011 130 08:16:00,Blogon
2011 130 08:18:44,BUrl
2011 130 09:11:43,BSendEmail
2011 130 10:03:23,BUrl
2011 130 11:47:16,Blogon
2011 130 12:17:27,CUrl
2011 130 18:11:25,DUrl
2011 130 19:33:00,DNologon
2011 131 08:16:00,Blogon
2011 131 08:25:31,BUrl
2011 131 08:51:29,BSendEmail
2011 131 09:26:40,BUrl
2011 131 12:52:51,CUrl
2011 131 19:32:00,DNologon
2011 131 23:01:21,Dlogon
2011 131 23:27:09,DUrl
2011 132 05:15:08,ANologon
2011 132 08:33:00,Blogon
2011 132 09:10:10,BUrl
2011 132 13:20:03,Clogon
2011 132 14:25:49,CUrl
2011 132 18:07:30,DSendEmail
2011 132 19:28:08,DUrl
2011 132 19:30:00,DNologon
2011 133 08:17:00,Blogon
2011 133 08:21:19,BUrl
2011 133 12:13:43,CUrl
2011 133 14:26:33,CSendEmail
2011 133 15:55:22,CUrl
2011 133 18:39:41,DUrl
2011 133 19:17:24,Dlogon
2011 133 19:19:57,DNologon
2011 133 19:30:00,DNologon
2011 134 08:20:00,Blogon
2011 134 09:46:11,BUrl
2011 134 09:57:37,BSendEmail
2011 134 10:05:39,BUrl
2011 134 14:28:03,CUrl
2011 134 19:24:54,DUrl
2011 134 19:39:00,DNologon
2011 135 08:29:00,Blogon
2011 135 08:30:52,BUrl
2011 135 11:54:53,Blogon
2011 135 12:29:48,CNologon
2011 135 12:31:16,CUrl
2011 135 12:43:47,CSendEmail
2011 135 17:27:40,CUrl
2011 135 18:11:27,DUrl
2011 135 19:35:00,DNologon
2011 136 08:38:00,Blogon
2011 136 10:25:24,BUrl
2011 136 10:41:13,BSendEmail
2011 136 10:58:54,BUrl
2011 136 12:21:53,Clogon
2011 136 14:39:29,CUrl
2011 136 18:14:41,DUrl
2011 136 19:40:00,DNologon
