2010 004 08:58:00,Blogon
2010 004 09:14:50,BUrl
2010 004 13:33:54,CUrl
2010 004 18:05:00,DNologon
2010 005 09:02:00,Blogon
2010 005 09:26:28,BUrl
2010 005 12:02:14,CUrl
2010 005 14:48:57,CSendEmail
2010 005 14:53:29,CUrl
2010 005 18:08:00,DNologon
2010 006 09:02:00,Blogon
2010 006 09:21:28,BUrl
2010 006 12:11:39,CUrl
2010 006 16:35:34,CSendEmail
2010 006 17:22:37,CUrl
2010 006 17:57:00,CNologon
2010 007 09:00:00,Blogon
2010 007 09:10:05,BUrl
2010 007 12:24:39,CUrl
2010 007 17:57:28,CSendEmail
2010 007 17:59:00,CNologon
2010 008 08:54:00,Blogon
2010 008 08:57:26,BUrl
2010 008 10:16:30,BSendEmail
2010 008 11:11:10,BUrl
2010 008 12:53:32,CUrl
2010 008 17:59:00,CNologon
2010 011 08:59:00,Blogon
2010 011 09:12:18,BUrl
2010 011 11:41:30,BSendEmail
2010 011 11:50:18,BUrl
2010 011 13:12:43,CUrl
2010 011 18:01:00,DNologon
2010 012 08:51:00,Blogon
2010 012 09:14:24,BUrl
2010 012 09:28:16,BSendEmail
2010 012 11:12:22,BUrl
2010 012 14:32:36,CUrl
2010 012 18:00:00,DNologon
2010 013 09:02:00,Blogon
2010 013 09:30:52,BUrl
2010 013 12:07:16,CUrl
2010 013 13:49:36,CSendEmail
2010 013 14:47:02,CUrl
2010 013 17:58:00,CNologon
2010 014 08:59:00,Blogon
2010 014 09:21:42,BUrl
2010 014 12:02:12,CUrl
2010 014 16:57:45,CSendEmail
2010 014 17:00:10,CUrl
2010 014 18:11:00,DNologon
2010 015 09:02:00,Blogon
2010 015 09:04:58,BUrl
2010 015 14:19:03,CUrl
2010 015 17:37:43,CSendEmail
2010 015 17:59:00,CNologon
2010 018 09:02:00,Blogon
2010 018 09:18:00,BUrl
2010 018 13:25:36,CSendEmail
2010 018 13:45:08,CUrl
2010 018 18:07:00,DNologon
2010 019 08:47:00,Blogon
2010 019 09:42:16,BUrl
2010 019 12:44:21,CUrl
2010 019 13:39:37,CSendEmail
2010 019 14:36:18,CUrl
2010 019 18:14:00,DNologon
2010 020 08:53:00,Blogon
2010 020 09:07:37,BUrl
2010 020 12:17:11,CUrl
2010 020 16:15:53,CSendEmail
2010 020 17:57:42,CUrl
2010 020 18:02:49,DUrl
2010 020 18:11:00,DNologon
2010 021 08:59:00,Blogon
2010 021 09:40:15,BUrl
2010 021 12:59:27,CUrl
2010 021 14:45:58,CSendEmail
2010 021 16:03:17,CUrl
2010 021 17:58:00,CNologon
2010 022 08:57:00,Blogon
2010 022 09:40:29,BUrl
2010 022 12:16:21,CUrl
2010 022 15:31:10,CSendEmail
2010 022 16:02:25,CUrl
2010 022 18:10:00,DNologon
2010 025 08:47:00,Blogon
2010 025 08:50:20,BUrl
2010 025 11:25:00,BSendEmail
2010 025 13:34:43,CUrl
2010 025 18:06:41,DUrl
2010 025 18:10:00,DNologon
2010 026 08:57:00,Blogon
2010 026 09:28:27,BUrl
2010 026 12:55:51,CUrl
2010 026 17:07:05,CSendEmail
2010 026 17:58:00,CNologon
2010 027 08:53:00,Blogon
2010 027 09:03:59,BUrl
2010 027 12:18:53,CSendEmail
2010 027 15:19:51,CUrl
2010 027 18:00:33,DUrl
2010 027 18:14:00,DNologon
2010 028 09:00:00,Blogon
2010 028 09:32:12,BUrl
2010 028 12:04:09,CUrl
2010 028 15:15:51,CSendEmail
2010 028 17:56:09,CUrl
2010 028 18:01:00,DNologon
2010 029 09:03:00,Blogon
2010 029 09:07:40,BUrl
2010 029 14:45:45,CUrl
2010 029 15:19:49,CSendEmail
2010 029 15:47:26,CUrl
2010 029 18:00:00,DNologon
2010 032 09:03:00,Blogon
2010 032 10:02:03,BUrl
2010 032 11:01:02,BSendEmail
2010 032 11:27:57,BUrl
2010 032 12:02:53,CUrl
2010 032 17:58:00,CNologon
2010 033 09:02:00,Blogon
2010 033 09:07:43,BSendEmail
2010 033 09:53:14,BUrl
2010 033 13:30:47,CUrl
2010 033 17:58:00,CNologon
2010 034 09:03:00,Blogon
2010 034 09:11:02,BUrl
2010 034 10:03:43,BSendEmail
2010 034 11:26:23,BUrl
2010 034 12:21:11,CUrl
2010 034 17:59:00,CNologon
2010 035 09:00:00,Blogon
2010 035 09:12:37,BUrl
2010 035 12:54:18,CUrl
2010 035 17:53:30,CSendEmail
2010 035 17:58:00,CNologon
2010 036 09:03:00,Blogon
2010 036 09:31:48,BUrl
2010 036 13:58:04,CUrl
2010 036 15:20:07,CSendEmail
2010 036 16:47:46,CUrl
2010 036 18:00:00,DNologon
2010 039 08:52:00,Blogon
2010 039 10:06:38,BUrl
2010 039 13:03:56,CUrl
2010 039 13:05:23,CSendEmail
2010 039 13:25:09,CUrl
2010 039 17:59:00,CNologon
2010 040 09:02:00,Blogon
2010 040 09:44:16,BUrl
2010 040 11:18:05,BSendEmail
2010 040 11:21:04,BUrl
2010 040 12:46:07,CUrl
2010 040 17:58:00,CNologon
2010 041 09:02:00,Blogon
2010 041 09:08:39,BUrl
2010 041 13:14:33,CUrl
2010 041 17:57:00,CNologon
2010 042 09:00:00,Blogon
2010 042 09:10:20,BUrl
2010 042 13:44:12,CUrl
2010 042 13:59:55,CSendEmail
2010 042 14:01:32,CUrl
2010 042 18:05:38,DUrl
2010 042 18:13:00,DNologon
2010 043 09:01:00,Blogon
2010 043 09:05:52,BUrl
2010 043 12:20:14,CUrl
2010 043 14:31:18,CSendEmail
2010 043 15:23:48,CUrl
2010 043 17:58:00,CNologon
2010 046 08:54:00,Blogon
2010 046 10:15:35,BUrl
2010 046 12:09:31,CUrl
2010 046 14:48:05,CSendEmail
2010 046 16:08:31,CUrl
2010 046 18:04:00,DNologon
2010 047 09:00:00,Blogon
2010 047 09:10:43,BUrl
2010 047 09:12:13,BSendEmail
2010 047 09:52:39,BUrl
2010 047 12:00:15,CUrl
2010 047 17:59:00,CNologon
2010 048 08:51:00,Blogon
2010 048 10:07:57,BUrl
2010 048 12:02:27,CUrl
2010 048 13:56:02,CSendEmail
2010 048 15:39:04,CUrl
2010 048 18:02:00,DNologon
2010 049 09:02:00,Blogon
2010 049 09:08:33,BUrl
2010 049 12:01:06,CUrl
2010 049 15:47:09,CSendEmail
2010 049 16:08:36,CUrl
2010 049 17:59:00,CNologon
2010 050 08:48:00,Blogon
2010 050 08:49:52,BUrl
2010 050 09:39:49,BSendEmail
2010 050 09:48:39,BUrl
2010 050 13:18:44,CUrl
2010 050 18:09:00,DNologon
2010 053 08:53:00,Blogon
2010 053 09:55:10,BUrl
2010 053 12:22:03,CUrl
2010 053 15:17:37,CSendEmail
2010 053 16:00:40,CUrl
2010 053 18:08:00,DNologon
2010 054 08:48:00,Blogon
2010 054 09:51:21,BUrl
2010 054 13:44:11,CSendEmail
2010 054 14:06:28,CUrl
2010 054 18:00:00,DNologon
2010 055 09:03:00,Blogon
2010 055 09:12:52,BUrl
2010 055 14:17:35,CSendEmail
2010 055 14:28:31,CUrl
2010 055 17:58:00,CNologon
2010 056 09:00:00,Blogon
2010 056 09:11:24,BUrl
2010 056 12:28:42,CUrl
2010 056 15:21:39,CSendEmail
2010 056 17:31:45,CUrl
2010 056 17:59:00,CNologon
2010 057 08:45:00,Blogon
2010 057 09:37:45,BUrl
2010 057 12:23:59,CUrl
2010 057 14:42:39,CSendEmail
2010 057 15:02:11,CUrl
2010 057 18:11:00,DNologon
2010 060 08:55:00,Blogon
2010 060 09:10:22,BUrl
2010 060 13:17:19,CUrl
2010 060 14:10:55,CSendEmail
2010 060 16:43:19,CUrl
2010 060 18:15:00,DNologon
2010 061 08:49:00,Blogon
2010 061 08:58:53,BUrl
2010 061 12:40:16,CUrl
2010 061 16:24:32,CSendEmail
2010 061 16:28:52,CUrl
2010 061 18:00:00,DNologon
2010 062 09:02:00,Blogon
2010 062 09:22:39,BUrl
2010 062 12:20:13,CUrl
2010 062 15:42:03,CSendEmail
2010 062 16:37:50,CUrl
2010 062 17:57:00,CNologon
2010 063 08:58:00,Blogon
2010 063 09:00:59,BUrl
2010 063 09:33:17,BSendEmail
2010 063 09:42:12,BUrl
2010 063 13:18:47,CUrl
2010 063 18:01:07,DUrl
2010 063 18:05:00,DNologon
2010 064 09:02:00,Blogon
2010 064 09:11:36,BUrl
2010 064 09:11:42,BSendEmail
2010 064 09:18:01,BUrl
2010 064 13:26:41,CUrl
2010 064 17:59:00,CNologon
2010 067 09:00:00,Blogon
2010 067 09:13:50,BUrl
2010 067 13:39:46,CUrl
2010 067 17:53:40,CSendEmail
2010 067 17:59:00,CNologon
2010 068 08:53:00,Blogon
2010 068 09:40:29,BSendEmail
2010 068 11:12:52,BUrl
2010 068 13:54:06,CUrl
2010 068 18:13:00,DNologon
2010 069 08:57:00,Blogon
2010 069 10:46:46,BUrl
2010 069 12:57:14,CUrl
2010 069 13:18:12,CSendEmail
2010 069 15:06:47,CUrl
2010 069 18:11:00,DNologon
2010 070 09:02:00,Blogon
2010 070 09:23:48,BUrl
2010 070 12:43:29,CUrl
2010 070 15:31:24,CSendEmail
2010 070 16:35:13,CUrl
2010 070 18:07:00,DNologon
2010 071 08:51:00,Blogon
2010 071 09:31:30,BUrl
2010 071 12:37:19,CSendEmail
2010 071 13:51:26,CUrl
2010 071 18:11:00,DNologon
2010 074 08:53:00,Blogon
2010 074 09:29:03,BUrl
2010 074 12:42:33,CSendEmail
2010 074 13:15:31,CUrl
2010 074 18:14:00,DNologon
2010 075 08:59:00,Blogon
2010 075 10:08:01,BUrl
2010 075 14:03:25,CUrl
2010 075 16:12:36,CSendEmail
2010 075 16:39:28,CUrl
2010 075 17:57:00,CNologon
2010 076 08:53:00,Blogon
2010 076 09:21:54,BUrl
2010 076 13:45:28,CUrl
2010 076 15:46:11,CSendEmail
2010 076 17:42:45,CUrl
2010 076 17:58:00,CNologon
2010 077 09:00:00,Blogon
2010 077 09:40:21,BUrl
2010 077 10:09:43,BSendEmail
2010 077 10:28:46,BUrl
2010 077 14:57:05,CUrl
2010 077 18:11:00,DNologon
2010 078 09:00:00,Blogon
2010 078 09:08:24,BUrl
2010 078 13:27:06,CUrl
2010 078 17:55:58,CSendEmail
2010 078 17:57:00,CNologon
2010 081 08:50:00,Blogon
2010 081 08:53:41,BUrl
2010 081 12:00:30,CUrl
2010 081 13:53:44,CSendEmail
2010 081 14:25:19,CUrl
2010 081 18:13:00,DNologon
2010 082 08:46:00,Blogon
2010 082 08:57:27,BUrl
2010 082 14:22:32,CUrl
2010 082 17:28:42,CSendEmail
2010 082 17:54:24,CUrl
2010 082 18:06:02,DUrl
2010 082 18:13:00,DNologon
2010 083 08:55:00,Blogon
2010 083 09:37:47,BUrl
2010 083 13:15:13,CUrl
2010 083 13:25:24,CSendEmail
2010 083 14:27:11,CUrl
2010 083 18:07:00,DNologon
2010 084 09:02:00,Blogon
2010 084 10:13:48,BUrl
2010 084 13:24:35,CUrl
2010 084 15:23:10,CSendEmail
2010 084 16:38:17,CUrl
2010 084 17:57:00,CNologon
2010 085 08:52:00,Blogon
2010 085 09:00:04,BUrl
2010 085 12:47:56,CUrl
2010 085 16:08:12,CSendEmail
2010 085 17:49:38,CUrl
2010 085 18:05:00,DNologon
2010 088 08:51:00,Blogon
2010 088 09:02:23,BSendEmail
2010 088 09:21:46,BUrl
2010 088 13:58:41,CUrl
2010 088 18:09:00,DNologon
2010 089 09:01:00,Blogon
2010 089 09:37:19,BUrl
2010 089 12:22:58,CUrl
2010 089 13:30:01,CSendEmail
2010 089 13:46:25,CUrl
2010 089 17:59:00,CNologon
2010 090 08:45:00,Blogon
2010 090 09:27:46,BUrl
2010 090 10:25:38,BSendEmail
2010 090 13:42:36,CUrl
2010 090 18:13:00,DNologon
2010 091 08:50:00,Blogon
2010 091 09:09:13,BUrl
2010 091 11:49:18,BSendEmail
2010 091 11:51:51,BUrl
2010 091 15:20:08,CUrl
2010 091 18:12:00,DNologon
2010 095 09:00:00,Blogon
2010 095 09:15:55,BUrl
2010 095 10:22:47,BSendEmail
2010 095 10:36:10,BUrl
2010 095 12:16:12,CUrl
2010 095 18:08:00,DNologon
2010 096 08:53:00,Blogon
2010 096 08:55:07,BUrl
2010 096 12:43:42,CUrl
2010 096 13:30:56,CSendEmail
2010 096 14:10:16,CUrl
2010 096 18:05:00,DNologon
2010 097 08:51:00,Blogon
2010 097 09:59:53,BUrl
2010 097 11:03:57,BSendEmail
2010 097 12:14:49,CUrl
2010 097 18:02:41,DUrl
2010 097 18:04:00,DNologon
2010 098 09:03:00,Blogon
2010 098 09:30:33,BUrl
2010 098 10:39:15,BSendEmail
2010 098 12:27:15,CUrl
2010 098 17:57:00,CNologon
2010 099 09:01:00,Blogon
2010 099 09:21:42,BUrl
2010 099 12:22:53,CSendEmail
2010 099 13:16:26,CUrl
2010 099 17:58:00,CNologon
2010 102 08:52:00,Blogon
2010 102 09:38:46,BUrl
2010 102 12:30:44,CUrl
2010 102 17:48:28,CSendEmail
2010 102 18:11:00,DNologon
2010 103 08:58:00,Blogon
2010 103 09:00:00,BUrl
2010 103 10:27:58,BSendEmail
2010 103 11:36:50,BUrl
2010 103 12:36:40,CUrl
2010 103 18:15:00,DNologon
2010 104 08:51:00,Blogon
2010 104 09:52:08,BUrl
2010 104 13:47:09,CUrl
2010 104 17:09:50,CSendEmail
2010 104 17:59:40,CUrl
2010 104 18:08:00,DNologon
2010 105 09:00:00,Blogon
2010 105 10:08:46,BUrl
2010 105 12:47:12,CUrl
2010 105 13:17:43,CSendEmail
2010 105 13:35:47,CUrl
2010 105 17:59:00,CNologon
2010 106 08:52:00,Blogon
2010 106 09:11:42,BUrl
2010 106 12:04:07,CUrl
2010 106 18:05:39,DSendEmail
2010 106 18:10:00,DNologon
2010 109 08:58:00,Blogon
2010 109 09:15:59,BUrl
2010 109 11:19:19,BSendEmail
2010 109 12:54:37,CUrl
2010 109 18:13:00,DNologon
2010 110 09:03:00,Blogon
2010 110 09:17:41,BUrl
2010 110 12:51:36,CUrl
2010 110 14:08:54,CSendEmail
2010 110 15:57:20,CUrl
2010 110 18:10:00,DNologon
2010 111 08:50:00,Blogon
2010 111 09:04:14,BSendEmail
2010 111 09:09:09,BUrl
2010 111 14:49:37,CUrl
2010 111 18:12:48,DUrl
2010 111 18:14:00,DNologon
2010 112 08:51:00,Blogon
2010 112 09:28:46,BUrl
2010 112 13:14:49,CSendEmail
2010 112 13:26:31,CUrl
2010 112 18:13:00,DNologon
2010 113 09:01:00,Blogon
2010 113 09:06:54,BUrl
2010 113 09:12:46,BSendEmail
2010 113 11:06:44,BUrl
2010 113 15:17:54,CUrl
2010 113 17:59:00,CNologon
2010 116 08:54:00,Blogon
2010 116 09:36:53,BUrl
2010 116 13:25:32,CUrl
2010 116 17:15:14,CSendEmail
2010 116 17:44:35,CUrl
2010 116 17:59:00,CNologon
2010 117 08:45:00,Blogon
2010 117 09:07:29,BUrl
2010 117 14:10:28,CUrl
2010 117 17:57:59,CSendEmail
2010 117 18:05:00,DNologon
2010 118 09:02:00,Blogon
2010 118 09:05:57,BUrl
2010 118 12:00:34,CUrl
2010 118 17:54:58,CSendEmail
2010 118 17:56:00,CUrl
2010 118 18:04:57,DUrl
2010 118 18:11:00,DNologon
2010 119 09:03:00,Blogon
2010 119 09:07:04,BUrl
2010 119 10:20:07,BSendEmail
2010 119 10:31:53,BUrl
2010 119 12:54:46,CUrl
2010 119 17:58:00,CNologon
2010 120 08:57:00,Blogon
2010 120 09:01:44,BSendEmail
2010 120 11:16:51,BUrl
2010 120 12:30:35,CUrl
2010 120 18:02:00,DNologon
2010 123 09:02:00,Blogon
2010 123 09:18:47,BUrl
2010 123 13:00:53,CUrl
2010 123 15:59:43,CSendEmail
2010 123 17:07:42,CUrl
2010 123 17:59:00,CNologon
2010 124 09:03:00,Blogon
2010 124 09:28:17,BUrl
2010 124 12:06:30,CUrl
2010 124 14:04:20,CSendEmail
2010 124 14:23:57,CUrl
2010 124 18:00:00,DNologon
2010 125 09:02:00,Blogon
2010 125 09:45:42,BSendEmail
2010 125 10:00:19,BUrl
2010 125 13:37:51,CUrl
2010 125 17:57:00,CNologon
2010 126 09:00:00,Blogon
2010 126 09:13:27,BUrl
2010 126 12:24:14,CSendEmail
2010 126 16:11:51,CUrl
2010 126 18:00:00,DNologon
2010 127 09:00:00,Blogon
2010 127 09:31:15,BUrl
2010 127 13:39:07,CUrl
2010 127 17:03:17,CSendEmail
2010 127 17:51:42,CUrl
2010 127 18:02:00,DNologon
2010 130 09:02:00,Blogon
2010 130 09:08:55,BUrl
2010 130 12:42:47,CUrl
2010 130 13:34:17,CSendEmail
2010 130 13:43:26,CUrl
2010 130 17:59:00,CNologon
2010 131 08:46:00,Blogon
2010 131 09:20:20,BUrl
2010 131 11:22:02,BSendEmail
2010 131 11:24:33,BUrl
2010 131 12:56:03,CUrl
2010 131 18:01:00,DNologon
2010 132 08:55:00,Blogon
2010 132 09:20:33,BUrl
2010 132 12:03:45,CUrl
2010 132 13:11:28,CSendEmail
2010 132 14:51:51,CUrl
2010 132 18:02:00,DNologon
2010 133 08:58:00,Blogon
2010 133 09:13:36,BSendEmail
2010 133 09:42:42,BUrl
2010 133 15:07:24,CUrl
2010 133 18:10:00,DNologon
2010 134 08:50:00,Blogon
2010 134 09:35:28,BUrl
2010 134 09:35:42,BSendEmail
2010 134 09:40:09,BUrl
2010 134 12:47:24,CUrl
2010 134 18:08:00,DNologon
2010 137 09:02:00,Blogon
2010 137 09:07:40,BSendEmail
2010 137 09:39:29,BUrl
2010 137 12:43:05,CUrl
2010 137 18:04:53,DUrl
2010 137 18:10:00,DNologon
2010 138 08:46:00,Blogon
2010 138 08:53:44,BUrl
2010 138 13:09:25,CUrl
2010 138 14:51:39,CSendEmail
2010 138 15:28:31,CUrl
2010 138 18:02:00,DNologon
2010 139 08:56:00,Blogon
2010 139 10:15:42,BUrl
2010 139 12:05:34,CSendEmail
2010 139 12:30:33,CUrl
2010 139 17:59:00,CNologon
2010 140 08:45:00,Blogon
2010 140 09:15:35,BUrl
2010 140 10:37:33,BSendEmail
2010 140 10:51:56,BUrl
2010 140 15:18:26,CUrl
2010 140 17:57:00,CNologon
2010 141 08:56:00,Blogon
2010 141 09:33:05,BUrl
2010 141 10:42:13,BSendEmail
2010 141 11:02:21,BUrl
2010 141 13:53:31,CUrl
2010 141 18:00:00,DNologon
2010 144 08:58:00,Blogon
2010 144 09:01:24,BSendEmail
2010 144 11:15:40,BUrl
2010 144 13:10:37,CUrl
2010 144 18:01:00,DNologon
2010 145 09:03:00,Blogon
2010 145 09:07:22,BUrl
2010 145 12:05:30,CUrl
2010 145 17:02:13,CSendEmail
2010 145 18:00:00,DNologon
2010 146 09:02:00,Blogon
2010 146 10:22:25,BUrl
2010 146 12:41:25,CUrl
2010 146 17:55:55,CSendEmail
2010 146 17:57:00,CNologon
2010 147 08:56:00,Blogon
2010 147 09:03:12,BUrl
2010 147 09:05:00,BSendEmail
2010 147 09:16:33,BUrl
2010 147 16:01:58,CUrl
2010 147 18:04:14,DUrl
2010 147 18:13:00,DNologon
2010 148 08:51:00,Blogon
2010 148 09:14:20,BUrl
2010 148 13:33:19,CUrl
2010 148 16:53:27,CSendEmail
2010 148 16:56:50,CUrl
2010 148 18:10:10,DUrl
2010 148 18:13:00,DNologon
2010 152 09:02:00,Blogon
2010 152 09:19:05,BUrl
2010 152 09:29:14,BSendEmail
2010 152 14:44:02,CUrl
2010 152 18:04:00,DNologon
2010 153 08:52:00,Blogon
2010 153 09:10:35,BUrl
2010 153 11:46:14,BSendEmail
2010 153 12:15:06,CUrl
2010 153 18:03:00,DNologon
2010 154 08:48:00,Blogon
2010 154 09:35:39,BUrl
2010 154 12:28:25,CUrl
2010 154 17:32:39,CSendEmail
2010 154 17:56:34,CUrl
2010 154 18:02:00,DNologon
2010 155 08:55:00,Blogon
2010 155 09:35:02,BUrl
2010 155 11:21:25,BSendEmail
2010 155 12:32:22,CUrl
2010 155 18:10:00,DNologon
2010 158 08:50:00,Blogon
2010 158 10:09:56,BUrl
2010 158 12:17:52,CUrl
2010 158 15:24:33,CSendEmail
2010 158 15:29:22,CUrl
2010 158 18:14:00,DNologon
2010 159 09:01:00,Blogon
2010 159 09:06:19,BUrl
2010 159 12:24:46,CUrl
2010 159 14:04:43,CSendEmail
2010 159 14:06:54,CUrl
2010 159 17:59:00,CNologon
2010 160 08:56:00,Blogon
2010 160 11:35:37,BUrl
2010 160 12:25:45,CUrl
2010 160 16:56:21,CSendEmail
2010 160 17:25:15,CUrl
2010 160 18:11:00,DNologon
2010 161 08:57:00,Blogon
2010 161 09:07:23,BUrl
2010 161 14:22:40,CUrl
2010 161 15:55:01,CSendEmail
2010 161 16:11:02,CUrl
2010 161 18:05:00,DNologon
2010 162 08:57:00,Blogon
2010 162 09:51:49,BUrl
2010 162 12:14:02,CUrl
2010 162 16:00:18,CSendEmail
2010 162 16:33:03,CUrl
2010 162 18:02:00,DNologon
2010 165 08:51:00,Blogon
2010 165 09:04:56,BUrl
2010 165 13:06:35,CSendEmail
2010 165 13:17:11,CUrl
2010 165 17:57:00,CNologon
2010 166 09:00:00,Blogon
2010 166 09:11:38,BUrl
2010 166 12:54:16,CUrl
2010 166 13:57:47,CSendEmail
2010 166 15:00:34,CUrl
2010 166 18:06:33,DUrl
2010 166 18:15:00,DNologon
2010 167 08:50:00,Blogon
2010 167 09:07:53,BUrl
2010 167 13:34:28,CSendEmail
2010 167 14:24:49,CUrl
2010 167 17:59:00,CNologon
2010 168 09:01:00,Blogon
2010 168 09:28:36,BUrl
2010 168 10:29:58,BSendEmail
2010 168 11:36:19,BUrl
2010 168 12:52:14,CUrl
2010 168 18:00:00,DNologon
2010 169 09:02:00,Blogon
2010 169 09:15:54,BUrl
2010 169 12:13:12,CUrl
2010 169 16:42:00,CSendEmail
2010 169 17:45:18,CUrl
2010 169 17:57:00,CNologon
2010 172 09:02:00,Blogon
2010 172 10:06:25,BUrl
2010 172 11:19:40,BSendEmail
2010 172 12:44:56,CUrl
2010 172 18:02:46,DUrl
2010 172 18:12:00,DNologon
2010 173 08:50:00,Blogon
2010 173 09:17:06,BSendEmail
2010 173 09:22:02,BUrl
2010 173 12:58:26,CUrl
2010 173 18:10:00,DNologon
2010 174 08:55:00,Blogon
2010 174 09:58:32,BUrl
2010 174 12:10:22,CUrl
2010 174 13:24:37,CSendEmail
2010 174 14:12:14,CUrl
2010 174 18:04:19,DUrl
2010 174 18:06:00,DNologon
2010 175 09:03:00,Blogon
2010 175 09:15:54,BUrl
2010 175 12:25:56,CUrl
2010 175 17:42:05,CSendEmail
2010 175 17:55:18,CUrl
2010 175 17:57:00,CNologon
2010 176 09:00:00,Blogon
2010 176 09:32:29,BUrl
2010 176 16:34:08,CUrl
2010 176 16:40:48,CSendEmail
2010 176 17:07:02,CUrl
2010 176 18:15:00,DNologon
2010 179 08:46:00,Blogon
2010 179 08:48:15,BSendEmail
2010 179 08:51:36,BUrl
2010 179 12:01:11,CUrl
2010 179 18:06:00,DNologon
2010 180 09:02:00,Blogon
2010 180 10:27:30,BUrl
2010 180 12:39:59,CUrl
2010 180 17:23:05,CSendEmail
2010 180 17:55:39,CUrl
2010 180 18:00:00,DNologon
2010 181 09:03:00,Blogon
2010 181 09:28:58,BUrl
2010 181 12:19:48,CSendEmail
2010 181 15:25:08,CUrl
2010 181 17:59:00,CNologon
2010 182 08:56:00,Blogon
2010 182 08:59:33,BUrl
2010 182 12:34:28,CSendEmail
2010 182 13:22:39,CUrl
2010 182 18:01:00,DNologon
2010 183 08:57:00,Blogon
2010 183 09:03:12,BUrl
2010 183 12:41:45,CSendEmail
2010 183 14:16:58,CUrl
2010 183 18:05:00,DNologon
2010 187 08:56:00,Blogon
2010 187 09:52:10,BUrl
2010 187 11:49:35,BSendEmail
2010 187 12:58:33,CUrl
2010 187 18:11:00,DNologon
2010 188 09:03:00,Blogon
2010 188 09:34:03,BUrl
2010 188 14:20:09,CSendEmail
2010 188 15:13:35,CUrl
2010 188 18:00:00,DNologon
2010 189 09:00:00,Blogon
2010 189 09:27:59,BUrl
2010 189 13:27:51,CUrl
2010 189 14:52:18,CSendEmail
2010 189 15:58:00,CUrl
2010 189 18:00:21,DUrl
2010 189 18:11:00,DNologon
2010 190 09:01:00,Blogon
2010 190 09:19:31,BUrl
2010 190 11:56:19,BSendEmail
2010 190 12:34:02,CUrl
2010 190 17:57:00,CNologon
2010 193 09:01:00,Blogon
2010 193 09:12:01,BUrl
2010 193 10:37:47,BSendEmail
2010 193 10:46:32,BUrl
2010 193 12:31:19,CUrl
2010 193 18:00:00,DNologon
2010 194 09:00:00,Blogon
2010 194 09:16:36,BUrl
2010 194 11:09:53,BSendEmail
2010 194 12:41:46,CUrl
2010 194 17:58:00,CNologon
2010 195 09:01:00,Blogon
2010 195 09:10:40,BUrl
2010 195 13:17:58,CUrl
2010 195 15:02:23,CSendEmail
2010 195 16:43:19,CUrl
2010 195 17:57:00,CNologon
2010 196 08:53:00,Blogon
2010 196 10:09:08,BUrl
2010 196 11:02:15,BSendEmail
2010 196 13:00:29,CUrl
2010 196 18:00:00,DNologon
2010 197 09:03:00,Blogon
2010 197 10:20:08,BUrl
2010 197 12:36:25,CUrl
2010 197 17:55:00,CSendEmail
2010 197 18:00:00,DNologon
2010 200 09:02:00,Blogon
2010 200 09:09:31,BUrl
2010 200 09:43:27,BSendEmail
2010 200 10:14:39,BUrl
2010 200 13:00:47,CUrl
2010 200 18:00:00,DNologon
2010 201 09:02:00,Blogon
2010 201 09:45:04,BUrl
2010 201 10:11:43,BSendEmail
2010 201 11:22:56,BUrl
2010 201 12:10:03,CUrl
2010 201 17:58:00,CNologon
2010 202 09:00:00,Blogon
2010 202 10:24:20,BUrl
2010 202 10:29:14,BSendEmail
2010 202 10:45:16,BUrl
2010 202 13:43:40,CUrl
2010 202 17:58:00,CNologon
2010 203 08:56:00,Blogon
2010 203 09:45:23,BUrl
2010 203 10:17:00,BSendEmail
2010 203 11:23:52,BUrl
2010 203 12:00:11,CUrl
2010 203 18:03:00,DNologon
2010 204 09:01:00,Blogon
2010 204 09:02:02,BUrl
2010 204 12:12:23,CUrl
2010 204 13:58:19,CSendEmail
2010 204 14:10:03,CUrl
2010 204 18:07:00,DNologon
2010 207 09:00:00,Blogon
2010 207 09:11:12,BUrl
2010 207 15:09:45,CUrl
2010 207 17:57:00,CNologon
2010 208 09:01:00,Blogon
2010 208 11:58:11,BUrl
2010 208 14:10:35,CUrl
2010 208 17:53:49,CSendEmail
2010 208 17:54:11,CUrl
2010 208 17:57:00,CNologon
2010 209 09:00:00,Blogon
2010 209 09:09:32,BUrl
2010 209 09:10:46,BSendEmail
2010 209 09:25:46,BUrl
2010 209 12:00:25,CUrl
2010 209 17:59:00,CNologon
2010 210 08:51:00,Blogon
2010 210 09:01:24,BUrl
2010 210 12:43:27,CUrl
2010 210 12:47:34,CSendEmail
2010 210 13:40:15,CUrl
2010 210 18:00:00,DNologon
2010 211 09:03:00,Blogon
2010 211 09:04:55,BUrl
2010 211 12:00:50,CUrl
2010 211 13:20:06,CSendEmail
2010 211 14:12:46,CUrl
2010 211 17:59:00,CNologon
2010 214 08:55:00,Blogon
2010 214 09:11:09,BUrl
2010 214 12:21:18,CUrl
2010 214 12:39:15,CSendEmail
2010 214 12:52:27,CUrl
2010 214 18:01:00,DNologon
2010 215 08:57:00,Blogon
2010 215 10:44:13,BUrl
2010 215 12:09:35,CUrl
2010 215 12:29:53,CSendEmail
2010 215 13:26:58,CUrl
2010 215 17:59:00,CNologon
2010 216 08:46:00,Blogon
2010 216 09:09:35,BUrl
2010 216 12:07:36,CUrl
2010 216 14:32:02,CSendEmail
2010 216 16:10:22,CUrl
2010 216 18:04:43,DUrl
2010 216 18:14:00,DNologon
2010 217 09:01:00,Blogon
2010 217 09:02:58,BUrl
2010 217 12:47:34,CUrl
2010 217 14:38:12,CSendEmail
2010 217 16:40:47,CUrl
2010 217 18:10:00,DNologon
2010 218 09:02:00,Blogon
2010 218 09:46:47,BUrl
2010 218 12:50:08,CUrl
2010 218 15:14:00,CSendEmail
2010 218 16:26:31,CUrl
2010 218 18:00:00,DNologon
2010 221 09:00:00,Blogon
2010 221 09:20:04,BUrl
2010 221 12:35:05,CUrl
2010 221 16:41:15,CSendEmail
2010 221 17:16:02,CUrl
2010 221 18:10:00,DNologon
2010 222 08:59:00,Blogon
2010 222 09:38:56,BUrl
2010 222 12:38:35,CUrl
2010 222 12:56:51,CSendEmail
2010 222 13:35:48,CUrl
2010 222 18:00:00,DNologon
2010 223 08:53:00,Blogon
2010 223 09:18:26,BUrl
2010 223 12:06:53,CUrl
2010 223 16:02:19,CSendEmail
2010 223 16:32:27,CUrl
2010 223 17:57:00,CNologon
2010 224 08:58:00,Blogon
2010 224 09:04:46,BUrl
2010 224 09:18:33,BSendEmail
2010 224 11:46:34,BUrl
2010 224 13:00:23,CUrl
2010 224 18:04:52,DUrl
2010 224 18:06:00,DNologon
2010 225 08:51:00,Blogon
2010 225 09:05:03,BUrl
2010 225 12:04:54,CUrl
2010 225 16:20:21,CSendEmail
2010 225 16:24:13,CUrl
2010 225 17:58:00,CNologon
2010 228 09:02:00,Blogon
2010 228 09:14:36,BUrl
2010 228 12:16:58,CUrl
2010 228 15:34:07,CSendEmail
2010 228 16:00:31,CUrl
2010 228 18:01:00,DNologon
2010 229 09:01:00,Blogon
2010 229 11:04:08,BUrl
2010 229 12:11:38,CUrl
2010 229 17:46:39,CSendEmail
2010 229 17:52:19,CUrl
2010 229 17:59:00,CNologon
2010 230 08:55:00,Blogon
2010 230 09:14:56,BUrl
2010 230 12:22:11,CUrl
2010 230 12:36:10,CSendEmail
2010 230 13:46:22,CUrl
2010 230 18:04:00,DNologon
2010 231 08:57:00,Blogon
2010 231 09:07:45,BUrl
2010 231 11:05:54,BSendEmail
2010 231 12:37:20,CUrl
2010 231 18:08:00,DNologon
2010 232 09:03:00,Blogon
2010 232 10:26:51,BUrl
2010 232 12:30:06,CUrl
2010 232 16:40:30,CSendEmail
2010 232 17:22:32,CUrl
2010 232 17:59:00,CNologon
2010 235 08:52:00,Blogon
2010 235 08:54:10,BUrl
2010 235 12:49:03,CUrl
2010 235 17:00:09,CSendEmail
2010 235 18:06:06,DUrl
2010 235 18:09:00,DNologon
2010 236 09:03:00,Blogon
2010 236 09:10:54,BUrl
2010 236 12:40:06,CUrl
2010 236 14:08:47,CSendEmail
2010 236 15:07:00,CUrl
2010 236 18:00:00,DNologon
2010 237 09:00:00,Blogon
2010 237 09:07:45,BUrl
2010 237 11:38:08,BSendEmail
2010 237 13:04:04,CUrl
2010 237 17:57:00,CNologon
2010 238 09:01:00,Blogon
2010 238 09:13:33,BUrl
2010 238 12:09:35,CUrl
2010 238 13:12:02,CSendEmail
2010 238 14:33:11,CUrl
2010 238 17:57:00,CNologon
2010 239 09:02:00,Blogon
2010 239 09:21:05,BUrl
2010 239 12:14:46,CSendEmail
2010 239 12:44:33,CUrl
2010 239 18:01:53,DUrl
2010 239 18:15:00,DNologon
2010 242 09:03:00,Blogon
2010 242 10:05:18,BUrl
2010 242 10:05:54,BSendEmail
2010 242 11:45:51,BUrl
2010 242 13:19:01,CUrl
2010 242 17:58:00,CNologon
2010 243 09:02:00,Blogon
2010 243 09:16:28,BUrl
2010 243 12:50:38,CUrl
2010 243 18:00:00,DNologon
2010 244 09:03:00,Blogon
2010 244 09:05:43,BUrl
2010 244 09:45:53,BSendEmail
2010 244 11:33:45,BUrl
2010 244 12:00:15,CUrl
2010 244 17:57:00,CNologon
2010 245 09:03:00,Blogon
2010 245 09:25:04,BUrl
2010 245 13:29:57,CUrl
2010 245 16:41:48,CSendEmail
2010 245 17:02:30,CUrl
2010 245 18:01:00,DNologon
2010 246 08:49:00,Blogon
2010 246 08:56:00,BUrl
2010 246 13:38:48,CUrl
2010 246 16:40:47,CSendEmail
2010 246 18:08:00,DNologon
2010 250 08:51:00,Blogon
2010 250 09:06:20,BUrl
2010 250 12:10:03,CUrl
2010 250 17:49:20,CSendEmail
2010 250 17:55:21,CUrl
2010 250 18:08:00,DNologon
2010 251 09:02:00,Blogon
2010 251 09:07:02,BUrl
2010 251 12:43:41,CUrl
2010 251 16:14:52,CSendEmail
2010 251 16:24:00,CUrl
2010 251 18:13:00,DNologon
2010 252 09:02:00,Blogon
2010 252 09:05:40,BUrl
2010 252 12:07:35,CUrl
2010 252 14:52:04,CSendEmail
2010 252 15:07:52,CUrl
2010 252 18:04:00,DNologon
2010 253 09:01:00,Blogon
2010 253 09:13:49,BUrl
2010 253 12:55:33,CSendEmail
2010 253 14:16:52,CUrl
2010 253 17:59:00,CNologon
2010 256 08:53:00,Blogon
2010 256 09:14:12,BUrl
2010 256 12:02:32,CUrl
2010 256 17:40:08,CSendEmail
2010 256 18:12:00,DNologon
2010 257 08:48:00,Blogon
2010 257 08:50:09,BUrl
2010 257 12:07:38,CUrl
2010 257 15:30:38,CSendEmail
2010 257 15:57:09,CUrl
2010 257 18:13:00,DNologon
2010 258 08:45:00,Blogon
2010 258 09:16:26,BUrl
2010 258 10:59:16,BSendEmail
2010 258 11:54:42,BUrl
2010 258 13:00:26,CUrl
2010 258 18:07:00,DNologon
2010 259 09:03:00,Blogon
2010 259 09:06:15,BUrl
2010 259 09:59:32,BSendEmail
2010 259 10:21:33,BUrl
2010 259 12:20:18,CUrl
2010 259 18:00:00,DNologon
2010 260 09:01:00,Blogon
2010 260 09:42:47,BUrl
2010 260 12:09:31,CUrl
2010 260 14:13:48,CSendEmail
2010 260 14:14:22,CUrl
2010 260 18:00:00,DNologon
2010 263 08:48:00,Blogon
2010 263 09:04:55,BUrl
2010 263 12:24:04,CUrl
2010 263 14:51:16,CSendEmail
2010 263 15:18:01,CUrl
2010 263 18:14:00,DNologon
2010 264 09:02:00,Blogon
2010 264 09:13:19,BUrl
2010 264 13:07:01,CUrl
2010 264 16:00:31,CSendEmail
2010 264 18:00:17,DUrl
2010 264 18:03:00,DNologon
2010 265 09:03:00,Blogon
2010 265 09:29:15,BUrl
2010 265 10:29:09,BSendEmail
2010 265 11:14:31,BUrl
2010 265 12:10:34,CUrl
2010 265 17:58:00,CNologon
2010 266 09:00:00,Blogon
2010 266 10:14:15,BUrl
2010 266 12:30:29,CUrl
2010 266 14:44:30,CSendEmail
2010 266 16:03:40,CUrl
2010 266 17:59:00,CNologon
2010 267 09:03:00,Blogon
2010 267 09:13:35,BUrl
2010 267 11:46:53,BSendEmail
2010 267 12:13:48,CUrl
2010 267 17:58:00,CNologon
2010 270 08:46:00,Blogon
2010 270 08:51:14,BUrl
2010 270 12:57:54,CUrl
2010 270 13:01:27,CSendEmail
2010 270 13:02:46,CUrl
2010 270 18:03:00,DNologon
2010 271 08:48:00,Blogon
2010 271 08:55:02,BUrl
2010 271 08:57:40,BSendEmail
2010 271 09:02:45,BUrl
2010 271 12:05:26,CUrl
2010 271 18:02:00,DNologon
2010 272 08:53:00,Blogon
2010 272 08:56:28,BUrl
2010 272 13:04:04,CUrl
2010 272 14:23:38,CSendEmail
2010 272 15:51:26,CUrl
2010 272 18:06:00,DNologon
2010 273 08:59:00,Blogon
2010 273 09:52:31,BUrl
2010 273 11:15:10,BSendEmail
2010 273 11:16:08,BUrl
2010 273 12:04:28,CUrl
2010 273 18:06:00,DNologon
2010 274 09:01:00,Blogon
2010 274 09:41:32,BUrl
2010 274 11:06:53,BSendEmail
2010 274 11:52:13,BUrl
2010 274 12:49:50,CUrl
2010 274 18:07:00,DNologon
2010 277 09:02:00,Blogon
2010 277 09:31:31,BUrl
2010 277 11:07:38,BSendEmail
2010 277 11:13:31,BUrl
2010 277 12:45:26,CUrl
2010 277 17:57:00,CNologon
2010 278 08:54:00,Blogon
2010 278 08:57:28,BSendEmail
2010 278 09:23:33,BUrl
2010 278 13:49:54,CUrl
2010 278 18:05:00,DNologon
2010 279 09:00:00,Blogon
2010 279 09:26:01,BUrl
2010 279 09:35:35,BSendEmail
2010 279 10:23:30,BUrl
2010 279 12:32:14,CUrl
2010 279 18:00:00,DNologon
2010 280 08:49:00,Blogon
2010 280 08:50:52,BUrl
2010 280 10:53:28,BSendEmail
2010 280 10:58:15,BUrl
2010 280 13:43:11,CUrl
2010 280 18:10:00,DNologon
2010 281 09:00:00,Blogon
2010 281 09:42:16,BUrl
2010 281 12:20:16,CUrl
2010 281 13:17:19,CSendEmail
2010 281 13:52:14,CUrl
2010 281 17:59:00,CNologon
2010 284 09:00:00,Blogon
2010 284 09:12:11,BUrl
2010 284 11:41:24,BSendEmail
2010 284 12:05:32,CUrl
2010 284 18:00:00,DNologon
2010 285 09:00:00,Blogon
2010 285 10:23:26,BUrl
2010 285 13:15:27,CUrl
2010 285 18:00:00,DNologon
2010 286 08:59:00,Blogon
2010 286 09:19:47,BUrl
2010 286 12:10:48,CUrl
2010 286 15:14:37,CSendEmail
2010 286 15:15:58,CUrl
2010 286 17:58:00,CNologon
2010 287 08:56:00,Blogon
2010 287 09:16:06,BUrl
2010 287 12:41:12,CUrl
2010 287 15:00:33,CSendEmail
2010 287 15:45:28,CUrl
2010 287 18:02:47,DUrl
2010 287 18:10:00,DNologon
2010 288 09:01:00,Blogon
2010 288 09:33:36,BUrl
2010 288 10:27:56,BSendEmail
2010 288 10:33:56,BUrl
2010 288 14:06:05,CUrl
2010 288 17:59:00,CNologon
2010 291 08:56:00,Blogon
2010 291 09:08:15,BUrl
2010 291 13:17:24,CUrl
2010 291 18:00:59,DSendEmail
2010 291 18:07:24,DUrl
2010 291 18:09:00,DNologon
2010 292 08:46:00,Blogon
2010 292 11:41:42,BSendEmail
2010 292 12:22:06,CUrl
2010 292 18:00:00,DNologon
2010 293 08:55:00,Blogon
2010 293 08:56:36,BUrl
2010 293 11:26:16,BSendEmail
2010 293 12:33:36,CUrl
2010 293 18:03:58,DUrl
2010 293 18:07:00,DNologon
2010 294 09:02:00,Blogon
2010 294 09:09:39,BUrl
2010 294 12:24:28,CUrl
2010 294 16:08:14,CSendEmail
2010 294 16:52:22,CUrl
2010 294 17:58:00,CNologon
2010 295 09:03:00,Blogon
2010 295 09:19:23,BUrl
2010 295 13:17:41,CUrl
2010 295 14:14:33,CSendEmail
2010 295 14:25:10,CUrl
2010 295 18:00:00,DNologon
2010 298 09:02:00,Blogon
2010 298 09:50:44,BUrl
2010 298 12:40:37,CUrl
2010 298 16:11:03,CSendEmail
2010 298 16:14:16,CUrl
2010 298 18:00:00,DNologon
2010 299 08:53:00,Blogon
2010 299 08:55:20,BUrl
2010 299 14:29:36,CUrl
2010 299 16:37:02,CSendEmail
2010 299 17:06:44,CUrl
2010 299 18:03:57,DUrl
2010 299 18:05:00,DNologon
2010 300 09:00:00,Blogon
2010 300 09:34:01,BSendEmail
2010 300 10:19:27,BUrl
2010 300 14:07:08,CUrl
2010 300 18:09:00,DNologon
2010 301 08:47:00,Blogon
2010 301 09:06:35,BUrl
2010 301 12:12:40,CUrl
2010 301 16:50:10,CSendEmail
2010 301 17:14:37,CUrl
2010 301 18:11:00,DNologon
2010 302 08:55:00,Blogon
2010 302 09:04:41,BUrl
2010 302 13:15:29,CUrl
2010 302 17:43:16,CSendEmail
2010 302 18:02:53,DUrl
2010 302 18:10:00,DNologon
2010 305 09:00:00,Blogon
2010 305 10:14:39,BUrl
2010 305 12:45:51,CUrl
2010 305 15:50:57,CSendEmail
2010 305 16:10:34,CUrl
2010 305 17:59:00,CNologon
2010 306 08:47:00,Blogon
2010 306 09:05:47,BUrl
2010 306 12:30:39,CUrl
2010 306 17:39:07,CSendEmail
2010 306 17:53:07,CUrl
2010 306 18:15:00,DNologon
2010 307 08:53:00,Blogon
2010 307 09:36:35,BUrl
2010 307 14:27:50,CUrl
2010 307 15:46:08,CSendEmail
2010 307 16:05:51,CUrl
2010 307 17:58:00,CNologon
2010 308 09:02:00,Blogon
2010 308 10:56:48,BUrl
2010 308 13:46:55,CUrl
2010 308 16:14:08,CSendEmail
2010 308 16:36:44,CUrl
2010 308 18:00:00,DNologon
2010 309 08:55:00,Blogon
2010 309 09:00:15,BUrl
2010 309 11:45:41,BSendEmail
2010 309 12:19:41,CUrl
2010 309 18:05:00,DNologon
2010 312 09:02:00,Blogon
2010 312 09:06:36,BSendEmail
2010 312 09:07:34,BUrl
2010 312 12:26:56,CUrl
2010 312 18:01:00,DNologon
2010 313 09:00:00,Blogon
2010 313 09:20:23,BUrl
2010 313 12:45:24,CSendEmail
2010 313 13:22:04,CUrl
2010 313 17:57:00,CNologon
2010 314 08:47:00,Blogon
2010 314 08:55:08,BUrl
2010 314 12:29:51,CUrl
2010 314 17:14:10,CSendEmail
2010 314 17:26:33,CUrl
2010 314 18:01:16,DUrl
2010 314 18:13:00,DNologon
2010 315 08:58:00,Blogon
2010 315 09:11:32,BUrl
2010 315 12:29:56,CUrl
2010 315 15:08:56,CSendEmail
2010 315 15:52:35,CUrl
2010 315 18:13:00,DNologon
2010 316 08:56:00,Blogon
2010 316 09:08:43,BUrl
2010 316 12:33:21,CSendEmail
2010 316 12:51:26,CUrl
2010 316 17:57:00,CNologon
2010 319 08:55:00,Blogon
2010 319 08:56:59,BUrl
2010 319 16:43:12,CUrl
2010 319 17:50:36,CSendEmail
2010 319 17:52:43,CUrl
2010 319 17:57:00,CNologon
2010 320 08:49:00,Blogon
2010 320 09:50:38,BUrl
2010 320 10:43:27,BSendEmail
2010 320 10:46:52,BUrl
2010 320 14:43:58,CUrl
2010 320 18:14:00,DNologon
2010 321 08:45:00,Blogon
2010 321 08:51:17,BUrl
2010 321 11:48:41,BSendEmail
2010 321 14:42:14,CUrl
2010 321 18:15:00,DNologon
2010 322 08:54:00,Blogon
2010 322 09:00:10,BUrl
2010 322 14:14:05,CUrl
2010 322 17:27:54,CSendEmail
2010 322 17:54:51,CUrl
2010 322 17:57:00,CNologon
2010 323 09:03:00,Blogon
2010 323 09:04:51,BSendEmail
2010 323 09:08:37,BUrl
2010 323 12:17:56,CUrl
2010 323 18:00:00,DNologon
2010 326 08:51:00,Blogon
2010 326 09:27:31,BUrl
2010 326 09:40:57,BSendEmail
2010 326 10:34:45,BUrl
2010 326 13:18:35,CUrl
2010 326 18:05:14,DUrl
2010 326 18:14:00,DNologon
2010 327 08:46:00,Blogon
2010 327 08:58:01,BUrl
2010 327 13:01:42,CSendEmail
2010 327 14:29:11,CUrl
2010 327 18:08:47,DUrl
2010 327 18:12:00,DNologon
2010 328 08:55:00,Blogon
2010 328 15:15:35,CUrl
2010 328 17:13:12,CSendEmail
2010 328 18:02:00,DNologon
2010 333 09:00:00,Blogon
2010 333 09:03:43,BUrl
2010 333 13:10:39,CUrl
2010 333 15:21:41,CSendEmail
2010 333 16:44:50,CUrl
2010 333 17:58:00,CNologon
2010 334 09:02:00,Blogon
2010 334 09:08:41,BUrl
2010 334 11:07:00,BSendEmail
2010 334 12:08:29,CUrl
2010 334 18:00:00,DNologon
2010 335 09:01:00,Blogon
2010 335 10:23:16,BUrl
2010 335 12:53:24,CUrl
2010 335 13:06:11,CSendEmail
2010 335 15:05:29,CUrl
2010 335 17:57:00,CNologon
2010 336 09:01:00,Blogon
2010 336 09:31:04,BUrl
2010 336 10:57:39,BSendEmail
2010 336 11:35:27,BUrl
2010 336 15:27:42,CUrl
2010 336 17:57:00,CNologon
2010 337 08:45:00,Blogon
2010 337 09:09:23,BUrl
2010 337 09:17:23,BSendEmail
2010 337 09:59:10,BUrl
2010 337 12:02:26,CUrl
2010 337 18:15:00,DNologon
2010 340 08:47:00,Blogon
2010 340 08:57:55,BSendEmail
2010 340 09:22:03,BUrl
2010 340 12:57:46,CUrl
2010 340 18:11:00,DNologon
2010 341 09:03:00,Blogon
2010 341 09:56:49,BUrl
2010 341 12:34:59,CUrl
2010 341 17:37:13,CSendEmail
2010 341 17:54:45,CUrl
2010 341 17:58:00,CNologon
2010 342 08:49:00,Blogon
2010 342 09:02:22,BUrl
2010 342 12:46:36,CUrl
2010 342 14:54:29,CSendEmail
2010 342 15:04:48,CUrl
2010 342 18:00:00,DNologon
2010 343 09:00:00,Blogon
2010 343 09:53:57,BUrl
2010 343 13:28:35,CUrl
2010 343 13:30:33,CSendEmail
2010 343 13:44:52,CUrl
2010 343 17:58:00,CNologon
2010 344 08:59:00,Blogon
2010 344 09:06:19,BUrl
2010 344 12:10:53,CUrl
2010 344 16:29:49,CSendEmail
2010 344 16:55:07,CUrl
2010 344 18:01:34,DUrl
2010 344 18:13:00,DNologon
2010 347 08:46:00,Blogon
2010 347 09:04:36,BUrl
2010 347 12:18:10,CSendEmail
2010 347 13:37:10,CUrl
2010 347 18:09:00,DNologon
2010 348 08:56:00,Blogon
2010 348 09:01:18,BUrl
2010 348 12:01:10,CUrl
2010 348 16:26:59,CSendEmail
2010 348 18:08:00,DNologon
2010 349 09:01:00,Blogon
2010 349 09:41:16,BUrl
2010 349 12:06:13,CUrl
2010 349 13:30:36,CSendEmail
2010 349 13:42:18,CUrl
2010 349 18:00:00,DNologon
2010 350 08:54:00,Blogon
2010 350 09:32:43,BUrl
2010 350 10:51:12,BSendEmail
2010 350 11:05:13,BUrl
2010 350 13:09:46,CUrl
2010 350 18:00:00,DNologon
2010 351 09:01:00,Blogon
2010 351 10:51:15,BUrl
2010 351 13:12:18,CUrl
2010 351 15:29:48,CSendEmail
2010 351 15:57:07,CUrl
2010 351 17:57:00,CNologon
2010 354 08:49:00,Blogon
2010 354 10:18:30,BUrl
2010 354 12:22:50,CUrl
2010 354 13:20:31,CSendEmail
2010 354 13:51:48,CUrl
2010 354 18:00:00,DNologon
2010 355 09:02:00,Blogon
2010 355 09:19:52,BUrl
2010 355 10:07:25,BSendEmail
2010 355 11:43:18,BUrl
2010 355 12:08:04,CUrl
2010 355 17:59:00,CNologon
2010 356 09:03:00,Blogon
2010 356 09:24:05,BUrl
2010 356 12:43:56,CUrl
2010 356 13:11:09,CSendEmail
2010 356 13:58:16,CUrl
2010 356 17:57:00,CNologon
2010 361 09:01:00,Blogon
2010 361 09:14:56,BUrl
2010 361 12:43:06,CUrl
2010 361 13:16:01,CSendEmail
2010 361 15:26:19,CUrl
2010 361 17:57:00,CNologon
2010 362 08:52:00,Blogon
2010 362 10:03:27,BUrl
2010 362 10:17:53,BSendEmail
2010 362 10:29:04,BUrl
2010 362 12:55:20,CUrl
2010 362 18:02:31,DUrl
2010 362 18:09:00,DNologon
2010 363 09:03:00,Blogon
2010 363 10:28:41,BSendEmail
2010 363 10:39:58,BUrl
2010 363 13:01:51,CUrl
2010 363 17:58:00,CNologon
2010 364 09:03:00,Blogon
2010 364 11:41:44,BSendEmail
2010 364 12:36:18,CUrl
2010 364 18:00:00,DNologon
2011 003 08:46:00,Blogon
2011 003 09:12:56,BSendEmail
2011 003 09:31:02,BUrl
2011 003 13:52:32,CUrl
2011 003 18:06:00,DNologon
2011 004 09:01:00,Blogon
2011 004 09:13:37,BUrl
2011 004 12:10:57,CUrl
2011 004 16:42:50,CSendEmail
2011 004 17:54:49,CUrl
2011 004 17:59:00,CNologon
2011 005 09:01:00,Blogon
2011 005 09:20:08,BUrl
2011 005 12:27:12,CUrl
2011 005 17:19:12,CSendEmail
2011 005 17:22:12,CUrl
2011 005 18:00:00,DNologon
2011 006 09:03:00,Blogon
2011 006 09:45:46,BSendEmail
2011 006 10:46:34,BUrl
2011 006 12:56:22,CUrl
2011 006 17:58:00,CNologon
2011 007 08:48:00,Blogon
2011 007 09:07:38,BUrl
2011 007 10:39:15,BSendEmail
2011 007 10:58:18,BUrl
2011 007 16:04:55,CUrl
2011 007 18:01:34,DUrl
2011 007 18:14:00,DNologon
2011 010 09:00:00,Blogon
2011 010 09:48:54,BUrl
2011 010 10:53:42,BSendEmail
2011 010 11:23:31,BUrl
2011 010 12:55:42,CUrl
2011 010 17:57:00,CNologon
2011 011 09:00:00,Blogon
2011 011 10:43:44,BUrl
2011 011 11:09:51,BSendEmail
2011 011 11:11:08,BUrl
2011 011 13:22:31,CUrl
2011 011 17:59:00,CNologon
2011 012 09:01:00,Blogon
2011 012 09:38:55,BUrl
2011 012 12:48:30,CUrl
2011 012 17:53:15,CSendEmail
2011 012 17:57:00,CNologon
2011 013 09:01:00,Blogon
2011 013 09:04:36,BUrl
2011 013 09:05:08,BSendEmail
2011 013 09:05:25,BUrl
2011 013 18:04:00,DNologon
2011 014 09:03:00,Blogon
2011 014 09:08:57,BUrl
2011 014 12:17:18,CUrl
2011 014 13:09:30,CSendEmail
2011 014 14:08:45,CUrl
2011 014 18:00:00,DNologon
2011 017 08:58:00,Blogon
2011 017 09:36:25,BUrl
2011 017 12:30:53,CUrl
2011 017 14:27:29,CSendEmail
2011 017 16:30:26,CUrl
2011 017 17:58:00,CNologon
2011 018 08:45:00,Blogon
2011 018 08:47:45,BUrl
2011 018 15:19:59,CUrl
2011 018 16:23:28,CSendEmail
2011 018 17:05:45,CUrl
2011 018 18:03:00,DNologon
2011 019 09:00:00,Blogon
2011 019 09:01:03,BSendEmail
2011 019 09:34:33,BUrl
2011 019 12:23:31,CUrl
2011 019 17:57:00,CNologon
2011 020 08:57:00,Blogon
2011 020 09:02:13,BUrl
2011 020 15:11:36,CUrl
2011 020 18:14:00,DNologon
2011 021 09:02:00,Blogon
2011 021 09:54:29,BUrl
2011 021 11:10:29,BSendEmail
2011 021 11:16:28,BUrl
2011 021 13:30:07,CUrl
2011 021 17:57:00,CNologon
2011 024 09:00:00,Blogon
2011 024 09:19:43,BUrl
2011 024 13:46:22,CUrl
2011 024 16:56:51,CSendEmail
2011 024 17:07:16,CUrl
2011 024 17:59:00,CNologon
2011 025 09:00:00,Blogon
2011 025 09:58:51,BUrl
2011 025 13:48:41,CUrl
2011 025 16:27:19,CSendEmail
2011 025 18:04:00,DNologon
2011 026 09:03:00,Blogon
2011 026 09:29:26,BSendEmail
2011 026 09:30:49,BUrl
2011 026 14:01:28,CUrl
2011 026 18:00:00,DNologon
2011 027 09:00:00,Blogon
2011 027 09:02:31,BUrl
2011 027 12:08:07,CUrl
2011 027 15:54:13,CSendEmail
2011 027 17:58:00,CNologon
2011 028 09:01:00,Blogon
2011 028 09:02:01,BUrl
2011 028 09:12:41,BSendEmail
2011 028 09:13:02,BUrl
2011 028 13:47:44,CUrl
2011 028 18:00:00,DNologon
2011 031 08:58:00,Blogon
2011 031 10:07:31,BUrl
2011 031 11:25:12,BSendEmail
2011 031 11:27:24,BUrl
2011 031 12:17:24,CUrl
2011 031 18:12:18,DUrl
2011 031 18:15:00,DNologon
2011 032 09:03:00,Blogon
2011 032 09:28:05,BUrl
2011 032 12:02:13,CUrl
2011 032 15:18:53,CSendEmail
2011 032 16:29:08,CUrl
2011 032 18:02:13,DUrl
2011 032 18:13:00,DNologon
2011 033 08:58:00,Blogon
2011 033 09:10:44,BUrl
2011 033 09:16:46,BSendEmail
2011 033 09:53:30,BUrl
2011 033 12:34:21,CUrl
2011 033 18:01:00,DNologon
2011 034 09:01:00,Blogon
2011 034 09:32:27,BUrl
2011 034 11:33:28,BSendEmail
2011 034 14:20:53,CUrl
2011 034 17:59:00,CNologon
2011 035 08:53:00,Blogon
2011 035 09:22:14,BUrl
2011 035 12:03:15,CUrl
2011 035 17:31:19,CSendEmail
2011 035 18:15:00,DNologon
2011 038 09:02:00,Blogon
2011 038 09:10:58,BSendEmail
2011 038 09:38:14,BUrl
2011 038 13:41:25,CUrl
2011 038 18:00:00,DNologon
2011 039 08:45:00,Blogon
2011 039 09:08:13,BUrl
2011 039 12:42:56,CSendEmail
2011 039 13:17:24,CUrl
2011 039 18:09:00,DNologon
2011 040 09:02:00,Blogon
2011 040 09:12:31,BUrl
2011 040 12:14:49,CUrl
2011 040 17:57:15,CSendEmail
2011 040 17:59:00,CNologon
2011 041 08:59:00,Blogon
2011 041 10:10:40,BUrl
2011 041 10:26:16,BSendEmail
2011 041 10:59:08,BUrl
2011 041 12:56:10,CUrl
2011 041 18:07:55,DUrl
2011 041 18:13:00,DNologon
2011 042 09:03:00,Blogon
2011 042 09:04:23,BUrl
2011 042 13:09:23,CUrl
2011 042 15:28:58,CSendEmail
2011 042 17:13:39,CUrl
2011 042 17:59:00,CNologon
2011 045 08:51:00,Blogon
2011 045 09:13:59,BUrl
2011 045 12:15:49,CUrl
2011 045 12:44:04,CSendEmail
2011 045 13:36:18,CUrl
2011 045 18:13:00,DNologon
2011 046 08:46:00,Blogon
2011 046 08:48:05,BUrl
2011 046 12:38:04,CUrl
2011 046 16:44:14,CSendEmail
2011 046 17:22:36,CUrl
2011 046 18:08:00,DUrl
2011 046 18:10:00,DNologon
2011 047 09:03:00,Blogon
2011 047 09:09:25,BUrl
2011 047 09:35:15,BSendEmail
2011 047 11:27:57,BUrl
2011 047 12:30:43,CUrl
2011 047 17:57:00,CNologon
2011 048 09:02:00,Blogon
2011 048 09:53:00,BUrl
2011 048 13:19:00,CUrl
2011 048 17:22:40,CSendEmail
2011 048 17:30:00,CUrl
2011 048 18:00:00,DNologon
2011 049 09:00:00,Blogon
2011 049 09:14:45,BUrl
2011 049 12:22:13,CUrl
2011 049 15:17:19,CSendEmail
2011 049 16:22:45,CUrl
2011 049 17:57:00,CNologon
2011 052 09:00:00,Blogon
2011 052 10:18:24,BUrl
2011 052 11:43:14,BSendEmail
2011 052 12:13:23,CUrl
2011 052 17:58:00,CNologon
2011 053 09:02:00,Blogon
2011 053 11:21:01,BUrl
2011 053 12:27:54,CUrl
2011 053 15:42:02,CSendEmail
2011 053 17:15:12,CUrl
2011 053 18:00:00,DNologon
2011 054 08:50:00,Blogon
2011 054 08:54:33,BUrl
2011 054 12:16:27,CUrl
2011 054 14:17:11,CSendEmail
2011 054 17:04:14,CUrl
2011 054 18:00:00,DNologon
2011 055 09:02:00,Blogon
2011 055 09:08:56,BUrl
2011 055 14:32:48,CUrl
2011 055 15:15:31,CSendEmail
2011 055 16:42:29,CUrl
2011 055 17:58:00,CNologon
2011 056 09:02:00,Blogon
2011 056 09:08:30,BUrl
2011 056 12:08:47,CUrl
2011 056 18:12:00,DNologon
2011 059 09:01:00,Blogon
2011 059 09:11:37,BUrl
2011 059 12:43:13,CUrl
2011 059 15:54:46,CSendEmail
2011 059 18:00:00,DNologon
2011 060 08:57:00,Blogon
2011 060 09:03:05,BUrl
2011 060 13:21:47,CUrl
2011 060 17:59:00,CNologon
2011 061 09:02:00,Blogon
2011 061 09:13:59,BUrl
2011 061 12:52:10,CUrl
2011 061 16:00:50,CSendEmail
2011 061 16:14:40,CUrl
2011 061 17:57:00,CNologon
2011 062 09:00:00,Blogon
2011 062 09:08:36,BUrl
2011 062 12:00:38,CUrl
2011 062 13:24:49,CSendEmail
2011 062 14:41:32,CUrl
2011 062 17:59:00,CNologon
2011 063 09:01:00,Blogon
2011 063 09:45:13,BUrl
2011 063 11:26:33,BSendEmail
2011 063 11:47:17,BUrl
2011 063 12:40:33,CUrl
2011 063 18:03:24,DUrl
2011 063 18:09:00,DNologon
2011 066 08:53:00,Blogon
2011 066 09:06:25,BUrl
2011 066 10:37:43,BSendEmail
2011 066 12:05:52,CUrl
2011 066 18:01:23,DUrl
2011 066 18:03:00,DNologon
2011 067 09:01:00,Blogon
2011 067 09:08:05,BUrl
2011 067 11:44:27,BSendEmail
2011 067 16:06:13,CUrl
2011 067 17:59:00,CNologon
2011 068 09:03:00,Blogon
2011 068 09:25:55,BUrl
2011 068 13:00:13,CUrl
2011 068 14:30:57,CSendEmail
2011 068 14:46:58,CUrl
2011 068 17:57:00,CNologon
2011 069 09:01:00,Blogon
2011 069 09:11:01,BUrl
2011 069 12:40:26,CUrl
2011 069 16:53:35,CSendEmail
2011 069 18:07:00,DNologon
2011 070 08:57:00,Blogon
2011 070 08:58:18,BUrl
2011 070 09:13:52,BSendEmail
2011 070 11:20:48,BUrl
2011 070 12:04:07,CUrl
2011 070 18:11:00,DNologon
2011 073 09:03:00,Blogon
2011 073 09:12:25,BSendEmail
2011 073 09:32:02,BUrl
2011 073 12:27:48,CUrl
2011 073 17:57:00,CNologon
2011 074 08:59:00,Blogon
2011 074 09:17:30,BUrl
2011 074 14:02:17,CUrl
2011 074 17:32:58,CSendEmail
2011 074 17:44:30,CUrl
2011 074 18:00:00,DNologon
2011 075 09:00:00,Blogon
2011 075 09:03:54,BSendEmail
2011 075 09:11:36,BUrl
2011 075 12:57:54,CUrl
2011 075 17:59:00,CNologon
2011 076 08:51:00,Blogon
2011 076 09:08:00,BUrl
2011 076 11:55:49,BSendEmail
2011 076 13:31:56,CUrl
2011 076 18:09:00,DNologon
2011 077 09:02:00,Blogon
2011 077 09:16:03,BUrl
2011 077 12:27:41,CSendEmail
2011 077 14:31:53,CUrl
2011 077 18:00:16,DUrl
2011 077 18:08:00,DNologon
2011 080 09:00:00,Blogon
2011 080 09:18:01,BUrl
2011 080 09:21:34,BSendEmail
2011 080 09:27:44,BUrl
2011 080 15:09:49,CUrl
2011 080 18:00:00,DNologon
2011 081 08:45:00,Blogon
2011 081 10:27:30,BUrl
2011 081 10:34:22,BSendEmail
2011 081 10:53:34,BUrl
2011 081 13:19:32,CUrl
2011 081 18:08:00,DNologon
2011 082 09:02:00,Blogon
2011 082 09:04:01,BUrl
2011 082 12:12:49,CUrl
2011 082 15:08:04,CSendEmail
2011 082 15:50:12,CUrl
2011 082 17:59:00,CNologon
2011 083 09:01:00,Blogon
2011 083 09:07:44,BUrl
2011 083 09:49:20,BSendEmail
2011 083 10:39:45,BUrl
2011 083 13:06:43,CUrl
2011 083 18:03:00,DNologon
2011 084 08:48:00,Blogon
2011 084 10:27:41,BUrl
2011 084 13:08:16,CUrl
2011 084 15:03:42,CSendEmail
2011 084 15:33:58,CUrl
2011 084 18:03:00,DNologon
2011 087 08:52:00,Blogon
2011 087 08:59:57,BSendEmail
2011 087 09:00:06,BUrl
2011 087 12:29:56,CUrl
2011 087 18:03:00,DNologon
2011 088 08:52:00,Blogon
2011 088 08:54:03,BUrl
2011 088 11:52:43,BSendEmail
2011 088 12:37:23,CUrl
2011 088 18:05:00,DNologon
2011 089 08:53:00,Blogon
2011 089 09:00:36,BUrl
2011 089 10:38:27,BSendEmail
2011 089 10:49:01,BUrl
2011 089 13:25:16,CUrl
2011 089 18:09:01,DUrl
2011 089 18:15:00,DNologon
2011 090 09:02:00,Blogon
2011 090 09:05:19,BUrl
2011 090 16:30:25,CUrl
2011 090 17:09:52,CSendEmail
2011 090 17:28:46,CUrl
2011 090 17:57:00,CNologon
2011 091 09:02:00,Blogon
2011 091 09:11:19,BUrl
2011 091 09:31:46,BSendEmail
2011 091 10:33:58,BUrl
2011 091 12:11:35,CUrl
2011 091 17:58:00,CNologon
2011 094 08:55:00,Blogon
2011 094 09:02:47,BUrl
2011 094 11:49:33,BSendEmail
2011 094 13:07:34,CUrl
2011 094 17:57:00,CNologon
2011 095 08:54:00,Blogon
2011 095 10:00:00,BUrl
2011 095 12:19:23,CUrl
2011 095 17:57:31,CSendEmail
2011 095 18:02:00,DNologon
2011 096 08:57:00,Blogon
2011 096 09:18:43,BUrl
2011 096 10:22:17,BSendEmail
2011 096 10:38:27,BUrl
2011 096 12:27:25,CUrl
2011 096 18:07:00,DNologon
2011 097 08:52:00,Blogon
2011 097 09:09:20,BUrl
2011 097 12:05:46,CUrl
2011 097 15:42:54,CSendEmail
2011 097 16:26:21,CUrl
2011 097 18:05:00,DUrl
2011 097 18:08:00,DNologon
2011 098 09:01:00,Blogon
2011 098 09:18:07,BUrl
2011 098 15:56:22,CUrl
2011 098 17:52:41,CSendEmail
2011 098 17:57:00,CNologon
2011 101 09:00:00,Blogon
2011 101 09:01:38,BUrl
2011 101 12:17:15,CUrl
2011 101 16:36:33,CSendEmail
2011 101 17:39:18,CUrl
2011 101 17:58:00,CNologon
2011 102 09:02:00,Blogon
2011 102 09:08:37,BUrl
2011 102 12:32:35,CSendEmail
2011 102 12:58:12,CUrl
2011 102 18:00:00,DNologon
2011 103 09:03:00,Blogon
2011 103 09:42:07,BUrl
2011 103 11:45:51,BSendEmail
2011 103 12:22:58,CUrl
2011 103 18:05:00,DNologon
2011 104 08:58:00,Blogon
2011 104 09:28:32,BUrl
2011 104 11:36:16,BSendEmail
2011 104 12:45:05,CUrl
2011 104 17:57:00,CNologon
2011 105 09:00:00,Blogon
2011 105 09:53:04,BUrl
2011 105 12:35:34,CUrl
2011 105 14:49:38,CSendEmail
2011 105 15:11:29,CUrl
2011 105 17:58:00,CNologon
2011 108 08:59:00,Blogon
2011 108 09:03:05,BUrl
2011 108 12:11:54,CUrl
2011 108 12:39:01,CSendEmail
2011 108 13:44:11,CUrl
2011 108 18:10:00,DNologon
2011 109 09:03:00,Blogon
2011 109 09:30:25,BUrl
2011 109 12:41:11,CSendEmail
2011 109 14:03:00,CUrl
2011 109 17:59:00,CNologon
2011 110 08:54:00,Blogon
2011 110 08:57:57,BUrl
2011 110 13:41:01,CSendEmail
2011 110 14:00:11,CUrl
2011 110 18:14:00,DNologon
2011 111 09:01:00,Blogon
2011 111 09:24:53,BUrl
2011 111 09:31:12,BSendEmail
2011 111 10:39:05,BUrl
2011 111 12:16:20,CUrl
2011 111 17:57:00,CNologon
2011 115 09:01:00,Blogon
2011 115 09:07:51,BUrl
2011 115 12:22:03,CUrl
2011 115 16:52:07,CSendEmail
2011 115 17:33:09,CUrl
2011 115 17:59:00,CNologon
2011 116 08:52:00,Blogon
2011 116 09:16:33,BUrl
2011 116 09:16:37,BSendEmail
2011 116 09:20:52,BUrl
2011 116 14:47:18,CUrl
2011 116 18:08:00,DNologon
2011 117 09:01:00,Blogon
2011 117 10:14:18,BUrl
2011 117 12:30:51,CUrl
2011 117 15:09:30,CSendEmail
2011 117 15:17:46,CUrl
2011 117 17:57:00,CNologon
2011 118 08:49:00,Blogon
2011 118 09:01:19,BUrl
2011 118 10:33:17,BSendEmail
2011 118 11:36:47,BUrl
2011 118 12:06:41,CUrl
2011 118 17:59:00,CNologon
2011 119 08:50:00,Blogon
2011 119 08:52:49,BUrl
2011 119 10:06:54,BSendEmail
2011 119 10:09:53,BUrl
2011 119 12:25:20,CUrl
2011 119 18:13:00,DNologon
2011 122 09:01:00,Blogon
2011 122 09:11:36,BUrl
2011 122 13:04:43,CUrl
2011 122 13:56:19,CSendEmail
2011 122 14:33:58,CUrl
2011 122 17:59:00,CNologon
2011 123 08:56:00,Blogon
2011 123 09:07:19,BUrl
2011 123 12:08:15,CUrl
2011 123 14:48:52,CSendEmail
2011 123 14:49:07,CUrl
2011 123 18:03:54,DUrl
2011 123 18:14:00,DNologon
2011 124 08:49:00,Blogon
2011 124 08:54:40,BUrl
2011 124 13:11:26,CUrl
2011 124 15:57:20,CSendEmail
2011 124 16:36:02,CUrl
2011 124 18:01:00,DNologon
2011 125 08:48:00,Blogon
2011 125 09:21:32,BUrl
2011 125 11:42:58,BSendEmail
2011 125 13:37:02,CUrl
2011 125 18:04:26,DUrl
2011 125 18:09:00,DNologon
2011 126 09:00:00,Blogon
2011 126 10:42:44,BUrl
2011 126 12:10:55,CSendEmail
2011 126 12:53:44,CUrl
2011 126 17:58:00,CNologon
2011 129 09:00:00,Blogon
2011 129 09:12:36,BUrl
2011 129 12:30:28,CUrl
2011 129 12:39:08,CSendEmail
2011 129 13:22:34,CUrl
2011 129 17:57:00,CNologon
2011 130 08:58:00,Blogon
2011 130 09:51:05,BUrl
2011 130 10:28:38,BSendEmail
2011 130 13:18:12,CUrl
2011 130 18:00:35,DUrl
2011 130 18:06:00,DNologon
2011 131 08:56:00,Blogon
2011 131 09:09:14,BSendEmail
2011 131 09:23:30,BUrl
2011 131 13:08:17,CUrl
2011 131 17:57:00,CNologon
2011 132 09:03:00,Blogon
2011 132 09:35:42,BUrl
2011 132 12:20:59,CUrl
2011 132 14:10:17,CSendEmail
2011 132 15:38:17,CUrl
2011 132 18:05:00,DNologon
2011 133 09:00:00,Blogon
2011 133 09:07:17,BUrl
2011 133 10:58:36,BSendEmail
2011 133 12:01:13,CUrl
2011 133 18:05:00,DNologon
2011 136 08:46:00,Blogon
2011 136 08:59:03,BUrl
2011 136 12:00:45,CUrl
2011 136 12:34:31,CSendEmail
2011 136 14:15:30,CUrl
2011 136 18:09:00,DNologon
