2010 004 09:12:00,Blogon
2010 004 09:28:13,BUrl
2010 004 10:07:04,BSendEmail
2010 004 10:08:39,BSendEmail
2010 004 10:08:44,BSendEmail
2010 004 11:09:02,BUrl
2010 004 12:23:59,CUrl
2010 004 18:03:46,DUrl
2010 004 21:24:00,DNologon
2010 005 09:18:00,Blogon
2010 005 09:22:13,BUrl
2010 005 10:09:59,BSendEmail
2010 005 10:36:26,BSendEmail
2010 005 10:49:00,BUrl
2010 005 11:23:39,BSendEmail
2010 005 11:31:41,BUrl
2010 005 12:19:49,CUrl
2010 005 19:13:14,DUrl
2010 005 21:12:00,DNologon
2010 006 09:14:00,Blogon
2010 006 09:18:54,BUrl
2010 006 12:24:00,CUrl
2010 006 13:28:14,CSendEmail
2010 006 13:37:59,CUrl
2010 006 13:50:34,CSendEmail
2010 006 14:25:44,CUrl
2010 006 17:51:37,CSendEmail
2010 006 17:52:59,CUrl
2010 006 18:07:51,DUrl
2010 006 21:24:00,DNologon
2010 007 09:18:00,Blogon
2010 007 09:19:31,BUrl
2010 007 12:01:08,CUrl
2010 007 16:27:52,CSendEmail
2010 007 16:36:08,CUrl
2010 007 16:54:43,CSendEmail
2010 007 16:57:50,CSendEmail
2010 007 17:12:56,CUrl
2010 007 18:21:27,DUrl
2010 007 21:14:00,DNologon
2010 008 09:03:00,Blogon
2010 008 09:38:27,BUrl
2010 008 11:27:32,BSendEmail
2010 008 11:27:55,BSendEmail
2010 008 11:28:11,BSendEmail
2010 008 11:37:53,BUrl
2010 008 12:09:10,CUrl
2010 008 18:36:06,DUrl
2010 008 21:07:00,DNologon
2010 011 09:04:00,Blogon
2010 011 09:06:58,BUrl
2010 011 12:12:28,CUrl
2010 011 14:12:25,CSendEmail
2010 011 14:12:27,CSendEmail
2010 011 14:12:43,CSendEmail
2010 011 14:24:00,CUrl
2010 011 19:31:50,DUrl
2010 011 21:30:00,DNologon
2010 012 09:03:00,Blogon
2010 012 09:34:23,BUrl
2010 012 09:40:34,BSendEmail
2010 012 09:50:41,BSendEmail
2010 012 09:52:50,BSendEmail
2010 012 10:08:05,BUrl
2010 012 12:26:05,CUrl
2010 012 18:09:54,DUrl
2010 012 21:02:00,DNologon
2010 013 09:16:00,Blogon
2010 013 09:46:15,BUrl
2010 013 09:57:12,BSendEmail
2010 013 10:01:30,BSendEmail
2010 013 10:25:18,BUrl
2010 013 12:42:14,CUrl
2010 013 18:09:36,DUrl
2010 013 21:06:00,DNologon
2010 014 09:09:00,Blogon
2010 014 09:20:55,BUrl
2010 014 12:53:30,CSendEmail
2010 014 12:57:34,CSendEmail
2010 014 13:05:41,CUrl
2010 014 13:33:13,CSendEmail
2010 014 13:48:45,CUrl
2010 014 18:00:13,DUrl
2010 014 21:29:00,DNologon
2010 015 09:26:00,Blogon
2010 015 09:28:06,BUrl
2010 015 12:05:48,CUrl
2010 015 12:13:01,CSendEmail
2010 015 12:27:41,CSendEmail
2010 015 12:34:20,CUrl
2010 015 14:20:49,CSendEmail
2010 015 15:11:02,CUrl
2010 015 18:02:07,DUrl
2010 015 21:08:00,DNologon
2010 018 09:11:00,Blogon
2010 018 09:12:25,BUrl
2010 018 12:24:42,CUrl
2010 018 13:25:37,CSendEmail
2010 018 13:41:32,CUrl
2010 018 14:44:18,CSendEmail
2010 018 14:47:01,CSendEmail
2010 018 15:06:59,CUrl
2010 018 18:54:44,DUrl
2010 018 21:08:00,DNologon
2010 019 09:05:00,Blogon
2010 019 09:33:40,BUrl
2010 019 12:18:06,CSendEmail
2010 019 12:33:00,CSendEmail
2010 019 13:02:44,CUrl
2010 019 14:42:24,CSendEmail
2010 019 15:07:43,CUrl
2010 019 18:33:02,DUrl
2010 019 21:22:00,DNologon
2010 020 09:03:00,Blogon
2010 020 09:04:01,BUrl
2010 020 12:41:22,CUrl
2010 020 18:08:43,DUrl
2010 020 18:17:57,DSendEmail
2010 020 18:20:03,DSendEmail
2010 020 18:22:06,DSendEmail
2010 020 19:06:20,DUrl
2010 020 21:13:00,DNologon
2010 021 09:20:00,Blogon
2010 021 09:37:39,BSendEmail
2010 021 10:11:02,BUrl
2010 021 12:09:30,CUrl
2010 021 14:27:48,CSendEmail
2010 021 14:33:18,CUrl
2010 021 18:05:05,DUrl
2010 021 18:25:25,DSendEmail
2010 021 18:25:47,DUrl
2010 021 21:07:00,DNologon
2010 022 09:13:00,Blogon
2010 022 09:23:12,BUrl
2010 022 12:04:29,CUrl
2010 022 16:12:49,CSendEmail
2010 022 16:16:15,CSendEmail
2010 022 16:29:55,CUrl
2010 022 18:53:34,DSendEmail
2010 022 18:56:07,DUrl
2010 022 21:16:00,DNologon
2010 025 09:11:00,Blogon
2010 025 09:17:38,BSendEmail
2010 025 09:38:12,BUrl
2010 025 10:48:35,BSendEmail
2010 025 11:56:55,BUrl
2010 025 12:14:45,CUrl
2010 025 18:10:28,DUrl
2010 025 20:07:55,DSendEmail
2010 025 20:38:44,DUrl
2010 025 21:20:00,DNologon
2010 026 09:17:00,Blogon
2010 026 09:28:34,BUrl
2010 026 12:05:13,CSendEmail
2010 026 12:12:04,CSendEmail
2010 026 12:22:39,CUrl
2010 026 12:42:11,CSendEmail
2010 026 13:05:36,CUrl
2010 026 18:10:45,DUrl
2010 026 21:06:00,DNologon
2010 027 09:05:00,Blogon
2010 027 09:32:03,BUrl
2010 027 11:03:29,BSendEmail
2010 027 11:42:07,BUrl
2010 027 12:09:51,CUrl
2010 027 18:21:08,DUrl
2010 027 20:28:08,DSendEmail
2010 027 20:28:48,DSendEmail
2010 027 20:47:33,DUrl
2010 027 21:28:00,DNologon
2010 028 09:10:00,Blogon
2010 028 09:19:53,BUrl
2010 028 12:09:33,CUrl
2010 028 17:32:43,CSendEmail
2010 028 17:33:47,CUrl
2010 028 17:34:46,CSendEmail
2010 028 17:37:49,CSendEmail
2010 028 17:53:58,CUrl
2010 028 18:38:49,DUrl
2010 028 21:10:00,DNologon
2010 029 09:15:00,Blogon
2010 029 09:45:50,BUrl
2010 029 12:46:49,CUrl
2010 029 12:47:32,CSendEmail
2010 029 13:15:46,CUrl
2010 029 15:52:29,CSendEmail
2010 029 15:52:38,CSendEmail
2010 029 15:53:16,CUrl
2010 029 18:58:09,DUrl
2010 029 21:14:00,DNologon
2010 032 09:27:00,Blogon
2010 032 09:30:22,BUrl
2010 032 12:31:14,CUrl
2010 032 18:42:07,DUrl
2010 032 19:04:58,DSendEmail
2010 032 19:07:22,DSendEmail
2010 032 19:25:35,DUrl
2010 032 19:44:43,DSendEmail
2010 032 19:46:05,DUrl
2010 032 21:04:00,DNologon
2010 033 09:27:00,Blogon
2010 033 09:35:15,BUrl
2010 033 12:27:55,CUrl
2010 033 14:49:29,CSendEmail
2010 033 14:52:03,CSendEmail
2010 033 14:56:24,CSendEmail
2010 033 15:09:49,CUrl
2010 033 18:06:45,DUrl
2010 033 21:03:00,DNologon
2010 034 09:19:00,Blogon
2010 034 09:20:33,BUrl
2010 034 12:32:30,CUrl
2010 034 18:26:30,DSendEmail
2010 034 18:38:07,DUrl
2010 034 18:54:11,DSendEmail
2010 034 19:09:10,DUrl
2010 034 19:31:26,DSendEmail
2010 034 20:02:32,DUrl
2010 034 21:08:00,DNologon
2010 035 09:28:00,Blogon
2010 035 09:29:47,BUrl
2010 035 09:53:53,BSendEmail
2010 035 09:54:49,BUrl
2010 035 10:11:54,BSendEmail
2010 035 10:37:38,BSendEmail
2010 035 11:31:04,BUrl
2010 035 12:10:49,CUrl
2010 035 18:32:55,DUrl
2010 035 21:06:00,DNologon
2010 036 09:18:00,Blogon
2010 036 09:41:22,BUrl
2010 036 09:51:26,BSendEmail
2010 036 10:12:31,BUrl
2010 036 10:12:38,BSendEmail
2010 036 10:13:58,BUrl
2010 036 13:02:48,CUrl
2010 036 18:14:50,DUrl
2010 036 20:46:12,DSendEmail
2010 036 21:08:00,DNologon
2010 039 09:26:00,Blogon
2010 039 09:27:10,BSendEmail
2010 039 09:27:15,BUrl
2010 039 11:58:45,BSendEmail
2010 039 12:01:42,CUrl
2010 039 12:36:59,CSendEmail
2010 039 12:38:44,CUrl
2010 039 18:06:24,DUrl
2010 039 21:06:00,DNologon
2010 040 09:17:00,Blogon
2010 040 09:25:15,BUrl
2010 040 12:02:26,CUrl
2010 040 15:16:18,CSendEmail
2010 040 15:19:56,CSendEmail
2010 040 15:30:08,CSendEmail
2010 040 16:07:57,CUrl
2010 040 18:29:12,DUrl
2010 040 21:15:00,DNologon
2010 041 09:22:00,Blogon
2010 041 09:27:02,BUrl
2010 041 13:06:44,CUrl
2010 041 18:12:30,DUrl
2010 041 18:19:35,DSendEmail
2010 041 18:29:58,DSendEmail
2010 041 18:53:43,DUrl
2010 041 20:46:03,DSendEmail
2010 041 20:53:25,DUrl
2010 041 21:03:00,DNologon
2010 042 09:27:00,Blogon
2010 042 09:35:33,BUrl
2010 042 12:04:50,CUrl
2010 042 13:14:55,CSendEmail
2010 042 14:06:02,CUrl
2010 042 18:00:42,DSendEmail
2010 042 18:47:13,DUrl
2010 042 18:54:10,DSendEmail
2010 042 19:22:26,DUrl
2010 042 21:16:00,DNologon
2010 043 09:16:00,Blogon
2010 043 09:43:33,BUrl
2010 043 12:07:19,CUrl
2010 043 17:12:33,CSendEmail
2010 043 17:16:41,CUrl
2010 043 18:33:52,DSendEmail
2010 043 18:43:36,DUrl
2010 043 18:59:23,DSendEmail
2010 043 19:19:07,DUrl
2010 043 21:14:00,DNologon
2010 046 09:11:00,Blogon
2010 046 09:14:08,BUrl
2010 046 12:06:39,CUrl
2010 046 12:12:44,CSendEmail
2010 046 12:14:13,CSendEmail
2010 046 12:34:20,CUrl
2010 046 18:00:44,DUrl
2010 046 20:39:57,DSendEmail
2010 046 20:40:10,DUrl
2010 046 21:23:00,DNologon
2010 047 09:26:00,Blogon
2010 047 09:47:31,BUrl
2010 047 10:19:30,BSendEmail
2010 047 10:50:07,BUrl
2010 047 12:19:05,CUrl
2010 047 12:20:44,CSendEmail
2010 047 13:54:33,CSendEmail
2010 047 13:59:24,CUrl
2010 047 18:02:39,DUrl
2010 047 21:02:00,DNologon
2010 048 09:09:00,Blogon
2010 048 09:10:12,BUrl
2010 048 12:38:29,CUrl
2010 048 18:14:13,DSendEmail
2010 048 18:52:36,DUrl
2010 048 19:01:48,DSendEmail
2010 048 19:02:15,DSendEmail
2010 048 19:11:28,DUrl
2010 048 21:28:00,DNologon
2010 049 09:07:00,Blogon
2010 049 09:24:14,BUrl
2010 049 11:11:51,BSendEmail
2010 049 11:30:54,BSendEmail
2010 049 11:31:30,BUrl
2010 049 12:17:09,CUrl
2010 049 18:12:25,DUrl
2010 049 21:25:00,DNologon
2010 050 09:14:00,Blogon
2010 050 09:17:10,BUrl
2010 050 09:32:34,BSendEmail
2010 050 09:40:37,BUrl
2010 050 12:50:03,CSendEmail
2010 050 13:05:11,CUrl
2010 050 14:17:17,CSendEmail
2010 050 15:02:40,CUrl
2010 050 18:05:30,DUrl
2010 050 21:20:00,DNologon
2010 053 09:13:00,Blogon
2010 053 09:16:05,BUrl
2010 053 11:04:50,BSendEmail
2010 053 11:09:08,BUrl
2010 053 12:36:24,CUrl
2010 053 18:35:48,DUrl
2010 053 18:50:04,DSendEmail
2010 053 18:57:59,DUrl
2010 053 21:15:28,DSendEmail
2010 053 21:18:02,DUrl
2010 053 21:30:00,DNologon
2010 054 09:13:00,Blogon
2010 054 09:38:36,BUrl
2010 054 12:12:02,CUrl
2010 054 14:13:17,CSendEmail
2010 054 14:28:56,CUrl
2010 054 14:36:30,CSendEmail
2010 054 14:39:00,CUrl
2010 054 17:01:46,CSendEmail
2010 054 17:50:23,CUrl
2010 054 18:47:33,DUrl
2010 054 21:27:00,DNologon
2010 055 09:18:00,Blogon
2010 055 09:19:21,BSendEmail
2010 055 09:19:52,BSendEmail
2010 055 09:20:15,BUrl
2010 055 12:17:04,CUrl
2010 055 16:01:02,CSendEmail
2010 055 16:09:00,CUrl
2010 055 18:12:53,DUrl
2010 055 21:06:00,DNologon
2010 056 09:15:00,Blogon
2010 056 09:26:39,BUrl
2010 056 12:01:54,CUrl
2010 056 18:00:23,DUrl
2010 056 21:08:15,DSendEmail
2010 056 21:09:07,DUrl
2010 056 21:13:00,DNologon
2010 057 09:00:00,Blogon
2010 057 09:05:20,BUrl
2010 057 09:48:19,BSendEmail
2010 057 09:55:09,BUrl
2010 057 10:05:10,BSendEmail
2010 057 11:07:38,BUrl
2010 057 12:32:33,CUrl
2010 057 17:19:47,CSendEmail
2010 057 17:27:49,CUrl
2010 057 18:20:08,DUrl
2010 057 21:19:00,DNologon
2010 060 09:11:00,Blogon
2010 060 09:17:22,BUrl
2010 060 12:11:15,CUrl
2010 060 13:20:29,CSendEmail
2010 060 13:21:44,CUrl
2010 060 13:22:46,CSendEmail
2010 060 13:24:00,CSendEmail
2010 060 14:22:14,CUrl
2010 060 18:46:48,DUrl
2010 060 21:21:00,DNologon
2010 061 09:15:00,Blogon
2010 061 09:22:18,BUrl
2010 061 12:33:30,CUrl
2010 061 13:32:29,CSendEmail
2010 061 13:34:51,CUrl
2010 061 15:00:46,CSendEmail
2010 061 15:09:09,CUrl
2010 061 15:22:31,CSendEmail
2010 061 15:33:29,CUrl
2010 061 18:16:19,DUrl
2010 061 21:17:00,DNologon
2010 062 09:06:00,Blogon
2010 062 09:36:02,BUrl
2010 062 09:45:26,BSendEmail
2010 062 09:55:59,BUrl
2010 062 12:15:07,CUrl
2010 062 18:26:31,DUrl
2010 062 19:42:48,DSendEmail
2010 062 19:58:08,DUrl
2010 062 20:16:57,DSendEmail
2010 062 20:36:12,DUrl
2010 062 21:18:00,DNologon
2010 063 09:03:00,Blogon
2010 063 09:23:22,BUrl
2010 063 12:14:24,CUrl
2010 063 12:54:54,CSendEmail
2010 063 13:05:20,CSendEmail
2010 063 13:36:46,CUrl
2010 063 13:42:30,CSendEmail
2010 063 14:17:27,CUrl
2010 063 18:01:28,DUrl
2010 063 21:20:00,DNologon
2010 064 09:27:00,Blogon
2010 064 09:34:41,BUrl
2010 064 12:47:59,CUrl
2010 064 15:16:00,CSendEmail
2010 064 15:21:41,CUrl
2010 064 17:02:43,CSendEmail
2010 064 17:55:42,CUrl
2010 064 18:45:43,DUrl
2010 064 20:25:31,DSendEmail
2010 064 20:27:56,DUrl
2010 064 21:09:00,DNologon
2010 067 09:18:00,Blogon
2010 067 09:35:32,BSendEmail
2010 067 09:36:47,BUrl
2010 067 12:04:52,CUrl
2010 067 14:04:46,CSendEmail
2010 067 14:09:03,CSendEmail
2010 067 14:47:35,CUrl
2010 067 18:20:00,DUrl
2010 067 21:15:00,DNologon
2010 068 09:00:00,Blogon
2010 068 09:02:08,BUrl
2010 068 10:54:32,BSendEmail
2010 068 11:36:42,BUrl
2010 068 12:24:02,CUrl
2010 068 15:39:06,CSendEmail
2010 068 15:40:03,CUrl
2010 068 15:41:54,CSendEmail
2010 068 15:43:02,CUrl
2010 068 18:13:07,DUrl
2010 068 21:26:00,DNologon
2010 069 09:14:00,Blogon
2010 069 09:27:49,BUrl
2010 069 12:11:45,CUrl
2010 069 16:59:28,CSendEmail
2010 069 17:08:32,CUrl
2010 069 17:20:09,CSendEmail
2010 069 17:38:41,CUrl
2010 069 18:11:37,DUrl
2010 069 19:33:11,DSendEmail
2010 069 19:50:12,DUrl
2010 069 21:16:00,DNologon
2010 070 09:20:00,Blogon
2010 070 09:44:37,BUrl
2010 070 09:50:39,BSendEmail
2010 070 10:06:55,BUrl
2010 070 12:01:06,CUrl
2010 070 13:45:01,CSendEmail
2010 070 13:46:05,CUrl
2010 070 14:03:37,CSendEmail
2010 070 14:48:23,CUrl
2010 070 18:10:43,DUrl
2010 070 21:05:00,DNologon
2010 071 09:14:00,Blogon
2010 071 09:15:26,BUrl
2010 071 12:05:18,CUrl
2010 071 12:34:43,CSendEmail
2010 071 13:19:13,CUrl
2010 071 15:11:47,CSendEmail
2010 071 15:29:00,CUrl
2010 071 15:37:20,CSendEmail
2010 071 15:45:38,CUrl
2010 071 18:55:51,DUrl
2010 071 21:27:00,DNologon
2010 074 09:05:00,Blogon
2010 074 09:21:37,BUrl
2010 074 10:55:49,BSendEmail
2010 074 11:10:54,BSendEmail
2010 074 11:28:16,BUrl
2010 074 11:43:38,BSendEmail
2010 074 11:59:46,BUrl
2010 074 12:16:41,CUrl
2010 074 18:26:01,DUrl
2010 074 21:18:00,DNologon
2010 075 09:22:00,Blogon
2010 075 09:28:02,BUrl
2010 075 09:32:55,BSendEmail
2010 075 09:41:55,BUrl
2010 075 12:29:11,CUrl
2010 075 15:58:38,CSendEmail
2010 075 16:13:56,CUrl
2010 075 17:57:06,CSendEmail
2010 075 18:11:14,DUrl
2010 075 21:19:00,DNologon
2010 076 09:04:00,Blogon
2010 076 09:20:55,BUrl
2010 076 10:12:00,BSendEmail
2010 076 10:13:36,BSendEmail
2010 076 10:14:41,BSendEmail
2010 076 11:06:59,BUrl
2010 076 12:25:36,CUrl
2010 076 18:05:15,DUrl
2010 076 21:30:00,DNologon
2010 077 09:06:00,Blogon
2010 077 09:10:49,BUrl
2010 077 12:40:00,CUrl
2010 077 12:50:17,CSendEmail
2010 077 13:03:39,CSendEmail
2010 077 13:25:55,CSendEmail
2010 077 13:26:52,CUrl
2010 077 18:40:19,DUrl
2010 077 21:24:00,DNologon
2010 078 09:19:00,Blogon
2010 078 09:33:41,BUrl
2010 078 12:25:01,CUrl
2010 078 14:29:28,CSendEmail
2010 078 14:32:02,CUrl
2010 078 18:15:22,DUrl
2010 078 20:40:44,DSendEmail
2010 078 20:41:59,DSendEmail
2010 078 21:01:19,DUrl
2010 078 21:06:00,DNologon
2010 081 09:12:00,Blogon
2010 081 09:20:01,BUrl
2010 081 12:04:45,CUrl
2010 081 13:40:22,CSendEmail
2010 081 13:53:36,CUrl
2010 081 18:04:16,DUrl
2010 081 20:11:42,DSendEmail
2010 081 20:18:48,DUrl
2010 081 21:18:00,DNologon
2010 082 09:03:00,Blogon
2010 082 09:09:39,BUrl
2010 082 10:13:00,BSendEmail
2010 082 10:27:34,BUrl
2010 082 12:04:38,CSendEmail
2010 082 12:10:15,CSendEmail
2010 082 13:34:15,CUrl
2010 082 18:33:03,DUrl
2010 082 21:14:00,DNologon
2010 083 09:05:00,Blogon
2010 083 09:40:26,BUrl
2010 083 13:12:52,CUrl
2010 083 18:02:07,DUrl
2010 083 20:34:23,DSendEmail
2010 083 20:40:01,DSendEmail
2010 083 20:42:07,DSendEmail
2010 083 21:14:43,DUrl
2010 083 21:22:00,DNologon
2010 084 09:19:00,Blogon
2010 084 09:22:01,BUrl
2010 084 12:13:29,CUrl
2010 084 18:22:20,DUrl
2010 084 19:23:42,DSendEmail
2010 084 19:39:00,DSendEmail
2010 084 19:40:42,DUrl
2010 084 21:01:19,DSendEmail
2010 084 21:09:00,DNologon
2010 085 09:15:00,Blogon
2010 085 09:16:01,BUrl
2010 085 12:02:31,CUrl
2010 085 14:45:00,CSendEmail
2010 085 14:48:42,CSendEmail
2010 085 14:51:11,CSendEmail
2010 085 15:02:22,CUrl
2010 085 18:21:27,DUrl
2010 085 21:25:00,DNologon
2010 088 09:11:00,Blogon
2010 088 09:41:58,BUrl
2010 088 12:33:55,CUrl
2010 088 13:08:50,CSendEmail
2010 088 13:09:23,CSendEmail
2010 088 13:13:24,CSendEmail
2010 088 13:16:07,CUrl
2010 088 18:19:11,DUrl
2010 088 21:15:00,DNologon
2010 089 09:24:00,Blogon
2010 089 09:38:09,BUrl
2010 089 12:15:35,CUrl
2010 089 14:15:44,CSendEmail
2010 089 14:16:02,CUrl
2010 089 14:16:53,CSendEmail
2010 089 14:17:48,CUrl
2010 089 14:26:12,CSendEmail
2010 089 14:50:59,CUrl
2010 089 18:23:47,DUrl
2010 089 21:15:00,DNologon
2010 090 09:23:00,Blogon
2010 090 09:24:40,BUrl
2010 090 12:13:54,CUrl
2010 090 12:28:52,CSendEmail
2010 090 12:30:12,CSendEmail
2010 090 12:33:54,CUrl
2010 090 18:53:28,DUrl
2010 090 21:02:00,DNologon
2010 091 09:12:00,Blogon
2010 091 09:26:41,BUrl
2010 091 13:47:50,CSendEmail
2010 091 14:10:32,CUrl
2010 091 18:35:18,DUrl
2010 091 21:24:00,DNologon
2010 095 09:12:00,Blogon
2010 095 09:17:24,BUrl
2010 095 10:53:56,BSendEmail
2010 095 10:56:45,BSendEmail
2010 095 11:08:40,BUrl
2010 095 11:16:38,BSendEmail
2010 095 15:27:19,CUrl
2010 095 19:28:59,DUrl
2010 095 21:20:00,DNologon
2010 096 09:02:00,Blogon
2010 096 09:12:05,BUrl
2010 096 12:12:34,CUrl
2010 096 18:20:33,DUrl
2010 096 19:06:43,DSendEmail
2010 096 19:07:31,DUrl
2010 096 19:09:39,DSendEmail
2010 096 19:10:48,DSendEmail
2010 096 19:12:01,DUrl
2010 096 21:07:00,DNologon
2010 097 09:15:00,Blogon
2010 097 09:27:02,BUrl
2010 097 13:33:59,CUrl
2010 097 15:19:26,CSendEmail
2010 097 15:43:28,CSendEmail
2010 097 15:44:51,CSendEmail
2010 097 15:52:16,CUrl
2010 097 18:00:35,DUrl
2010 097 21:23:00,DNologon
2010 098 09:27:00,Blogon
2010 098 09:48:16,BUrl
2010 098 12:01:19,CUrl
2010 098 15:15:44,CSendEmail
2010 098 15:22:16,CSendEmail
2010 098 15:44:17,CUrl
2010 098 16:03:32,CSendEmail
2010 098 16:05:26,CUrl
2010 098 19:18:50,DUrl
2010 098 21:07:00,DNologon
2010 099 09:19:00,Blogon
2010 099 09:31:04,BUrl
2010 099 09:31:47,BSendEmail
2010 099 09:34:42,BSendEmail
2010 099 10:27:56,BUrl
2010 099 13:20:24,CUrl
2010 099 14:11:18,CSendEmail
2010 099 14:15:22,CUrl
2010 099 18:31:56,DUrl
2010 099 21:12:00,DNologon
2010 102 09:14:00,Blogon
2010 102 09:18:27,BUrl
2010 102 14:05:29,CSendEmail
2010 102 14:09:03,CUrl
2010 102 15:59:12,CSendEmail
2010 102 16:04:35,CUrl
2010 102 18:00:54,DUrl
2010 102 18:40:57,DSendEmail
2010 102 18:44:44,DUrl
2010 102 21:20:00,DNologon
2010 103 09:06:00,Blogon
2010 103 09:09:45,BUrl
2010 103 12:15:00,CUrl
2010 103 17:35:50,CSendEmail
2010 103 18:21:45,DUrl
2010 103 19:53:24,DSendEmail
2010 103 19:54:11,DSendEmail
2010 103 20:13:44,DUrl
2010 103 21:18:00,DNologon
2010 104 09:12:00,Blogon
2010 104 09:22:53,BUrl
2010 104 12:21:25,CUrl
2010 104 12:22:46,CSendEmail
2010 104 13:03:08,CUrl
2010 104 18:15:28,DUrl
2010 104 19:03:10,DSendEmail
2010 104 19:07:20,DUrl
2010 104 19:14:05,DSendEmail
2010 104 19:17:07,DUrl
2010 104 21:24:00,DNologon
2010 105 09:16:00,Blogon
2010 105 09:36:56,BUrl
2010 105 13:27:35,CUrl
2010 105 14:15:57,CSendEmail
2010 105 14:17:39,CSendEmail
2010 105 14:25:46,CSendEmail
2010 105 15:11:14,CUrl
2010 105 18:01:53,DUrl
2010 105 21:10:00,DNologon
2010 106 09:09:00,Blogon
2010 106 10:37:00,BUrl
2010 106 11:11:24,BSendEmail
2010 106 15:04:27,CUrl
2010 106 15:06:53,CSendEmail
2010 106 16:18:45,CUrl
2010 106 16:19:11,CSendEmail
2010 106 17:45:47,CUrl
2010 106 18:09:43,DUrl
2010 106 21:21:00,DNologon
2010 109 09:08:00,Blogon
2010 109 09:16:21,BSendEmail
2010 109 09:24:37,BUrl
2010 109 09:29:28,BSendEmail
2010 109 09:32:34,BSendEmail
2010 109 09:35:16,BUrl
2010 109 12:07:24,CUrl
2010 109 18:13:47,DUrl
2010 109 21:29:00,DNologon
2010 110 09:28:00,Blogon
2010 110 09:56:50,BUrl
2010 110 10:31:58,BSendEmail
2010 110 10:32:55,BUrl
2010 110 11:40:15,BSendEmail
2010 110 12:15:02,CUrl
2010 110 18:18:56,DUrl
2010 110 18:34:07,DSendEmail
2010 110 18:49:05,DUrl
2010 110 21:07:00,DNologon
2010 111 09:09:00,Blogon
2010 111 09:11:11,BUrl
2010 111 12:31:32,CUrl
2010 111 16:57:21,CSendEmail
2010 111 17:05:09,CSendEmail
2010 111 17:10:45,CUrl
2010 111 19:22:12,DUrl
2010 111 20:10:35,DSendEmail
2010 111 20:19:40,DUrl
2010 111 21:26:00,DNologon
2010 112 09:21:00,Blogon
2010 112 09:53:06,BUrl
2010 112 12:28:20,CSendEmail
2010 112 12:28:49,CSendEmail
2010 112 12:29:59,CUrl
2010 112 18:29:20,DUrl
2010 112 19:57:23,DSendEmail
2010 112 20:07:13,DUrl
2010 112 21:03:00,DNologon
2010 113 09:28:00,Blogon
2010 113 09:59:27,BUrl
2010 113 10:59:09,BSendEmail
2010 113 11:05:47,BUrl
2010 113 12:27:52,CUrl
2010 113 15:08:40,CSendEmail
2010 113 15:27:00,CUrl
2010 113 18:55:00,DSendEmail
2010 113 19:39:37,DUrl
2010 113 21:13:00,DNologon
2010 116 09:23:00,Blogon
2010 116 09:24:11,BUrl
2010 116 12:00:19,CUrl
2010 116 15:27:03,CSendEmail
2010 116 15:30:07,CUrl
2010 116 15:35:42,CSendEmail
2010 116 15:41:06,CSendEmail
2010 116 16:57:43,CUrl
2010 116 18:21:12,DUrl
2010 116 21:03:00,DNologon
2010 117 09:13:00,Blogon
2010 117 09:15:05,BUrl
2010 117 10:13:17,BSendEmail
2010 117 10:15:44,BSendEmail
2010 117 10:25:43,BSendEmail
2010 117 10:34:30,BUrl
2010 117 12:01:13,CUrl
2010 117 18:12:47,DUrl
2010 117 21:24:00,DNologon
2010 118 09:12:00,Blogon
2010 118 09:52:59,BUrl
2010 118 11:46:23,BSendEmail
2010 118 12:16:24,CUrl
2010 118 12:57:30,CSendEmail
2010 118 14:07:03,CUrl
2010 118 18:01:30,DUrl
2010 118 21:30:00,DNologon
2010 119 09:27:00,Blogon
2010 119 09:34:55,BUrl
2010 119 12:10:15,CSendEmail
2010 119 12:23:59,CSendEmail
2010 119 12:34:15,CUrl
2010 119 12:54:39,CSendEmail
2010 119 13:27:01,CUrl
2010 119 18:24:15,DUrl
2010 119 21:07:00,DNologon
2010 120 09:02:00,Blogon
2010 120 09:58:37,BUrl
2010 120 11:33:54,BSendEmail
2010 120 12:42:22,CSendEmail
2010 120 13:21:40,CUrl
2010 120 14:53:16,CSendEmail
2010 120 14:56:20,CUrl
2010 120 18:22:05,DUrl
2010 120 21:20:00,DNologon
2010 123 09:28:00,Blogon
2010 123 09:32:30,BUrl
2010 123 12:23:27,CUrl
2010 123 18:08:06,DUrl
2010 123 20:53:37,DSendEmail
2010 123 20:55:14,DSendEmail
2010 123 20:58:18,DUrl
2010 123 21:01:48,DSendEmail
2010 123 21:03:00,DNologon
2010 124 09:24:00,Blogon
2010 124 09:53:53,BUrl
2010 124 11:28:40,BSendEmail
2010 124 11:30:29,BSendEmail
2010 124 11:32:32,BSendEmail
2010 124 11:58:31,BUrl
2010 124 12:15:32,CUrl
2010 124 18:48:37,DUrl
2010 124 21:11:00,DNologon
2010 125 09:16:00,Blogon
2010 125 09:35:21,BUrl
2010 125 13:27:15,CUrl
2010 125 14:17:58,CSendEmail
2010 125 14:34:50,CUrl
2010 125 14:53:26,CSendEmail
2010 125 14:53:58,CUrl
2010 125 18:19:47,DUrl
2010 125 18:26:08,DSendEmail
2010 125 18:28:49,DUrl
2010 125 21:12:00,DNologon
2010 126 09:25:00,Blogon
2010 126 09:43:47,BUrl
2010 126 12:13:20,CUrl
2010 126 13:41:11,CSendEmail
2010 126 14:04:11,CUrl
2010 126 14:28:01,CSendEmail
2010 126 14:30:04,CSendEmail
2010 126 15:45:24,CUrl
2010 126 19:23:48,DUrl
2010 126 21:11:00,DNologon
2010 127 09:24:00,Blogon
2010 127 09:30:01,BUrl
2010 127 12:32:16,CUrl
2010 127 12:54:17,CSendEmail
2010 127 13:00:10,CSendEmail
2010 127 13:01:18,CUrl
2010 127 18:16:55,DUrl
2010 127 20:11:48,DSendEmail
2010 127 20:58:51,DUrl
2010 127 21:14:00,DNologon
2010 130 09:08:00,Blogon
2010 130 09:12:53,BUrl
2010 130 12:04:19,CUrl
2010 130 15:47:32,CSendEmail
2010 130 15:51:50,CSendEmail
2010 130 16:01:11,CUrl
2010 130 18:02:18,DUrl
2010 130 21:04:09,DSendEmail
2010 130 21:12:00,DNologon
2010 131 09:09:00,Blogon
2010 131 09:28:04,BUrl
2010 131 13:35:21,CUrl
2010 131 15:53:11,CSendEmail
2010 131 15:59:25,CUrl
2010 131 17:07:50,CSendEmail
2010 131 17:15:58,CUrl
2010 131 18:05:42,DUrl
2010 131 18:15:04,DSendEmail
2010 131 18:25:43,DUrl
2010 131 21:29:00,DNologon
2010 132 09:11:00,Blogon
2010 132 09:41:35,BSendEmail
2010 132 09:41:54,BUrl
2010 132 12:22:39,CUrl
2010 132 13:51:34,CSendEmail
2010 132 14:29:38,CUrl
2010 132 18:15:22,DUrl
2010 132 18:50:19,DSendEmail
2010 132 18:59:09,DUrl
2010 132 21:25:00,DNologon
2010 133 09:14:00,Blogon
2010 133 09:55:40,BUrl
2010 133 10:20:15,BSendEmail
2010 133 10:27:07,BUrl
2010 133 12:06:06,CUrl
2010 133 18:46:05,DUrl
2010 133 21:12:05,DSendEmail
2010 133 21:13:25,DSendEmail
2010 133 21:19:00,DNologon
2010 134 09:14:00,Blogon
2010 134 09:17:24,BUrl
2010 134 09:50:09,BSendEmail
2010 134 10:22:53,BUrl
2010 134 12:25:42,CUrl
2010 134 18:34:36,DSendEmail
2010 134 18:35:21,DUrl
2010 134 18:53:55,DSendEmail
2010 134 19:04:17,DUrl
2010 134 21:23:00,DNologon
2010 137 09:00:00,Blogon
2010 137 09:12:15,BUrl
2010 137 12:02:10,CSendEmail
2010 137 12:04:12,CSendEmail
2010 137 12:38:51,CUrl
2010 137 18:03:28,DUrl
2010 137 18:59:10,DSendEmail
2010 137 20:18:46,DUrl
2010 137 21:09:00,DNologon
2010 138 09:15:00,Blogon
2010 138 09:25:40,BUrl
2010 138 10:33:39,BSendEmail
2010 138 10:43:09,BUrl
2010 138 12:08:08,CUrl
2010 138 13:09:46,CSendEmail
2010 138 14:16:22,CUrl
2010 138 18:12:52,DUrl
2010 138 20:32:58,DSendEmail
2010 138 20:44:04,DUrl
2010 138 21:11:00,DNologon
2010 139 09:06:00,Blogon
2010 139 09:15:34,BUrl
2010 139 11:40:31,BSendEmail
2010 139 12:34:11,CUrl
2010 139 18:29:59,DUrl
2010 139 18:30:26,DSendEmail
2010 139 18:41:36,DUrl
2010 139 20:41:56,DSendEmail
2010 139 20:43:10,DUrl
2010 139 21:03:00,DNologon
2010 140 09:07:00,Blogon
2010 140 09:09:14,BUrl
2010 140 09:28:15,BSendEmail
2010 140 10:16:46,BUrl
2010 140 12:36:49,CUrl
2010 140 18:46:11,DUrl
2010 140 21:04:47,DSendEmail
2010 140 21:06:27,DUrl
2010 140 21:11:41,DSendEmail
2010 140 21:13:21,DUrl
2010 140 21:15:00,DNologon
2010 141 09:00:00,Blogon
2010 141 09:21:35,BUrl
2010 141 12:11:43,CUrl
2010 141 15:54:09,CSendEmail
2010 141 15:57:48,CUrl
2010 141 16:08:43,CSendEmail
2010 141 16:09:11,CSendEmail
2010 141 16:58:40,CUrl
2010 141 18:01:24,DUrl
2010 141 21:25:00,DNologon
2010 144 09:10:00,Blogon
2010 144 09:43:08,BSendEmail
2010 144 09:54:47,BUrl
2010 144 10:03:59,BSendEmail
2010 144 10:08:42,BSendEmail
2010 144 10:12:45,BUrl
2010 144 12:04:16,CUrl
2010 144 18:28:55,DUrl
2010 144 21:05:00,DNologon
2010 145 09:22:00,Blogon
2010 145 09:23:32,BUrl
2010 145 11:57:04,BSendEmail
2010 145 12:41:27,CUrl
2010 145 15:31:48,CSendEmail
2010 145 15:39:36,CUrl
2010 145 18:05:40,DUrl
2010 145 20:28:47,DSendEmail
2010 145 20:31:38,DUrl
2010 145 21:09:00,DNologon
2010 146 09:15:00,Blogon
2010 146 09:22:17,BUrl
2010 146 10:59:31,BSendEmail
2010 146 10:59:39,BUrl
2010 146 10:59:40,BSendEmail
2010 146 10:59:43,BSendEmail
2010 146 11:10:33,BUrl
2010 146 12:21:15,CUrl
2010 146 18:04:18,DUrl
2010 146 21:15:00,DNologon
2010 147 09:00:00,Blogon
2010 147 09:01:44,BUrl
2010 147 12:16:50,CUrl
2010 147 13:27:44,CSendEmail
2010 147 13:34:48,CSendEmail
2010 147 13:36:31,CSendEmail
2010 147 14:05:48,CUrl
2010 147 18:03:10,DUrl
2010 147 21:15:00,DNologon
2010 148 09:15:00,Blogon
2010 148 09:39:36,BUrl
2010 148 09:44:06,BSendEmail
2010 148 09:45:36,BSendEmail
2010 148 09:47:41,BSendEmail
2010 148 10:05:01,BUrl
2010 148 13:08:23,CUrl
2010 148 19:05:13,DUrl
2010 148 21:25:00,DNologon
2010 152 09:14:00,Blogon
2010 152 09:17:35,BSendEmail
2010 152 09:17:58,BUrl
2010 152 12:24:26,CUrl
2010 152 15:42:38,CSendEmail
2010 152 15:43:46,CSendEmail
2010 152 16:26:48,CUrl
2010 152 18:38:50,DUrl
2010 152 21:10:00,DNologon
2010 153 09:14:00,Blogon
2010 153 09:34:53,BUrl
2010 153 12:06:59,CUrl
2010 153 12:35:37,CSendEmail
2010 153 13:27:43,CUrl
2010 153 13:52:54,CSendEmail
2010 153 14:32:54,CUrl
2010 153 17:50:47,CSendEmail
2010 153 18:07:04,DUrl
2010 153 21:07:00,DNologon
2010 154 09:01:00,Blogon
2010 154 09:15:51,BUrl
2010 154 12:19:33,CUrl
2010 154 18:01:55,DUrl
2010 154 19:29:08,DSendEmail
2010 154 19:35:43,DUrl
2010 154 20:09:55,DSendEmail
2010 154 20:13:41,DUrl
2010 154 20:24:28,DSendEmail
2010 154 21:08:05,DUrl
2010 154 21:20:00,DNologon
2010 155 09:02:00,Blogon
2010 155 09:13:59,BUrl
2010 155 12:01:37,CUrl
2010 155 18:04:15,DUrl
2010 155 18:19:12,DSendEmail
2010 155 18:27:55,DSendEmail
2010 155 18:35:29,DSendEmail
2010 155 20:10:35,DUrl
2010 155 21:26:00,DNologon
2010 158 09:00:00,Blogon
2010 158 09:10:32,BUrl
2010 158 09:14:00,BSendEmail
2010 158 09:14:53,BSendEmail
2010 158 09:34:00,BUrl
2010 158 12:17:57,CUrl
2010 158 18:15:52,DUrl
2010 158 21:22:00,DNologon
2010 159 09:26:00,Blogon
2010 159 09:40:38,BUrl
2010 159 12:01:54,CSendEmail
2010 159 12:13:41,CUrl
2010 159 17:42:26,CSendEmail
2010 159 17:50:45,CUrl
2010 159 18:04:52,DUrl
2010 159 18:28:05,DSendEmail
2010 159 18:46:21,DUrl
2010 159 21:04:00,DNologon
2010 160 09:02:00,Blogon
2010 160 09:03:02,BUrl
2010 160 11:10:36,BSendEmail
2010 160 11:14:11,BSendEmail
2010 160 11:49:06,BUrl
2010 160 12:59:46,CUrl
2010 160 16:49:37,CSendEmail
2010 160 16:52:48,CUrl
2010 160 18:23:23,DUrl
2010 160 21:20:00,DNologon
2010 161 09:01:00,Blogon
2010 161 09:04:40,BUrl
2010 161 12:24:34,CUrl
2010 161 13:29:47,CSendEmail
2010 161 13:36:34,CSendEmail
2010 161 13:56:12,CUrl
2010 161 17:46:17,CSendEmail
2010 161 20:16:02,DUrl
2010 161 21:26:00,DNologon
2010 162 09:25:00,Blogon
2010 162 09:41:10,BUrl
2010 162 12:05:45,CUrl
2010 162 16:10:47,CSendEmail
2010 162 16:24:35,CSendEmail
2010 162 16:28:06,CSendEmail
2010 162 16:28:30,CUrl
2010 162 18:12:07,DUrl
2010 162 21:29:00,DNologon
2010 165 09:10:00,Blogon
2010 165 09:16:09,BUrl
2010 165 12:30:00,CUrl
2010 165 12:31:33,CSendEmail
2010 165 12:56:40,CUrl
2010 165 17:49:31,CSendEmail
2010 165 18:49:31,DSendEmail
2010 165 19:50:39,DUrl
2010 165 21:16:00,DNologon
2010 166 09:09:00,Blogon
2010 166 09:23:39,BUrl
2010 166 12:02:03,CUrl
2010 166 16:04:39,CSendEmail
2010 166 16:08:47,CUrl
2010 166 16:15:36,CSendEmail
2010 166 16:20:10,CUrl
2010 166 16:55:38,CSendEmail
2010 166 18:30:47,DUrl
2010 166 21:27:00,DNologon
2010 167 09:28:00,Blogon
2010 167 09:51:34,BUrl
2010 167 12:08:40,CUrl
2010 167 12:33:58,CSendEmail
2010 167 12:53:57,CUrl
2010 167 18:10:02,DUrl
2010 167 18:21:00,DSendEmail
2010 167 18:23:16,DUrl
2010 167 18:28:14,DSendEmail
2010 167 18:52:21,DUrl
2010 167 21:09:00,DNologon
2010 168 09:26:00,Blogon
2010 168 09:30:13,BUrl
2010 168 12:39:16,CUrl
2010 168 18:25:17,DUrl
2010 168 20:14:05,DSendEmail
2010 168 20:15:57,DSendEmail
2010 168 20:18:49,DSendEmail
2010 168 20:22:14,DUrl
2010 168 21:02:00,DNologon
2010 169 09:22:00,Blogon
2010 169 09:24:35,BSendEmail
2010 169 09:26:51,BUrl
2010 169 12:10:58,CUrl
2010 169 14:39:06,CSendEmail
2010 169 14:53:39,CUrl
2010 169 17:08:51,CSendEmail
2010 169 18:17:51,DUrl
2010 169 21:11:00,DNologon
2010 172 09:07:00,Blogon
2010 172 09:14:41,BUrl
2010 172 09:18:32,BSendEmail
2010 172 09:19:22,BUrl
2010 172 09:55:34,BSendEmail
2010 172 10:14:45,BUrl
2010 172 10:32:29,BSendEmail
2010 172 11:59:13,BUrl
2010 172 12:37:57,CUrl
2010 172 19:07:14,DUrl
2010 172 21:25:00,DNologon
2010 173 09:05:00,Blogon
2010 173 09:25:25,BUrl
2010 173 09:43:04,BSendEmail
2010 173 09:44:11,BUrl
2010 173 12:21:04,CUrl
2010 173 14:17:46,CSendEmail
2010 173 14:19:06,CUrl
2010 173 14:23:13,CSendEmail
2010 173 15:32:24,CUrl
2010 173 19:04:32,DUrl
2010 173 21:28:00,DNologon
2010 174 09:08:00,Blogon
2010 174 09:24:51,BUrl
2010 174 12:10:38,CUrl
2010 174 13:59:59,CSendEmail
2010 174 14:37:34,CSendEmail
2010 174 14:38:41,CUrl
2010 174 14:46:54,CSendEmail
2010 174 14:48:34,CUrl
2010 174 18:16:08,DUrl
2010 174 21:15:00,DNologon
2010 175 09:20:00,Blogon
2010 175 09:24:41,BUrl
2010 175 12:38:47,CUrl
2010 175 18:30:38,DUrl
2010 175 18:32:01,DSendEmail
2010 175 19:20:46,DSendEmail
2010 175 19:26:36,DUrl
2010 175 19:34:27,DSendEmail
2010 175 19:37:27,DUrl
2010 175 21:06:00,DNologon
2010 176 09:02:00,Blogon
2010 176 09:24:01,BUrl
2010 176 12:09:34,CUrl
2010 176 18:02:40,DUrl
2010 176 19:15:20,DSendEmail
2010 176 19:43:56,DUrl
2010 176 20:09:37,DSendEmail
2010 176 20:24:24,DUrl
2010 176 20:32:13,DSendEmail
2010 176 21:17:53,DUrl
2010 176 21:22:00,DNologon
2010 179 09:01:00,Blogon
2010 179 09:38:23,BUrl
2010 179 10:00:33,BSendEmail
2010 179 11:08:19,BUrl
2010 179 12:01:26,CUrl
2010 179 17:24:57,CSendEmail
2010 179 17:48:14,CUrl
2010 179 18:13:29,DUrl
2010 179 21:05:28,DSendEmail
2010 179 21:21:00,DNologon
2010 180 09:19:00,Blogon
2010 180 09:26:29,BUrl
2010 180 12:05:09,CSendEmail
2010 180 12:06:39,CSendEmail
2010 180 12:10:32,CSendEmail
2010 180 12:11:59,CUrl
2010 180 18:07:54,DUrl
2010 180 21:03:00,DNologon
2010 181 09:21:00,Blogon
2010 181 09:36:06,BUrl
2010 181 12:08:24,CUrl
2010 181 15:29:26,CSendEmail
2010 181 15:31:29,CUrl
2010 181 17:01:28,CSendEmail
2010 181 17:01:38,CSendEmail
2010 181 17:42:31,CUrl
2010 181 18:00:10,DUrl
2010 181 21:08:00,DNologon
2010 182 09:07:00,Blogon
2010 182 09:08:55,BUrl
2010 182 12:33:38,CUrl
2010 182 18:20:52,DUrl
2010 182 18:32:43,DSendEmail
2010 182 18:39:20,DUrl
2010 182 19:29:25,DSendEmail
2010 182 20:02:25,DUrl
2010 182 20:57:24,DSendEmail
2010 182 20:57:53,DUrl
2010 182 21:23:00,DNologon
2010 183 09:01:00,Blogon
2010 183 09:13:47,BUrl
2010 183 09:42:11,BSendEmail
2010 183 10:10:20,BUrl
2010 183 12:01:15,CUrl
2010 183 18:18:02,DSendEmail
2010 183 18:19:59,DSendEmail
2010 183 18:43:09,DUrl
2010 183 21:23:00,DNologon
2010 187 09:01:00,Blogon
2010 187 09:42:36,BUrl
2010 187 12:48:14,CUrl
2010 187 12:56:07,CSendEmail
2010 187 13:42:51,CUrl
2010 187 16:05:51,CSendEmail
2010 187 16:07:20,CSendEmail
2010 187 16:24:16,CUrl
2010 187 18:19:00,DUrl
2010 187 21:25:00,DNologon
2010 188 09:28:00,Blogon
2010 188 09:56:28,BUrl
2010 188 12:52:35,CUrl
2010 188 18:06:37,DUrl
2010 188 19:13:33,DSendEmail
2010 188 19:21:36,DSendEmail
2010 188 19:39:42,DUrl
2010 188 19:43:39,DSendEmail
2010 188 19:47:28,DUrl
2010 188 21:10:00,DNologon
2010 189 09:19:00,Blogon
2010 189 15:53:53,CUrl
2010 189 21:04:13,DSendEmail
2010 189 21:08:00,DUrl
2010 189 21:09:04,DSendEmail
2010 189 21:09:53,DUrl
2010 189 21:19:40,DSendEmail
2010 189 21:22:00,DNologon
2010 190 09:25:00,Blogon
2010 190 09:44:46,BUrl
2010 190 13:33:34,CUrl
2010 190 18:10:29,DUrl
2010 190 19:04:42,DSendEmail
2010 190 19:07:02,DSendEmail
2010 190 19:10:10,DSendEmail
2010 190 19:58:15,DUrl
2010 190 21:09:00,DNologon
2010 193 09:24:00,Blogon
2010 193 09:25:40,BUrl
2010 193 10:14:16,BSendEmail
2010 193 10:58:32,BUrl
2010 193 13:18:29,CUrl
2010 193 18:06:43,DUrl
2010 193 19:57:56,DSendEmail
2010 193 20:02:16,DUrl
2010 193 20:36:33,DSendEmail
2010 193 20:54:34,DUrl
2010 193 21:19:00,DNologon
2010 194 09:12:00,Blogon
2010 194 09:21:43,BSendEmail
2010 194 09:25:28,BUrl
2010 194 12:30:50,CUrl
2010 194 14:36:36,CSendEmail
2010 194 14:37:30,CUrl
2010 194 14:38:09,CSendEmail
2010 194 15:14:04,CUrl
2010 194 19:23:13,DUrl
2010 194 21:03:00,DNologon
2010 195 09:15:00,Blogon
2010 195 09:22:56,BSendEmail
2010 195 09:26:21,BUrl
2010 195 10:01:39,BSendEmail
2010 195 10:04:50,BSendEmail
2010 195 10:20:09,BUrl
2010 195 12:11:09,CUrl
2010 195 18:04:24,DUrl
2010 195 21:09:00,DNologon
2010 196 09:17:00,Blogon
2010 196 10:46:55,BUrl
2010 196 12:03:35,CUrl
2010 196 14:43:57,CSendEmail
2010 196 14:44:06,CUrl
2010 196 15:00:38,CSendEmail
2010 196 15:01:21,CSendEmail
2010 196 15:53:14,CUrl
2010 196 18:43:03,DUrl
2010 196 21:06:00,DNologon
2010 197 09:15:00,Blogon
2010 197 09:44:11,BUrl
2010 197 09:44:35,BSendEmail
2010 197 09:49:36,BUrl
2010 197 13:36:31,CUrl
2010 197 16:31:21,CSendEmail
2010 197 16:53:05,CUrl
2010 197 18:34:50,DUrl
2010 197 18:48:56,DSendEmail
2010 197 19:15:08,DUrl
2010 197 21:03:00,DNologon
2010 200 09:23:00,Blogon
2010 200 10:04:29,BSendEmail
2010 200 11:52:20,BSendEmail
2010 200 11:53:58,BUrl
2010 200 12:23:11,CSendEmail
2010 200 12:44:13,CUrl
2010 200 20:40:59,DUrl
2010 200 21:09:00,DNologon
2010 201 09:16:00,Blogon
2010 201 09:25:49,BUrl
2010 201 12:08:28,CUrl
2010 201 12:33:04,CSendEmail
2010 201 12:53:26,CUrl
2010 201 13:39:51,CSendEmail
2010 201 14:14:24,CUrl
2010 201 15:22:03,CSendEmail
2010 201 15:25:59,CUrl
2010 201 18:32:39,DUrl
2010 201 21:13:00,DNologon
2010 202 09:25:00,Blogon
2010 202 09:45:53,BUrl
2010 202 12:09:56,CUrl
2010 202 18:07:00,DUrl
2010 202 20:09:36,DSendEmail
2010 202 20:10:17,DSendEmail
2010 202 20:12:29,DUrl
2010 202 20:14:08,DSendEmail
2010 202 20:28:49,DUrl
2010 202 21:09:00,DNologon
2010 203 09:00:00,Blogon
2010 203 09:18:03,BUrl
2010 203 12:39:05,CUrl
2010 203 16:56:15,CSendEmail
2010 203 17:22:08,CSendEmail
2010 203 17:40:15,CUrl
2010 203 18:23:18,DUrl
2010 203 21:29:00,DNologon
2010 204 09:03:00,Blogon
2010 204 09:07:10,BUrl
2010 204 12:11:25,CUrl
2010 204 14:20:33,CSendEmail
2010 204 14:20:35,CUrl
2010 204 14:45:35,CSendEmail
2010 204 14:58:32,CUrl
2010 204 15:32:48,CSendEmail
2010 204 16:23:24,CUrl
2010 204 18:25:06,DUrl
2010 204 21:29:00,DNologon
2010 207 09:20:00,Blogon
2010 207 09:50:56,BUrl
2010 207 12:14:09,CSendEmail
2010 207 12:18:43,CSendEmail
2010 207 12:22:15,CSendEmail
2010 207 12:51:10,CUrl
2010 207 18:12:52,DUrl
2010 207 21:03:00,DNologon
2010 208 09:28:00,Blogon
2010 208 10:32:36,BUrl
2010 208 19:40:15,DSendEmail
2010 208 20:13:53,DUrl
2010 208 20:27:07,DSendEmail
2010 208 20:38:25,DUrl
2010 208 20:48:09,DSendEmail
2010 208 21:11:00,DNologon
2010 209 09:20:00,Blogon
2010 209 09:45:03,BUrl
2010 209 12:33:16,CUrl
2010 209 15:10:14,CSendEmail
2010 209 15:22:02,CSendEmail
2010 209 15:28:50,CUrl
2010 209 15:50:29,CSendEmail
2010 209 16:36:22,CUrl
2010 209 18:04:04,DUrl
2010 209 21:11:00,DNologon
2010 210 09:11:00,Blogon
2010 210 09:12:57,BUrl
2010 210 10:54:34,BSendEmail
2010 210 10:55:22,BSendEmail
2010 210 11:01:14,BSendEmail
2010 210 11:36:38,BUrl
2010 210 12:44:20,CUrl
2010 210 18:08:55,DUrl
2010 210 21:25:00,DNologon
2010 211 09:28:00,Blogon
2010 211 09:35:58,BUrl
2010 211 12:14:11,CUrl
2010 211 18:37:08,DUrl
2010 211 20:30:36,DSendEmail
2010 211 20:59:03,DSendEmail
2010 211 21:00:12,DSendEmail
2010 211 21:00:37,DUrl
2010 211 21:02:00,DNologon
2010 214 09:03:00,Blogon
2010 214 09:10:39,BUrl
2010 214 12:35:08,CUrl
2010 214 15:44:58,CSendEmail
2010 214 15:54:34,CSendEmail
2010 214 16:13:55,CUrl
2010 214 16:20:35,CSendEmail
2010 214 17:53:22,CUrl
2010 214 18:29:07,DUrl
2010 214 21:28:00,DNologon
2010 215 09:12:00,Blogon
2010 215 09:51:25,BUrl
2010 215 12:00:51,CUrl
2010 215 18:24:44,DUrl
2010 215 20:59:33,DSendEmail
2010 215 20:59:59,DSendEmail
2010 215 21:00:03,DUrl
2010 215 21:01:40,DSendEmail
2010 215 21:17:00,DNologon
2010 216 09:02:00,Blogon
2010 216 09:05:21,BUrl
2010 216 10:20:20,BSendEmail
2010 216 10:35:17,BUrl
2010 216 12:02:16,CUrl
2010 216 13:04:54,CSendEmail
2010 216 13:06:34,CUrl
2010 216 18:17:39,DUrl
2010 216 19:21:20,DSendEmail
2010 216 19:34:23,DUrl
2010 216 21:22:00,DNologon
2010 217 09:26:00,Blogon
2010 217 09:34:53,BUrl
2010 217 12:28:24,CUrl
2010 217 18:08:06,DUrl
2010 217 19:09:11,DSendEmail
2010 217 19:15:25,DSendEmail
2010 217 19:28:10,DSendEmail
2010 217 20:09:02,DUrl
2010 217 21:03:00,DNologon
2010 218 09:18:00,Blogon
2010 218 09:22:53,BUrl
2010 218 11:40:58,BSendEmail
2010 218 12:00:14,CUrl
2010 218 13:29:46,CSendEmail
2010 218 13:59:40,CUrl
2010 218 14:29:52,CSendEmail
2010 218 14:47:29,CUrl
2010 218 18:25:33,DUrl
2010 218 21:13:00,DNologon
2010 221 09:28:00,Blogon
2010 221 09:33:31,BUrl
2010 221 12:02:02,CUrl
2010 221 18:06:01,DUrl
2010 221 19:48:40,DSendEmail
2010 221 20:19:22,DSendEmail
2010 221 20:30:06,DUrl
2010 221 20:44:06,DSendEmail
2010 221 20:53:06,DUrl
2010 221 21:12:00,DNologon
2010 222 09:03:00,Blogon
2010 222 09:44:47,BUrl
2010 222 12:06:50,CUrl
2010 222 18:15:59,DUrl
2010 222 19:48:29,DSendEmail
2010 222 20:03:17,DUrl
2010 222 21:09:52,DSendEmail
2010 222 21:13:24,DSendEmail
2010 222 21:15:00,DNologon
2010 223 09:27:00,Blogon
2010 223 09:35:07,BUrl
2010 223 12:44:26,CUrl
2010 223 15:26:18,CSendEmail
2010 223 16:18:10,CUrl
2010 223 18:21:04,DUrl
2010 223 20:33:28,DSendEmail
2010 223 20:36:19,DSendEmail
2010 223 20:36:26,DUrl
2010 223 21:11:00,DNologon
2010 224 09:09:00,Blogon
2010 224 09:15:12,BUrl
2010 224 12:02:27,CUrl
2010 224 16:05:55,CSendEmail
2010 224 16:07:42,CSendEmail
2010 224 16:11:09,CSendEmail
2010 224 16:27:23,CUrl
2010 224 18:28:28,DUrl
2010 224 21:22:00,DNologon
2010 225 09:28:00,Blogon
2010 225 09:29:58,BUrl
2010 225 12:13:44,CUrl
2010 225 12:28:24,CSendEmail
2010 225 12:37:13,CUrl
2010 225 13:06:39,CSendEmail
2010 225 13:51:56,CUrl
2010 225 14:18:06,CSendEmail
2010 225 14:45:06,CUrl
2010 225 18:05:04,DUrl
2010 225 21:09:00,DNologon
2010 228 09:27:00,Blogon
2010 228 09:57:58,BSendEmail
2010 228 10:00:43,BUrl
2010 228 10:48:49,BSendEmail
2010 228 12:01:52,CSendEmail
2010 228 12:14:03,CUrl
2010 228 18:55:19,DUrl
2010 228 21:21:00,DNologon
2010 229 09:28:00,Blogon
2010 229 09:33:23,BUrl
2010 229 12:33:36,CUrl
2010 229 14:02:09,CSendEmail
2010 229 14:12:05,CUrl
2010 229 14:36:17,CSendEmail
2010 229 14:36:49,CUrl
2010 229 14:51:40,CSendEmail
2010 229 14:56:08,CUrl
2010 229 18:03:56,DUrl
2010 229 21:11:00,DNologon
2010 230 09:02:00,Blogon
2010 230 09:03:58,BUrl
2010 230 13:07:50,CUrl
2010 230 15:52:42,CSendEmail
2010 230 16:52:44,CUrl
2010 230 19:46:26,DSendEmail
2010 230 19:48:25,DUrl
2010 230 19:59:39,DSendEmail
2010 230 21:18:14,DUrl
2010 230 21:26:00,DNologon
2010 231 09:04:00,Blogon
2010 231 09:11:13,BUrl
2010 231 12:01:45,CUrl
2010 231 15:44:50,CSendEmail
2010 231 15:53:08,CUrl
2010 231 15:56:42,CSendEmail
2010 231 15:57:29,CSendEmail
2010 231 16:23:31,CUrl
2010 231 18:17:28,DUrl
2010 231 21:29:00,DNologon
2010 232 09:18:00,Blogon
2010 232 09:34:23,BUrl
2010 232 12:09:14,CUrl
2010 232 16:30:45,CSendEmail
2010 232 17:12:49,CUrl
2010 232 19:18:30,DUrl
2010 232 20:56:04,DSendEmail
2010 232 21:10:30,DSendEmail
2010 232 21:13:00,DNologon
2010 235 09:09:00,Blogon
2010 235 09:11:08,BUrl
2010 235 12:24:35,CUrl
2010 235 16:32:37,CSendEmail
2010 235 17:01:07,CSendEmail
2010 235 17:08:43,CSendEmail
2010 235 17:17:10,CUrl
2010 235 18:13:50,DUrl
2010 235 21:15:00,DNologon
2010 236 09:26:00,Blogon
2010 236 09:42:07,BUrl
2010 236 10:58:01,BSendEmail
2010 236 10:58:02,BSendEmail
2010 236 11:06:13,BUrl
2010 236 13:07:38,CUrl
2010 236 15:27:58,CSendEmail
2010 236 15:45:46,CUrl
2010 236 18:04:44,DUrl
2010 236 21:06:00,DNologon
2010 237 09:21:00,Blogon
2010 237 09:23:17,BUrl
2010 237 12:00:07,CUrl
2010 237 15:10:44,CSendEmail
2010 237 16:36:11,CUrl
2010 237 19:46:08,DUrl
2010 237 19:56:55,DSendEmail
2010 237 20:21:21,DUrl
2010 237 20:38:04,DSendEmail
2010 237 20:46:03,DUrl
2010 237 21:12:00,DNologon
2010 238 09:23:00,Blogon
2010 238 09:46:27,BUrl
2010 238 12:17:29,CUrl
2010 238 17:44:27,CSendEmail
2010 238 17:46:18,CUrl
2010 238 18:01:27,DSendEmail
2010 238 18:09:58,DUrl
2010 238 19:44:31,DSendEmail
2010 238 20:13:13,DUrl
2010 238 21:13:00,DNologon
2010 239 09:04:00,Blogon
2010 239 09:16:57,BUrl
2010 239 09:30:14,BSendEmail
2010 239 09:44:25,BUrl
2010 239 12:16:01,CUrl
2010 239 12:37:01,CSendEmail
2010 239 12:51:27,CUrl
2010 239 17:05:25,CSendEmail
2010 239 17:17:33,CUrl
2010 239 18:14:48,DUrl
2010 239 21:17:00,DNologon
2010 242 09:20:00,Blogon
2010 242 09:39:10,BUrl
2010 242 12:09:27,CUrl
2010 242 18:21:26,DUrl
2010 242 20:25:12,DSendEmail
2010 242 20:41:06,DSendEmail
2010 242 20:47:17,DSendEmail
2010 242 21:11:03,DUrl
2010 242 21:15:00,DNologon
2010 243 09:18:00,Blogon
2010 243 09:30:01,BUrl
2010 243 12:07:15,CUrl
2010 243 16:41:14,CSendEmail
2010 243 17:14:10,CUrl
2010 243 18:17:22,DUrl
2010 243 18:27:37,DSendEmail
2010 243 19:41:20,DUrl
2010 243 19:48:11,DSendEmail
2010 243 19:52:29,DUrl
2010 243 21:15:00,DNologon
2010 244 09:23:00,Blogon
2010 244 09:28:52,BUrl
2010 244 12:33:06,CUrl
2010 244 12:52:35,CSendEmail
2010 244 12:56:46,CUrl
2010 244 18:24:35,DUrl
2010 244 20:16:48,DSendEmail
2010 244 20:17:34,DUrl
2010 244 20:19:59,DSendEmail
2010 244 20:52:53,DUrl
2010 244 21:15:00,DNologon
2010 245 09:27:00,Blogon
2010 245 09:48:27,BUrl
2010 245 09:57:39,BSendEmail
2010 245 09:58:06,BUrl
2010 245 10:01:40,BSendEmail
2010 245 10:07:12,BSendEmail
2010 245 10:19:03,BUrl
2010 245 12:06:10,CUrl
2010 245 18:15:14,DUrl
2010 245 21:19:00,DNologon
2010 246 09:04:00,Blogon
2010 246 09:15:05,BUrl
2010 246 12:05:39,CUrl
2010 246 17:18:55,CSendEmail
2010 246 17:22:07,CUrl
2010 246 18:21:40,DUrl
2010 246 19:45:49,DSendEmail
2010 246 19:50:32,DSendEmail
2010 246 20:01:03,DUrl
2010 246 21:29:00,DNologon
2010 250 09:13:00,Blogon
2010 250 09:25:20,BUrl
2010 250 12:19:02,CUrl
2010 250 14:02:36,CSendEmail
2010 250 14:05:04,CSendEmail
2010 250 14:14:11,CSendEmail
2010 250 14:17:37,CUrl
2010 250 18:40:10,DUrl
2010 250 21:17:00,DNologon
2010 251 09:00:00,Blogon
2010 251 09:04:18,BUrl
2010 251 11:36:25,BSendEmail
2010 251 12:06:12,CUrl
2010 251 12:20:14,CSendEmail
2010 251 12:28:05,CUrl
2010 251 12:48:11,CSendEmail
2010 251 13:00:15,CUrl
2010 251 18:48:37,DUrl
2010 251 21:12:00,DNologon
2010 252 09:04:00,Blogon
2010 252 09:18:27,BUrl
2010 252 12:15:29,CUrl
2010 252 17:29:34,CSendEmail
2010 252 18:26:06,DUrl
2010 252 20:49:26,DSendEmail
2010 252 20:56:09,DUrl
2010 252 20:57:15,DSendEmail
2010 252 21:06:08,DUrl
2010 252 21:16:00,DNologon
2010 253 09:20:00,Blogon
2010 253 09:22:02,BUrl
2010 253 12:03:07,CUrl
2010 253 12:57:05,CSendEmail
2010 253 13:05:18,CUrl
2010 253 14:37:48,CSendEmail
2010 253 14:40:46,CSendEmail
2010 253 14:55:26,CUrl
2010 253 18:13:47,DUrl
2010 253 21:14:00,DNologon
2010 256 09:06:00,Blogon
2010 256 09:22:44,BUrl
2010 256 12:00:27,CUrl
2010 256 12:06:18,CSendEmail
2010 256 13:08:02,CUrl
2010 256 14:59:35,CSendEmail
2010 256 15:01:41,CUrl
2010 256 18:36:22,DUrl
2010 256 20:39:36,DSendEmail
2010 256 21:05:11,DUrl
2010 256 21:25:00,DNologon
2010 257 09:15:00,Blogon
2010 257 09:28:39,BUrl
2010 257 12:10:27,CUrl
2010 257 17:01:13,CSendEmail
2010 257 17:15:11,CSendEmail
2010 257 17:34:37,CUrl
2010 257 17:59:15,CSendEmail
2010 257 17:59:16,CUrl
2010 257 18:05:01,DUrl
2010 257 21:24:00,DNologon
2010 258 09:14:00,Blogon
2010 258 09:45:32,BUrl
2010 258 11:48:52,BSendEmail
2010 258 11:48:57,BSendEmail
2010 258 11:52:42,BSendEmail
2010 258 12:15:02,CUrl
2010 258 18:07:50,DUrl
2010 258 21:24:00,DNologon
2010 259 09:23:00,Blogon
2010 259 09:26:55,BUrl
2010 259 09:29:06,BSendEmail
2010 259 09:29:18,BUrl
2010 259 12:11:19,CUrl
2010 259 14:32:49,CSendEmail
2010 259 15:10:36,CUrl
2010 259 17:02:09,CSendEmail
2010 259 17:18:08,CUrl
2010 259 18:13:37,DUrl
2010 259 21:09:00,DNologon
2010 260 09:18:00,Blogon
2010 260 09:26:54,BUrl
2010 260 12:11:15,CUrl
2010 260 20:15:34,DSendEmail
2010 260 20:16:21,DSendEmail
2010 260 20:16:44,DSendEmail
2010 260 20:18:55,DUrl
2010 260 21:21:00,DNologon
2010 263 09:12:00,Blogon
2010 263 09:20:49,BUrl
2010 263 12:40:22,CUrl
2010 263 18:02:14,DUrl
2010 263 20:10:42,DSendEmail
2010 263 20:16:49,DSendEmail
2010 263 20:18:14,DSendEmail
2010 263 20:54:52,DUrl
2010 263 21:15:00,DNologon
2010 264 09:07:00,Blogon
2010 264 09:11:09,BUrl
2010 264 11:07:01,BSendEmail
2010 264 11:48:58,BUrl
2010 264 12:11:24,CUrl
2010 264 18:19:37,DUrl
2010 264 19:10:03,DSendEmail
2010 264 19:12:34,DUrl
2010 264 19:28:24,DSendEmail
2010 264 20:30:21,DUrl
2010 264 21:22:00,DNologon
2010 265 09:22:00,Blogon
2010 265 09:23:31,BUrl
2010 265 11:46:45,BSendEmail
2010 265 11:46:52,BSendEmail
2010 265 11:48:04,BSendEmail
2010 265 11:48:28,BUrl
2010 265 12:18:42,CUrl
2010 265 19:09:16,DUrl
2010 265 21:10:00,DNologon
2010 266 09:25:00,Blogon
2010 266 09:29:42,BUrl
2010 266 12:28:41,CUrl
2010 266 13:20:02,CSendEmail
2010 266 13:22:00,CSendEmail
2010 266 13:30:30,CUrl
2010 266 18:08:53,DUrl
2010 266 20:43:24,DSendEmail
2010 266 20:50:05,DUrl
2010 266 21:02:00,DNologon
2010 267 09:24:00,Blogon
2010 267 10:28:14,BUrl
2010 267 12:12:27,CUrl
2010 267 16:12:25,CSendEmail
2010 267 16:14:12,CUrl
2010 267 16:24:00,CSendEmail
2010 267 16:30:59,CUrl
2010 267 16:47:20,CSendEmail
2010 267 17:44:29,CUrl
2010 267 18:01:41,DUrl
2010 267 21:07:00,DNologon
2010 270 09:07:00,Blogon
2010 270 09:45:31,BUrl
2010 270 12:42:29,CUrl
2010 270 17:49:47,CSendEmail
2010 270 17:51:28,CSendEmail
2010 270 17:58:26,CSendEmail
2010 270 19:06:59,DUrl
2010 270 21:29:00,DNologon
2010 271 09:15:00,Blogon
2010 271 09:16:18,BUrl
2010 271 12:21:32,CUrl
2010 271 14:50:54,CSendEmail
2010 271 14:54:54,CUrl
2010 271 18:22:05,DUrl
2010 271 19:09:41,DSendEmail
2010 271 19:30:23,DUrl
2010 271 19:31:19,DSendEmail
2010 271 19:37:55,DUrl
2010 271 21:16:00,DNologon
2010 272 09:00:00,Blogon
2010 272 09:03:38,BUrl
2010 272 12:55:06,CUrl
2010 272 13:15:52,CSendEmail
2010 272 13:30:48,CUrl
2010 272 13:48:19,CSendEmail
2010 272 13:53:33,CUrl
2010 272 18:02:58,DUrl
2010 272 18:04:15,DSendEmail
2010 272 18:48:51,DUrl
2010 272 21:29:00,DNologon
2010 273 09:28:00,Blogon
2010 273 09:32:21,BUrl
2010 273 12:12:36,CUrl
2010 273 18:36:06,DUrl
2010 273 19:54:57,DSendEmail
2010 273 20:06:18,DUrl
2010 273 20:06:42,DSendEmail
2010 273 20:29:48,DUrl
2010 273 20:48:33,DSendEmail
2010 273 20:49:51,DUrl
2010 273 21:22:00,DNologon
2010 274 09:03:00,Blogon
2010 274 09:23:20,BUrl
2010 274 12:16:17,CUrl
2010 274 13:15:36,CSendEmail
2010 274 13:16:51,CSendEmail
2010 274 13:17:29,CSendEmail
2010 274 13:27:57,CUrl
2010 274 18:25:32,DUrl
2010 274 21:20:00,DNologon
2010 277 09:01:00,Blogon
2010 277 09:04:15,BUrl
2010 277 12:41:59,CUrl
2010 277 15:55:48,CSendEmail
2010 277 16:42:22,CUrl
2010 277 17:53:53,CSendEmail
2010 277 18:11:43,DUrl
2010 277 18:58:01,DSendEmail
2010 277 19:19:59,DUrl
2010 277 21:10:00,DNologon
2010 278 09:15:00,Blogon
2010 278 09:33:46,BUrl
2010 278 10:06:08,BSendEmail
2010 278 10:27:22,BUrl
2010 278 12:14:57,CSendEmail
2010 278 12:21:38,CUrl
2010 278 18:11:32,DUrl
2010 278 19:45:13,DSendEmail
2010 278 20:05:05,DUrl
2010 278 21:19:00,DNologon
2010 279 09:23:00,Blogon
2010 279 09:27:28,BUrl
2010 279 12:04:50,CSendEmail
2010 279 12:05:01,CSendEmail
2010 279 12:32:40,CUrl
2010 279 18:02:36,DUrl
2010 279 20:01:59,DSendEmail
2010 279 20:34:35,DUrl
2010 279 21:06:00,DNologon
2010 280 09:11:00,Blogon
2010 280 09:31:46,BUrl
2010 280 13:15:39,CSendEmail
2010 280 13:55:54,CSendEmail
2010 280 14:29:17,CUrl
2010 280 15:23:24,CSendEmail
2010 280 17:32:18,CUrl
2010 280 18:07:45,DUrl
2010 280 21:22:00,DNologon
2010 281 09:28:00,Blogon
2010 281 09:34:31,BUrl
2010 281 12:44:44,CUrl
2010 281 12:58:15,CSendEmail
2010 281 13:34:09,CUrl
2010 281 15:20:04,CSendEmail
2010 281 15:53:59,CUrl
2010 281 18:05:44,DUrl
2010 281 18:33:50,DSendEmail
2010 281 19:44:18,DUrl
2010 281 21:04:00,DNologon
2010 284 09:18:00,Blogon
2010 284 09:33:28,BUrl
2010 284 09:41:58,BSendEmail
2010 284 09:44:38,BUrl
2010 284 12:09:35,CUrl
2010 284 15:24:12,CSendEmail
2010 284 15:25:53,CUrl
2010 284 17:50:30,CSendEmail
2010 284 17:59:52,CUrl
2010 284 19:29:31,DUrl
2010 284 21:07:00,DNologon
2010 285 09:19:00,Blogon
2010 285 09:38:33,BUrl
2010 285 12:49:54,CSendEmail
2010 285 12:57:54,CSendEmail
2010 285 13:40:23,CUrl
2010 285 15:19:14,CSendEmail
2010 285 15:52:16,CUrl
2010 285 18:04:22,DUrl
2010 285 21:02:00,DNologon
2010 286 09:15:00,Blogon
2010 286 09:19:24,BUrl
2010 286 09:40:17,BSendEmail
2010 286 10:24:48,BUrl
2010 286 13:35:33,CUrl
2010 286 18:06:03,DUrl
2010 286 18:32:42,DSendEmail
2010 286 18:43:50,DUrl
2010 286 19:43:22,DSendEmail
2010 286 19:55:05,DUrl
2010 286 21:10:00,DNologon
2010 287 09:15:00,Blogon
2010 287 09:21:00,BUrl
2010 287 12:05:36,CUrl
2010 287 13:57:05,CSendEmail
2010 287 14:00:18,CUrl
2010 287 17:08:48,CSendEmail
2010 287 18:20:17,DUrl
2010 287 21:18:22,DSendEmail
2010 287 21:22:55,DUrl
2010 287 21:26:00,DNologon
2010 288 09:20:00,Blogon
2010 288 09:45:33,BUrl
2010 288 12:08:07,CUrl
2010 288 18:12:16,DUrl
2010 288 20:46:16,DSendEmail
2010 288 20:46:17,DUrl
2010 288 20:51:26,DSendEmail
2010 288 20:53:39,DSendEmail
2010 288 20:57:35,DUrl
2010 288 21:26:00,DNologon
2010 291 09:05:00,Blogon
2010 291 09:37:55,BUrl
2010 291 12:08:56,CUrl
2010 291 18:21:22,DUrl
2010 291 20:17:52,DSendEmail
2010 291 20:18:02,DSendEmail
2010 291 20:19:18,DSendEmail
2010 291 20:19:38,DUrl
2010 291 21:21:00,DNologon
2010 292 09:08:00,Blogon
2010 292 09:12:48,BUrl
2010 292 10:06:38,BSendEmail
2010 292 10:10:50,BUrl
2010 292 11:01:01,BSendEmail
2010 292 11:25:08,BUrl
2010 292 12:00:55,CSendEmail
2010 292 12:33:32,CUrl
2010 292 18:20:22,DUrl
2010 292 21:27:00,DNologon
2010 293 09:15:00,Blogon
2010 293 09:27:03,BUrl
2010 293 12:10:24,CUrl
2010 293 18:30:03,DUrl
2010 293 20:34:36,DSendEmail
2010 293 20:41:35,DSendEmail
2010 293 20:50:14,DUrl
2010 293 21:14:48,DSendEmail
2010 293 21:21:00,DNologon
2010 294 09:11:00,Blogon
2010 294 09:14:12,BUrl
2010 294 11:57:28,BSendEmail
2010 294 11:59:46,BUrl
2010 294 12:00:11,CSendEmail
2010 294 12:04:42,CUrl
2010 294 18:28:45,DUrl
2010 294 20:58:20,DSendEmail
2010 294 21:08:00,DNologon
2010 295 09:19:00,Blogon
2010 295 09:43:49,BUrl
2010 295 11:25:20,BSendEmail
2010 295 11:46:53,BUrl
2010 295 12:07:46,CUrl
2010 295 14:50:45,CSendEmail
2010 295 15:05:06,CUrl
2010 295 15:09:16,CSendEmail
2010 295 15:17:34,CUrl
2010 295 18:04:21,DUrl
2010 295 21:05:00,DNologon
2010 298 09:19:00,Blogon
2010 298 09:32:19,BUrl
2010 298 12:43:37,CUrl
2010 298 18:02:32,DUrl
2010 298 20:28:01,DSendEmail
2010 298 20:30:31,DUrl
2010 298 20:32:49,DSendEmail
2010 298 20:43:56,DUrl
2010 298 20:55:34,DSendEmail
2010 298 21:15:00,DNologon
2010 299 09:06:00,Blogon
2010 299 09:07:37,BUrl
2010 299 13:17:14,CUrl
2010 299 13:20:00,CSendEmail
2010 299 13:23:05,CUrl
2010 299 14:01:47,CSendEmail
2010 299 14:13:31,CSendEmail
2010 299 14:51:36,CUrl
2010 299 18:39:04,DUrl
2010 299 21:16:00,DNologon
2010 300 09:23:00,Blogon
2010 300 10:08:41,BUrl
2010 300 12:03:39,CUrl
2010 300 12:16:28,CSendEmail
2010 300 13:22:09,CUrl
2010 300 15:19:54,CSendEmail
2010 300 15:36:03,CUrl
2010 300 18:00:45,DUrl
2010 300 20:35:15,DSendEmail
2010 300 20:57:41,DUrl
2010 300 21:29:00,DNologon
2010 301 09:15:00,Blogon
2010 301 09:27:47,BUrl
2010 301 12:50:30,CUrl
2010 301 18:08:26,DUrl
2010 301 21:18:53,DSendEmail
2010 301 21:21:57,DSendEmail
2010 301 21:22:47,DUrl
2010 301 21:23:39,DSendEmail
2010 301 21:27:00,DNologon
2010 302 09:01:00,Blogon
2010 302 09:21:19,BUrl
2010 302 12:03:33,CUrl
2010 302 17:26:53,CSendEmail
2010 302 17:27:18,CSendEmail
2010 302 17:28:01,CSendEmail
2010 302 17:32:35,CUrl
2010 302 18:05:19,DUrl
2010 302 21:27:00,DNologon
2010 305 09:20:00,Blogon
2010 305 09:48:21,BUrl
2010 305 12:36:47,CUrl
2010 305 15:27:23,CSendEmail
2010 305 16:02:46,CUrl
2010 305 18:34:03,DUrl
2010 305 18:46:45,DSendEmail
2010 305 18:46:47,DUrl
2010 305 18:50:08,DSendEmail
2010 305 18:52:18,DUrl
2010 305 21:04:00,DNologon
2010 306 09:05:00,Blogon
2010 306 09:18:10,BUrl
2010 306 11:25:08,BSendEmail
2010 306 11:25:31,BSendEmail
2010 306 11:45:38,BUrl
2010 306 13:23:32,CUrl
2010 306 14:51:03,CSendEmail
2010 306 15:13:50,CUrl
2010 306 18:05:13,DUrl
2010 306 21:29:00,DNologon
2010 307 09:11:00,Blogon
2010 307 09:14:32,BUrl
2010 307 12:25:42,CUrl
2010 307 16:33:01,CSendEmail
2010 307 17:13:29,CUrl
2010 307 18:01:36,DUrl
2010 307 18:01:46,DSendEmail
2010 307 18:08:40,DSendEmail
2010 307 18:53:34,DUrl
2010 307 21:25:00,DNologon
2010 308 09:16:00,Blogon
2010 308 09:18:35,BUrl
2010 308 12:15:28,CUrl
2010 308 13:14:30,CSendEmail
2010 308 13:33:19,CUrl
2010 308 16:05:43,CSendEmail
2010 308 16:59:35,CUrl
2010 308 18:08:46,DUrl
2010 308 20:52:52,DSendEmail
2010 308 20:57:55,DUrl
2010 308 21:05:00,DNologon
2010 309 09:27:00,Blogon
2010 309 09:28:51,BUrl
2010 309 10:44:56,BSendEmail
2010 309 10:55:54,BSendEmail
2010 309 11:04:52,BSendEmail
2010 309 12:05:02,CUrl
2010 309 18:09:01,DUrl
2010 309 21:05:00,DNologon
2010 312 09:06:00,Blogon
2010 312 09:19:52,BUrl
2010 312 09:37:30,BSendEmail
2010 312 09:53:09,BUrl
2010 312 11:08:38,BSendEmail
2010 312 11:13:34,BUrl
2010 312 12:27:07,CUrl
2010 312 12:42:30,CSendEmail
2010 312 12:52:38,CUrl
2010 312 18:03:04,DUrl
2010 312 21:04:00,DNologon
2010 313 09:23:00,Blogon
2010 313 09:54:37,BUrl
2010 313 12:12:19,CUrl
2010 313 16:12:33,CSendEmail
2010 313 16:12:59,CUrl
2010 313 16:38:57,CSendEmail
2010 313 16:40:24,CSendEmail
2010 313 17:26:31,CUrl
2010 313 18:17:18,DUrl
2010 313 21:08:00,DNologon
2010 314 09:04:00,Blogon
2010 314 09:37:26,BUrl
2010 314 12:01:40,CUrl
2010 314 13:07:10,CSendEmail
2010 314 13:32:52,CUrl
2010 314 18:12:15,DUrl
2010 314 20:33:26,DSendEmail
2010 314 20:37:46,DUrl
2010 314 20:42:54,DSendEmail
2010 314 20:59:29,DUrl
2010 314 21:15:00,DNologon
2010 315 09:03:00,Blogon
2010 315 09:05:05,BUrl
2010 315 11:24:39,BSendEmail
2010 315 12:18:53,CUrl
2010 315 13:21:23,CSendEmail
2010 315 13:24:35,CUrl
2010 315 18:47:08,DUrl
2010 315 20:11:53,DSendEmail
2010 315 20:52:20,DUrl
2010 315 21:19:00,DNologon
2010 316 09:03:00,Blogon
2010 316 09:11:19,BUrl
2010 316 12:00:25,CUrl
2010 316 12:21:55,CSendEmail
2010 316 12:24:52,CSendEmail
2010 316 12:37:49,CUrl
2010 316 18:01:47,DUrl
2010 316 19:18:04,DSendEmail
2010 316 19:57:29,DUrl
2010 316 21:23:00,DNologon
2010 319 09:17:00,Blogon
2010 319 09:52:07,BUrl
2010 319 13:13:02,CSendEmail
2010 319 13:16:25,CUrl
2010 319 18:32:37,DUrl
2010 319 21:19:55,DSendEmail
2010 319 21:20:14,DUrl
2010 319 21:21:44,DSendEmail
2010 319 21:21:48,DUrl
2010 319 21:23:00,DNologon
2010 320 09:14:00,Blogon
2010 320 09:18:14,BUrl
2010 320 12:21:58,CUrl
2010 320 15:36:43,CSendEmail
2010 320 15:50:38,CSendEmail
2010 320 15:53:38,CSendEmail
2010 320 16:42:56,CUrl
2010 320 18:15:55,DUrl
2010 320 21:25:00,DNologon
2010 321 09:07:00,Blogon
2010 321 09:08:01,BSendEmail
2010 321 09:08:32,BSendEmail
2010 321 09:10:44,BSendEmail
2010 321 09:14:09,BUrl
2010 321 12:50:34,CUrl
2010 321 19:09:13,DUrl
2010 321 21:28:00,DNologon
2010 322 09:15:00,Blogon
2010 322 10:02:52,BUrl
2010 322 12:13:31,CUrl
2010 322 18:50:19,DSendEmail
2010 322 18:58:00,DSendEmail
2010 322 19:23:17,DUrl
2010 322 19:26:44,DSendEmail
2010 322 19:38:49,DUrl
2010 322 21:28:00,DNologon
2010 323 09:26:00,Blogon
2010 323 09:46:59,BUrl
2010 323 13:06:49,CUrl
2010 323 16:41:55,CSendEmail
2010 323 16:43:16,CUrl
2010 323 16:46:45,CSendEmail
2010 323 16:46:48,CSendEmail
2010 323 17:31:12,CUrl
2010 323 18:25:16,DUrl
2010 323 21:10:00,DNologon
2010 326 09:02:00,Blogon
2010 326 09:03:08,BUrl
2010 326 12:00:43,CUrl
2010 326 16:36:50,CSendEmail
2010 326 16:44:30,CUrl
2010 326 18:07:19,DUrl
2010 326 19:13:11,DSendEmail
2010 326 19:15:10,DSendEmail
2010 326 19:53:33,DUrl
2010 326 21:08:00,DNologon
2010 327 09:07:00,Blogon
2010 327 09:09:23,BUrl
2010 327 12:29:05,CUrl
2010 327 18:14:17,DUrl
2010 327 18:39:40,DSendEmail
2010 327 18:39:58,DSendEmail
2010 327 18:41:11,DSendEmail
2010 327 18:56:13,DUrl
2010 327 21:22:00,DNologon
2010 328 09:10:00,Blogon
2010 328 09:33:31,BUrl
2010 328 10:31:03,BSendEmail
2010 328 10:55:52,BUrl
2010 328 12:53:24,CUrl
2010 328 18:38:43,DUrl
2010 328 21:20:00,DNologon
2010 333 09:19:00,Blogon
2010 333 10:29:54,BUrl
2010 333 10:41:31,BSendEmail
2010 333 11:19:23,BUrl
2010 333 12:04:45,CUrl
2010 333 12:15:21,CSendEmail
2010 333 12:18:14,CUrl
2010 333 13:19:06,CSendEmail
2010 333 13:24:07,CUrl
2010 333 18:32:02,DUrl
2010 333 21:02:00,DNologon
2010 334 09:16:00,Blogon
2010 334 09:36:13,BUrl
2010 334 11:44:40,BSendEmail
2010 334 11:56:14,BUrl
2010 334 12:13:10,CSendEmail
2010 334 12:23:38,CUrl
2010 334 18:13:58,DUrl
2010 334 20:23:14,DSendEmail
2010 334 20:24:12,DUrl
2010 334 21:08:00,DNologon
2010 335 09:27:00,Blogon
2010 335 09:32:19,BUrl
2010 335 12:15:38,CUrl
2010 335 12:54:28,CSendEmail
2010 335 12:55:33,CSendEmail
2010 335 12:57:14,CSendEmail
2010 335 13:43:57,CUrl
2010 335 18:05:30,DUrl
2010 335 21:12:00,DNologon
2010 336 09:09:00,Blogon
2010 336 09:13:41,BUrl
2010 336 11:20:20,BSendEmail
2010 336 11:26:13,BUrl
2010 336 12:18:43,CUrl
2010 336 16:50:44,CSendEmail
2010 336 17:20:38,CSendEmail
2010 336 17:30:01,CUrl
2010 336 18:17:34,DUrl
2010 336 21:07:00,DNologon
2010 337 09:00:00,Blogon
2010 337 09:01:51,BUrl
2010 337 12:53:04,CUrl
2010 337 17:16:52,CSendEmail
2010 337 17:17:33,CSendEmail
2010 337 17:25:45,CSendEmail
2010 337 17:48:32,CUrl
2010 337 18:01:54,DUrl
2010 337 21:19:00,DNologon
2010 340 09:05:00,Blogon
2010 340 09:29:31,BUrl
2010 340 10:52:33,BSendEmail
2010 340 10:55:04,BUrl
2010 340 13:50:39,CUrl
2010 340 15:49:16,CSendEmail
2010 340 15:51:53,CSendEmail
2010 340 15:53:07,CUrl
2010 340 19:22:46,DUrl
2010 340 21:20:00,DNologon
2010 341 09:09:00,Blogon
2010 341 21:06:00,DNologon
2010 342 09:15:00,Blogon
2010 342 09:20:28,BUrl
2010 342 12:05:05,CUrl
2010 342 12:41:09,CSendEmail
2010 342 14:26:00,CUrl
2010 342 18:09:53,DUrl
2010 342 20:45:50,DSendEmail
2010 342 20:56:59,DSendEmail
2010 342 20:57:46,DUrl
2010 342 21:15:00,DNologon
2010 343 09:22:00,Blogon
2010 343 09:55:09,BUrl
2010 343 12:26:02,CUrl
2010 343 12:41:28,CSendEmail
2010 343 12:47:00,CUrl
2010 343 12:53:58,CSendEmail
2010 343 12:56:19,CSendEmail
2010 343 12:59:23,CUrl
2010 343 18:00:46,DUrl
2010 343 21:05:00,DNologon
2010 344 09:06:00,Blogon
2010 344 09:28:59,BUrl
2010 344 13:00:09,CUrl
2010 344 15:35:56,CSendEmail
2010 344 15:39:11,CSendEmail
2010 344 16:06:34,CUrl
2010 344 18:13:54,DUrl
2010 344 19:24:54,DSendEmail
2010 344 19:57:32,DUrl
2010 344 21:23:00,DNologon
2010 347 09:01:00,Blogon
2010 347 09:07:51,BSendEmail
2010 347 09:09:13,BUrl
2010 347 09:12:07,BSendEmail
2010 347 09:24:18,BUrl
2010 347 12:12:06,CUrl
2010 347 17:24:22,CSendEmail
2010 347 17:29:51,CUrl
2010 347 18:15:40,DUrl
2010 347 21:02:00,DNologon
2010 348 09:14:00,Blogon
2010 348 09:18:50,BUrl
2010 348 12:21:00,CUrl
2010 348 15:58:09,CSendEmail
2010 348 16:23:09,CUrl
2010 348 16:55:20,CSendEmail
2010 348 16:59:35,CUrl
2010 348 18:04:39,DUrl
2010 348 18:18:37,DSendEmail
2010 348 18:18:50,DUrl
2010 348 21:17:00,DNologon
2010 349 09:20:00,Blogon
2010 349 09:44:15,BUrl
2010 349 11:10:53,BSendEmail
2010 349 11:12:22,BSendEmail
2010 349 11:17:45,BSendEmail
2010 349 11:34:26,BUrl
2010 349 12:04:58,CUrl
2010 349 18:00:42,DUrl
2010 349 21:05:00,DNologon
2010 350 09:28:00,Blogon
2010 350 09:47:02,BUrl
2010 350 11:28:54,BSendEmail
2010 350 11:41:32,BSendEmail
2010 350 12:09:28,CUrl
2010 350 12:23:13,CSendEmail
2010 350 12:37:29,CUrl
2010 350 18:47:46,DUrl
2010 350 21:08:00,DNologon
2010 351 09:20:00,Blogon
2010 351 09:25:37,BUrl
2010 351 13:24:49,CUrl
2010 351 17:19:50,CSendEmail
2010 351 17:35:06,CUrl
2010 351 18:43:06,DUrl
2010 351 20:44:24,DSendEmail
2010 351 20:51:26,DUrl
2010 351 20:52:22,DSendEmail
2010 351 21:02:36,DUrl
2010 351 21:05:00,DNologon
2010 354 09:11:00,Blogon
2010 354 09:30:13,BUrl
2010 354 12:52:15,CUrl
2010 354 18:42:09,DUrl
2010 354 21:06:35,DSendEmail
2010 354 21:08:06,DSendEmail
2010 354 21:22:26,DSendEmail
2010 354 21:24:00,DNologon
2010 355 09:16:00,Blogon
2010 355 09:18:12,BUrl
2010 355 09:40:25,BSendEmail
2010 355 10:14:16,BUrl
2010 355 12:06:59,CUrl
2010 355 18:24:17,DUrl
2010 355 19:39:14,DSendEmail
2010 355 19:41:41,DSendEmail
2010 355 20:10:26,DUrl
2010 355 21:12:00,DNologon
2010 356 09:19:00,Blogon
2010 356 09:42:43,BUrl
2010 356 13:07:56,CUrl
2010 356 15:37:16,CSendEmail
2010 356 15:37:20,CSendEmail
2010 356 15:37:23,CSendEmail
2010 356 16:01:26,CUrl
2010 356 18:43:27,DUrl
2010 356 21:17:00,DNologon
2010 361 09:27:00,Blogon
2010 361 09:48:04,BUrl
2010 361 12:34:23,CUrl
2010 361 14:51:11,CSendEmail
2010 361 14:53:47,CUrl
2010 361 14:54:23,CSendEmail
2010 361 14:57:51,CSendEmail
2010 361 16:24:40,CUrl
2010 361 18:03:43,DUrl
2010 361 21:06:00,DNologon
2010 362 09:03:00,Blogon
2010 362 09:25:07,BUrl
2010 362 10:44:28,BSendEmail
2010 362 10:51:41,BUrl
2010 362 10:55:10,BSendEmail
2010 362 11:23:57,BUrl
2010 362 12:35:55,CSendEmail
2010 362 12:38:17,CUrl
2010 362 18:21:23,DUrl
2010 362 21:26:00,DNologon
2010 363 09:22:00,Blogon
2010 363 09:24:24,BUrl
2010 363 12:02:54,CUrl
2010 363 12:07:38,CSendEmail
2010 363 12:08:58,CSendEmail
2010 363 12:31:06,CUrl
2010 363 17:52:15,CSendEmail
2010 363 17:52:18,CUrl
2010 363 18:21:00,DUrl
2010 363 21:08:00,DNologon
2010 364 09:19:00,Blogon
2010 364 09:26:47,BUrl
2010 364 12:14:25,CUrl
2010 364 16:10:00,CSendEmail
2010 364 16:51:25,CSendEmail
2010 364 16:57:41,CUrl
2010 364 18:56:21,DUrl
2010 364 19:25:08,DSendEmail
2010 364 19:43:06,DUrl
2010 364 21:09:00,DNologon
2011 003 09:08:00,Blogon
2011 003 09:14:07,BUrl
2011 003 12:09:13,CUrl
2011 003 14:32:15,CSendEmail
2011 003 14:55:37,CUrl
2011 003 15:30:03,CSendEmail
2011 003 15:33:38,CUrl
2011 003 18:11:09,DUrl
2011 003 21:01:00,DSendEmail
2011 003 21:01:57,DUrl
2011 003 21:05:00,DNologon
2011 004 09:23:00,Blogon
2011 004 09:56:51,BUrl
2011 004 12:38:10,CUrl
2011 004 13:51:05,CSendEmail
2011 004 14:26:43,CSendEmail
2011 004 14:36:58,CUrl
2011 004 14:44:06,CSendEmail
2011 004 14:56:42,CUrl
2011 004 18:02:53,DUrl
2011 004 21:09:00,DNologon
2011 005 09:17:00,Blogon
2011 005 09:21:46,BUrl
2011 005 11:47:22,BSendEmail
2011 005 11:56:07,BUrl
2011 005 12:11:29,CUrl
2011 005 15:47:44,CSendEmail
2011 005 15:49:11,CSendEmail
2011 005 16:10:04,CUrl
2011 005 18:04:46,DUrl
2011 005 21:10:00,DNologon
2011 006 09:24:00,Blogon
2011 006 09:27:56,BUrl
2011 006 10:52:25,BSendEmail
2011 006 11:01:47,BUrl
2011 006 12:14:27,CUrl
2011 006 16:59:43,CSendEmail
2011 006 17:01:22,CUrl
2011 006 17:03:41,CSendEmail
2011 006 17:22:28,CUrl
2011 006 18:10:23,DUrl
2011 006 21:07:00,DNologon
2011 007 09:13:00,Blogon
2011 007 09:18:51,BUrl
2011 007 11:12:18,BSendEmail
2011 007 11:22:31,BUrl
2011 007 11:23:49,BSendEmail
2011 007 11:25:00,BSendEmail
2011 007 11:25:18,BUrl
2011 007 12:58:09,CUrl
2011 007 18:32:04,DUrl
2011 007 21:21:00,DNologon
2011 010 09:16:00,Blogon
2011 010 09:45:42,BUrl
2011 010 13:55:37,CUrl
2011 010 18:06:29,DUrl
2011 010 19:48:08,DSendEmail
2011 010 20:04:58,DSendEmail
2011 010 20:05:13,DUrl
2011 010 20:23:19,DSendEmail
2011 010 20:32:10,DUrl
2011 010 21:11:00,DNologon
2011 011 09:17:00,Blogon
2011 011 09:30:22,BUrl
2011 011 12:31:27,CSendEmail
2011 011 12:32:06,CUrl
2011 011 12:33:35,CSendEmail
2011 011 12:49:36,CSendEmail
2011 011 13:08:34,CUrl
2011 011 19:03:21,DUrl
2011 011 21:13:00,DNologon
2011 012 09:17:00,Blogon
2011 012 09:25:10,BUrl
2011 012 12:03:08,CUrl
2011 012 12:22:24,CSendEmail
2011 012 12:33:09,CSendEmail
2011 012 12:33:17,CSendEmail
2011 012 12:56:04,CUrl
2011 012 18:31:03,DUrl
2011 012 21:15:00,DNologon
2011 013 09:28:00,Blogon
2011 013 09:29:01,BSendEmail
2011 013 09:29:02,BSendEmail
2011 013 09:45:40,BUrl
2011 013 12:00:52,CUrl
2011 013 18:02:57,DUrl
2011 013 20:53:49,DSendEmail
2011 013 21:01:42,DUrl
2011 013 21:10:00,DNologon
2011 014 09:25:00,Blogon
2011 014 09:29:13,BUrl
2011 014 12:04:41,CUrl
2011 014 15:36:44,CSendEmail
2011 014 16:03:18,CUrl
2011 014 16:26:37,CSendEmail
2011 014 16:28:56,CUrl
2011 014 16:31:33,CSendEmail
2011 014 16:59:42,CUrl
2011 014 18:36:48,DUrl
2011 014 21:13:00,DNologon
2011 017 09:20:00,Blogon
2011 017 09:24:42,BUrl
2011 017 10:02:46,BSendEmail
2011 017 10:03:01,BUrl
2011 017 11:21:53,BSendEmail
2011 017 11:30:23,BSendEmail
2011 017 12:28:08,CUrl
2011 017 18:03:54,DUrl
2011 017 21:15:00,DNologon
2011 018 09:13:00,Blogon
2011 018 09:16:56,BUrl
2011 018 12:00:01,CUrl
2011 018 17:15:34,CSendEmail
2011 018 17:16:26,CSendEmail
2011 018 17:18:07,CSendEmail
2011 018 18:24:10,DUrl
2011 018 21:21:00,DNologon
2011 019 09:21:00,Blogon
2011 019 09:43:37,BUrl
2011 019 12:17:27,CUrl
2011 019 18:11:24,DSendEmail
2011 019 18:33:47,DUrl
2011 019 19:22:19,DSendEmail
2011 019 19:27:06,DSendEmail
2011 019 19:36:06,DUrl
2011 019 21:04:00,DNologon
2011 020 09:12:00,Blogon
2011 020 09:24:33,BUrl
2011 020 11:48:12,BSendEmail
2011 020 12:07:03,CUrl
2011 020 12:57:31,CSendEmail
2011 020 13:24:54,CUrl
2011 020 18:05:03,DUrl
2011 020 20:37:13,DSendEmail
2011 020 21:15:20,DUrl
2011 020 21:22:00,DNologon
2011 021 09:18:00,Blogon
2011 021 09:27:23,BUrl
2011 021 10:59:51,BSendEmail
2011 021 11:00:57,BUrl
2011 021 12:03:32,CUrl
2011 021 18:20:50,DUrl
2011 021 20:29:00,DSendEmail
2011 021 20:30:13,DSendEmail
2011 021 20:36:54,DUrl
2011 021 21:05:00,DNologon
2011 024 09:24:00,Blogon
2011 024 09:55:00,BUrl
2011 024 11:17:35,BSendEmail
2011 024 11:20:22,BSendEmail
2011 024 11:25:19,BUrl
2011 024 12:19:57,CUrl
2011 024 14:47:31,CSendEmail
2011 024 16:19:58,CUrl
2011 024 18:18:12,DUrl
2011 024 21:08:00,DNologon
2011 025 09:05:00,Blogon
2011 025 09:10:12,BUrl
2011 025 12:07:01,CUrl
2011 025 18:29:40,DUrl
2011 025 19:48:42,DSendEmail
2011 025 19:48:53,DSendEmail
2011 025 19:51:19,DSendEmail
2011 025 20:07:52,DUrl
2011 025 21:07:00,DNologon
2011 026 09:18:00,Blogon
2011 026 09:30:23,BUrl
2011 026 13:12:32,CUrl
2011 026 18:21:06,DUrl
2011 026 20:14:45,DSendEmail
2011 026 20:18:40,DUrl
2011 026 20:20:30,DSendEmail
2011 026 20:21:30,DUrl
2011 026 20:50:47,DSendEmail
2011 026 21:10:00,DNologon
2011 027 09:22:00,Blogon
2011 027 09:27:37,BUrl
2011 027 12:33:20,CSendEmail
2011 027 12:39:48,CSendEmail
2011 027 12:40:51,CSendEmail
2011 027 12:45:03,CUrl
2011 027 18:14:39,DUrl
2011 027 21:07:00,DNologon
2011 028 09:15:00,Blogon
2011 028 09:46:36,BUrl
2011 028 10:08:36,BSendEmail
2011 028 10:24:50,BUrl
2011 028 12:21:28,CUrl
2011 028 15:41:53,CSendEmail
2011 028 15:42:26,CSendEmail
2011 028 16:45:57,CUrl
2011 028 18:44:09,DUrl
2011 028 21:09:00,DNologon
2011 031 09:06:00,Blogon
2011 031 09:13:36,BUrl
2011 031 10:46:45,BSendEmail
2011 031 10:59:21,BUrl
2011 031 12:29:46,CUrl
2011 031 13:23:30,CSendEmail
2011 031 14:19:33,CUrl
2011 031 18:21:58,DUrl
2011 031 19:41:35,DSendEmail
2011 031 19:43:43,DUrl
2011 031 21:15:00,DNologon
2011 032 09:08:00,Blogon
2011 032 09:26:09,BUrl
2011 032 12:17:57,CUrl
2011 032 15:43:41,CSendEmail
2011 032 15:57:25,CUrl
2011 032 17:48:05,CSendEmail
2011 032 17:55:37,CUrl
2011 032 17:58:33,CSendEmail
2011 032 18:03:03,DUrl
2011 032 21:16:00,DNologon
2011 033 09:03:00,Blogon
2011 033 09:20:39,BUrl
2011 033 12:19:18,CUrl
2011 033 18:58:12,DUrl
2011 033 19:47:41,DSendEmail
2011 033 19:48:24,DSendEmail
2011 033 19:51:19,DUrl
2011 033 20:00:32,DSendEmail
2011 033 20:48:36,DUrl
2011 033 21:24:00,DNologon
2011 034 09:24:00,Blogon
2011 034 09:48:34,BUrl
2011 034 12:53:10,CUrl
2011 034 19:02:12,DUrl
2011 034 21:04:19,DSendEmail
2011 034 21:09:22,DSendEmail
2011 034 21:12:30,DSendEmail
2011 034 21:24:00,DNologon
2011 035 09:07:00,Blogon
2011 035 09:25:25,BUrl
2011 035 12:27:04,CUrl
2011 035 14:28:11,CSendEmail
2011 035 14:28:58,CSendEmail
2011 035 14:29:25,CSendEmail
2011 035 14:37:22,CUrl
2011 035 18:09:12,DUrl
2011 035 21:27:00,DNologon
2011 038 09:04:00,Blogon
2011 038 09:15:27,BUrl
2011 038 10:52:24,BSendEmail
2011 038 11:16:26,BUrl
2011 038 12:13:12,CSendEmail
2011 038 12:36:08,CSendEmail
2011 038 12:49:40,CUrl
2011 038 18:25:37,DUrl
2011 038 21:13:00,DNologon
2011 039 09:13:00,Blogon
2011 039 09:14:16,BUrl
2011 039 13:10:40,CUrl
2011 039 16:27:57,CSendEmail
2011 039 16:44:15,CUrl
2011 039 17:10:50,CSendEmail
2011 039 17:12:09,CUrl
2011 039 18:15:22,DSendEmail
2011 039 18:18:32,DUrl
2011 039 21:17:00,DNologon
2011 040 09:25:00,Blogon
2011 040 09:34:05,BUrl
2011 040 12:20:51,CUrl
2011 040 13:04:46,CSendEmail
2011 040 13:54:53,CUrl
2011 040 14:12:42,CSendEmail
2011 040 14:30:19,CUrl
2011 040 17:26:35,CSendEmail
2011 040 17:32:32,CUrl
2011 040 18:38:52,DUrl
2011 040 21:06:00,DNologon
2011 041 09:10:00,Blogon
2011 041 09:32:11,BUrl
2011 041 12:05:40,CUrl
2011 041 12:17:18,CSendEmail
2011 041 13:16:55,CUrl
2011 041 18:14:06,DUrl
2011 041 19:18:57,DSendEmail
2011 041 19:18:58,DSendEmail
2011 041 19:19:17,DUrl
2011 041 21:22:00,DNologon
2011 042 09:16:00,Blogon
2011 042 10:00:02,BUrl
2011 042 12:12:07,CSendEmail
2011 042 12:30:38,CUrl
2011 042 15:26:45,CSendEmail
2011 042 15:31:40,CSendEmail
2011 042 16:31:10,CUrl
2011 042 18:13:58,DUrl
2011 042 21:20:00,DNologon
2011 045 09:08:00,Blogon
2011 045 09:26:42,BUrl
2011 045 10:42:09,BSendEmail
2011 045 10:50:39,BSendEmail
2011 045 10:57:07,BSendEmail
2011 045 11:14:02,BUrl
2011 045 12:06:13,CUrl
2011 045 18:29:20,DUrl
2011 045 21:26:00,DNologon
2011 046 09:11:00,Blogon
2011 046 09:16:37,BUrl
2011 046 12:16:38,CUrl
2011 046 15:02:45,CSendEmail
2011 046 15:19:25,CUrl
2011 046 15:20:57,CSendEmail
2011 046 16:16:16,CUrl
2011 046 18:17:31,DUrl
2011 046 18:36:17,DSendEmail
2011 046 19:01:47,DUrl
2011 046 21:27:00,DNologon
2011 047 09:24:00,Blogon
2011 047 09:31:07,BUrl
2011 047 11:02:02,BSendEmail
2011 047 11:08:40,BSendEmail
2011 047 11:22:39,BUrl
2011 047 11:42:18,BSendEmail
2011 047 11:48:09,BUrl
2011 047 12:36:49,CUrl
2011 047 18:10:59,DUrl
2011 047 21:06:00,DNologon
2011 048 09:16:00,Blogon
2011 048 09:31:51,BUrl
2011 048 10:27:01,BSendEmail
2011 048 10:33:32,BSendEmail
2011 048 10:34:22,BUrl
2011 048 11:02:39,BSendEmail
2011 048 11:13:21,BUrl
2011 048 12:18:16,CUrl
2011 048 18:16:27,DUrl
2011 048 21:06:00,DNologon
2011 049 09:18:00,Blogon
2011 049 09:25:59,BUrl
2011 049 12:07:14,CUrl
2011 049 15:07:50,CSendEmail
2011 049 15:35:43,CUrl
2011 049 18:01:12,DUrl
2011 049 18:28:13,DSendEmail
2011 049 19:42:55,DUrl
2011 049 19:59:08,DSendEmail
2011 049 20:07:52,DUrl
2011 049 21:05:00,DNologon
2011 052 09:04:00,Blogon
2011 052 10:33:01,BUrl
2011 052 12:32:00,CSendEmail
2011 052 12:53:10,CUrl
2011 052 18:22:30,DUrl
2011 052 20:59:19,DSendEmail
2011 052 21:13:00,DNologon
2011 053 09:20:00,Blogon
2011 053 10:13:58,BUrl
2011 053 12:24:37,CUrl
2011 053 15:15:33,CSendEmail
2011 053 15:21:08,CSendEmail
2011 053 15:36:10,CUrl
2011 053 18:02:22,DUrl
2011 053 20:05:50,DSendEmail
2011 053 20:32:14,DUrl
2011 053 21:08:00,DNologon
2011 054 09:20:00,Blogon
2011 054 09:33:13,BUrl
2011 054 13:17:42,CUrl
2011 054 14:29:36,CSendEmail
2011 054 14:45:02,CUrl
2011 054 19:09:22,DUrl
2011 054 19:13:12,DSendEmail
2011 054 19:50:47,DUrl
2011 054 19:54:28,DSendEmail
2011 054 20:03:06,DUrl
2011 054 21:08:00,DNologon
2011 055 09:25:00,Blogon
2011 055 10:04:46,BUrl
2011 055 10:47:59,BSendEmail
2011 055 11:29:19,BUrl
2011 055 12:04:42,CSendEmail
2011 055 12:42:17,CSendEmail
2011 055 12:45:44,CUrl
2011 055 18:30:05,DUrl
2011 055 21:24:00,DNologon
2011 056 09:24:00,Blogon
2011 056 09:33:17,BUrl
2011 056 12:43:07,CUrl
2011 056 18:14:54,DUrl
2011 056 18:14:56,DSendEmail
2011 056 18:17:47,DSendEmail
2011 056 18:18:53,DSendEmail
2011 056 18:26:51,DUrl
2011 056 21:04:00,DNologon
2011 059 09:27:00,Blogon
2011 059 09:29:28,BUrl
2011 059 12:08:20,CUrl
2011 059 15:49:34,CSendEmail
2011 059 16:03:34,CUrl
2011 059 18:45:00,DUrl
2011 059 18:56:04,DSendEmail
2011 059 19:07:30,DSendEmail
2011 059 19:27:18,DUrl
2011 059 21:03:00,DNologon
2011 060 09:05:00,Blogon
2011 060 09:10:39,BUrl
2011 060 12:16:44,CUrl
2011 060 13:30:36,CSendEmail
2011 060 13:32:41,CSendEmail
2011 060 13:50:55,CUrl
2011 060 14:06:22,CSendEmail
2011 060 14:07:44,CUrl
2011 060 18:14:23,DUrl
2011 060 21:15:00,DNologon
2011 061 09:20:00,Blogon
2011 061 09:51:26,BUrl
2011 061 12:13:46,CSendEmail
2011 061 12:15:35,CUrl
2011 061 12:56:38,CSendEmail
2011 061 13:14:30,CUrl
2011 061 18:29:52,DUrl
2011 061 18:39:07,DSendEmail
2011 061 18:39:29,DUrl
2011 061 21:07:00,DNologon
2011 062 09:18:00,Blogon
2011 062 09:20:45,BUrl
2011 062 12:42:38,CUrl
2011 062 18:03:49,DUrl
2011 062 19:09:18,DSendEmail
2011 062 19:13:59,DSendEmail
2011 062 19:15:45,DSendEmail
2011 062 19:17:03,DUrl
2011 062 21:08:00,DNologon
2011 063 09:01:00,Blogon
2011 063 09:02:29,BUrl
2011 063 10:59:51,BSendEmail
2011 063 11:09:03,BUrl
2011 063 11:17:18,BSendEmail
2011 063 11:25:43,BSendEmail
2011 063 11:54:18,BUrl
2011 063 12:05:19,CUrl
2011 063 18:52:58,DUrl
2011 063 21:30:00,DNologon
2011 066 09:07:00,Blogon
2011 066 09:49:24,BUrl
2011 066 12:33:45,CUrl
2011 066 16:13:03,CSendEmail
2011 066 16:32:54,CSendEmail
2011 066 17:18:19,CUrl
2011 066 18:02:33,DUrl
2011 066 18:17:50,DSendEmail
2011 066 18:23:26,DUrl
2011 066 21:28:00,DNologon
2011 067 09:27:00,Blogon
2011 067 10:14:47,BUrl
2011 067 12:09:23,CUrl
2011 067 13:10:36,CSendEmail
2011 067 13:11:04,CSendEmail
2011 067 13:11:56,CUrl
2011 067 13:12:47,CSendEmail
2011 067 13:19:33,CUrl
2011 067 18:20:17,DUrl
2011 067 21:10:00,DNologon
2011 068 09:17:00,Blogon
2011 068 09:20:26,BUrl
2011 068 11:41:53,BSendEmail
2011 068 11:54:42,BSendEmail
2011 068 12:04:17,CUrl
2011 068 14:25:21,CSendEmail
2011 068 15:12:10,CUrl
2011 068 18:31:54,DUrl
2011 068 21:11:00,DNologon
2011 069 09:23:00,Blogon
2011 069 10:26:09,BUrl
2011 069 11:28:52,BSendEmail
2011 069 11:38:38,BUrl
2011 069 11:39:16,BSendEmail
2011 069 11:45:33,BUrl
2011 069 12:09:42,CUrl
2011 069 16:55:23,CSendEmail
2011 069 17:35:54,CUrl
2011 069 18:52:07,DUrl
2011 069 21:04:00,DNologon
2011 070 09:08:00,Blogon
2011 070 09:16:42,BUrl
2011 070 12:13:28,CUrl
2011 070 13:28:34,CSendEmail
2011 070 13:28:49,CSendEmail
2011 070 13:28:59,CSendEmail
2011 070 13:34:13,CUrl
2011 070 18:11:09,DUrl
2011 070 21:12:00,DNologon
2011 073 09:24:00,Blogon
2011 073 09:45:07,BSendEmail
2011 073 10:11:02,BUrl
2011 073 12:10:20,CUrl
2011 073 13:37:36,CSendEmail
2011 073 13:39:39,CSendEmail
2011 073 13:55:52,CUrl
2011 073 18:20:32,DUrl
2011 073 21:05:00,DNologon
2011 074 09:07:00,Blogon
2011 074 09:11:16,BSendEmail
2011 074 09:16:15,BUrl
2011 074 09:46:53,BSendEmail
2011 074 09:56:12,BUrl
2011 074 10:04:33,BSendEmail
2011 074 10:09:48,BUrl
2011 074 12:05:47,CUrl
2011 074 18:13:49,DUrl
2011 074 21:26:00,DNologon
2011 075 09:28:00,Blogon
2011 075 09:49:53,BUrl
2011 075 12:09:44,CUrl
2011 075 12:37:01,CSendEmail
2011 075 13:15:49,CUrl
2011 075 18:14:14,DUrl
2011 075 21:14:00,DNologon
2011 076 09:15:00,Blogon
2011 076 09:17:05,BUrl
2011 076 12:07:15,CSendEmail
2011 076 12:17:29,CUrl
2011 076 17:03:17,CSendEmail
2011 076 17:05:13,CSendEmail
2011 076 17:07:22,CUrl
2011 076 18:40:21,DUrl
2011 076 21:26:00,DNologon
2011 077 09:28:00,Blogon
2011 077 09:30:50,BUrl
2011 077 09:43:39,BSendEmail
2011 077 10:28:58,BUrl
2011 077 12:06:47,CUrl
2011 077 16:43:19,CSendEmail
2011 077 17:20:20,CUrl
2011 077 18:40:18,DUrl
2011 077 20:50:59,DSendEmail
2011 077 21:06:00,DNologon
2011 080 09:24:00,Blogon
2011 080 09:37:53,BUrl
2011 080 09:40:12,BSendEmail
2011 080 09:40:38,BUrl
2011 080 12:14:42,CUrl
2011 080 19:07:16,DUrl
2011 080 19:09:48,DSendEmail
2011 080 19:12:16,DUrl
2011 080 19:14:01,DSendEmail
2011 080 19:31:33,DUrl
2011 080 21:04:00,DNologon
2011 081 09:25:00,Blogon
2011 081 09:58:22,BUrl
2011 081 10:57:57,BSendEmail
2011 081 12:03:44,CUrl
2011 081 12:49:50,CSendEmail
2011 081 14:03:15,CUrl
2011 081 18:37:31,DUrl
2011 081 20:57:15,DSendEmail
2011 081 20:57:43,DUrl
2011 081 21:20:00,DNologon
2011 082 09:18:00,Blogon
2011 082 09:47:02,BUrl
2011 082 12:10:01,CUrl
2011 082 13:04:14,CSendEmail
2011 082 13:07:43,CSendEmail
2011 082 13:09:24,CSendEmail
2011 082 13:13:29,CUrl
2011 082 18:04:34,DUrl
2011 082 21:07:00,DNologon
2011 083 09:05:00,Blogon
2011 083 09:10:44,BUrl
2011 083 11:08:31,BSendEmail
2011 083 11:30:31,BUrl
2011 083 12:55:01,CUrl
2011 083 18:06:11,DUrl
2011 083 21:01:32,DSendEmail
2011 083 21:04:31,DSendEmail
2011 083 21:14:00,DNologon
2011 084 09:24:00,Blogon
2011 084 09:46:12,BUrl
2011 084 09:58:07,BSendEmail
2011 084 10:19:46,BUrl
2011 084 12:09:03,CUrl
2011 084 12:12:14,CSendEmail
2011 084 12:16:12,CSendEmail
2011 084 12:31:46,CUrl
2011 084 19:00:41,DUrl
2011 084 21:30:00,DNologon
2011 087 09:08:00,Blogon
2011 087 09:18:39,BUrl
2011 087 12:00:24,CUrl
2011 087 18:13:42,DUrl
2011 087 19:48:53,DSendEmail
2011 087 19:53:40,DSendEmail
2011 087 19:54:54,DSendEmail
2011 087 19:59:42,DUrl
2011 087 21:26:00,DNologon
2011 088 09:15:00,Blogon
2011 088 09:28:40,BUrl
2011 088 12:14:37,CUrl
2011 088 16:37:10,CSendEmail
2011 088 16:37:15,CUrl
2011 088 16:47:32,CSendEmail
2011 088 16:48:14,CSendEmail
2011 088 19:06:07,DUrl
2011 088 21:12:00,DNologon
2011 089 09:08:00,Blogon
2011 089 09:09:18,BUrl
2011 089 09:14:43,BSendEmail
2011 089 09:17:39,BSendEmail
2011 089 09:19:18,BUrl
2011 089 11:46:31,BSendEmail
2011 089 12:02:20,CUrl
2011 089 18:43:18,DUrl
2011 089 21:25:00,DNologon
2011 090 09:22:00,Blogon
2011 090 09:26:25,BUrl
2011 090 10:00:14,BSendEmail
2011 090 10:09:10,BUrl
2011 090 10:16:25,BSendEmail
2011 090 10:48:29,BUrl
2011 090 12:46:52,CUrl
2011 090 18:16:47,DUrl
2011 090 20:24:10,DSendEmail
2011 090 20:27:53,DUrl
2011 090 21:14:00,DNologon
2011 091 09:09:00,Blogon
2011 091 09:33:08,BUrl
2011 091 09:54:03,BSendEmail
2011 091 10:41:18,BUrl
2011 091 12:20:02,CUrl
2011 091 15:14:57,CSendEmail
2011 091 15:31:50,CUrl
2011 091 18:29:09,DUrl
2011 091 20:35:58,DSendEmail
2011 091 20:39:02,DUrl
2011 091 21:09:00,DNologon
2011 094 09:05:00,Blogon
2011 094 09:07:32,BUrl
2011 094 12:01:18,CUrl
2011 094 12:52:37,CSendEmail
2011 094 13:39:41,CUrl
2011 094 18:30:26,DUrl
2011 094 20:25:20,DSendEmail
2011 094 20:26:36,DSendEmail
2011 094 20:42:11,DUrl
2011 094 21:28:00,DNologon
2011 095 09:23:00,Blogon
2011 095 09:35:12,BUrl
2011 095 12:21:34,CSendEmail
2011 095 12:23:12,CUrl
2011 095 12:40:06,CSendEmail
2011 095 12:49:25,CUrl
2011 095 13:15:42,CSendEmail
2011 095 13:24:19,CUrl
2011 095 18:15:40,DUrl
2011 095 21:11:00,DNologon
2011 096 09:15:00,Blogon
2011 096 10:21:57,BUrl
2011 096 12:09:17,CSendEmail
2011 096 13:03:04,CUrl
2011 096 18:37:01,DSendEmail
2011 096 18:38:22,DSendEmail
2011 096 19:20:32,DUrl
2011 096 21:30:00,DNologon
2011 097 09:09:00,Blogon
2011 097 09:17:15,BUrl
2011 097 12:34:29,CUrl
2011 097 18:15:09,DUrl
2011 097 20:00:18,DSendEmail
2011 097 20:00:31,DSendEmail
2011 097 20:00:32,DUrl
2011 097 20:00:37,DSendEmail
2011 097 20:30:08,DUrl
2011 097 21:22:00,DNologon
2011 098 09:16:00,Blogon
2011 098 09:31:17,BUrl
2011 098 10:39:23,BSendEmail
2011 098 10:41:30,BSendEmail
2011 098 10:49:40,BSendEmail
2011 098 10:54:31,BUrl
2011 098 12:45:12,CUrl
2011 098 18:05:18,DUrl
2011 098 21:04:00,DNologon
2011 101 09:27:00,Blogon
2011 101 09:42:49,BUrl
2011 101 09:43:24,BSendEmail
2011 101 09:54:07,BUrl
2011 101 13:03:49,CUrl
2011 101 15:08:41,CSendEmail
2011 101 15:14:06,CUrl
2011 101 16:29:29,CSendEmail
2011 101 16:43:02,CUrl
2011 101 18:01:52,DUrl
2011 101 21:11:00,DNologon
2011 102 09:23:00,Blogon
2011 102 09:26:24,BSendEmail
2011 102 09:29:35,BSendEmail
2011 102 09:31:23,BUrl
2011 102 12:08:56,CUrl
2011 102 16:07:28,CSendEmail
2011 102 16:10:11,CUrl
2011 102 18:12:25,DUrl
2011 102 21:05:00,DNologon
2011 103 09:20:00,Blogon
2011 103 10:17:57,BUrl
2011 103 11:09:11,BSendEmail
2011 103 11:15:08,BUrl
2011 103 11:20:39,BSendEmail
2011 103 11:21:15,BUrl
2011 103 12:03:46,CUrl
2011 103 17:03:18,CSendEmail
2011 103 17:19:30,CUrl
2011 103 19:10:39,DUrl
2011 103 21:05:00,DNologon
2011 104 09:07:00,Blogon
2011 104 09:12:13,BSendEmail
2011 104 09:16:04,BUrl
2011 104 09:21:58,BSendEmail
2011 104 09:25:07,BUrl
2011 104 12:16:00,CUrl
2011 104 18:16:55,DSendEmail
2011 104 18:32:45,DUrl
2011 104 21:03:00,DNologon
2011 105 09:17:00,Blogon
2011 105 09:31:17,BUrl
2011 105 12:02:51,CUrl
2011 105 13:17:30,CSendEmail
2011 105 13:25:37,CUrl
2011 105 17:48:14,CSendEmail
2011 105 18:25:08,DUrl
2011 105 20:28:30,DSendEmail
2011 105 20:54:35,DUrl
2011 105 21:06:00,DNologon
2011 108 09:24:00,Blogon
2011 108 10:30:43,BUrl
2011 108 12:00:13,CUrl
2011 108 13:10:13,CSendEmail
2011 108 13:17:06,CUrl
2011 108 13:21:14,CSendEmail
2011 108 13:28:00,CUrl
2011 108 13:29:35,CSendEmail
2011 108 13:59:29,CUrl
2011 108 18:38:14,DUrl
2011 108 21:20:00,DNologon
2011 109 09:23:00,Blogon
2011 109 09:35:37,BUrl
2011 109 11:14:59,BSendEmail
2011 109 11:20:02,BUrl
2011 109 12:00:22,CUrl
2011 109 12:09:01,CSendEmail
2011 109 12:09:10,CUrl
2011 109 18:44:22,DUrl
2011 109 20:56:53,DSendEmail
2011 109 21:11:00,DNologon
2011 110 09:10:00,Blogon
2011 110 09:29:35,BUrl
2011 110 12:11:29,CSendEmail
2011 110 12:14:31,CUrl
2011 110 15:33:27,CSendEmail
2011 110 15:48:54,CUrl
2011 110 18:00:27,DUrl
2011 110 19:41:49,DSendEmail
2011 110 19:47:13,DUrl
2011 110 21:21:00,DNologon
2011 111 09:21:00,Blogon
2011 111 09:32:13,BUrl
2011 111 12:24:10,CUrl
2011 111 12:36:44,CSendEmail
2011 111 12:41:20,CUrl
2011 111 17:02:31,CSendEmail
2011 111 17:02:37,CSendEmail
2011 111 17:13:42,CUrl
2011 111 18:24:48,DUrl
2011 111 21:11:00,DNologon
2011 115 09:26:00,Blogon
2011 115 09:50:53,BSendEmail
2011 115 09:58:41,BUrl
2011 115 10:51:29,BSendEmail
2011 115 10:59:51,BUrl
2011 115 12:08:51,CSendEmail
2011 115 12:11:12,CUrl
2011 115 18:16:12,DUrl
2011 115 21:03:00,DNologon
2011 116 09:06:00,Blogon
2011 116 10:01:36,BUrl
2011 116 12:09:40,CUrl
2011 116 16:56:56,CSendEmail
2011 116 17:01:35,CSendEmail
2011 116 17:10:37,CSendEmail
2011 116 17:50:29,CUrl
2011 116 18:05:22,DUrl
2011 116 21:15:00,DNologon
2011 117 09:03:00,Blogon
2011 117 09:16:29,BUrl
2011 117 13:07:18,CUrl
2011 117 18:30:25,DUrl
2011 117 19:08:33,DSendEmail
2011 117 19:09:39,DSendEmail
2011 117 19:10:32,DUrl
2011 117 19:13:46,DSendEmail
2011 117 19:28:21,DUrl
2011 117 21:13:00,DNologon
2011 118 09:03:00,Blogon
2011 118 09:16:45,BUrl
2011 118 12:29:14,CUrl
2011 118 15:19:36,CSendEmail
2011 118 15:21:43,CUrl
2011 118 18:04:04,DUrl
2011 118 19:27:32,DSendEmail
2011 118 19:40:07,DUrl
2011 118 20:51:52,DSendEmail
2011 118 20:58:50,DUrl
2011 118 21:21:00,DNologon
2011 119 09:25:00,Blogon
2011 119 09:37:34,BUrl
2011 119 12:07:21,CUrl
2011 119 14:43:09,CSendEmail
2011 119 15:05:09,CUrl
2011 119 18:01:36,DUrl
2011 119 19:02:04,DSendEmail
2011 119 19:34:12,DUrl
2011 119 19:38:49,DSendEmail
2011 119 19:42:05,DUrl
2011 119 21:20:00,DNologon
2011 122 09:21:00,Blogon
2011 122 09:48:00,BUrl
2011 122 11:15:19,BSendEmail
2011 122 11:19:06,BUrl
2011 122 11:25:37,BSendEmail
2011 122 11:26:06,BUrl
2011 122 12:33:01,CUrl
2011 122 12:37:15,CSendEmail
2011 122 13:03:57,CUrl
2011 122 18:07:03,DUrl
2011 122 21:05:00,DNologon
2011 123 09:08:00,Blogon
2011 123 09:09:09,BUrl
2011 123 10:01:52,BSendEmail
2011 123 10:05:25,BSendEmail
2011 123 10:18:40,BUrl
2011 123 12:10:50,CUrl
2011 123 18:26:10,DUrl
2011 123 18:58:50,DSendEmail
2011 123 19:32:53,DUrl
2011 123 21:26:00,DNologon
2011 124 09:07:00,Blogon
2011 124 09:54:30,BUrl
2011 124 12:22:15,CUrl
2011 124 15:17:00,CSendEmail
2011 124 15:20:39,CUrl
2011 124 18:27:03,DUrl
2011 124 20:56:55,DSendEmail
2011 124 21:02:49,DUrl
2011 124 21:03:02,DSendEmail
2011 124 21:17:00,DNologon
2011 125 09:01:00,Blogon
2011 125 09:25:37,BUrl
2011 125 12:36:42,CUrl
2011 125 15:07:55,CSendEmail
2011 125 15:30:30,CUrl
2011 125 18:51:04,DUrl
2011 125 20:45:23,DSendEmail
2011 125 20:46:38,DUrl
2011 125 21:20:00,DNologon
2011 126 09:20:00,Blogon
2011 126 09:21:01,BUrl
2011 126 12:03:54,CSendEmail
2011 126 12:15:51,CUrl
2011 126 16:24:33,CSendEmail
2011 126 16:27:32,CUrl
2011 126 17:12:53,CSendEmail
2011 126 18:13:59,DUrl
2011 126 21:13:00,DNologon
2011 129 09:17:00,Blogon
2011 129 09:24:26,BUrl
2011 129 13:49:02,CUrl
2011 129 18:02:44,DUrl
2011 129 18:58:02,DSendEmail
2011 129 19:12:50,DUrl
2011 129 19:26:50,DSendEmail
2011 129 19:42:06,DSendEmail
2011 129 20:39:03,DUrl
2011 129 21:05:00,DNologon
2011 130 09:07:00,Blogon
2011 130 09:52:38,BUrl
2011 130 11:37:51,BSendEmail
2011 130 11:37:58,BSendEmail
2011 130 11:42:18,BUrl
2011 130 14:30:09,CUrl
2011 130 15:29:41,CSendEmail
2011 130 15:37:15,CUrl
2011 130 18:19:29,DUrl
2011 130 21:18:00,DNologon
2011 131 09:16:00,Blogon
2011 131 09:34:53,BUrl
2011 131 12:16:16,CUrl
2011 131 13:37:05,CSendEmail
2011 131 13:46:03,CUrl
2011 131 13:48:42,CSendEmail
2011 131 13:58:38,CUrl
2011 131 19:23:12,DUrl
2011 131 20:32:05,DSendEmail
2011 131 20:36:54,DUrl
2011 131 21:13:00,DNologon
2011 132 09:14:00,Blogon
2011 132 09:49:14,BUrl
2011 132 12:15:28,CUrl
2011 132 18:10:54,DUrl
2011 132 18:22:10,DSendEmail
2011 132 18:23:07,DUrl
2011 132 18:24:51,DSendEmail
2011 132 18:37:44,DSendEmail
2011 132 19:17:52,DUrl
2011 132 21:18:00,DNologon
2011 133 09:02:00,Blogon
2011 133 09:46:47,BUrl
2011 133 12:13:35,CUrl
2011 133 19:36:58,DSendEmail
2011 133 19:38:12,DSendEmail
2011 133 19:40:32,DUrl
2011 133 20:59:10,DSendEmail
2011 133 21:08:01,DUrl
2011 133 21:15:00,DNologon
2011 136 09:27:00,Blogon
2011 136 09:32:20,BUrl
2011 136 10:28:09,BSendEmail
2011 136 10:30:53,BSendEmail
2011 136 11:16:56,BUrl
2011 136 12:18:15,CUrl
2011 136 16:35:58,CSendEmail
2011 136 16:41:27,CUrl
2011 136 18:25:28,DUrl
2011 136 21:14:00,DNologon
