2010 004 08:26:00,Blogon
2010 004 09:01:49,BSendEmail
2010 004 09:28:55,BUrl
2010 004 12:26:39,CUrl
2010 004 19:33:00,DNologon
2010 005 08:40:00,Blogon
2010 005 09:03:54,BUrl
2010 005 12:58:04,CUrl
2010 005 14:43:48,CSendEmail
2010 005 18:45:15,DUrl
2010 005 19:19:00,DNologon
2010 006 08:25:00,Blogon
2010 006 09:33:12,BUrl
2010 006 12:59:24,CUrl
2010 006 13:09:10,CSendEmail
2010 006 13:32:06,CUrl
2010 006 19:02:57,DUrl
2010 006 19:30:00,DNologon
2010 007 08:38:00,Blogon
2010 007 09:21:04,BUrl
2010 007 12:35:26,CUrl
2010 007 14:36:59,CSendEmail
2010 007 17:43:14,CUrl
2010 007 18:21:58,DUrl
2010 007 19:21:00,DNologon
2010 008 08:41:00,Blogon
2010 008 09:00:35,BUrl
2010 008 12:12:58,CUrl
2010 008 13:38:34,CSendEmail
2010 008 15:52:37,CUrl
2010 008 18:24:08,DUrl
2010 008 19:25:00,DNologon
2010 011 08:18:00,Blogon
2010 011 08:32:13,BUrl
2010 011 12:30:22,CSendEmail
2010 011 14:09:26,CUrl
2010 011 18:35:35,DUrl
2010 011 19:43:00,DNologon
2010 012 08:39:00,Blogon
2010 012 09:57:01,BUrl
2010 012 13:11:02,CUrl
2010 012 18:30:46,DUrl
2010 012 19:30:20,DSendEmail
2010 012 19:33:00,DUrl
2010 012 19:41:00,DNologon
2010 013 08:35:00,Blogon
2010 013 09:27:52,BUrl
2010 013 13:08:54,CUrl
2010 013 14:24:39,CSendEmail
2010 013 14:27:58,CUrl
2010 013 18:57:50,DUrl
2010 013 19:21:00,DNologon
2010 014 08:19:00,Blogon
2010 014 08:23:47,BSendEmail
2010 014 08:39:32,BUrl
2010 014 12:11:00,CUrl
2010 014 19:33:00,DNologon
2010 015 08:39:00,Blogon
2010 015 09:55:03,BUrl
2010 015 12:21:37,CUrl
2010 015 16:57:20,CSendEmail
2010 015 16:58:00,CUrl
2010 015 19:25:00,DNologon
2010 018 08:17:00,Blogon
2010 018 08:24:51,BUrl
2010 018 12:51:15,CUrl
2010 018 18:00:37,DUrl
2010 018 18:37:40,DSendEmail
2010 018 18:40:15,DUrl
2010 018 19:28:00,DNologon
2010 019 08:23:00,Blogon
2010 019 08:32:31,BUrl
2010 019 12:21:07,CUrl
2010 019 18:14:41,DSendEmail
2010 019 18:56:07,DUrl
2010 019 19:38:00,DNologon
2010 020 08:30:00,Blogon
2010 020 08:40:55,BUrl
2010 020 12:47:00,CUrl
2010 020 18:00:35,DUrl
2010 020 19:39:05,DSendEmail
2010 020 19:41:10,DUrl
2010 020 19:45:00,DNologon
2010 021 08:35:00,Blogon
2010 021 08:52:56,BUrl
2010 021 10:51:07,BSendEmail
2010 021 12:33:10,CUrl
2010 021 18:32:57,DUrl
2010 021 19:19:00,DNologon
2010 022 08:17:00,Blogon
2010 022 08:24:50,BUrl
2010 022 13:09:35,CUrl
2010 022 13:23:16,CSendEmail
2010 022 16:12:42,CUrl
2010 022 18:04:03,DUrl
2010 022 19:35:00,DNologon
2010 025 08:19:00,Blogon
2010 025 08:52:46,BUrl
2010 025 10:17:23,BSendEmail
2010 025 11:31:01,BUrl
2010 025 12:30:42,CUrl
2010 025 18:40:39,DUrl
2010 025 19:33:00,DNologon
2010 026 08:34:00,Blogon
2010 026 09:34:16,BUrl
2010 026 11:37:27,BSendEmail
2010 026 12:12:39,CUrl
2010 026 18:21:23,DUrl
2010 026 19:33:00,DNologon
2010 027 08:26:00,Blogon
2010 027 08:27:14,BUrl
2010 027 13:52:18,CUrl
2010 027 18:48:23,DSendEmail
2010 027 18:49:50,DUrl
2010 027 19:33:00,DNologon
2010 028 08:38:00,Blogon
2010 028 08:48:04,BUrl
2010 028 12:57:41,CUrl
2010 028 18:56:13,DSendEmail
2010 028 18:59:37,DUrl
2010 028 19:23:00,DNologon
2010 029 08:35:00,Blogon
2010 029 09:46:12,BUrl
2010 029 12:04:00,CUrl
2010 029 15:10:26,CSendEmail
2010 029 16:48:36,CUrl
2010 029 18:34:35,DUrl
2010 029 19:20:00,DNologon
2010 032 08:38:00,Blogon
2010 032 09:01:17,BUrl
2010 032 12:26:38,CUrl
2010 032 18:29:34,DSendEmail
2010 032 18:31:38,DUrl
2010 032 19:33:00,DNologon
2010 033 08:40:00,Blogon
2010 033 08:49:05,BUrl
2010 033 12:36:25,CSendEmail
2010 033 13:01:49,CUrl
2010 033 18:14:28,DUrl
2010 033 19:25:00,DNologon
2010 034 08:35:00,Blogon
2010 034 08:36:17,BUrl
2010 034 12:09:30,CUrl
2010 034 12:19:39,CSendEmail
2010 034 14:37:06,CUrl
2010 034 18:30:33,DUrl
2010 034 19:23:00,DNologon
2010 035 08:41:00,Blogon
2010 035 08:44:32,BUrl
2010 035 12:02:31,CUrl
2010 035 14:51:04,CSendEmail
2010 035 15:56:21,CUrl
2010 035 19:22:47,DUrl
2010 035 19:28:00,DNologon
2010 036 08:36:00,Blogon
2010 036 08:43:42,BUrl
2010 036 12:03:46,CUrl
2010 036 15:50:30,CSendEmail
2010 036 18:04:26,DUrl
2010 036 19:30:00,DNologon
2010 039 08:30:00,Blogon
2010 039 08:34:17,BUrl
2010 039 09:17:26,BSendEmail
2010 039 12:21:06,CUrl
2010 039 18:28:22,DUrl
2010 039 19:34:00,DNologon
2010 040 08:37:00,Blogon
2010 040 08:43:34,BUrl
2010 040 12:26:12,CUrl
2010 040 18:20:19,DUrl
2010 040 19:12:14,DSendEmail
2010 040 19:24:00,DNologon
2010 041 08:36:00,Blogon
2010 041 08:45:58,BUrl
2010 041 13:05:57,CUrl
2010 041 18:09:07,DUrl
2010 041 18:09:12,DSendEmail
2010 041 19:29:00,DNologon
2010 042 08:30:00,Blogon
2010 042 08:40:21,BUrl
2010 042 12:38:22,CUrl
2010 042 16:14:06,CSendEmail
2010 042 16:32:16,CUrl
2010 042 19:30:00,DNologon
2010 043 08:36:00,Blogon
2010 043 08:38:12,BUrl
2010 043 12:32:51,CUrl
2010 043 16:22:54,CSendEmail
2010 043 18:23:37,DUrl
2010 043 19:19:00,DNologon
2010 046 08:21:00,Blogon
2010 046 08:45:35,BUrl
2010 046 12:49:49,CUrl
2010 046 18:09:47,DSendEmail
2010 046 18:55:25,DUrl
2010 046 19:45:00,DNologon
2010 047 08:30:00,Blogon
2010 047 08:32:23,BSendEmail
2010 047 08:54:47,BUrl
2010 047 13:06:15,CUrl
2010 047 18:24:19,DUrl
2010 047 19:21:00,DNologon
2010 048 08:29:00,Blogon
2010 048 09:30:27,BUrl
2010 048 11:55:28,BSendEmail
2010 048 12:05:38,CUrl
2010 048 18:10:29,DUrl
2010 048 19:31:00,DNologon
2010 049 08:38:00,Blogon
2010 049 09:03:55,BUrl
2010 049 09:51:12,BSendEmail
2010 049 12:55:00,CUrl
2010 049 18:05:09,DUrl
2010 049 19:23:00,DNologon
2010 050 08:16:00,Blogon
2010 050 09:30:54,BUrl
2010 050 14:19:26,CUrl
2010 050 16:03:08,CSendEmail
2010 050 17:29:55,CUrl
2010 050 18:54:39,DUrl
2010 050 19:33:00,DNologon
2010 053 08:23:00,Blogon
2010 053 09:10:57,BUrl
2010 053 09:26:23,BSendEmail
2010 053 09:49:04,BUrl
2010 053 12:14:28,CUrl
2010 053 19:07:43,DUrl
2010 053 19:33:00,DNologon
2010 054 08:18:00,Blogon
2010 054 09:31:13,BUrl
2010 054 10:37:18,BSendEmail
2010 054 10:50:42,BUrl
2010 054 12:18:10,CUrl
2010 054 18:59:16,DUrl
2010 054 19:28:00,DNologon
2010 055 08:39:00,Blogon
2010 055 09:41:53,BUrl
2010 055 10:59:52,BSendEmail
2010 055 11:30:27,BUrl
2010 055 13:30:23,CUrl
2010 055 18:58:29,DUrl
2010 055 19:27:00,DNologon
2010 056 08:40:00,Blogon
2010 056 09:26:45,BUrl
2010 056 13:06:43,CUrl
2010 056 14:06:08,CSendEmail
2010 056 14:58:50,CUrl
2010 056 18:00:00,DUrl
2010 056 19:22:00,DNologon
2010 057 08:30:00,Blogon
2010 057 08:44:44,BUrl
2010 057 11:59:47,BSendEmail
2010 057 13:24:32,CUrl
2010 057 19:12:23,DUrl
2010 057 19:33:00,DNologon
2010 060 08:27:00,Blogon
2010 060 08:49:22,BUrl
2010 060 09:02:12,BSendEmail
2010 060 09:24:10,BUrl
2010 060 12:36:53,CUrl
2010 060 19:26:11,DUrl
2010 060 19:42:00,DNologon
2010 061 08:29:00,Blogon
2010 061 08:44:21,BUrl
2010 061 09:56:53,BSendEmail
2010 061 09:57:37,BUrl
2010 061 16:36:56,CUrl
2010 061 18:41:10,DUrl
2010 061 19:33:00,DNologon
2010 062 08:41:00,Blogon
2010 062 08:49:04,BSendEmail
2010 062 09:06:54,BUrl
2010 062 14:06:26,CUrl
2010 062 18:32:47,DUrl
2010 062 19:27:00,DNologon
2010 063 08:29:00,Blogon
2010 063 08:49:46,BUrl
2010 063 13:16:44,CUrl
2010 063 19:25:33,DSendEmail
2010 063 19:26:29,DUrl
2010 063 19:39:00,DNologon
2010 064 08:40:00,Blogon
2010 064 08:58:28,BUrl
2010 064 13:13:08,CUrl
2010 064 18:02:12,DUrl
2010 064 18:03:15,DSendEmail
2010 064 18:03:18,DUrl
2010 064 19:23:00,DNologon
2010 067 08:37:00,Blogon
2010 067 08:40:48,BUrl
2010 067 08:42:26,BSendEmail
2010 067 08:45:51,BUrl
2010 067 13:04:13,CUrl
2010 067 18:30:29,DUrl
2010 067 19:35:00,DNologon
2010 068 08:22:00,Blogon
2010 068 09:12:48,BUrl
2010 068 09:33:55,BSendEmail
2010 068 10:54:30,BUrl
2010 068 12:14:53,CUrl
2010 068 18:28:32,DUrl
2010 068 19:43:00,DNologon
2010 069 08:26:00,Blogon
2010 069 08:57:57,BUrl
2010 069 12:34:26,CUrl
2010 069 15:16:29,CSendEmail
2010 069 16:42:39,CUrl
2010 069 19:23:02,DUrl
2010 069 19:36:00,DNologon
2010 070 08:23:00,Blogon
2010 070 09:15:13,BUrl
2010 070 12:15:30,CUrl
2010 070 18:05:07,DUrl
2010 070 19:39:00,DNologon
2010 071 08:29:00,Blogon
2010 071 08:56:46,BUrl
2010 071 09:38:48,BSendEmail
2010 071 10:54:57,BUrl
2010 071 12:00:17,CUrl
2010 071 18:32:12,DUrl
2010 071 19:41:00,DNologon
2010 074 08:30:00,Blogon
2010 074 08:34:09,BUrl
2010 074 08:37:44,BSendEmail
2010 074 09:04:15,BUrl
2010 074 14:10:41,CUrl
2010 074 18:35:40,DUrl
2010 074 19:39:00,DNologon
2010 075 08:35:00,Blogon
2010 075 08:44:25,BUrl
2010 075 12:11:00,CUrl
2010 075 18:29:37,DSendEmail
2010 075 18:36:56,DUrl
2010 075 19:34:00,DNologon
2010 076 08:30:00,Blogon
2010 076 08:37:30,BUrl
2010 076 12:35:39,CUrl
2010 076 15:16:43,CSendEmail
2010 076 17:46:27,CUrl
2010 076 19:02:08,DUrl
2010 076 19:28:00,DNologon
2010 077 08:15:00,Blogon
2010 077 09:48:31,BUrl
2010 077 13:27:22,CUrl
2010 077 18:57:51,DUrl
2010 077 19:41:00,DNologon
2010 078 08:31:00,Blogon
2010 078 08:48:30,BUrl
2010 078 12:03:01,CUrl
2010 078 15:42:20,CSendEmail
2010 078 18:55:23,DUrl
2010 078 19:23:00,DNologon
2010 081 08:29:00,Blogon
2010 081 09:11:41,BUrl
2010 081 13:00:39,CUrl
2010 081 18:59:48,DUrl
2010 081 19:10:08,DSendEmail
2010 081 19:12:41,DUrl
2010 081 19:31:00,DNologon
2010 082 08:41:00,Blogon
2010 082 09:10:59,BUrl
2010 082 14:01:03,CUrl
2010 082 17:21:54,CSendEmail
2010 082 17:31:26,CUrl
2010 082 18:01:39,DUrl
2010 082 19:26:00,DNologon
2010 083 08:30:00,Blogon
2010 083 09:09:27,BUrl
2010 083 10:05:45,BSendEmail
2010 083 10:14:47,BUrl
2010 083 14:18:37,CUrl
2010 083 18:11:32,DUrl
2010 083 19:30:00,DNologon
2010 084 08:36:00,Blogon
2010 084 08:54:14,BUrl
2010 084 09:05:51,BSendEmail
2010 084 09:06:51,BUrl
2010 084 12:04:34,CUrl
2010 084 19:15:06,DUrl
2010 084 19:21:00,DNologon
2010 085 08:19:00,Blogon
2010 085 09:05:12,BUrl
2010 085 12:09:47,CUrl
2010 085 13:49:53,CSendEmail
2010 085 14:40:59,CUrl
2010 085 18:49:45,DUrl
2010 085 19:24:00,DNologon
2010 088 08:29:00,Blogon
2010 088 08:32:10,BUrl
2010 088 13:25:08,CUrl
2010 088 16:48:39,CSendEmail
2010 088 17:01:47,CUrl
2010 088 18:27:11,DUrl
2010 088 19:36:00,DNologon
2010 089 08:16:00,Blogon
2010 089 08:54:13,BUrl
2010 089 14:04:10,CUrl
2010 089 17:13:11,CSendEmail
2010 089 17:18:20,CUrl
2010 089 18:25:24,DUrl
2010 089 19:36:00,DNologon
2010 090 08:37:00,Blogon
2010 090 08:41:58,BUrl
2010 090 10:04:34,BSendEmail
2010 090 10:52:50,BUrl
2010 090 12:20:04,CUrl
2010 090 18:57:49,DUrl
2010 090 19:21:00,DNologon
2010 091 08:24:00,Blogon
2010 091 08:27:06,BUrl
2010 091 11:03:51,BSendEmail
2010 091 11:52:45,BUrl
2010 091 14:04:03,CUrl
2010 091 19:35:00,DNologon
2010 095 08:15:00,Blogon
2010 095 08:20:38,BSendEmail
2010 095 10:53:53,BUrl
2010 095 12:05:31,CUrl
2010 095 18:01:50,DUrl
2010 095 19:36:00,DNologon
2010 096 08:24:00,Blogon
2010 096 08:30:53,BUrl
2010 096 12:04:32,CUrl
2010 096 12:16:56,CSendEmail
2010 096 16:32:41,CUrl
2010 096 19:22:17,DUrl
2010 096 19:36:00,DNologon
2010 097 08:19:00,Blogon
2010 097 08:45:01,BUrl
2010 097 12:36:29,CUrl
2010 097 18:29:06,DUrl
2010 097 18:54:25,DSendEmail
2010 097 19:10:12,DUrl
2010 097 19:42:00,DNologon
2010 098 08:39:00,Blogon
2010 098 08:56:59,BUrl
2010 098 12:17:42,CUrl
2010 098 14:01:32,CSendEmail
2010 098 15:51:41,CUrl
2010 098 18:40:13,DUrl
2010 098 19:27:00,DNologon
2010 099 08:33:00,Blogon
2010 099 08:59:39,BUrl
2010 099 12:24:18,CUrl
2010 099 16:05:16,CSendEmail
2010 099 18:59:39,DUrl
2010 099 19:29:00,DNologon
2010 102 08:23:00,Blogon
2010 102 08:25:52,BUrl
2010 102 10:17:24,BSendEmail
2010 102 10:48:50,BUrl
2010 102 14:11:23,CUrl
2010 102 18:20:45,DUrl
2010 102 19:35:00,DNologon
2010 103 08:25:00,Blogon
2010 103 08:43:23,BUrl
2010 103 11:56:35,BSendEmail
2010 103 12:54:26,CUrl
2010 103 18:17:44,DUrl
2010 103 19:41:00,DNologon
2010 104 08:16:00,Blogon
2010 104 08:20:48,BUrl
2010 104 15:06:25,CUrl
2010 104 17:07:40,CSendEmail
2010 104 17:42:03,CUrl
2010 104 18:08:26,DUrl
2010 104 19:31:00,DNologon
2010 105 08:34:00,Blogon
2010 105 08:36:20,BSendEmail
2010 105 08:38:53,BUrl
2010 105 12:01:49,CUrl
2010 105 19:05:41,DUrl
2010 105 19:23:00,DNologon
2010 106 08:30:00,Blogon
2010 106 08:41:31,BUrl
2010 106 12:47:28,CUrl
2010 106 18:24:50,DUrl
2010 106 18:24:58,DSendEmail
2010 106 19:34:00,DNologon
2010 109 08:17:00,Blogon
2010 109 11:57:19,BUrl
2010 109 12:16:30,CUrl
2010 109 15:59:33,CSendEmail
2010 109 18:58:54,DUrl
2010 109 19:33:00,DNologon
2010 110 08:20:00,Blogon
2010 110 09:10:27,BUrl
2010 110 12:28:36,CSendEmail
2010 110 12:45:56,CUrl
2010 110 18:19:50,DUrl
2010 110 19:26:00,DNologon
2010 111 08:16:00,Blogon
2010 111 08:19:41,BUrl
2010 111 13:54:26,CUrl
2010 111 15:37:19,CSendEmail
2010 111 18:36:58,DUrl
2010 111 19:44:00,DNologon
2010 112 08:32:00,Blogon
2010 112 08:39:49,BUrl
2010 112 13:23:47,CSendEmail
2010 112 14:57:45,CUrl
2010 112 19:12:52,DUrl
2010 112 19:31:00,DNologon
2010 113 08:34:00,Blogon
2010 113 08:50:51,BUrl
2010 113 11:55:16,BSendEmail
2010 113 12:04:09,CUrl
2010 113 18:33:17,DUrl
2010 113 19:22:00,DNologon
2010 116 08:41:00,Blogon
2010 116 08:51:37,BUrl
2010 116 12:02:27,CUrl
2010 116 16:09:18,CSendEmail
2010 116 16:10:30,CUrl
2010 116 19:06:33,DUrl
2010 116 19:21:00,DNologon
2010 117 08:30:00,Blogon
2010 117 09:59:50,BUrl
2010 117 12:20:15,CUrl
2010 117 18:01:10,DUrl
2010 117 18:52:54,DSendEmail
2010 117 19:40:00,DNologon
2010 118 08:22:00,Blogon
2010 118 08:36:58,BUrl
2010 118 15:08:37,CSendEmail
2010 118 15:17:20,CUrl
2010 118 18:10:13,DUrl
2010 118 19:43:00,DNologon
2010 119 08:40:00,Blogon
2010 119 11:21:59,BUrl
2010 119 12:59:16,CUrl
2010 119 17:06:10,CSendEmail
2010 119 17:08:21,CUrl
2010 119 19:26:00,DNologon
2010 120 08:19:00,Blogon
2010 120 08:47:41,BUrl
2010 120 12:17:41,CUrl
2010 120 15:56:11,CSendEmail
2010 120 18:54:22,DUrl
2010 120 19:33:00,DNologon
2010 123 08:34:00,Blogon
2010 123 09:08:00,BUrl
2010 123 12:28:48,CUrl
2010 123 17:39:14,CSendEmail
2010 123 17:41:14,CUrl
2010 123 18:21:03,DUrl
2010 123 19:19:00,DNologon
2010 124 08:39:00,Blogon
2010 124 08:54:02,BUrl
2010 124 13:45:24,CUrl
2010 124 14:22:36,CSendEmail
2010 124 16:20:52,CUrl
2010 124 18:22:04,DUrl
2010 124 19:40:00,DNologon
2010 125 08:34:00,Blogon
2010 125 08:47:35,BUrl
2010 125 12:10:26,CUrl
2010 125 18:05:29,DUrl
2010 125 19:10:07,DSendEmail
2010 125 19:16:06,DUrl
2010 125 19:26:00,DNologon
2010 126 08:40:00,Blogon
2010 126 09:13:50,BUrl
2010 126 13:55:51,CUrl
2010 126 17:49:29,CSendEmail
2010 126 19:05:40,DUrl
2010 126 19:23:00,DNologon
2010 127 08:18:00,Blogon
2010 127 08:29:41,BUrl
2010 127 09:06:35,BSendEmail
2010 127 11:43:06,BUrl
2010 127 12:02:39,CUrl
2010 127 18:45:53,DUrl
2010 127 19:44:00,DNologon
2010 130 08:30:00,Blogon
2010 130 09:06:47,BUrl
2010 130 13:12:43,CUrl
2010 130 19:26:10,DUrl
2010 130 19:29:00,DNologon
2010 131 08:29:00,Blogon
2010 131 08:35:29,BUrl
2010 131 14:08:29,CUrl
2010 131 14:38:33,CSendEmail
2010 131 17:48:20,CUrl
2010 131 18:26:54,DUrl
2010 131 19:35:00,DNologon
2010 132 08:32:00,Blogon
2010 132 10:23:30,BUrl
2010 132 15:42:22,CUrl
2010 132 18:36:32,DUrl
2010 132 19:21:39,DSendEmail
2010 132 19:25:00,DNologon
2010 133 08:15:00,Blogon
2010 133 08:34:25,BUrl
2010 133 08:54:07,BSendEmail
2010 133 11:43:08,BUrl
2010 133 12:04:43,CUrl
2010 133 18:22:14,DUrl
2010 133 19:33:00,DNologon
2010 134 08:15:00,Blogon
2010 134 08:40:47,BUrl
2010 134 13:03:19,CUrl
2010 134 16:35:17,CSendEmail
2010 134 16:52:33,CUrl
2010 134 18:45:25,DUrl
2010 134 19:42:00,DNologon
2010 137 08:41:00,Blogon
2010 137 09:09:47,BUrl
2010 137 09:13:24,BSendEmail
2010 137 10:35:04,BUrl
2010 137 14:45:59,CUrl
2010 137 18:50:55,DUrl
2010 137 19:37:00,DNologon
2010 138 08:23:00,Blogon
2010 138 08:43:06,BUrl
2010 138 13:11:15,CUrl
2010 138 15:47:38,CSendEmail
2010 138 16:34:22,CUrl
2010 138 18:28:21,DUrl
2010 138 19:37:00,DNologon
2010 139 08:23:00,Blogon
2010 139 08:58:39,BUrl
2010 139 14:14:49,CUrl
2010 139 15:55:19,CSendEmail
2010 139 15:56:50,CUrl
2010 139 18:56:31,DUrl
2010 139 19:24:00,DNologon
2010 140 08:32:00,Blogon
2010 140 08:37:46,BUrl
2010 140 15:47:47,CUrl
2010 140 17:29:22,CSendEmail
2010 140 18:35:03,DUrl
2010 140 19:24:00,DNologon
2010 141 08:21:00,Blogon
2010 141 08:46:00,BUrl
2010 141 10:29:43,BSendEmail
2010 141 11:22:19,BUrl
2010 141 13:28:56,CUrl
2010 141 18:00:28,DUrl
2010 141 19:33:00,DNologon
2010 144 08:40:00,Blogon
2010 144 08:52:55,BUrl
2010 144 12:02:39,CUrl
2010 144 19:06:43,DUrl
2010 144 19:28:24,DSendEmail
2010 144 19:38:00,DNologon
2010 145 08:40:00,Blogon
2010 145 09:25:17,BUrl
2010 145 09:47:26,BSendEmail
2010 145 09:54:37,BUrl
2010 145 13:09:52,CUrl
2010 145 18:55:56,DUrl
2010 145 19:23:00,DNologon
2010 146 08:31:00,Blogon
2010 146 08:39:52,BUrl
2010 146 14:10:36,CSendEmail
2010 146 15:40:01,CUrl
2010 146 18:21:22,DUrl
2010 146 19:28:00,DNologon
2010 147 08:24:00,Blogon
2010 147 08:28:58,BUrl
2010 147 08:37:39,BSendEmail
2010 147 08:40:40,BUrl
2010 147 12:16:41,CUrl
2010 147 19:33:37,DUrl
2010 147 19:40:00,DNologon
2010 148 08:28:00,Blogon
2010 148 08:30:07,BSendEmail
2010 148 09:35:54,BUrl
2010 148 12:34:24,CUrl
2010 148 19:09:34,DUrl
2010 148 19:36:00,DNologon
2010 152 08:33:00,Blogon
2010 152 08:34:43,BUrl
2010 152 12:46:26,CUrl
2010 152 15:14:13,CSendEmail
2010 152 16:23:37,CUrl
2010 152 18:05:07,DUrl
2010 152 19:42:00,DNologon
2010 153 08:15:00,Blogon
2010 153 08:37:21,BUrl
2010 153 10:29:34,BSendEmail
2010 153 11:08:05,BUrl
2010 153 14:47:26,CUrl
2010 153 18:44:15,DUrl
2010 153 19:28:00,DNologon
2010 154 08:27:00,Blogon
2010 154 08:37:37,BUrl
2010 154 13:07:24,CUrl
2010 154 17:35:16,CSendEmail
2010 154 18:59:46,DUrl
2010 154 19:38:00,DNologon
2010 155 08:20:00,Blogon
2010 155 08:48:24,BSendEmail
2010 155 10:03:49,BUrl
2010 155 12:42:49,CUrl
2010 155 18:18:23,DUrl
2010 155 19:42:00,DNologon
2010 158 08:28:00,Blogon
2010 158 09:36:13,BUrl
2010 158 12:00:49,CUrl
2010 158 16:56:18,CSendEmail
2010 158 19:04:08,DUrl
2010 158 19:36:00,DNologon
2010 159 08:34:00,Blogon
2010 159 08:39:23,BUrl
2010 159 11:49:19,BSendEmail
2010 159 12:54:24,CUrl
2010 159 18:52:19,DUrl
2010 159 19:26:00,DNologon
2010 160 08:27:00,Blogon
2010 160 08:34:08,BUrl
2010 160 09:40:52,BSendEmail
2010 160 11:17:32,BUrl
2010 160 12:08:43,CUrl
2010 160 18:15:18,DUrl
2010 160 19:36:00,DNologon
2010 161 08:23:00,Blogon
2010 161 08:56:47,BUrl
2010 161 11:05:20,BSendEmail
2010 161 11:27:05,BUrl
2010 161 14:43:51,CUrl
2010 161 18:03:26,DUrl
2010 161 19:37:00,DNologon
2010 162 08:16:00,Blogon
2010 162 08:30:38,BUrl
2010 162 10:09:35,BSendEmail
2010 162 10:48:00,BUrl
2010 162 16:34:37,CUrl
2010 162 19:30:00,DNologon
2010 165 08:27:00,Blogon
2010 165 08:30:23,BUrl
2010 165 12:58:46,CUrl
2010 165 18:02:49,DSendEmail
2010 165 18:05:13,DUrl
2010 165 19:30:00,DNologon
2010 166 08:15:00,Blogon
2010 166 08:16:47,BUrl
2010 166 12:32:15,CUrl
2010 166 14:06:12,CSendEmail
2010 166 15:35:31,CUrl
2010 166 19:20:00,DNologon
2010 167 08:35:00,Blogon
2010 167 08:39:27,BUrl
2010 167 14:48:28,CUrl
2010 167 15:58:44,CSendEmail
2010 167 15:58:45,CUrl
2010 167 18:42:11,DUrl
2010 167 19:21:00,DNologon
2010 168 08:31:00,Blogon
2010 168 10:14:34,BUrl
2010 168 12:35:13,CSendEmail
2010 168 13:56:46,CUrl
2010 168 19:27:00,DNologon
2010 169 08:41:00,Blogon
2010 169 08:43:07,BUrl
2010 169 12:53:54,CUrl
2010 169 13:47:18,CSendEmail
2010 169 16:04:45,CUrl
2010 169 19:16:01,DUrl
2010 169 19:22:00,DNologon
2010 172 08:20:00,Blogon
2010 172 08:26:40,BUrl
2010 172 09:27:15,BSendEmail
2010 172 09:38:14,BUrl
2010 172 13:22:13,CUrl
2010 172 18:54:37,DUrl
2010 172 19:38:00,DNologon
2010 173 08:17:00,Blogon
2010 173 09:08:17,BUrl
2010 173 13:26:03,CUrl
2010 173 13:41:07,CSendEmail
2010 173 14:22:02,CUrl
2010 173 18:40:33,DUrl
2010 173 19:39:00,DNologon
2010 174 08:21:00,Blogon
2010 174 08:38:02,BUrl
2010 174 12:06:56,CUrl
2010 174 16:24:56,CSendEmail
2010 174 16:48:10,CUrl
2010 174 18:59:22,DUrl
2010 174 19:37:00,DNologon
2010 175 08:39:00,Blogon
2010 175 12:08:17,CUrl
2010 175 16:55:30,CSendEmail
2010 175 18:12:50,DUrl
2010 175 19:29:00,DNologon
2010 176 08:25:00,Blogon
2010 176 08:55:07,BUrl
2010 176 13:20:06,CUrl
2010 176 15:13:10,CSendEmail
2010 176 15:21:41,CUrl
2010 176 18:05:57,DUrl
2010 176 19:36:00,DNologon
2010 179 08:20:00,Blogon
2010 179 08:34:40,BUrl
2010 179 10:15:50,BSendEmail
2010 179 13:49:18,CUrl
2010 179 19:02:06,DUrl
2010 179 19:39:00,DNologon
2010 180 08:30:00,Blogon
2010 180 10:22:48,BUrl
2010 180 17:20:20,CUrl
2010 180 18:17:03,DUrl
2010 180 19:26:00,DNologon
2010 181 08:30:00,Blogon
2010 181 09:19:05,BUrl
2010 181 12:13:56,CUrl
2010 181 12:50:49,CSendEmail
2010 181 12:57:47,CUrl
2010 181 18:37:38,DUrl
2010 181 19:29:00,DNologon
2010 182 08:25:00,Blogon
2010 182 08:52:20,BUrl
2010 182 12:00:00,CUrl
2010 182 15:41:54,CSendEmail
2010 182 19:29:07,DUrl
2010 182 19:38:00,DNologon
2010 183 08:15:00,Blogon
2010 183 08:48:28,BUrl
2010 183 12:38:21,CUrl
2010 183 15:51:30,CSendEmail
2010 183 16:21:12,CUrl
2010 183 18:05:37,DUrl
2010 183 19:43:00,DNologon
2010 187 08:16:00,Blogon
2010 187 08:28:24,BUrl
2010 187 12:05:42,CUrl
2010 187 17:11:43,CSendEmail
2010 187 17:34:42,CUrl
2010 187 18:41:32,DUrl
2010 187 19:19:00,DNologon
2010 188 08:35:00,Blogon
2010 188 09:19:11,BUrl
2010 188 13:46:21,CSendEmail
2010 188 14:31:41,CUrl
2010 188 18:54:08,DUrl
2010 188 19:30:00,DNologon
2010 189 08:33:00,Blogon
2010 189 08:43:19,BUrl
2010 189 12:33:48,CUrl
2010 189 18:39:13,DSendEmail
2010 189 19:13:00,DUrl
2010 189 19:28:00,DNologon
2010 190 08:35:00,Blogon
2010 190 09:02:32,BUrl
2010 190 11:58:45,BSendEmail
2010 190 12:07:20,CUrl
2010 190 18:12:45,DUrl
2010 190 19:24:00,DNologon
2010 193 08:37:00,Blogon
2010 193 09:00:50,BSendEmail
2010 193 09:17:46,BUrl
2010 193 13:20:13,CUrl
2010 193 19:25:00,DNologon
2010 194 08:32:00,Blogon
2010 194 08:50:09,BUrl
2010 194 10:43:43,BSendEmail
2010 194 10:58:33,BUrl
2010 194 16:27:59,CUrl
2010 194 19:04:32,DUrl
2010 194 19:28:00,DNologon
2010 195 08:39:00,Blogon
2010 195 09:09:10,BUrl
2010 195 12:06:58,CUrl
2010 195 14:56:33,CSendEmail
2010 195 16:46:26,CUrl
2010 195 18:57:30,DUrl
2010 195 19:23:00,DNologon
2010 196 08:17:00,Blogon
2010 196 08:27:18,BUrl
2010 196 12:59:13,CUrl
2010 196 14:04:34,CSendEmail
2010 196 15:30:53,CUrl
2010 196 19:35:59,DUrl
2010 196 19:39:00,DNologon
2010 197 08:38:00,Blogon
2010 197 19:20:00,DNologon
2010 200 08:40:00,Blogon
2010 200 10:10:41,BUrl
2010 200 14:26:27,CSendEmail
2010 200 15:36:06,CUrl
2010 200 19:21:00,DNologon
2010 201 08:20:00,Blogon
2010 201 09:11:37,BUrl
2010 201 12:10:10,CUrl
2010 201 15:26:23,CSendEmail
2010 201 17:42:45,CUrl
2010 201 19:22:18,DUrl
2010 201 19:38:00,DNologon
2010 202 08:33:00,Blogon
2010 202 08:36:53,BUrl
2010 202 09:33:19,BSendEmail
2010 202 11:30:26,BUrl
2010 202 13:32:25,CUrl
2010 202 18:28:52,DUrl
2010 202 19:26:00,DNologon
2010 203 08:27:00,Blogon
2010 203 11:27:32,BUrl
2010 203 12:25:57,CUrl
2010 203 13:45:36,CSendEmail
2010 203 14:39:22,CUrl
2010 203 19:34:00,DNologon
2010 204 08:32:00,Blogon
2010 204 08:35:40,BUrl
2010 204 08:37:33,BSendEmail
2010 204 09:05:58,BUrl
2010 204 14:16:52,CUrl
2010 204 18:52:20,DUrl
2010 204 19:19:00,DNologon
2010 207 08:23:00,Blogon
2010 207 08:42:55,BUrl
2010 207 13:42:38,CUrl
2010 207 14:19:41,CSendEmail
2010 207 16:05:14,CUrl
2010 207 18:24:00,DUrl
2010 207 19:38:00,DNologon
2010 208 08:39:00,Blogon
2010 208 09:10:12,BUrl
2010 208 12:51:07,CUrl
2010 208 17:19:17,CSendEmail
2010 208 17:29:50,CUrl
2010 208 18:49:08,DUrl
2010 208 19:27:00,DNologon
2010 209 08:39:00,Blogon
2010 209 08:50:18,BSendEmail
2010 209 09:10:16,BUrl
2010 209 13:32:25,CUrl
2010 209 18:02:55,DUrl
2010 209 19:23:00,DNologon
2010 210 08:26:00,Blogon
2010 210 08:49:02,BUrl
2010 210 12:46:19,CUrl
2010 210 13:36:11,CSendEmail
2010 210 15:34:27,CUrl
2010 210 18:06:08,DUrl
2010 210 19:39:00,DNologon
2010 211 08:34:00,Blogon
2010 211 08:46:10,BUrl
2010 211 12:32:21,CUrl
2010 211 14:15:43,CSendEmail
2010 211 14:52:08,CUrl
2010 211 18:03:29,DUrl
2010 211 19:19:00,DNologon
2010 214 08:36:00,Blogon
2010 214 09:56:25,BUrl
2010 214 15:59:03,CUrl
2010 214 18:42:45,DUrl
2010 214 19:41:00,DNologon
2010 215 08:40:00,Blogon
2010 215 08:49:59,BUrl
2010 215 12:46:43,CSendEmail
2010 215 13:16:22,CUrl
2010 215 18:47:26,DUrl
2010 215 19:20:00,DNologon
2010 216 08:28:00,Blogon
2010 216 08:55:07,BSendEmail
2010 216 09:25:59,BUrl
2010 216 14:02:23,CUrl
2010 216 18:15:46,DUrl
2010 216 19:40:00,DNologon
2010 217 08:38:00,Blogon
2010 217 08:51:12,BUrl
2010 217 12:24:53,CUrl
2010 217 14:40:31,CSendEmail
2010 217 17:02:29,CUrl
2010 217 18:59:24,DUrl
2010 217 19:21:00,DNologon
2010 218 08:41:00,Blogon
2010 218 09:20:36,BUrl
2010 218 13:31:48,CUrl
2010 218 14:10:52,CSendEmail
2010 218 15:35:44,CUrl
2010 218 19:09:08,DUrl
2010 218 19:22:00,DNologon
2010 221 08:38:00,Blogon
2010 221 08:51:15,BUrl
2010 221 10:24:32,BSendEmail
2010 221 12:02:10,CUrl
2010 221 18:04:03,DUrl
2010 221 19:29:00,DNologon
2010 222 08:17:00,Blogon
2010 222 08:27:45,BUrl
2010 222 08:32:18,BSendEmail
2010 222 08:45:17,BUrl
2010 222 12:59:03,CUrl
2010 222 18:14:40,DUrl
2010 222 19:19:00,DNologon
2010 223 08:27:00,Blogon
2010 223 11:48:21,BSendEmail
2010 223 12:53:13,CUrl
2010 223 19:41:00,DNologon
2010 224 08:24:00,Blogon
2010 224 08:34:38,BUrl
2010 224 12:01:42,CUrl
2010 224 18:04:54,DUrl
2010 224 18:09:05,DSendEmail
2010 224 19:01:10,DUrl
2010 224 19:41:00,DNologon
2010 225 08:35:00,Blogon
2010 225 09:00:54,BUrl
2010 225 12:13:59,CUrl
2010 225 13:43:44,CSendEmail
2010 225 14:02:38,CUrl
2010 225 18:19:33,DUrl
2010 225 19:19:00,DNologon
2010 228 08:34:00,Blogon
2010 228 10:49:19,BUrl
2010 228 14:30:37,CUrl
2010 228 16:05:24,CSendEmail
2010 228 16:21:47,CUrl
2010 228 18:19:45,DUrl
2010 228 19:20:00,DNologon
2010 229 08:34:00,Blogon
2010 229 08:41:16,BUrl
2010 229 12:30:14,CUrl
2010 229 16:26:15,CSendEmail
2010 229 17:55:35,CUrl
2010 229 18:21:08,DUrl
2010 229 19:36:00,DNologon
2010 230 08:25:00,Blogon
2010 230 09:15:24,BUrl
2010 230 13:21:09,CUrl
2010 230 14:47:30,CSendEmail
2010 230 15:53:54,CUrl
2010 230 18:55:49,DUrl
2010 230 19:41:00,DNologon
2010 231 08:24:00,Blogon
2010 231 09:10:33,BUrl
2010 231 12:16:57,CUrl
2010 231 15:03:24,CSendEmail
2010 231 18:27:54,DUrl
2010 231 19:38:00,DNologon
2010 232 08:36:00,Blogon
2010 232 09:13:27,BUrl
2010 232 09:42:32,BSendEmail
2010 232 11:18:47,BUrl
2010 232 12:31:35,CUrl
2010 232 18:24:04,DUrl
2010 232 19:20:00,DNologon
2010 235 08:17:00,Blogon
2010 235 08:49:07,BUrl
2010 235 09:25:07,BSendEmail
2010 235 11:37:55,BUrl
2010 235 13:21:03,CUrl
2010 235 18:19:24,DUrl
2010 235 19:32:00,DNologon
2010 236 08:34:00,Blogon
2010 236 08:47:04,BUrl
2010 236 12:40:59,CUrl
2010 236 18:09:14,DUrl
2010 236 18:27:10,DSendEmail
2010 236 19:18:26,DUrl
2010 236 19:21:00,DNologon
2010 237 08:33:00,Blogon
2010 237 09:03:08,BUrl
2010 237 12:31:23,CUrl
2010 237 15:23:01,CSendEmail
2010 237 16:24:57,CUrl
2010 237 18:36:50,DUrl
2010 237 19:30:00,DNologon
2010 238 08:38:00,Blogon
2010 238 09:18:52,BUrl
2010 238 12:40:23,CUrl
2010 238 18:21:22,DUrl
2010 238 18:48:27,DSendEmail
2010 238 19:16:45,DUrl
2010 238 19:20:00,DNologon
2010 239 08:32:00,Blogon
2010 239 08:49:23,BUrl
2010 239 13:29:03,CUrl
2010 239 13:55:48,CSendEmail
2010 239 17:56:49,CUrl
2010 239 18:10:08,DUrl
2010 239 19:23:00,DNologon
2010 242 08:37:00,Blogon
2010 242 08:38:48,BUrl
2010 242 10:09:14,BSendEmail
2010 242 14:44:21,CUrl
2010 242 19:17:52,DUrl
2010 242 19:25:00,DNologon
2010 243 08:33:00,Blogon
2010 243 08:34:23,BUrl
2010 243 12:27:18,CUrl
2010 243 15:41:56,CSendEmail
2010 243 16:06:04,CUrl
2010 243 18:11:17,DUrl
2010 243 19:19:00,DNologon
2010 244 08:36:00,Blogon
2010 244 08:59:20,BSendEmail
2010 244 10:04:41,BUrl
2010 244 13:06:45,CUrl
2010 244 19:26:14,DUrl
2010 244 19:30:00,DNologon
2010 245 08:33:00,Blogon
2010 245 08:34:41,BUrl
2010 245 13:02:42,CUrl
2010 245 19:17:42,DUrl
2010 245 19:45:00,DNologon
2010 246 08:26:00,Blogon
2010 246 08:27:35,BUrl
2010 246 09:07:30,BSendEmail
2010 246 11:39:44,BUrl
2010 246 12:27:16,CUrl
2010 246 18:27:48,DUrl
2010 246 19:35:00,DNologon
2010 250 08:23:00,Blogon
2010 250 09:26:56,BUrl
2010 250 14:00:46,CSendEmail
2010 250 15:36:37,CUrl
2010 250 18:17:37,DUrl
2010 250 19:30:00,DNologon
2010 251 08:35:00,Blogon
2010 251 11:35:13,BUrl
2010 251 12:02:36,CUrl
2010 251 16:36:08,CSendEmail
2010 251 17:13:13,CUrl
2010 251 18:59:14,DUrl
2010 251 19:30:00,DNologon
2010 252 08:30:00,Blogon
2010 252 08:32:34,BUrl
2010 252 13:34:03,CUrl
2010 252 17:52:12,CSendEmail
2010 252 18:16:13,DUrl
2010 252 19:25:00,DNologon
2010 253 08:35:00,Blogon
2010 253 08:38:59,BUrl
2010 253 13:27:17,CUrl
2010 253 15:35:26,CSendEmail
2010 253 17:07:01,CUrl
2010 253 18:17:38,DUrl
2010 253 19:33:00,DNologon
2010 256 08:30:00,Blogon
2010 256 08:37:46,BUrl
2010 256 09:18:45,BSendEmail
2010 256 10:29:09,BUrl
2010 256 14:22:14,CUrl
2010 256 19:32:30,DUrl
2010 256 19:37:00,DNologon
2010 257 08:26:00,Blogon
2010 257 08:33:51,BUrl
2010 257 12:17:47,CUrl
2010 257 16:07:36,CSendEmail
2010 257 18:02:35,DUrl
2010 257 19:32:00,DNologon
2010 258 08:22:00,Blogon
2010 258 08:33:08,BUrl
2010 258 10:58:56,BSendEmail
2010 258 11:01:18,BUrl
2010 258 12:24:36,CUrl
2010 258 18:37:09,DUrl
2010 258 19:29:00,DNologon
2010 259 08:33:00,Blogon
2010 259 08:51:06,BUrl
2010 259 12:16:56,CUrl
2010 259 18:00:27,DSendEmail
2010 259 19:22:00,DNologon
2010 260 08:38:00,Blogon
2010 260 08:43:36,BUrl
2010 260 12:43:07,CSendEmail
2010 260 13:11:44,CUrl
2010 260 18:21:14,DUrl
2010 260 19:33:00,DNologon
2010 263 08:27:00,Blogon
2010 263 08:34:13,BUrl
2010 263 12:52:28,CUrl
2010 263 18:15:20,DUrl
2010 263 18:55:04,DSendEmail
2010 263 19:37:00,DNologon
2010 264 08:17:00,Blogon
2010 264 09:18:55,BUrl
2010 264 12:56:37,CUrl
2010 264 15:53:10,CSendEmail
2010 264 16:49:30,CUrl
2010 264 18:24:44,DUrl
2010 264 19:33:00,DNologon
2010 265 08:34:00,Blogon
2010 265 09:14:42,BUrl
2010 265 13:56:17,CUrl
2010 265 14:43:23,CSendEmail
2010 265 15:38:35,CUrl
2010 265 19:11:15,DUrl
2010 265 19:20:00,DNologon
2010 266 08:37:00,Blogon
2010 266 09:22:12,BUrl
2010 266 12:50:43,CUrl
2010 266 16:59:26,CSendEmail
2010 266 17:04:45,CUrl
2010 266 18:38:12,DUrl
2010 266 19:27:00,DNologon
2010 267 08:39:00,Blogon
2010 267 08:51:27,BUrl
2010 267 12:45:37,CUrl
2010 267 14:39:24,CSendEmail
2010 267 17:18:52,CUrl
2010 267 18:38:45,DUrl
2010 267 19:23:00,DNologon
2010 270 08:29:00,Blogon
2010 270 10:17:07,BUrl
2010 270 12:40:38,CUrl
2010 270 18:44:31,DSendEmail
2010 270 19:10:20,DUrl
2010 270 19:28:00,DNologon
2010 271 08:26:00,Blogon
2010 271 09:06:43,BUrl
2010 271 12:56:08,CUrl
2010 271 14:55:12,CSendEmail
2010 271 16:48:36,CUrl
2010 271 18:16:18,DUrl
2010 271 19:38:00,DNologon
2010 272 08:19:00,Blogon
2010 272 10:19:08,BUrl
2010 272 12:11:06,CUrl
2010 272 18:09:03,DUrl
2010 272 18:23:19,DSendEmail
2010 272 19:25:32,DUrl
2010 272 19:30:00,DNologon
2010 273 08:24:00,Blogon
2010 273 08:29:00,BSendEmail
2010 273 08:40:00,BUrl
2010 273 15:09:47,CUrl
2010 273 18:00:50,DUrl
2010 273 19:22:00,DNologon
2010 274 08:30:00,Blogon
2010 274 08:38:53,BUrl
2010 274 12:33:20,CSendEmail
2010 274 12:34:03,CUrl
2010 274 18:36:23,DUrl
2010 274 19:33:00,DNologon
2010 277 08:24:00,Blogon
2010 277 08:27:04,BUrl
2010 277 14:12:16,CUrl
2010 277 16:38:19,CSendEmail
2010 277 18:31:52,DUrl
2010 277 19:25:00,DNologon
2010 278 08:24:00,Blogon
2010 278 08:29:55,BUrl
2010 278 14:45:16,CUrl
2010 278 18:40:08,DUrl
2010 278 19:12:09,DSendEmail
2010 278 19:18:35,DUrl
2010 278 19:33:00,DNologon
2010 279 08:37:00,Blogon
2010 279 08:40:15,BUrl
2010 279 12:24:29,CUrl
2010 279 16:29:06,CSendEmail
2010 279 18:39:26,DUrl
2010 279 19:30:00,DNologon
2010 280 08:30:00,Blogon
2010 280 08:32:00,BUrl
2010 280 12:56:23,CUrl
2010 280 18:57:58,DUrl
2010 280 19:06:11,DSendEmail
2010 280 19:08:56,DUrl
2010 280 19:38:00,DNologon
2010 281 08:40:00,Blogon
2010 281 09:12:55,BUrl
2010 281 12:05:53,CUrl
2010 281 16:37:33,CSendEmail
2010 281 16:53:22,CUrl
2010 281 18:07:40,DUrl
2010 281 19:27:00,DNologon
2010 284 08:31:00,Blogon
2010 284 08:51:39,BUrl
2010 284 12:27:08,CUrl
2010 284 17:37:25,CSendEmail
2010 284 18:52:25,DUrl
2010 284 19:20:00,DNologon
2010 285 08:39:00,Blogon
2010 285 09:05:24,BUrl
2010 285 12:41:52,CUrl
2010 285 13:14:22,CSendEmail
2010 285 15:16:40,CUrl
2010 285 18:20:58,DUrl
2010 285 19:21:00,DNologon
2010 286 08:22:00,Blogon
2010 286 10:35:17,BUrl
2010 286 12:45:24,CUrl
2010 286 18:11:27,DUrl
2010 286 18:33:19,DSendEmail
2010 286 19:10:54,DUrl
2010 286 19:19:00,DNologon
2010 287 08:28:00,Blogon
2010 287 09:22:58,BUrl
2010 287 09:48:19,BSendEmail
2010 287 09:54:49,BUrl
2010 287 13:43:45,CUrl
2010 287 19:34:00,DNologon
2010 288 08:26:00,Blogon
2010 288 09:03:02,BUrl
2010 288 11:07:08,BSendEmail
2010 288 11:07:32,BUrl
2010 288 12:34:22,CUrl
2010 288 18:58:42,DUrl
2010 288 19:24:00,DNologon
2010 291 08:21:00,Blogon
2010 291 08:56:30,BUrl
2010 291 11:24:04,BSendEmail
2010 291 12:57:16,CUrl
2010 291 18:56:11,DUrl
2010 291 19:45:00,DNologon
2010 292 08:25:00,Blogon
2010 292 11:58:37,BSendEmail
2010 292 14:03:26,CUrl
2010 292 19:43:00,DNologon
2010 293 08:18:00,Blogon
2010 293 08:19:51,BUrl
2010 293 12:23:30,CSendEmail
2010 293 17:28:35,CUrl
2010 293 18:04:33,DUrl
2010 293 19:42:00,DNologon
2010 294 08:38:00,Blogon
2010 294 08:42:34,BUrl
2010 294 11:21:50,BSendEmail
2010 294 12:21:10,CUrl
2010 294 18:26:23,DUrl
2010 294 19:26:00,DNologon
2010 295 08:32:00,Blogon
2010 295 08:33:11,BUrl
2010 295 12:45:47,CUrl
2010 295 13:45:56,CSendEmail
2010 295 13:46:15,CUrl
2010 295 18:12:09,DUrl
2010 295 19:20:00,DNologon
2010 298 08:34:00,Blogon
2010 298 09:29:31,BUrl
2010 298 12:40:30,CUrl
2010 298 13:46:51,CSendEmail
2010 298 16:36:55,CUrl
2010 298 19:18:56,DUrl
2010 298 19:20:00,DNologon
2010 299 08:15:00,Blogon
2010 299 08:29:56,BUrl
2010 299 13:57:12,CUrl
2010 299 17:20:40,CSendEmail
2010 299 17:28:06,CUrl
2010 299 18:50:49,DUrl
2010 299 19:40:00,DNologon
2010 300 08:16:00,Blogon
2010 300 09:06:30,BUrl
2010 300 13:35:09,CUrl
2010 300 16:53:31,CSendEmail
2010 300 16:56:14,CUrl
2010 300 18:42:17,DUrl
2010 300 19:44:00,DNologon
2010 301 08:28:00,Blogon
2010 301 08:49:45,BUrl
2010 301 18:18:03,DUrl
2010 301 19:22:42,DSendEmail
2010 301 19:27:24,DUrl
2010 301 19:33:00,DNologon
2010 302 08:27:00,Blogon
2010 302 08:29:11,BSendEmail
2010 302 08:51:32,BUrl
2010 302 12:37:08,CUrl
2010 302 19:38:00,DNologon
2010 305 08:41:00,Blogon
2010 305 09:16:45,BUrl
2010 305 12:29:49,CSendEmail
2010 305 15:27:37,CUrl
2010 305 18:30:51,DUrl
2010 305 19:26:00,DNologon
2010 306 08:21:00,Blogon
2010 306 09:09:34,BUrl
2010 306 13:47:35,CSendEmail
2010 306 14:05:37,CUrl
2010 306 18:42:20,DUrl
2010 306 19:31:00,DNologon
2010 307 08:40:00,Blogon
2010 307 08:42:24,BUrl
2010 307 10:58:51,BSendEmail
2010 307 13:20:25,CUrl
2010 307 18:29:51,DUrl
2010 307 19:37:00,DNologon
2010 308 08:31:00,Blogon
2010 308 08:36:29,BUrl
2010 308 10:11:59,BSendEmail
2010 308 11:10:46,BUrl
2010 308 14:20:51,CUrl
2010 308 18:34:32,DUrl
2010 308 19:26:00,DNologon
2010 309 08:20:00,Blogon
2010 309 08:22:22,BUrl
2010 309 12:12:49,CSendEmail
2010 309 13:15:11,CUrl
2010 309 18:24:25,DUrl
2010 309 19:36:00,DNologon
2010 312 08:19:00,Blogon
2010 312 09:16:54,BUrl
2010 312 09:34:38,BSendEmail
2010 312 09:42:52,BUrl
2010 312 12:15:52,CUrl
2010 312 19:29:00,DNologon
2010 313 08:33:00,Blogon
2010 313 08:38:50,BUrl
2010 313 12:26:55,CUrl
2010 313 13:44:12,CSendEmail
2010 313 14:58:32,CUrl
2010 313 18:34:20,DUrl
2010 313 19:22:00,DNologon
2010 314 08:30:00,Blogon
2010 314 08:35:31,BUrl
2010 314 15:08:16,CSendEmail
2010 314 15:14:02,CUrl
2010 314 18:46:56,DUrl
2010 314 19:32:00,DNologon
2010 315 08:21:00,Blogon
2010 315 08:25:41,BUrl
2010 315 12:31:36,CUrl
2010 315 16:54:56,CSendEmail
2010 315 18:01:36,DUrl
2010 315 19:38:00,DNologon
2010 316 08:27:00,Blogon
2010 316 10:04:23,BUrl
2010 316 13:14:23,CUrl
2010 316 14:51:37,CSendEmail
2010 316 16:07:36,CUrl
2010 316 18:06:01,DUrl
2010 316 19:42:00,DNologon
2010 319 08:25:00,Blogon
2010 319 08:48:16,BUrl
2010 319 10:12:07,BSendEmail
2010 319 10:37:44,BUrl
2010 319 13:36:31,CUrl
2010 319 18:11:17,DUrl
2010 319 19:22:00,DNologon
2010 320 08:17:00,Blogon
2010 320 08:23:14,BUrl
2010 320 11:55:49,BSendEmail
2010 320 12:53:13,CUrl
2010 320 19:17:00,DUrl
2010 320 19:34:00,DNologon
2010 321 08:28:00,Blogon
2010 321 08:30:37,BUrl
2010 321 08:33:06,BSendEmail
2010 321 08:55:44,BUrl
2010 321 14:03:26,CUrl
2010 321 19:20:13,DUrl
2010 321 19:37:00,DNologon
2010 322 08:40:00,Blogon
2010 322 08:51:15,BUrl
2010 322 14:03:58,CUrl
2010 322 15:10:39,CSendEmail
2010 322 15:21:10,CUrl
2010 322 18:15:46,DUrl
2010 322 19:27:00,DNologon
2010 323 08:18:00,Blogon
2010 323 09:19:42,BUrl
2010 323 14:21:16,CUrl
2010 323 14:33:23,CSendEmail
2010 323 15:09:51,CUrl
2010 323 18:10:21,DUrl
2010 323 19:29:00,DNologon
2010 326 08:25:00,Blogon
2010 326 08:42:03,BUrl
2010 326 12:56:36,CSendEmail
2010 326 14:03:05,CUrl
2010 326 18:34:50,DUrl
2010 326 19:25:00,DNologon
2010 327 08:25:00,Blogon
2010 327 08:37:40,BUrl
2010 327 11:21:36,BSendEmail
2010 327 12:21:13,CUrl
2010 327 19:32:00,DNologon
2010 328 08:28:00,Blogon
2010 328 08:49:26,BUrl
2010 328 13:14:51,CUrl
2010 328 15:23:47,CSendEmail
2010 328 15:48:50,CUrl
2010 328 18:32:24,DUrl
2010 328 19:35:00,DNologon
2010 333 08:17:00,Blogon
2010 333 08:49:10,BUrl
2010 333 10:19:34,BSendEmail
2010 333 10:54:44,BUrl
2010 333 12:01:58,CUrl
2010 333 18:56:03,DUrl
2010 333 19:19:00,DNologon
2010 334 08:35:00,Blogon
2010 334 09:15:37,BUrl
2010 334 13:40:01,CUrl
2010 334 15:39:56,CSendEmail
2010 334 17:02:29,CUrl
2010 334 18:49:07,DUrl
2010 334 19:28:00,DNologon
2010 335 08:36:00,Blogon
2010 335 10:01:56,BUrl
2010 335 13:57:05,CUrl
2010 335 14:32:23,CSendEmail
2010 335 14:42:47,CUrl
2010 335 18:53:51,DUrl
2010 335 19:24:00,DNologon
2010 336 08:26:00,Blogon
2010 336 08:33:04,BUrl
2010 336 12:06:39,CUrl
2010 336 15:56:43,CSendEmail
2010 336 18:42:39,DUrl
2010 336 19:29:00,DNologon
2010 337 08:29:00,Blogon
2010 337 08:43:15,BUrl
2010 337 12:12:29,CUrl
2010 337 18:18:10,DSendEmail
2010 337 19:05:13,DUrl
2010 337 19:43:00,DNologon
2010 340 08:18:00,Blogon
2010 340 08:21:23,BSendEmail
2010 340 08:27:15,BUrl
2010 340 13:24:55,CUrl
2010 340 19:03:01,DUrl
2010 340 19:33:00,DNologon
2010 341 08:33:00,Blogon
2010 341 08:43:25,BUrl
2010 341 11:35:16,BSendEmail
2010 341 11:52:40,BUrl
2010 341 12:18:06,CUrl
2010 341 18:27:31,DUrl
2010 341 19:24:00,DNologon
2010 342 08:26:00,Blogon
2010 342 09:00:43,BUrl
2010 342 09:43:54,BSendEmail
2010 342 10:08:13,BUrl
2010 342 15:02:53,CUrl
2010 342 18:54:02,DUrl
2010 342 19:30:00,DNologon
2010 343 08:23:00,Blogon
2010 343 08:25:58,BUrl
2010 343 10:43:25,BSendEmail
2010 343 10:52:57,BUrl
2010 343 12:10:16,CUrl
2010 343 19:35:32,DUrl
2010 343 19:39:00,DNologon
2010 344 08:39:00,Blogon
2010 344 09:51:08,BUrl
2010 344 12:16:50,CUrl
2010 344 17:46:59,CSendEmail
2010 344 18:05:14,DUrl
2010 344 19:43:00,DNologon
2010 347 08:18:00,Blogon
2010 347 10:58:19,BSendEmail
2010 347 11:11:09,BUrl
2010 347 13:06:04,CUrl
2010 347 18:08:18,DUrl
2010 347 19:37:00,DNologon
2010 348 08:25:00,Blogon
2010 348 08:37:45,BUrl
2010 348 12:23:07,CUrl
2010 348 18:29:02,DUrl
2010 348 19:22:23,DSendEmail
2010 348 19:37:00,DNologon
2010 349 08:35:00,Blogon
2010 349 10:16:51,BUrl
2010 349 12:55:39,CUrl
2010 349 17:50:24,CSendEmail
2010 349 19:23:00,DNologon
2010 350 08:38:00,Blogon
2010 350 08:51:19,BUrl
2010 350 13:54:41,CUrl
2010 350 14:11:09,CSendEmail
2010 350 14:12:21,CUrl
2010 350 18:04:14,DUrl
2010 350 19:29:00,DNologon
2010 351 08:38:00,Blogon
2010 351 08:50:28,BUrl
2010 351 12:29:04,CUrl
2010 351 17:03:04,CSendEmail
2010 351 17:28:27,CUrl
2010 351 18:42:17,DUrl
2010 351 19:21:00,DNologon
2010 354 08:40:00,Blogon
2010 354 09:28:22,BUrl
2010 354 11:48:53,BSendEmail
2010 354 11:52:51,BUrl
2010 354 14:51:56,CUrl
2010 354 18:08:05,DUrl
2010 354 19:33:00,DNologon
2010 355 08:41:00,Blogon
2010 355 08:52:23,BUrl
2010 355 09:26:45,BSendEmail
2010 355 10:27:56,BUrl
2010 355 15:58:11,CUrl
2010 355 19:18:37,DUrl
2010 355 19:25:00,DNologon
2010 356 08:41:00,Blogon
2010 356 08:54:20,BUrl
2010 356 09:02:11,BSendEmail
2010 356 09:06:06,BUrl
2010 356 12:12:23,CUrl
2010 356 18:53:59,DUrl
2010 356 19:27:00,DNologon
2010 361 08:41:00,Blogon
2010 361 08:56:57,BUrl
2010 361 13:16:34,CUrl
2010 361 13:34:16,CSendEmail
2010 361 13:51:19,CUrl
2010 361 18:14:23,DUrl
2010 361 19:19:00,DNologon
2010 362 08:26:00,Blogon
2010 362 08:50:22,BUrl
2010 362 15:50:13,CUrl
2010 362 19:01:12,DUrl
2010 362 19:42:46,DSendEmail
2010 362 19:44:00,DNologon
2010 363 08:38:00,Blogon
2010 363 08:39:42,BUrl
2010 363 12:51:18,CSendEmail
2010 363 15:23:17,CUrl
2010 363 18:46:50,DUrl
2010 363 19:26:00,DNologon
2010 364 08:36:00,Blogon
2010 364 09:22:56,BUrl
2010 364 11:56:52,BSendEmail
2010 364 12:07:09,CUrl
2010 364 19:25:00,DNologon
2011 003 08:22:00,Blogon
2011 003 08:34:06,BUrl
2011 003 12:24:54,CUrl
2011 003 15:51:51,CSendEmail
2011 003 19:21:12,DUrl
2011 003 19:34:00,DNologon
2011 004 08:37:00,Blogon
2011 004 08:51:40,BUrl
2011 004 12:36:29,CUrl
2011 004 18:25:17,DSendEmail
2011 004 18:45:11,DUrl
2011 004 19:30:00,DNologon
2011 005 08:37:00,Blogon
2011 005 08:41:40,BUrl
2011 005 12:06:42,CUrl
2011 005 18:12:32,DUrl
2011 005 18:48:12,DSendEmail
2011 005 19:30:00,DNologon
2011 006 08:36:00,Blogon
2011 006 09:05:25,BUrl
2011 006 10:28:26,BSendEmail
2011 006 11:22:01,BUrl
2011 006 12:20:43,CUrl
2011 006 18:04:20,DUrl
2011 006 19:25:00,DNologon
2011 007 08:18:00,Blogon
2011 007 09:26:58,BUrl
2011 007 09:57:30,BSendEmail
2011 007 10:51:38,BUrl
2011 007 12:12:55,CUrl
2011 007 18:12:36,DUrl
2011 007 19:39:00,DNologon
2011 010 08:32:00,Blogon
2011 010 08:35:48,BUrl
2011 010 10:56:54,BSendEmail
2011 010 13:02:16,CUrl
2011 010 19:14:06,DUrl
2011 010 19:25:00,DNologon
2011 011 08:39:00,Blogon
2011 011 08:47:49,BUrl
2011 011 13:41:44,CSendEmail
2011 011 15:50:10,CUrl
2011 011 19:21:32,DUrl
2011 011 19:28:00,DNologon
2011 012 08:40:00,Blogon
2011 012 08:47:33,BUrl
2011 012 14:22:53,CUrl
2011 012 16:58:24,CSendEmail
2011 012 17:45:18,CUrl
2011 012 18:06:09,DUrl
2011 012 19:21:00,DNologon
2011 013 08:40:00,Blogon
2011 013 08:43:31,BUrl
2011 013 09:45:01,BSendEmail
2011 013 13:16:55,CUrl
2011 013 18:12:44,DUrl
2011 013 19:27:00,DNologon
2011 014 08:37:00,Blogon
2011 014 08:42:08,BUrl
2011 014 09:06:49,BSendEmail
2011 014 13:28:16,CUrl
2011 014 19:15:35,DUrl
2011 014 19:23:00,DNologon
2011 017 08:35:00,Blogon
2011 017 08:38:04,BUrl
2011 017 13:32:20,CUrl
2011 017 18:15:07,DUrl
2011 017 19:27:21,DSendEmail
2011 017 19:35:00,DNologon
2011 018 08:29:00,Blogon
2011 018 08:57:51,BUrl
2011 018 12:30:22,CUrl
2011 018 13:24:31,CSendEmail
2011 018 14:12:28,CUrl
2011 018 18:19:59,DUrl
2011 018 19:41:00,DNologon
2011 019 08:34:00,Blogon
2011 019 08:57:09,BUrl
2011 019 12:25:52,CUrl
2011 019 18:12:27,DSendEmail
2011 019 18:19:19,DUrl
2011 019 19:21:00,DNologon
2011 020 08:23:00,Blogon
2011 020 08:47:48,BUrl
2011 020 13:03:22,CUrl
2011 020 17:26:56,CSendEmail
2011 020 18:56:43,DUrl
2011 020 19:40:00,DNologon
2011 021 08:36:00,Blogon
2011 021 08:55:09,BUrl
2011 021 12:55:23,CSendEmail
2011 021 13:02:00,CUrl
2011 021 18:26:43,DUrl
2011 021 19:19:00,DNologon
2011 024 08:20:00,Blogon
2011 024 08:50:00,BUrl
2011 024 12:08:30,CSendEmail
2011 024 12:09:39,CUrl
2011 024 18:28:52,DUrl
2011 024 19:21:00,DNologon
2011 025 08:29:00,Blogon
2011 025 08:49:26,BUrl
2011 025 09:28:45,BSendEmail
2011 025 10:01:46,BUrl
2011 025 12:07:40,CUrl
2011 025 18:11:24,DUrl
2011 025 19:30:00,DNologon
2011 026 08:38:00,Blogon
2011 026 08:41:01,BUrl
2011 026 08:47:47,BSendEmail
2011 026 10:03:00,BUrl
2011 026 12:01:27,CUrl
2011 026 18:15:57,DUrl
2011 026 19:36:00,DNologon
2011 027 08:33:00,Blogon
2011 027 08:34:55,BUrl
2011 027 12:03:53,CUrl
2011 027 19:02:57,DUrl
2011 027 19:06:36,DSendEmail
2011 027 19:29:00,DNologon
2011 028 08:35:00,Blogon
2011 028 08:50:38,BUrl
2011 028 12:02:00,CUrl
2011 028 13:38:59,CSendEmail
2011 028 14:17:51,CUrl
2011 028 18:39:12,DUrl
2011 028 19:23:00,DNologon
2011 031 08:25:00,Blogon
2011 031 08:32:13,BUrl
2011 031 13:20:02,CUrl
2011 031 16:38:06,CSendEmail
2011 031 17:31:36,CUrl
2011 031 18:52:01,DUrl
2011 031 19:41:00,DNologon
2011 032 08:24:00,Blogon
2011 032 08:44:30,BUrl
2011 032 12:25:38,CUrl
2011 032 18:27:22,DUrl
2011 032 19:38:00,DNologon
2011 033 08:22:00,Blogon
2011 033 08:31:33,BSendEmail
2011 033 08:33:44,BUrl
2011 033 13:29:42,CUrl
2011 033 18:17:08,DUrl
2011 033 19:35:00,DNologon
2011 034 08:32:00,Blogon
2011 034 08:34:05,BUrl
2011 034 12:02:08,CSendEmail
2011 034 12:32:53,CUrl
2011 034 18:26:14,DUrl
2011 034 19:36:00,DNologon
2011 035 08:22:00,Blogon
2011 035 08:23:24,BUrl
2011 035 13:13:40,CSendEmail
2011 035 13:59:05,CUrl
2011 035 19:37:00,DNologon
2011 038 08:30:00,Blogon
2011 038 10:19:14,BUrl
2011 038 13:08:10,CUrl
2011 038 15:30:32,CSendEmail
2011 038 17:34:57,CUrl
2011 038 19:29:50,DUrl
2011 038 19:35:00,DNologon
2011 039 08:24:00,Blogon
2011 039 08:42:47,BUrl
2011 039 13:09:32,CUrl
2011 039 18:42:23,DUrl
2011 039 19:36:33,DSendEmail
2011 039 19:42:00,DNologon
2011 040 08:37:00,Blogon
2011 040 09:52:27,BUrl
2011 040 10:48:11,BSendEmail
2011 040 11:57:45,BUrl
2011 040 15:23:40,CUrl
2011 040 18:18:41,DUrl
2011 040 19:24:00,DNologon
2011 041 08:24:00,Blogon
2011 041 08:52:27,BUrl
2011 041 13:55:44,CUrl
2011 041 16:29:30,CSendEmail
2011 041 17:05:26,CUrl
2011 041 19:38:00,DNologon
2011 042 08:17:00,Blogon
2011 042 09:10:32,BUrl
2011 042 09:29:10,BSendEmail
2011 042 09:50:18,BUrl
2011 042 13:35:45,CUrl
2011 042 19:17:44,DUrl
2011 042 19:38:00,DNologon
2011 045 08:24:00,Blogon
2011 045 08:48:12,BUrl
2011 045 13:46:30,CUrl
2011 045 18:32:00,DSendEmail
2011 045 18:36:53,DUrl
2011 045 19:44:00,DNologon
2011 046 08:25:00,Blogon
2011 046 08:44:03,BUrl
2011 046 14:11:08,CUrl
2011 046 19:35:00,DNologon
2011 047 08:39:00,Blogon
2011 047 09:49:40,BUrl
2011 047 12:42:09,CUrl
2011 047 13:28:21,CSendEmail
2011 047 14:19:36,CUrl
2011 047 19:11:40,DUrl
2011 047 19:24:00,DNologon
2011 048 08:32:00,Blogon
2011 048 08:49:34,BUrl
2011 048 13:45:28,CUrl
2011 048 18:38:23,DUrl
2011 048 19:13:15,DSendEmail
2011 048 19:27:40,DUrl
2011 048 19:40:00,DNologon
2011 049 08:22:00,Blogon
2011 049 09:37:57,BUrl
2011 049 14:55:39,CUrl
2011 049 17:34:18,CSendEmail
2011 049 18:42:07,DUrl
2011 049 19:30:00,DNologon
2011 052 08:21:00,Blogon
2011 052 09:37:36,BUrl
2011 052 13:28:04,CUrl
2011 052 17:16:56,CSendEmail
2011 052 17:31:07,CUrl
2011 052 18:04:43,DUrl
2011 052 19:36:00,DNologon
2011 053 08:30:00,Blogon
2011 053 08:33:29,BUrl
2011 053 12:06:03,CUrl
2011 053 14:29:54,CSendEmail
2011 053 15:44:02,CUrl
2011 053 18:56:44,DUrl
2011 053 19:25:00,DNologon
2011 054 08:31:00,Blogon
2011 054 08:49:08,BUrl
2011 054 11:29:27,BSendEmail
2011 054 14:01:51,CUrl
2011 054 18:58:09,DUrl
2011 054 19:25:00,DNologon
2011 055 08:18:00,Blogon
2011 055 10:00:45,BUrl
2011 055 12:42:26,CUrl
2011 055 16:22:12,CSendEmail
2011 055 18:31:42,DUrl
2011 055 19:36:00,DNologon
2011 056 08:36:00,Blogon
2011 056 08:52:51,BUrl
2011 056 09:33:08,BSendEmail
2011 056 09:41:59,BUrl
2011 056 15:41:30,CUrl
2011 056 18:49:20,DUrl
2011 056 19:19:00,DNologon
2011 059 08:35:00,Blogon
2011 059 08:37:00,BUrl
2011 059 15:00:39,CUrl
2011 059 18:11:13,DUrl
2011 059 19:22:00,DNologon
2011 060 08:32:00,Blogon
2011 060 08:49:31,BUrl
2011 060 11:07:44,BSendEmail
2011 060 14:13:36,CUrl
2011 060 19:28:00,DNologon
2011 061 08:40:00,Blogon
2011 061 08:59:34,BUrl
2011 061 10:20:03,BSendEmail
2011 061 11:14:10,BUrl
2011 061 16:11:26,CUrl
2011 061 18:55:10,DUrl
2011 061 19:27:00,DNologon
2011 062 08:36:00,Blogon
2011 062 09:21:23,BUrl
2011 062 13:18:34,CSendEmail
2011 062 15:26:42,CUrl
2011 062 18:41:37,DUrl
2011 062 19:30:00,DNologon
2011 063 08:15:00,Blogon
2011 063 08:24:18,BUrl
2011 063 12:20:38,CUrl
2011 063 13:06:12,CSendEmail
2011 063 13:48:32,CUrl
2011 063 18:51:33,DUrl
2011 063 19:33:00,DNologon
2011 066 08:28:00,Blogon
2011 066 08:43:54,BUrl
2011 066 13:47:56,CUrl
2011 066 18:51:58,DUrl
2011 066 19:28:51,DSendEmail
2011 066 19:33:00,DNologon
2011 067 08:41:00,Blogon
2011 067 09:00:28,BUrl
2011 067 15:04:53,CUrl
2011 067 18:35:53,DSendEmail
2011 067 18:45:48,DUrl
2011 067 19:20:00,DNologon
2011 068 08:32:00,Blogon
2011 068 08:43:08,BUrl
2011 068 12:43:59,CUrl
2011 068 13:13:16,CSendEmail
2011 068 14:23:57,CUrl
2011 068 19:02:53,DUrl
2011 068 19:28:00,DNologon
2011 069 08:31:00,Blogon
2011 069 09:08:02,BUrl
2011 069 13:18:17,CUrl
2011 069 13:37:17,CSendEmail
2011 069 13:48:08,CUrl
2011 069 19:32:24,DUrl
2011 069 19:39:00,DNologon
2011 070 08:29:00,Blogon
2011 070 08:48:10,BUrl
2011 070 13:32:46,CUrl
2011 070 14:49:49,CSendEmail
2011 070 15:52:26,CUrl
2011 070 18:30:57,DUrl
2011 070 19:41:00,DNologon
2011 073 08:30:00,Blogon
2011 073 08:34:44,BUrl
2011 073 10:57:25,BSendEmail
2011 073 10:58:52,BUrl
2011 073 13:13:35,CUrl
2011 073 18:13:37,DUrl
2011 073 19:29:00,DNologon
2011 074 08:17:00,Blogon
2011 074 08:27:58,BUrl
2011 074 09:53:25,BSendEmail
2011 074 11:30:01,BUrl
2011 074 12:07:11,CUrl
2011 074 18:32:42,DUrl
2011 074 19:39:00,DNologon
2011 075 08:39:00,Blogon
2011 075 08:44:25,BUrl
2011 075 09:47:37,BSendEmail
2011 075 10:39:10,BUrl
2011 075 12:30:55,CUrl
2011 075 18:11:23,DUrl
2011 075 19:19:00,DNologon
2011 076 08:30:00,Blogon
2011 076 08:44:59,BUrl
2011 076 10:33:37,BSendEmail
2011 076 10:34:16,BUrl
2011 076 12:38:59,CUrl
2011 076 18:42:55,DUrl
2011 076 19:35:00,DNologon
2011 077 08:24:00,Blogon
2011 077 08:38:39,BUrl
2011 077 14:46:07,CSendEmail
2011 077 14:47:45,CUrl
2011 077 19:21:00,DNologon
2011 080 08:32:00,Blogon
2011 080 09:00:12,BUrl
2011 080 11:26:40,BSendEmail
2011 080 12:34:59,CUrl
2011 080 18:01:07,DUrl
2011 080 19:19:00,DNologon
2011 081 08:25:00,Blogon
2011 081 08:42:02,BUrl
2011 081 14:43:04,CUrl
2011 081 18:56:52,DUrl
2011 081 19:22:07,DSendEmail
2011 081 19:44:00,DNologon
2011 082 08:32:00,Blogon
2011 082 08:44:35,BUrl
2011 082 12:01:22,CSendEmail
2011 082 12:21:54,CUrl
2011 082 18:57:53,DUrl
2011 082 19:26:00,DNologon
2011 083 08:37:00,Blogon
2011 083 09:37:17,BUrl
2011 083 13:33:57,CUrl
2011 083 14:39:11,CSendEmail
2011 083 15:14:44,CUrl
2011 083 18:42:49,DUrl
2011 083 19:22:00,DNologon
2011 084 08:24:00,Blogon
2011 084 08:54:26,BSendEmail
2011 084 10:14:32,BUrl
2011 084 13:16:05,CUrl
2011 084 18:34:15,DUrl
2011 084 19:36:00,DNologon
2011 087 08:19:00,Blogon
2011 087 08:33:48,BUrl
2011 087 13:57:34,CSendEmail
2011 087 13:58:31,CUrl
2011 087 19:39:00,DNologon
2011 088 08:32:00,Blogon
2011 088 08:52:37,BUrl
2011 088 11:02:44,BSendEmail
2011 088 11:42:40,BUrl
2011 088 12:11:48,CUrl
2011 088 18:18:21,DUrl
2011 088 19:25:00,DNologon
2011 089 08:19:00,Blogon
2011 089 08:28:36,BUrl
2011 089 08:48:21,BSendEmail
2011 089 10:38:23,BUrl
2011 089 13:14:00,CUrl
2011 089 18:59:02,DUrl
2011 089 19:35:00,DNologon
2011 090 08:32:00,Blogon
2011 090 09:00:02,BUrl
2011 090 12:27:56,CUrl
2011 090 13:44:51,CSendEmail
2011 090 14:31:49,CUrl
2011 090 19:02:27,DUrl
2011 090 19:28:00,DNologon
2011 091 08:18:00,Blogon
2011 091 08:29:09,BUrl
2011 091 13:34:39,CUrl
2011 091 14:18:06,CSendEmail
2011 091 15:36:01,CUrl
2011 091 18:47:33,DUrl
2011 091 19:22:00,DNologon
2011 094 08:40:00,Blogon
2011 094 09:10:44,BUrl
2011 094 12:56:56,CUrl
2011 094 17:13:01,CSendEmail
2011 094 19:13:29,DUrl
2011 094 19:38:00,DNologon
2011 095 08:27:00,Blogon
2011 095 10:33:21,BUrl
2011 095 10:59:09,BSendEmail
2011 095 12:14:21,CUrl
2011 095 18:33:41,DUrl
2011 095 19:40:00,DNologon
2011 096 08:27:00,Blogon
2011 096 09:05:39,BUrl
2011 096 13:54:29,CUrl
2011 096 19:00:28,DUrl
2011 096 19:02:43,DSendEmail
2011 096 19:03:56,DUrl
2011 096 19:39:00,DNologon
2011 097 08:21:00,Blogon
2011 097 09:17:02,BUrl
2011 097 12:41:38,CUrl
2011 097 19:35:20,DUrl
2011 097 19:36:30,DSendEmail
2011 097 19:41:00,DNologon
2011 098 08:31:00,Blogon
2011 098 08:53:07,BUrl
2011 098 09:12:56,BSendEmail
2011 098 09:17:19,BUrl
2011 098 13:04:30,CUrl
2011 098 19:00:48,DUrl
2011 098 19:22:00,DNologon
2011 101 08:30:00,Blogon
2011 101 08:31:17,BUrl
2011 101 11:01:37,BSendEmail
2011 101 11:16:47,BUrl
2011 101 12:10:48,CUrl
2011 101 19:24:00,DNologon
2011 102 08:34:00,Blogon
2011 102 11:14:27,BSendEmail
2011 102 12:28:39,CUrl
2011 102 18:09:18,DUrl
2011 102 19:27:00,DNologon
2011 103 08:34:00,Blogon
2011 103 08:36:29,BUrl
2011 103 12:32:52,CUrl
2011 103 14:09:26,CSendEmail
2011 103 17:22:31,CUrl
2011 103 18:30:28,DUrl
2011 103 19:39:00,DNologon
2011 104 08:31:00,Blogon
2011 104 08:32:02,BUrl
2011 104 12:25:40,CUrl
2011 104 16:57:23,CSendEmail
2011 104 17:38:36,CUrl
2011 104 18:47:46,DUrl
2011 104 19:35:00,DNologon
2011 105 08:31:00,Blogon
2011 105 09:06:30,BUrl
2011 105 12:29:47,CUrl
2011 105 15:30:33,CSendEmail
2011 105 15:42:56,CUrl
2011 105 18:07:39,DUrl
2011 105 19:21:00,DNologon
2011 108 08:24:00,Blogon
2011 108 08:40:47,BUrl
2011 108 11:17:54,BSendEmail
2011 108 13:58:53,CUrl
2011 108 18:01:02,DUrl
2011 108 19:28:00,DNologon
2011 109 08:39:00,Blogon
2011 109 10:11:38,BSendEmail
2011 109 10:55:25,BUrl
2011 109 12:23:57,CUrl
2011 109 18:45:34,DUrl
2011 109 19:22:00,DNologon
2011 110 08:21:00,Blogon
2011 110 09:18:09,BUrl
2011 110 12:40:29,CUrl
2011 110 17:02:34,CSendEmail
2011 110 17:41:08,CUrl
2011 110 18:07:23,DUrl
2011 110 19:44:00,DNologon
2011 111 08:38:00,Blogon
2011 111 08:44:27,BUrl
2011 111 12:09:29,CUrl
2011 111 14:30:56,CSendEmail
2011 111 14:44:19,CUrl
2011 111 18:51:23,DUrl
2011 111 19:29:00,DNologon
2011 115 08:39:00,Blogon
2011 115 08:47:18,BUrl
2011 115 14:53:52,CUrl
2011 115 15:32:41,CSendEmail
2011 115 15:32:53,CUrl
2011 115 19:30:00,DNologon
2011 116 08:23:00,Blogon
2011 116 08:24:02,BUrl
2011 116 12:28:32,CUrl
2011 116 19:16:17,DSendEmail
2011 116 19:40:00,DNologon
2011 117 08:16:00,Blogon
2011 117 08:21:39,BUrl
2011 117 13:12:13,CUrl
2011 117 19:26:41,DUrl
2011 117 19:41:25,DSendEmail
2011 117 19:45:00,DNologon
2011 118 08:16:00,Blogon
2011 118 08:18:06,BUrl
2011 118 13:13:06,CSendEmail
2011 118 14:15:38,CUrl
2011 118 19:03:04,DUrl
2011 118 19:37:00,DNologon
2011 119 08:24:00,Blogon
2011 119 08:41:30,BUrl
2011 119 09:42:59,BSendEmail
2011 119 10:12:54,BUrl
2011 119 12:07:59,CUrl
2011 119 19:19:59,DUrl
2011 119 19:31:00,DNologon
2011 122 08:41:00,Blogon
2011 122 08:53:08,BUrl
2011 122 12:58:20,CUrl
2011 122 17:21:14,CSendEmail
2011 122 18:25:20,DUrl
2011 122 19:27:00,DNologon
2011 123 08:33:00,Blogon
2011 123 08:36:06,BSendEmail
2011 123 09:25:36,BUrl
2011 123 12:55:14,CUrl
2011 123 18:22:51,DUrl
2011 123 19:31:00,DNologon
2011 124 08:26:00,Blogon
2011 124 08:28:44,BUrl
2011 124 10:17:15,BSendEmail
2011 124 10:17:44,BUrl
2011 124 12:51:20,CUrl
2011 124 19:08:46,DUrl
2011 124 19:37:00,DNologon
2011 125 08:22:00,Blogon
2011 125 09:09:10,BUrl
2011 125 12:03:01,CUrl
2011 125 18:03:26,DUrl
2011 125 19:00:35,DSendEmail
2011 125 19:16:46,DUrl
2011 125 19:21:00,DNologon
2011 126 08:41:00,Blogon
2011 126 10:30:51,BUrl
2011 126 11:26:15,BSendEmail
2011 126 12:20:29,CUrl
2011 126 18:33:45,DUrl
2011 126 19:20:00,DNologon
2011 129 08:34:00,Blogon
2011 129 08:40:44,BSendEmail
2011 129 08:59:48,BUrl
2011 129 12:06:25,CUrl
2011 129 18:32:50,DUrl
2011 129 19:26:00,DNologon
2011 130 08:28:00,Blogon
2011 130 08:35:47,BUrl
2011 130 14:23:48,CUrl
2011 130 17:07:02,CSendEmail
2011 130 19:30:00,DNologon
2011 131 08:21:00,Blogon
2011 131 08:23:54,BUrl
2011 131 12:42:41,CUrl
2011 131 16:13:52,CSendEmail
2011 131 18:34:37,DUrl
2011 131 19:28:00,DNologon
2011 132 08:21:00,Blogon
2011 132 08:32:28,BUrl
2011 132 13:11:34,CUrl
2011 132 15:54:54,CSendEmail
2011 132 16:44:59,CUrl
2011 132 18:36:24,DUrl
2011 132 19:24:00,DNologon
2011 133 08:24:00,Blogon
2011 133 08:48:45,BUrl
2011 133 13:23:45,CUrl
2011 133 17:23:55,CSendEmail
2011 133 17:24:14,CUrl
2011 133 19:41:00,DNologon
2011 136 08:36:00,Blogon
2011 136 08:45:57,BUrl
2011 136 09:11:08,BSendEmail
2011 136 09:36:44,BUrl
2011 136 13:34:46,CUrl
2011 136 19:16:52,DUrl
2011 136 19:27:00,DNologon
