2010 004 08:49:00,Blogon
2010 004 09:28:51,BSendEmail
2010 004 09:30:16,BUrl
2010 004 13:20:02,CSendEmail
2010 004 14:12:20,CUrl
2010 004 14:47:44,CSendEmail
2010 004 16:44:57,CUrl
2010 004 17:02:00,CNologon
2010 005 09:04:00,Blogon
2010 005 09:22:42,BUrl
2010 005 12:03:53,CUrl
2010 005 14:04:44,CSendEmail
2010 005 14:08:39,CSendEmail
2010 005 14:10:17,CUrl
2010 005 14:13:47,CSendEmail
2010 005 14:15:01,CUrl
2010 005 16:49:00,CNologon
2010 006 08:46:00,Blogon
2010 006 09:50:18,BUrl
2010 006 13:33:24,CUrl
2010 006 14:43:58,CSendEmail
2010 006 14:51:47,CUrl
2010 006 15:58:58,CSendEmail
2010 006 16:04:37,CUrl
2010 006 16:52:34,CSendEmail
2010 006 17:04:00,CNologon
2010 007 09:05:00,Blogon
2010 007 09:12:35,BUrl
2010 007 12:11:45,CUrl
2010 007 15:43:52,CSendEmail
2010 007 15:44:15,CUrl
2010 007 15:49:41,CSendEmail
2010 007 15:49:51,CUrl
2010 007 15:50:08,CSendEmail
2010 007 15:55:11,CUrl
2010 007 16:49:00,CNologon
2010 008 08:45:00,Blogon
2010 008 08:56:26,BUrl
2010 008 10:21:44,BSendEmail
2010 008 10:29:16,BUrl
2010 008 11:05:00,BSendEmail
2010 008 11:20:14,BUrl
2010 008 12:31:13,CUrl
2010 008 12:39:00,CSendEmail
2010 008 13:04:20,CUrl
2010 008 16:50:00,CNologon
2010 011 08:59:00,Blogon
2010 011 09:03:18,BUrl
2010 011 09:41:14,BSendEmail
2010 011 09:46:05,BUrl
2010 011 12:30:26,CUrl
2010 011 16:06:31,CSendEmail
2010 011 16:06:40,CUrl
2010 011 16:25:01,CSendEmail
2010 011 17:00:00,CNologon
2010 012 08:47:00,Blogon
2010 012 08:57:47,BSendEmail
2010 012 09:01:19,BUrl
2010 012 09:38:43,BSendEmail
2010 012 09:40:44,BUrl
2010 012 12:16:31,CUrl
2010 012 16:40:34,CSendEmail
2010 012 16:47:45,CUrl
2010 012 17:10:00,CNologon
2010 013 09:11:00,Blogon
2010 013 09:45:01,BUrl
2010 013 12:02:26,CUrl
2010 013 13:33:40,CSendEmail
2010 013 13:38:31,CUrl
2010 013 13:52:50,CSendEmail
2010 013 13:59:00,CUrl
2010 013 14:10:19,CSendEmail
2010 013 14:20:03,CUrl
2010 013 16:50:00,CNologon
2010 014 08:53:00,Blogon
2010 014 09:25:47,BUrl
2010 014 12:40:03,CUrl
2010 014 14:15:33,CSendEmail
2010 014 14:50:17,CUrl
2010 014 15:18:44,CSendEmail
2010 014 15:18:50,CUrl
2010 014 16:57:51,CSendEmail
2010 014 17:02:00,CNologon
2010 015 09:09:00,Blogon
2010 015 09:10:27,BUrl
2010 015 09:17:37,BSendEmail
2010 015 09:31:27,BUrl
2010 015 12:01:38,CUrl
2010 015 12:16:07,CSendEmail
2010 015 12:17:07,CUrl
2010 015 13:07:36,CSendEmail
2010 015 13:34:27,CUrl
2010 015 16:55:00,CNologon
2010 018 09:04:00,Blogon
2010 018 09:26:29,BUrl
2010 018 12:31:28,CUrl
2010 018 16:30:56,CSendEmail
2010 018 16:36:14,CSendEmail
2010 018 16:43:44,CUrl
2010 018 17:01:28,CSendEmail
2010 018 17:09:00,CNologon
2010 019 08:48:00,Blogon
2010 019 08:56:18,BUrl
2010 019 09:49:51,BSendEmail
2010 019 10:09:42,BUrl
2010 019 10:30:18,BSendEmail
2010 019 10:31:16,BUrl
2010 019 12:21:14,CUrl
2010 019 13:56:36,CSendEmail
2010 019 14:12:02,CUrl
2010 019 17:09:00,CNologon
2010 020 08:59:00,Blogon
2010 020 09:14:12,BUrl
2010 020 12:39:56,CUrl
2010 020 12:47:14,CSendEmail
2010 020 12:49:05,CSendEmail
2010 020 12:51:03,CSendEmail
2010 020 12:59:29,CUrl
2010 020 17:08:00,CNologon
2010 021 09:00:00,Blogon
2010 021 09:22:02,BUrl
2010 021 10:08:38,BSendEmail
2010 021 10:14:06,BUrl
2010 021 10:18:02,BSendEmail
2010 021 10:35:49,BUrl
2010 021 12:11:10,CUrl
2010 021 12:20:20,CSendEmail
2010 021 12:36:14,CUrl
2010 021 16:58:00,CNologon
2010 022 08:51:00,Blogon
2010 022 08:52:07,BUrl
2010 022 12:21:30,CUrl
2010 022 14:42:53,CSendEmail
2010 022 14:51:41,CSendEmail
2010 022 15:48:20,CUrl
2010 022 16:22:44,CSendEmail
2010 022 16:26:30,CUrl
2010 022 17:02:00,CNologon
2010 025 08:48:00,Blogon
2010 025 08:54:50,BUrl
2010 025 10:58:51,BSendEmail
2010 025 11:04:50,BSendEmail
2010 025 11:16:49,BUrl
2010 025 11:26:01,BSendEmail
2010 025 11:31:33,BUrl
2010 025 13:05:07,CUrl
2010 025 17:03:00,CNologon
2010 026 08:45:00,Blogon
2010 026 08:50:16,BSendEmail
2010 026 09:02:58,BUrl
2010 026 11:14:25,BSendEmail
2010 026 11:36:31,BUrl
2010 026 12:04:57,CUrl
2010 026 12:13:30,CSendEmail
2010 026 12:33:24,CUrl
2010 026 17:15:00,CNologon
2010 027 08:47:00,Blogon
2010 027 08:51:35,BUrl
2010 027 12:05:03,CUrl
2010 027 16:06:42,CSendEmail
2010 027 16:21:44,CSendEmail
2010 027 16:27:24,CUrl
2010 027 16:32:44,CSendEmail
2010 027 16:43:43,CUrl
2010 027 17:05:00,CNologon
2010 028 09:11:00,Blogon
2010 028 09:15:05,BUrl
2010 028 10:43:25,BSendEmail
2010 028 10:48:50,BUrl
2010 028 12:10:12,CUrl
2010 028 16:54:36,CSendEmail
2010 028 17:05:00,CNologon
2010 029 09:02:00,Blogon
2010 029 09:03:36,BUrl
2010 029 10:33:09,BSendEmail
2010 029 10:33:22,BSendEmail
2010 029 10:49:47,BUrl
2010 029 12:15:07,CUrl
2010 029 12:37:05,CSendEmail
2010 029 12:38:52,CUrl
2010 029 16:54:00,CNologon
2010 032 08:46:00,Blogon
2010 032 08:50:29,BUrl
2010 032 09:37:14,BSendEmail
2010 032 09:39:45,BSendEmail
2010 032 09:44:51,BUrl
2010 032 10:21:56,BSendEmail
2010 032 10:22:24,BUrl
2010 032 12:00:22,CUrl
2010 032 17:00:00,CNologon
2010 033 09:09:00,Blogon
2010 033 09:20:59,BUrl
2010 033 09:44:00,BSendEmail
2010 033 09:44:14,BUrl
2010 033 09:52:31,BSendEmail
2010 033 09:59:40,BUrl
2010 033 10:44:35,BSendEmail
2010 033 10:53:19,BUrl
2010 033 12:30:06,CUrl
2010 033 16:53:00,CNologon
2010 034 09:07:00,Blogon
2010 034 09:28:26,BUrl
2010 034 10:18:50,BSendEmail
2010 034 10:23:57,BUrl
2010 034 10:36:17,BSendEmail
2010 034 11:02:26,BUrl
2010 034 12:17:19,CUrl
2010 034 15:26:14,CSendEmail
2010 034 15:27:57,CUrl
2010 034 16:52:00,CNologon
2010 035 09:08:00,Blogon
2010 035 09:28:02,BUrl
2010 035 12:09:32,CUrl
2010 035 13:05:19,CSendEmail
2010 035 13:14:02,CSendEmail
2010 035 13:22:15,CUrl
2010 035 16:34:27,CSendEmail
2010 035 16:36:04,CUrl
2010 035 16:51:00,CNologon
2010 036 09:04:00,Blogon
2010 036 09:22:38,BUrl
2010 036 09:45:00,BSendEmail
2010 036 09:48:18,BSendEmail
2010 036 09:50:36,BUrl
2010 036 12:26:28,CUrl
2010 036 12:48:50,CSendEmail
2010 036 13:10:36,CUrl
2010 036 16:58:00,CNologon
2010 039 09:01:00,Blogon
2010 039 09:02:14,BUrl
2010 039 12:23:33,CUrl
2010 039 16:39:18,CSendEmail
2010 039 16:42:55,CUrl
2010 039 16:45:22,CSendEmail
2010 039 16:45:50,CSendEmail
2010 039 17:01:21,CUrl
2010 039 17:06:00,CNologon
2010 040 09:03:00,Blogon
2010 040 09:13:26,BUrl
2010 040 11:45:37,BSendEmail
2010 040 12:09:33,CUrl
2010 040 13:09:10,CSendEmail
2010 040 13:11:52,CUrl
2010 040 13:25:04,CSendEmail
2010 040 13:57:18,CUrl
2010 040 16:54:00,CNologon
2010 041 09:07:00,Blogon
2010 041 09:11:15,BUrl
2010 041 13:00:00,CUrl
2010 041 15:03:40,CSendEmail
2010 041 15:03:43,CUrl
2010 041 15:04:16,CSendEmail
2010 041 15:04:24,CSendEmail
2010 041 15:06:30,CUrl
2010 041 16:57:00,CNologon
2010 042 09:10:00,Blogon
2010 042 09:12:41,BUrl
2010 042 12:31:35,CUrl
2010 042 14:06:09,CSendEmail
2010 042 14:10:10,CUrl
2010 042 15:55:49,CSendEmail
2010 042 16:05:04,CSendEmail
2010 042 16:12:17,CUrl
2010 042 16:55:00,CNologon
2010 043 09:08:00,Blogon
2010 043 09:17:39,BUrl
2010 043 11:01:39,BSendEmail
2010 043 11:01:53,BUrl
2010 043 11:03:46,BSendEmail
2010 043 11:03:50,BUrl
2010 043 11:04:30,BSendEmail
2010 043 11:07:58,BUrl
2010 043 12:30:08,CUrl
2010 043 16:53:00,CNologon
2010 046 08:45:00,Blogon
2010 046 08:46:08,BUrl
2010 046 12:17:39,CUrl
2010 046 14:03:36,CSendEmail
2010 046 14:05:08,CSendEmail
2010 046 14:06:04,CSendEmail
2010 046 14:06:35,CUrl
2010 046 17:07:00,CNologon
2010 047 09:04:00,Blogon
2010 047 09:20:23,BUrl
2010 047 09:51:21,BSendEmail
2010 047 09:55:06,BUrl
2010 047 10:21:02,BSendEmail
2010 047 10:27:15,BUrl
2010 047 12:23:32,CUrl
2010 047 13:22:08,CSendEmail
2010 047 13:42:56,CUrl
2010 047 16:51:00,CNologon
2010 048 08:46:00,Blogon
2010 048 08:49:33,BUrl
2010 048 12:10:13,CUrl
2010 048 16:38:27,CSendEmail
2010 048 16:39:06,CSendEmail
2010 048 16:41:40,CSendEmail
2010 048 17:03:07,CUrl
2010 048 17:09:00,CNologon
2010 049 09:10:00,Blogon
2010 049 09:11:59,BUrl
2010 049 10:26:17,BSendEmail
2010 049 10:49:05,BUrl
2010 049 12:18:37,CUrl
2010 049 17:12:00,CNologon
2010 050 08:52:00,Blogon
2010 050 08:53:53,BUrl
2010 050 12:18:12,CUrl
2010 050 13:08:16,CSendEmail
2010 050 13:25:00,CUrl
2010 050 13:34:41,CSendEmail
2010 050 13:42:42,CSendEmail
2010 050 13:56:01,CUrl
2010 050 17:09:00,CNologon
2010 053 08:56:00,Blogon
2010 053 08:59:42,BUrl
2010 053 12:02:24,CUrl
2010 053 12:45:26,CSendEmail
2010 053 12:45:54,CUrl
2010 053 16:56:17,CSendEmail
2010 053 16:56:20,CUrl
2010 053 17:00:03,CSendEmail
2010 053 17:02:00,CNologon
2010 054 08:54:00,Blogon
2010 054 08:55:34,BUrl
2010 054 12:29:37,CUrl
2010 054 12:58:02,CSendEmail
2010 054 13:01:36,CSendEmail
2010 054 13:13:55,CUrl
2010 054 13:17:58,CSendEmail
2010 054 13:19:58,CUrl
2010 054 17:06:00,CNologon
2010 055 09:11:00,Blogon
2010 055 09:12:51,BUrl
2010 055 10:11:39,BSendEmail
2010 055 10:12:12,BUrl
2010 055 10:13:52,BSendEmail
2010 055 10:19:57,BUrl
2010 055 11:24:56,BSendEmail
2010 055 12:08:09,CUrl
2010 055 17:00:00,CNologon
2010 056 09:05:00,Blogon
2010 056 09:46:46,BUrl
2010 056 09:55:09,BSendEmail
2010 056 10:34:39,BUrl
2010 056 11:58:23,BSendEmail
2010 056 12:00:46,CUrl
2010 056 12:02:29,CSendEmail
2010 056 12:17:22,CUrl
2010 056 16:50:00,CNologon
2010 057 09:00:00,Blogon
2010 057 09:02:57,BUrl
2010 057 12:15:59,CUrl
2010 057 14:11:26,CSendEmail
2010 057 14:17:15,CSendEmail
2010 057 14:21:43,CUrl
2010 057 14:26:04,CSendEmail
2010 057 14:30:09,CUrl
2010 057 17:01:00,CNologon
2010 060 08:57:00,Blogon
2010 060 09:00:15,BUrl
2010 060 10:10:36,BSendEmail
2010 060 10:32:13,BUrl
2010 060 12:09:41,CUrl
2010 060 12:26:35,CSendEmail
2010 060 12:36:02,CUrl
2010 060 17:04:00,CNologon
2010 061 09:01:00,Blogon
2010 061 09:16:48,BUrl
2010 061 10:17:34,BSendEmail
2010 061 10:23:50,BSendEmail
2010 061 10:42:28,BUrl
2010 061 11:07:28,BSendEmail
2010 061 11:49:45,BUrl
2010 061 12:47:31,CUrl
2010 061 17:00:00,CNologon
2010 062 09:02:00,Blogon
2010 062 09:32:29,BUrl
2010 062 12:00:48,CUrl
2010 062 13:48:08,CSendEmail
2010 062 14:15:19,CUrl
2010 062 16:33:59,CSendEmail
2010 062 16:34:07,CUrl
2010 062 16:34:09,CSendEmail
2010 062 16:37:53,CUrl
2010 062 16:59:00,CNologon
2010 063 09:24:33,BUrl
2010 063 12:05:36,CUrl
2010 063 16:04:51,CSendEmail
2010 063 16:14:06,CSendEmail
2010 063 16:23:02,CUrl
2010 063 16:24:15,CSendEmail
2010 063 16:34:05,CUrl
2010 063 17:15:00,CNologon
2010 064 09:05:00,Blogon
2010 064 09:06:22,BUrl
2010 064 12:09:22,CUrl
2010 064 16:46:35,CSendEmail
2010 064 16:50:10,CSendEmail
2010 064 16:53:44,CUrl
2010 064 16:59:00,CNologon
2010 067 09:02:00,Blogon
2010 067 09:04:44,BUrl
2010 067 11:50:01,BSendEmail
2010 067 12:03:15,CUrl
2010 067 16:38:27,CSendEmail
2010 067 16:40:12,CSendEmail
2010 067 16:57:00,CNologon
2010 068 08:57:00,Blogon
2010 068 08:58:47,BSendEmail
2010 068 08:58:50,BUrl
2010 068 09:05:11,BSendEmail
2010 068 09:05:30,BUrl
2010 068 12:40:26,CUrl
2010 068 15:01:10,CSendEmail
2010 068 15:13:20,CUrl
2010 068 17:05:00,CNologon
2010 069 08:46:00,Blogon
2010 069 08:51:44,BUrl
2010 069 10:19:47,BSendEmail
2010 069 10:27:47,BUrl
2010 069 13:06:47,CUrl
2010 069 14:39:15,CSendEmail
2010 069 14:48:07,CUrl
2010 069 14:50:34,CSendEmail
2010 069 15:37:05,CUrl
2010 069 17:05:00,CNologon
2010 070 08:56:00,Blogon
2010 070 09:20:01,BUrl
2010 070 11:37:14,BSendEmail
2010 070 11:40:08,BUrl
2010 070 11:46:52,BSendEmail
2010 070 12:05:55,CUrl
2010 070 14:47:51,CSendEmail
2010 070 14:51:29,CUrl
2010 070 16:53:00,CNologon
2010 071 08:52:00,Blogon
2010 071 08:55:47,BUrl
2010 071 12:19:33,CUrl
2010 071 13:34:34,CSendEmail
2010 071 14:39:46,CUrl
2010 071 15:00:46,CSendEmail
2010 071 15:28:22,CUrl
2010 071 15:42:07,CSendEmail
2010 071 16:26:52,CUrl
2010 071 17:09:00,CNologon
2010 074 08:47:00,Blogon
2010 074 08:49:40,BUrl
2010 074 08:50:41,BSendEmail
2010 074 08:50:42,BUrl
2010 074 11:08:07,BSendEmail
2010 074 12:47:01,CUrl
2010 074 14:22:13,CSendEmail
2010 074 14:22:44,CUrl
2010 074 17:03:00,CNologon
2010 075 08:47:00,Blogon
2010 075 09:04:39,BUrl
2010 075 11:36:58,BSendEmail
2010 075 11:53:28,BUrl
2010 075 12:10:18,CUrl
2010 075 13:40:33,CSendEmail
2010 075 14:15:16,CUrl
2010 075 16:57:00,CNologon
2010 076 09:07:00,Blogon
2010 076 09:12:01,BUrl
2010 076 09:36:32,BSendEmail
2010 076 09:42:50,BSendEmail
2010 076 10:15:04,BUrl
2010 076 11:01:52,BSendEmail
2010 076 11:39:47,BUrl
2010 076 12:17:01,CUrl
2010 076 16:49:00,CNologon
2010 077 08:50:00,Blogon
2010 077 09:03:01,BUrl
2010 077 09:26:04,BSendEmail
2010 077 09:28:01,BUrl
2010 077 10:31:57,BSendEmail
2010 077 10:32:27,BSendEmail
2010 077 11:08:59,BUrl
2010 077 12:28:42,CUrl
2010 077 17:00:00,CNologon
2010 078 09:01:00,Blogon
2010 078 09:14:17,BUrl
2010 078 11:27:42,BSendEmail
2010 078 11:39:38,BSendEmail
2010 078 11:40:52,BSendEmail
2010 078 11:57:43,BUrl
2010 078 12:01:51,CUrl
2010 078 17:04:00,CNologon
2010 081 08:59:00,Blogon
2010 081 09:11:01,BUrl
2010 081 09:47:46,BSendEmail
2010 081 09:48:02,BUrl
2010 081 09:49:26,BSendEmail
2010 081 10:06:38,BUrl
2010 081 11:46:31,BSendEmail
2010 081 12:14:32,CUrl
2010 081 17:05:00,CNologon
2010 082 08:45:00,Blogon
2010 082 08:48:09,BUrl
2010 082 12:17:32,CUrl
2010 082 13:29:48,CSendEmail
2010 082 13:34:33,CUrl
2010 082 14:48:05,CSendEmail
2010 082 15:29:13,CUrl
2010 082 15:30:56,CSendEmail
2010 082 15:31:08,CUrl
2010 082 17:02:00,CNologon
2010 083 08:52:00,Blogon
2010 083 08:55:17,BSendEmail
2010 083 08:59:29,BUrl
2010 083 10:40:51,BSendEmail
2010 083 11:10:08,BUrl
2010 083 12:05:51,CUrl
2010 083 12:44:22,CSendEmail
2010 083 12:57:43,CUrl
2010 083 17:03:00,CNologon
2010 084 09:08:00,Blogon
2010 084 09:09:28,BUrl
2010 084 10:39:12,BSendEmail
2010 084 11:06:20,BUrl
2010 084 12:20:35,CUrl
2010 084 13:45:24,CSendEmail
2010 084 13:45:45,CSendEmail
2010 084 14:14:21,CUrl
2010 084 16:50:00,CNologon
2010 085 08:56:00,Blogon
2010 085 09:04:58,BUrl
2010 085 12:03:49,CUrl
2010 085 13:05:29,CSendEmail
2010 085 13:14:25,CUrl
2010 085 15:01:18,CSendEmail
2010 085 15:09:21,CUrl
2010 085 15:24:49,CSendEmail
2010 085 15:48:01,CUrl
2010 085 17:12:00,CNologon
2010 088 08:53:00,Blogon
2010 088 08:55:41,BUrl
2010 088 12:07:59,CUrl
2010 088 16:56:48,CSendEmail
2010 088 16:58:21,CSendEmail
2010 088 17:04:29,CSendEmail
2010 088 17:04:52,CUrl
2010 088 17:13:00,CNologon
2010 089 09:11:00,Blogon
2010 089 09:22:54,BUrl
2010 089 12:01:30,CSendEmail
2010 089 12:03:41,CUrl
2010 089 14:49:37,CSendEmail
2010 089 14:58:33,CUrl
2010 089 15:05:26,CSendEmail
2010 089 15:50:20,CUrl
2010 089 16:55:00,CNologon
2010 090 08:48:00,Blogon
2010 090 09:02:05,BUrl
2010 090 10:31:10,BSendEmail
2010 090 10:40:21,BUrl
2010 090 12:22:58,CUrl
2010 090 13:33:41,CSendEmail
2010 090 13:37:58,CUrl
2010 090 13:40:43,CSendEmail
2010 090 13:41:39,CUrl
2010 090 17:00:00,CNologon
2010 091 08:55:00,Blogon
2010 091 09:06:13,BUrl
2010 091 09:43:15,BSendEmail
2010 091 09:47:43,BUrl
2010 091 09:55:33,BSendEmail
2010 091 09:59:21,BUrl
2010 091 12:04:04,CUrl
2010 091 13:20:27,CSendEmail
2010 091 13:37:41,CUrl
2010 091 17:05:00,CNologon
2010 095 08:47:00,Blogon
2010 095 09:05:41,BUrl
2010 095 12:01:58,CUrl
2010 095 14:31:07,CSendEmail
2010 095 14:32:14,CSendEmail
2010 095 14:40:27,CSendEmail
2010 095 15:07:22,CUrl
2010 095 17:12:00,CNologon
2010 096 08:48:00,Blogon
2010 096 08:56:10,BUrl
2010 096 09:21:33,BSendEmail
2010 096 09:29:53,BUrl
2010 096 09:40:51,BSendEmail
2010 096 09:45:30,BUrl
2010 096 12:10:04,CUrl
2010 096 14:51:38,CSendEmail
2010 096 14:53:57,CUrl
2010 096 17:10:00,CNologon
2010 097 08:46:00,Blogon
2010 097 08:48:51,BUrl
2010 097 11:46:06,BSendEmail
2010 097 12:35:25,CUrl
2010 097 15:27:18,CSendEmail
2010 097 15:40:08,CUrl
2010 097 16:06:30,CSendEmail
2010 097 16:34:43,CUrl
2010 097 17:11:00,CNologon
2010 098 09:07:00,Blogon
2010 098 09:10:48,BUrl
2010 098 12:19:17,CUrl
2010 098 13:22:29,CSendEmail
2010 098 13:43:10,CSendEmail
2010 098 13:51:01,CUrl
2010 098 13:56:41,CSendEmail
2010 098 14:31:01,CUrl
2010 098 16:52:00,CNologon
2010 099 09:02:00,Blogon
2010 099 09:07:26,BUrl
2010 099 09:46:12,BSendEmail
2010 099 09:52:05,BUrl
2010 099 10:53:07,BSendEmail
2010 099 10:53:28,BUrl
2010 099 13:08:24,CUrl
2010 099 16:48:14,CSendEmail
2010 099 16:48:40,CUrl
2010 099 16:57:00,CNologon
2010 102 09:04:00,Blogon
2010 102 09:31:30,BUrl
2010 102 09:43:56,BSendEmail
2010 102 09:44:27,BSendEmail
2010 102 09:47:54,BUrl
2010 102 12:31:03,CUrl
2010 102 13:03:46,CSendEmail
2010 102 13:08:58,CUrl
2010 102 17:06:00,CNologon
2010 103 08:47:00,Blogon
2010 103 08:49:52,BUrl
2010 103 10:59:42,BSendEmail
2010 103 11:00:17,BSendEmail
2010 103 11:01:37,BUrl
2010 103 11:03:29,BSendEmail
2010 103 11:17:44,BUrl
2010 103 12:10:30,CUrl
2010 103 17:01:00,CNologon
2010 104 08:57:00,Blogon
2010 104 09:13:59,BSendEmail
2010 104 09:19:02,BUrl
2010 104 09:23:31,BSendEmail
2010 104 09:48:43,BUrl
2010 104 10:45:10,BSendEmail
2010 104 10:58:22,BUrl
2010 104 12:26:23,CUrl
2010 104 17:12:00,CNologon
2010 105 09:10:00,Blogon
2010 105 09:48:10,BUrl
2010 105 12:35:09,CUrl
2010 105 16:16:11,CSendEmail
2010 105 16:16:13,CUrl
2010 105 16:16:27,CSendEmail
2010 105 16:16:36,CUrl
2010 105 16:53:00,CNologon
2010 106 09:04:00,Blogon
2010 106 09:08:24,BUrl
2010 106 09:21:57,BSendEmail
2010 106 09:23:14,BSendEmail
2010 106 09:30:54,BUrl
2010 106 13:07:02,CUrl
2010 106 14:04:10,CSendEmail
2010 106 14:07:12,CUrl
2010 106 17:04:00,CNologon
2010 109 08:57:00,Blogon
2010 109 09:11:04,BUrl
2010 109 10:53:31,BSendEmail
2010 109 10:54:09,BUrl
2010 109 12:42:30,CUrl
2010 109 13:29:10,CSendEmail
2010 109 13:30:13,CUrl
2010 109 16:18:12,CSendEmail
2010 109 16:22:44,CUrl
2010 109 17:14:00,CNologon
2010 110 08:57:00,Blogon
2010 110 09:03:28,BUrl
2010 110 09:31:29,BSendEmail
2010 110 09:33:26,BUrl
2010 110 09:50:30,BSendEmail
2010 110 10:13:15,BUrl
2010 110 12:11:17,CUrl
2010 110 15:52:04,CSendEmail
2010 110 16:14:08,CUrl
2010 110 16:49:00,CNologon
2010 111 08:52:00,Blogon
2010 111 08:53:55,BUrl
2010 111 10:47:20,BSendEmail
2010 111 10:56:41,BSendEmail
2010 111 11:31:40,BUrl
2010 111 12:02:51,CUrl
2010 111 13:33:18,CSendEmail
2010 111 13:34:40,CUrl
2010 111 16:54:00,CNologon
2010 112 08:55:00,Blogon
2010 112 08:57:44,BUrl
2010 112 10:00:59,BSendEmail
2010 112 10:28:23,BUrl
2010 112 10:39:18,BSendEmail
2010 112 10:39:39,BUrl
2010 112 12:42:14,CUrl
2010 112 13:52:39,CSendEmail
2010 112 13:56:16,CUrl
2010 112 17:10:00,CNologon
2010 113 09:10:00,Blogon
2010 113 09:56:06,BSendEmail
2010 113 09:56:42,BUrl
2010 113 12:39:04,CUrl
2010 113 13:08:33,CSendEmail
2010 113 14:22:58,CUrl
2010 113 15:09:41,CSendEmail
2010 113 15:25:06,CUrl
2010 113 16:49:00,CNologon
2010 116 09:03:00,Blogon
2010 116 09:06:01,BUrl
2010 116 12:29:09,CUrl
2010 116 14:31:08,CSendEmail
2010 116 14:37:16,CSendEmail
2010 116 14:47:01,CUrl
2010 116 16:18:50,CSendEmail
2010 116 16:44:28,CUrl
2010 116 16:55:00,CNologon
2010 117 09:11:00,Blogon
2010 117 09:12:17,BUrl
2010 117 12:19:17,CUrl
2010 117 13:51:12,CSendEmail
2010 117 14:00:03,CUrl
2010 117 14:15:13,CSendEmail
2010 117 14:25:08,CUrl
2010 117 16:22:39,CSendEmail
2010 117 16:32:20,CUrl
2010 117 16:59:00,CNologon
2010 118 08:54:00,Blogon
2010 118 09:12:50,BUrl
2010 118 12:20:53,CUrl
2010 118 14:32:40,CSendEmail
2010 118 14:33:37,CSendEmail
2010 118 14:57:08,CUrl
2010 118 15:32:47,CSendEmail
2010 118 15:42:17,CUrl
2010 118 17:03:00,CNologon
2010 119 09:04:00,Blogon
2010 119 09:18:13,BUrl
2010 119 12:11:44,CUrl
2010 119 13:03:34,CSendEmail
2010 119 13:23:30,CUrl
2010 119 15:27:20,CSendEmail
2010 119 15:30:33,CUrl
2010 119 15:33:52,CSendEmail
2010 119 15:42:45,CUrl
2010 119 16:59:00,CNologon
2010 120 08:59:00,Blogon
2010 120 09:15:20,BUrl
2010 120 09:50:25,BSendEmail
2010 120 10:01:22,BUrl
2010 120 12:07:20,CUrl
2010 120 15:23:36,CSendEmail
2010 120 15:38:18,CUrl
2010 120 16:26:11,CSendEmail
2010 120 16:43:14,CUrl
2010 120 17:05:00,CNologon
2010 123 09:01:00,Blogon
2010 123 09:06:50,BUrl
2010 123 12:01:50,CUrl
2010 123 12:31:03,CSendEmail
2010 123 12:50:23,CUrl
2010 123 12:54:24,CSendEmail
2010 123 13:19:03,CUrl
2010 123 14:29:40,CSendEmail
2010 123 14:52:41,CUrl
2010 123 16:50:00,CNologon
2010 124 08:45:00,Blogon
2010 124 08:46:53,BUrl
2010 124 09:30:07,BSendEmail
2010 124 10:02:14,BUrl
2010 124 12:23:33,CUrl
2010 124 14:22:20,CSendEmail
2010 124 15:40:09,CUrl
2010 124 16:59:00,CNologon
2010 125 09:01:00,Blogon
2010 125 09:08:53,BUrl
2010 125 09:51:23,BSendEmail
2010 125 09:51:32,BSendEmail
2010 125 09:55:41,BSendEmail
2010 125 10:19:41,BUrl
2010 125 13:13:01,CUrl
2010 125 16:59:00,CNologon
2010 126 09:02:00,Blogon
2010 126 09:10:36,BUrl
2010 126 12:07:24,CSendEmail
2010 126 12:25:18,CUrl
2010 126 12:44:30,CSendEmail
2010 126 13:49:24,CUrl
2010 126 15:34:58,CSendEmail
2010 126 16:06:20,CUrl
2010 126 16:51:00,CNologon
2010 127 08:54:00,Blogon
2010 127 08:57:56,BSendEmail
2010 127 08:59:01,BSendEmail
2010 127 09:11:11,BUrl
2010 127 12:26:36,CUrl
2010 127 16:19:36,CSendEmail
2010 127 16:44:43,CUrl
2010 127 17:08:00,CNologon
2010 130 08:54:00,Blogon
2010 130 09:21:45,BUrl
2010 130 10:15:24,BSendEmail
2010 130 10:16:50,BUrl
2010 130 12:01:57,CUrl
2010 130 15:21:56,CSendEmail
2010 130 15:59:32,CUrl
2010 130 16:45:02,CSendEmail
2010 130 17:00:00,CNologon
2010 131 08:56:00,Blogon
2010 131 09:01:15,BUrl
2010 131 12:11:01,CUrl
2010 131 14:52:36,CSendEmail
2010 131 14:56:31,CSendEmail
2010 131 15:08:58,CUrl
2010 131 15:14:55,CSendEmail
2010 131 15:52:59,CUrl
2010 131 17:10:00,CNologon
2010 132 09:06:00,Blogon
2010 132 09:21:08,BUrl
2010 132 12:18:27,CUrl
2010 132 13:59:23,CSendEmail
2010 132 14:00:28,CUrl
2010 132 14:02:26,CSendEmail
2010 132 14:21:04,CSendEmail
2010 132 14:27:02,CUrl
2010 132 16:53:00,CNologon
2010 133 08:54:00,Blogon
2010 133 09:11:12,BUrl
2010 133 12:06:28,CUrl
2010 133 17:01:48,CSendEmail
2010 133 17:03:27,CSendEmail
2010 133 17:05:58,CSendEmail
2010 133 17:06:28,CUrl
2010 133 17:09:00,CNologon
2010 134 08:56:00,Blogon
2010 134 09:12:00,BUrl
2010 134 09:22:46,BSendEmail
2010 134 09:39:18,BUrl
2010 134 09:52:11,BSendEmail
2010 134 09:58:58,BSendEmail
2010 134 10:07:16,BUrl
2010 134 12:12:01,CUrl
2010 134 17:08:00,CNologon
2010 137 08:52:00,Blogon
2010 137 08:59:18,BUrl
2010 137 11:36:04,BSendEmail
2010 137 11:39:41,BSendEmail
2010 137 11:41:08,BUrl
2010 137 11:58:30,BSendEmail
2010 137 12:03:24,CUrl
2010 137 17:05:00,CNologon
2010 138 08:59:00,Blogon
2010 138 09:07:04,BUrl
2010 138 10:41:34,BSendEmail
2010 138 10:53:49,BUrl
2010 138 12:06:43,CUrl
2010 138 14:43:29,CSendEmail
2010 138 15:03:17,CSendEmail
2010 138 15:06:16,CUrl
2010 138 17:12:00,CNologon
2010 139 08:49:00,Blogon
2010 139 09:36:48,BSendEmail
2010 139 09:39:49,BUrl
2010 139 09:50:25,BSendEmail
2010 139 09:51:50,BUrl
2010 139 10:04:54,BSendEmail
2010 139 10:22:10,BUrl
2010 139 12:10:54,CUrl
2010 139 17:10:00,CNologon
2010 140 08:55:00,Blogon
2010 140 09:17:11,BSendEmail
2010 140 09:19:50,BUrl
2010 140 09:33:07,BSendEmail
2010 140 09:48:41,BUrl
2010 140 10:06:54,BSendEmail
2010 140 10:59:14,BUrl
2010 140 12:51:22,CUrl
2010 140 17:15:00,CNologon
2010 141 08:46:00,Blogon
2010 141 08:55:37,BUrl
2010 141 11:01:33,BSendEmail
2010 141 12:04:37,CUrl
2010 141 16:01:35,CSendEmail
2010 141 16:14:33,CSendEmail
2010 141 16:36:29,CUrl
2010 141 17:13:00,CNologon
2010 144 09:09:00,Blogon
2010 144 09:13:28,BSendEmail
2010 144 09:15:31,BSendEmail
2010 144 09:19:12,BUrl
2010 144 09:20:58,BSendEmail
2010 144 09:22:37,BUrl
2010 144 12:38:08,CUrl
2010 144 17:08:00,CNologon
2010 145 09:00:00,Blogon
2010 145 09:07:12,BUrl
2010 145 11:20:05,BSendEmail
2010 145 11:22:11,BUrl
2010 145 11:27:45,BSendEmail
2010 145 11:31:49,BUrl
2010 145 11:34:49,BSendEmail
2010 145 12:06:48,CUrl
2010 145 16:57:00,CNologon
2010 146 09:02:00,Blogon
2010 146 09:03:06,BUrl
2010 146 12:04:16,CUrl
2010 146 15:06:54,CSendEmail
2010 146 15:10:42,CSendEmail
2010 146 15:11:26,CUrl
2010 146 15:38:46,CSendEmail
2010 146 15:43:18,CUrl
2010 146 16:49:00,CNologon
2010 147 08:47:00,Blogon
2010 147 08:48:21,BUrl
2010 147 09:51:20,BSendEmail
2010 147 10:05:13,BUrl
2010 147 11:50:59,BSendEmail
2010 147 11:51:54,BSendEmail
2010 147 11:57:28,BUrl
2010 147 12:28:56,CUrl
2010 147 17:08:00,CNologon
2010 148 08:57:00,Blogon
2010 148 09:06:57,BUrl
2010 148 11:41:02,BSendEmail
2010 148 11:41:51,BUrl
2010 148 12:20:33,CUrl
2010 148 12:22:57,CSendEmail
2010 148 12:30:04,CUrl
2010 148 14:07:59,CSendEmail
2010 148 14:28:43,CUrl
2010 148 17:01:00,CNologon
2010 152 08:54:00,Blogon
2010 152 08:55:06,BUrl
2010 152 12:02:53,CUrl
2010 152 12:57:19,CSendEmail
2010 152 13:15:42,CUrl
2010 152 13:19:46,CSendEmail
2010 152 13:25:18,CUrl
2010 152 13:41:40,CSendEmail
2010 152 14:19:28,CUrl
2010 152 16:49:00,CNologon
2010 153 08:59:00,Blogon
2010 153 09:02:09,BUrl
2010 153 09:28:38,BSendEmail
2010 153 09:29:20,BSendEmail
2010 153 09:47:44,BUrl
2010 153 12:01:58,CUrl
2010 153 14:46:59,CSendEmail
2010 153 15:08:30,CUrl
2010 153 17:06:00,CNologon
2010 154 08:45:00,Blogon
2010 154 09:00:30,BUrl
2010 154 12:43:35,CUrl
2010 154 12:44:37,CSendEmail
2010 154 12:48:16,CUrl
2010 154 12:50:10,CSendEmail
2010 154 12:50:27,CUrl
2010 154 17:00:00,CNologon
2010 155 08:56:00,Blogon
2010 155 09:43:59,BUrl
2010 155 12:32:31,CUrl
2010 155 14:05:55,CSendEmail
2010 155 14:11:47,CUrl
2010 155 14:16:21,CSendEmail
2010 155 14:21:15,CSendEmail
2010 155 14:22:08,CUrl
2010 155 17:11:00,CNologon
2010 158 08:52:00,Blogon
2010 158 08:55:59,BSendEmail
2010 158 08:58:25,BUrl
2010 158 09:21:38,BSendEmail
2010 158 09:35:14,BUrl
2010 158 10:50:07,BSendEmail
2010 158 11:40:20,BUrl
2010 158 12:26:43,CUrl
2010 158 17:03:00,CNologon
2010 159 09:06:00,Blogon
2010 159 09:11:36,BSendEmail
2010 159 09:31:50,BSendEmail
2010 159 09:36:48,BUrl
2010 159 09:49:34,BSendEmail
2010 159 11:25:08,BUrl
2010 159 13:02:01,CUrl
2010 159 16:55:00,CNologon
2010 160 08:58:00,Blogon
2010 160 09:11:06,BUrl
2010 160 10:56:30,BSendEmail
2010 160 11:16:31,BUrl
2010 160 12:11:20,CUrl
2010 160 13:16:24,CSendEmail
2010 160 13:19:31,CSendEmail
2010 160 13:40:41,CUrl
2010 160 17:13:00,CNologon
2010 161 08:52:00,Blogon
2010 161 09:46:25,BSendEmail
2010 161 10:40:42,BSendEmail
2010 161 11:23:12,BUrl
2010 161 12:02:57,CUrl
2010 161 13:12:17,CSendEmail
2010 161 17:02:00,CNologon
2010 162 08:55:00,Blogon
2010 162 09:12:21,BUrl
2010 162 12:16:57,CUrl
2010 162 13:51:52,CSendEmail
2010 162 13:54:35,CUrl
2010 162 13:57:26,CSendEmail
2010 162 14:00:27,CSendEmail
2010 162 14:06:30,CUrl
2010 162 16:53:00,CNologon
2010 165 08:53:00,Blogon
2010 165 09:27:55,BUrl
2010 165 09:39:52,BSendEmail
2010 165 09:43:40,BSendEmail
2010 165 09:47:06,BUrl
2010 165 09:51:31,BSendEmail
2010 165 09:53:28,BUrl
2010 165 13:08:29,CUrl
2010 165 17:06:00,CNologon
2010 166 09:00:00,Blogon
2010 166 09:02:36,BUrl
2010 166 10:49:49,BSendEmail
2010 166 10:56:44,BUrl
2010 166 11:09:19,BSendEmail
2010 166 11:10:36,BUrl
2010 166 11:14:27,BSendEmail
2010 166 11:45:16,BUrl
2010 166 12:00:10,CUrl
2010 166 17:15:00,CNologon
2010 167 09:10:00,Blogon
2010 167 09:13:57,BUrl
2010 167 09:24:14,BSendEmail
2010 167 09:27:19,BSendEmail
2010 167 10:01:26,BUrl
2010 167 11:14:18,BSendEmail
2010 167 11:21:48,BUrl
2010 167 12:30:03,CUrl
2010 167 17:09:00,CNologon
2010 168 09:05:00,Blogon
2010 168 09:35:16,BUrl
2010 168 11:59:28,BSendEmail
2010 168 12:01:36,CUrl
2010 168 12:09:27,CSendEmail
2010 168 13:18:55,CUrl
2010 168 16:53:00,CNologon
2010 169 09:01:00,Blogon
2010 169 09:02:42,BUrl
2010 169 10:25:17,BSendEmail
2010 169 10:27:44,BUrl
2010 169 11:05:27,BSendEmail
2010 169 11:11:10,BUrl
2010 169 12:09:23,CUrl
2010 169 16:41:23,CSendEmail
2010 169 16:42:49,CUrl
2010 169 16:58:00,CNologon
2010 172 08:52:00,Blogon
2010 172 08:56:04,BUrl
2010 172 11:14:57,BSendEmail
2010 172 11:21:40,BUrl
2010 172 12:19:28,CUrl
2010 172 16:39:34,CSendEmail
2010 172 16:40:11,CSendEmail
2010 172 17:07:43,CUrl
2010 172 17:11:00,CNologon
2010 173 08:50:00,Blogon
2010 173 09:04:24,BUrl
2010 173 11:18:02,BSendEmail
2010 173 11:19:28,BSendEmail
2010 173 12:03:17,CUrl
2010 173 14:03:24,CSendEmail
2010 173 14:11:27,CUrl
2010 173 17:07:00,CNologon
2010 174 09:01:00,Blogon
2010 174 09:05:52,BUrl
2010 174 12:11:34,CSendEmail
2010 174 12:18:50,CSendEmail
2010 174 12:19:08,CSendEmail
2010 174 12:35:52,CUrl
2010 174 17:06:00,CNologon
2010 175 09:11:00,Blogon
2010 175 09:17:52,BUrl
2010 175 13:31:57,CUrl
2010 175 16:56:00,CNologon
2010 176 08:51:00,Blogon
2010 176 08:54:38,BUrl
2010 176 10:03:49,BSendEmail
2010 176 10:04:47,BUrl
2010 176 10:28:56,BSendEmail
2010 176 11:08:44,BSendEmail
2010 176 11:28:12,BUrl
2010 176 12:14:00,CUrl
2010 176 17:02:00,CNologon
2010 179 08:56:00,Blogon
2010 179 09:05:51,BUrl
2010 179 09:59:26,BSendEmail
2010 179 10:23:57,BUrl
2010 179 10:27:38,BSendEmail
2010 179 10:49:48,BSendEmail
2010 179 11:47:47,BUrl
2010 179 12:03:55,CUrl
2010 179 17:13:00,CNologon
2010 180 09:03:00,Blogon
2010 180 09:05:04,BUrl
2010 180 12:24:01,CUrl
2010 180 15:20:52,CSendEmail
2010 180 15:21:17,CSendEmail
2010 180 15:40:17,CUrl
2010 180 16:05:15,CSendEmail
2010 180 16:21:16,CUrl
2010 180 17:03:00,CNologon
2010 181 09:06:00,Blogon
2010 181 09:09:05,BUrl
2010 181 10:22:21,BSendEmail
2010 181 10:29:06,BUrl
2010 181 10:29:56,BSendEmail
2010 181 10:30:19,BUrl
2010 181 10:34:03,BSendEmail
2010 181 10:48:29,BUrl
2010 181 12:26:49,CUrl
2010 181 16:55:00,CNologon
2010 182 08:51:00,Blogon
2010 182 08:53:04,BUrl
2010 182 09:24:45,BSendEmail
2010 182 10:19:47,BUrl
2010 182 12:26:05,CUrl
2010 182 15:01:31,CSendEmail
2010 182 15:07:38,CSendEmail
2010 182 15:23:07,CUrl
2010 182 17:09:00,CNologon
2010 183 08:49:00,Blogon
2010 183 08:56:47,BUrl
2010 183 12:16:25,CUrl
2010 183 15:10:35,CSendEmail
2010 183 15:13:20,CSendEmail
2010 183 15:40:39,CSendEmail
2010 183 16:15:18,CUrl
2010 183 17:09:00,CNologon
2010 187 09:06:00,Blogon
2010 187 09:21:18,BUrl
2010 187 12:05:19,CUrl
2010 187 14:16:17,CSendEmail
2010 187 14:21:09,CUrl
2010 187 15:07:32,CSendEmail
2010 187 15:35:36,CUrl
2010 187 16:50:55,CSendEmail
2010 187 16:51:22,CUrl
2010 187 16:54:00,CNologon
2010 188 09:00:00,Blogon
2010 188 09:10:20,BUrl
2010 188 11:34:57,BSendEmail
2010 188 11:38:34,BUrl
2010 188 12:08:54,CUrl
2010 188 13:44:48,CSendEmail
2010 188 13:46:54,CSendEmail
2010 188 14:12:36,CUrl
2010 188 16:59:00,CNologon
2010 189 09:02:00,Blogon
2010 189 09:21:13,BUrl
2010 189 12:05:24,CUrl
2010 189 16:22:33,CSendEmail
2010 189 16:27:13,CUrl
2010 189 16:35:49,CSendEmail
2010 189 16:39:28,CUrl
2010 189 16:54:21,CSendEmail
2010 189 16:56:00,CNologon
2010 190 09:07:00,Blogon
2010 190 09:09:57,BUrl
2010 190 10:35:22,BSendEmail
2010 190 10:40:33,BSendEmail
2010 190 10:41:00,BUrl
2010 190 10:53:12,BSendEmail
2010 190 11:18:01,BUrl
2010 190 12:30:01,CUrl
2010 190 16:59:00,CNologon
2010 193 09:05:00,Blogon
2010 193 09:08:00,BUrl
2010 193 10:12:35,BSendEmail
2010 193 10:13:32,BSendEmail
2010 193 10:15:47,BUrl
2010 193 10:30:29,BSendEmail
2010 193 10:49:49,BUrl
2010 193 12:15:06,CUrl
2010 193 17:12:00,CNologon
2010 194 08:45:00,Blogon
2010 194 09:18:27,BUrl
2010 194 11:46:23,BSendEmail
2010 194 11:47:42,BSendEmail
2010 194 12:16:02,CUrl
2010 194 16:43:04,CSendEmail
2010 194 16:44:33,CUrl
2010 194 17:00:00,CNologon
2010 195 08:46:00,Blogon
2010 195 09:11:40,BUrl
2010 195 12:37:04,CUrl
2010 195 13:49:29,CSendEmail
2010 195 13:52:22,CSendEmail
2010 195 13:54:17,CUrl
2010 195 14:45:12,CSendEmail
2010 195 15:00:23,CUrl
2010 195 16:58:00,CNologon
2010 196 08:48:00,Blogon
2010 196 08:53:18,BUrl
2010 196 11:40:00,BSendEmail
2010 196 11:43:08,BUrl
2010 196 12:45:50,CUrl
2010 196 13:03:07,CSendEmail
2010 196 13:03:11,CUrl
2010 196 15:42:38,CSendEmail
2010 196 15:58:16,CUrl
2010 196 16:57:00,CNologon
2010 197 09:02:00,Blogon
2010 197 09:14:29,BUrl
2010 197 10:19:11,BSendEmail
2010 197 10:34:51,BUrl
2010 197 12:19:56,CUrl
2010 197 16:21:03,CSendEmail
2010 197 16:21:36,CSendEmail
2010 197 16:23:51,CUrl
2010 197 17:00:00,CNologon
2010 200 09:05:00,Blogon
2010 200 09:10:21,BUrl
2010 200 14:09:59,CUrl
2010 200 15:36:55,CSendEmail
2010 200 16:09:11,CSendEmail
2010 200 16:10:45,CUrl
2010 200 16:18:26,CSendEmail
2010 200 16:19:16,CUrl
2010 200 16:58:00,CNologon
2010 201 08:47:00,Blogon
2010 201 08:58:11,BUrl
2010 201 12:02:08,CUrl
2010 201 14:43:35,CSendEmail
2010 201 14:47:27,CUrl
2010 201 15:55:02,CSendEmail
2010 201 16:03:41,CSendEmail
2010 201 16:38:42,CUrl
2010 201 16:51:00,CNologon
2010 202 09:07:00,Blogon
2010 202 09:09:52,BUrl
2010 202 09:37:41,BSendEmail
2010 202 09:38:42,BUrl
2010 202 10:04:25,BSendEmail
2010 202 10:10:47,BUrl
2010 202 12:16:33,CUrl
2010 202 14:53:51,CSendEmail
2010 202 15:04:30,CUrl
2010 202 16:57:00,CNologon
2010 203 08:53:00,Blogon
2010 203 09:10:08,BUrl
2010 203 12:29:18,CUrl
2010 203 14:55:33,CSendEmail
2010 203 15:10:50,CSendEmail
2010 203 15:16:38,CUrl
2010 203 15:27:34,CSendEmail
2010 203 15:28:01,CUrl
2010 203 17:06:00,CNologon
2010 204 09:10:00,Blogon
2010 204 09:26:07,BUrl
2010 204 10:27:43,BSendEmail
2010 204 10:44:02,BUrl
2010 204 12:06:18,CSendEmail
2010 204 13:12:46,CUrl
2010 204 15:35:25,CSendEmail
2010 204 15:41:28,CUrl
2010 204 16:54:00,CNologon
2010 207 09:03:00,Blogon
2010 207 09:13:00,BUrl
2010 207 09:18:33,BSendEmail
2010 207 09:19:31,BUrl
2010 207 11:09:36,BSendEmail
2010 207 11:11:56,BUrl
2010 207 12:08:23,CUrl
2010 207 17:11:00,CNologon
2010 208 09:00:00,Blogon
2010 208 09:11:15,BUrl
2010 208 09:54:51,BSendEmail
2010 208 10:05:19,BSendEmail
2010 208 10:11:48,BUrl
2010 208 11:35:20,BSendEmail
2010 208 12:55:57,CUrl
2010 208 16:58:00,CNologon
2010 209 09:09:00,Blogon
2010 209 09:12:07,BUrl
2010 209 12:00:27,CUrl
2010 209 13:06:54,CSendEmail
2010 209 14:03:14,CUrl
2010 209 14:18:33,CSendEmail
2010 209 14:25:06,CUrl
2010 209 15:46:59,CSendEmail
2010 209 15:53:27,CUrl
2010 209 16:51:00,CNologon
2010 210 09:08:00,Blogon
2010 210 09:42:52,BUrl
2010 210 12:00:55,CUrl
2010 210 13:14:16,CSendEmail
2010 210 13:29:13,CUrl
2010 210 16:33:31,CSendEmail
2010 210 16:45:13,CUrl
2010 210 16:58:00,CNologon
2010 210 21:21:25,Dlogon
2010 210 21:38:42,DUrl
2010 210 21:41:14,DConnect
2010 210 21:44:05,DFileCopy
2010 210 21:51:24,DUrl
2010 210 21:55:51,DFileCopy
2010 210 21:59:29,DDisconnect
2010 210 22:10:40,DConnect
2010 210 22:15:03,DFileCopy
2010 210 22:17:05,DUrl
2010 210 23:31:24,DDisconnect
2010 210 23:39:27,DUrl
2010 211 02:07:59,ANologon
2010 211 09:08:00,Blogon
2010 211 09:12:27,BUrl
2010 211 10:05:51,BSendEmail
2010 211 10:11:33,BSendEmail
2010 211 10:16:29,BUrl
2010 211 12:47:46,CUrl
2010 211 15:38:40,CSendEmail
2010 211 15:49:42,CUrl
2010 211 16:51:00,CNologon
2010 212 07:43:15,Blogon
2010 212 07:44:59,BUrl
2010 212 07:45:34,BConnect
2010 212 07:45:56,BUrl
2010 212 07:45:59,BDisconnect
2010 212 07:47:54,BUrl
2010 212 07:52:04,BNologon
2010 214 09:07:00,Blogon
2010 214 09:20:30,BUrl
2010 214 10:06:13,BSendEmail
2010 214 10:11:54,BSendEmail
2010 214 10:12:15,BUrl
2010 214 10:13:40,BSendEmail
2010 214 10:13:42,BUrl
2010 214 12:58:08,CUrl
2010 214 17:15:00,CNologon
2010 215 08:58:00,Blogon
2010 215 09:00:25,BUrl
2010 215 12:06:15,CUrl
2010 215 13:22:46,CSendEmail
2010 215 13:23:59,CSendEmail
2010 215 13:24:26,CSendEmail
2010 215 13:36:16,CUrl
2010 215 17:09:00,CNologon
2010 216 08:57:00,Blogon
2010 216 09:08:13,BUrl
2010 216 12:05:57,CUrl
2010 216 13:12:42,CSendEmail
2010 216 13:37:46,CUrl
2010 216 14:08:41,CSendEmail
2010 216 14:12:51,CSendEmail
2010 216 14:17:30,CUrl
2010 216 17:11:00,CNologon
2010 217 03:27:36,Alogon
2010 217 04:46:02,AUrl
2010 217 05:43:17,AConnect
2010 217 05:46:54,AUrl
2010 217 05:50:36,ADisconnect
2010 217 05:55:05,AUrl
2010 217 06:02:16,BNologon
2010 217 09:05:00,Blogon
2010 217 09:11:29,BUrl
2010 217 10:29:21,BSendEmail
2010 217 10:50:11,BUrl
2010 217 11:52:42,BSendEmail
2010 217 12:07:49,CUrl
2010 217 14:35:50,CSendEmail
2010 217 15:16:38,CUrl
2010 217 16:54:00,CNologon
2010 218 09:02:00,Blogon
2010 218 09:04:58,BUrl
2010 218 12:23:56,CUrl
2010 218 14:01:02,CSendEmail
2010 218 14:01:29,CUrl
2010 218 14:11:59,CSendEmail
2010 218 14:12:34,CSendEmail
2010 218 14:33:41,CUrl
2010 218 16:56:00,CNologon
2010 219 02:50:35,Alogon
2010 219 03:30:11,AConnect
2010 219 04:30:22,AUrl
2010 219 05:08:18,ADisconnect
2010 219 06:00:45,BUrl
2010 219 06:35:28,BNologon
2010 221 09:03:00,Blogon
2010 221 09:46:28,BUrl
2010 221 09:52:55,BSendEmail
2010 221 11:02:06,BUrl
2010 221 12:38:38,CUrl
2010 221 12:49:10,CSendEmail
2010 221 12:56:11,CSendEmail
2010 221 14:06:08,CUrl
2010 221 17:13:00,CNologon
2010 222 09:11:00,Blogon
2010 222 09:12:26,BUrl
2010 222 09:14:34,BSendEmail
2010 222 09:18:20,BUrl
2010 222 09:30:18,BSendEmail
2010 222 09:34:28,BUrl
2010 222 09:35:40,BSendEmail
2010 222 09:50:42,BUrl
2010 222 12:10:59,CUrl
2010 222 16:56:00,CNologon
2010 223 02:52:38,Alogon
2010 223 03:17:05,AConnect
2010 223 03:46:18,AUrl
2010 223 04:09:00,ADisconnect
2010 223 04:16:56,AUrl
2010 223 04:28:49,ANologon
2010 223 09:03:00,Blogon
2010 223 09:11:14,BUrl
2010 223 12:13:22,CUrl
2010 223 16:58:00,CNologon
2010 224 08:56:00,Blogon
2010 224 09:02:48,BSendEmail
2010 224 09:17:37,BUrl
2010 224 11:32:27,BSendEmail
2010 224 11:34:29,BSendEmail
2010 224 12:26:34,CUrl
2010 224 17:14:00,CNologon
2010 225 09:01:00,Blogon
2010 225 09:11:52,BSendEmail
2010 225 09:13:21,BUrl
2010 225 10:19:15,BSendEmail
2010 225 10:19:34,BSendEmail
2010 225 10:41:23,BUrl
2010 225 12:41:24,CUrl
2010 225 16:59:00,CNologon
2010 228 08:55:00,Blogon
2010 228 09:23:04,BUrl
2010 228 12:22:24,CUrl
2010 228 13:10:28,CSendEmail
2010 228 13:12:48,CUrl
2010 228 14:31:58,CSendEmail
2010 228 14:42:54,CSendEmail
2010 228 15:35:54,CUrl
2010 228 16:59:00,CNologon
2010 229 09:02:00,Blogon
2010 229 09:07:40,BUrl
2010 229 11:09:58,BSendEmail
2010 229 11:10:11,BSendEmail
2010 229 11:10:13,BUrl
2010 229 11:12:47,BSendEmail
2010 229 11:13:12,BUrl
2010 229 12:17:35,CUrl
2010 229 17:00:00,CNologon
2010 230 08:46:00,Blogon
2010 230 08:49:00,BUrl
2010 230 12:32:19,CUrl
2010 230 13:06:54,CSendEmail
2010 230 13:18:41,CSendEmail
2010 230 13:19:08,CUrl
2010 230 13:28:02,CSendEmail
2010 230 14:13:30,CUrl
2010 230 17:01:00,CNologon
2010 231 08:45:00,Blogon
2010 231 09:27:26,BUrl
2010 231 12:05:44,CUrl
2010 231 13:09:54,CSendEmail
2010 231 13:10:06,CUrl
2010 231 13:11:19,CSendEmail
2010 231 13:20:02,CUrl
2010 231 16:20:20,CSendEmail
2010 231 16:32:51,CUrl
2010 231 17:05:00,CNologon
2010 232 09:02:00,Blogon
2010 232 09:08:22,BUrl
2010 232 12:38:22,CUrl
2010 232 13:42:32,CSendEmail
2010 232 14:02:23,CSendEmail
2010 232 14:37:29,CSendEmail
2010 232 14:41:49,CUrl
2010 232 16:57:00,CNologon
2010 235 08:49:00,Blogon
2010 235 08:54:15,BUrl
2010 235 12:29:32,CSendEmail
2010 235 12:30:48,CUrl
2010 235 13:30:21,CSendEmail
2010 235 13:58:13,CUrl
2010 235 16:30:54,CSendEmail
2010 235 16:38:42,CUrl
2010 235 17:04:00,CNologon
2010 236 09:00:00,Blogon
2010 236 09:11:40,BUrl
2010 236 12:02:37,CUrl
2010 236 16:54:59,CSendEmail
2010 236 16:56:46,CSendEmail
2010 236 16:57:42,CSendEmail
2010 236 16:59:00,CNologon
2010 237 09:04:00,Blogon
2010 237 09:06:30,BUrl
2010 237 10:37:22,BSendEmail
2010 237 10:37:54,BSendEmail
2010 237 11:08:42,BUrl
2010 237 12:55:40,CUrl
2010 237 15:19:33,CSendEmail
2010 237 15:19:45,CUrl
2010 237 16:53:00,CNologon
2010 238 09:02:00,Blogon
2010 238 09:09:31,BUrl
2010 238 12:14:49,CSendEmail
2010 238 12:20:56,CSendEmail
2010 238 12:23:00,CUrl
2010 238 13:45:37,CSendEmail
2010 238 15:03:13,CUrl
2010 238 16:56:00,CNologon
