2010 004 07:38:00,Blogon
2010 004 07:58:06,BUrl
2010 004 08:16:19,BSendEmail
2010 004 09:06:19,BUrl
2010 004 12:26:19,CUrl
2010 004 16:47:00,CNologon
2010 005 07:49:00,Blogon
2010 005 07:50:30,BUrl
2010 005 12:47:14,CUrl
2010 005 16:45:00,CNologon
2010 006 07:32:00,Blogon
2010 006 09:18:25,BUrl
2010 006 12:55:49,CUrl
2010 006 15:24:08,CSendEmail
2010 006 15:25:15,CUrl
2010 006 16:48:00,CNologon
2010 007 07:47:00,Blogon
2010 007 07:55:05,BUrl
2010 007 09:35:44,BSendEmail
2010 007 13:00:26,CUrl
2010 007 16:43:00,CNologon
2010 008 07:41:00,Blogon
2010 008 07:58:10,BUrl
2010 008 12:05:30,CSendEmail
2010 008 13:07:44,CUrl
2010 008 16:42:00,CNologon
2010 011 07:36:00,Blogon
2010 011 07:57:33,BUrl
2010 011 08:00:53,BSendEmail
2010 011 10:00:02,BUrl
2010 011 12:08:40,CUrl
2010 011 16:47:00,CNologon
2010 012 07:34:00,Blogon
2010 012 07:35:34,BUrl
2010 012 10:16:08,BSendEmail
2010 012 11:13:27,BUrl
2010 012 12:11:26,CUrl
2010 012 16:52:00,CNologon
2010 013 07:48:00,Blogon
2010 013 07:57:03,BUrl
2010 013 08:59:39,BSendEmail
2010 013 10:39:06,BUrl
2010 013 12:28:04,CUrl
2010 013 16:44:00,CNologon
2010 014 07:35:00,Blogon
2010 014 08:18:25,BUrl
2010 014 09:35:00,BSendEmail
2010 014 11:50:24,BUrl
2010 014 13:01:07,CUrl
2010 014 16:54:00,CNologon
2010 015 07:45:00,Blogon
2010 015 08:06:50,BUrl
2010 015 12:40:53,CUrl
2010 015 15:54:49,CSendEmail
2010 015 16:28:30,CUrl
2010 015 16:40:00,CNologon
2010 018 07:54:00,Blogon
2010 018 08:23:30,BUrl
2010 018 10:09:59,BSendEmail
2010 018 11:44:46,BUrl
2010 018 13:46:36,CUrl
2010 018 17:00:00,CNologon
2010 019 07:44:00,Blogon
2010 019 08:05:13,BUrl
2010 019 09:26:05,BSendEmail
2010 019 10:21:54,BUrl
2010 019 12:21:04,CUrl
2010 019 16:50:00,CNologon
2010 020 07:40:00,Blogon
2010 020 07:59:39,BUrl
2010 020 12:43:46,CSendEmail
2010 020 13:57:43,CUrl
2010 020 16:33:00,CNologon
2010 021 07:49:00,Blogon
2010 021 08:41:34,BUrl
2010 021 12:34:16,CUrl
2010 021 16:29:51,CSendEmail
2010 021 16:30:20,CUrl
2010 021 16:55:00,CNologon
2010 022 07:38:00,Blogon
2010 022 07:56:56,BUrl
2010 022 11:10:34,BSendEmail
2010 022 12:37:37,CUrl
2010 022 16:45:00,CNologon
2010 025 07:35:00,Blogon
2010 025 08:08:12,BUrl
2010 025 10:58:36,BSendEmail
2010 025 11:24:23,BUrl
2010 025 12:45:27,CUrl
2010 025 16:50:00,CNologon
2010 026 07:57:00,Blogon
2010 026 08:06:13,BUrl
2010 026 08:13:26,BSendEmail
2010 026 08:16:19,BUrl
2010 026 13:30:04,CUrl
2010 026 17:00:00,CNologon
2010 027 07:39:00,Blogon
2010 027 07:47:40,BUrl
2010 027 12:30:33,CUrl
2010 027 14:10:41,CSendEmail
2010 027 15:12:56,CUrl
2010 027 16:47:00,CNologon
2010 028 07:55:00,Blogon
2010 028 08:37:56,BUrl
2010 028 11:03:16,BSendEmail
2010 028 11:28:26,BUrl
2010 028 12:33:41,CUrl
2010 028 16:36:00,CNologon
2010 029 07:56:00,Blogon
2010 029 08:06:28,BUrl
2010 029 12:12:47,CUrl
2010 029 13:28:38,CSendEmail
2010 029 14:06:57,CUrl
2010 029 16:42:00,CNologon
2010 032 07:37:00,Blogon
2010 032 08:50:44,BUrl
2010 032 12:50:30,CUrl
2010 032 15:04:12,CSendEmail
2010 032 15:42:32,CUrl
2010 032 16:32:00,CNologon
2010 033 07:56:00,Blogon
2010 033 07:57:57,BUrl
2010 033 12:00:20,CSendEmail
2010 033 12:27:40,CUrl
2010 033 16:42:00,CNologon
2010 034 07:45:00,Blogon
2010 034 07:47:53,BSendEmail
2010 034 07:57:24,BUrl
2010 034 12:48:52,CUrl
2010 034 16:31:00,CNologon
2010 035 07:55:00,Blogon
2010 035 09:32:18,BUrl
2010 035 12:04:31,CUrl
2010 035 15:03:53,CSendEmail
2010 035 15:35:17,CUrl
2010 035 16:35:00,CNologon
2010 036 07:58:00,Blogon
2010 036 08:12:33,BUrl
2010 036 12:32:34,CSendEmail
2010 036 14:36:01,CUrl
2010 036 16:40:00,CNologon
2010 039 07:41:00,Blogon
2010 039 07:43:01,BUrl
2010 039 07:47:21,BSendEmail
2010 039 07:48:29,BUrl
2010 039 12:19:28,CUrl
2010 039 16:41:00,CNologon
2010 040 07:56:00,Blogon
2010 040 08:10:27,BUrl
2010 040 13:36:30,CUrl
2010 040 16:01:56,CSendEmail
2010 040 16:37:00,CNologon
2010 041 07:53:00,Blogon
2010 041 08:29:51,BUrl
2010 041 13:39:34,CUrl
2010 041 15:25:09,CSendEmail
2010 041 15:45:34,CUrl
2010 041 16:36:00,CNologon
2010 042 07:33:00,Blogon
2010 042 07:36:21,BUrl
2010 042 08:28:21,BSendEmail
2010 042 08:29:16,BUrl
2010 042 14:52:17,CUrl
2010 042 16:41:00,CNologon
2010 043 07:59:00,Blogon
2010 043 08:19:26,BUrl
2010 043 12:54:30,CUrl
2010 043 16:18:42,CSendEmail
2010 043 16:28:13,CUrl
2010 043 16:45:00,CNologon
2010 046 07:43:00,Blogon
2010 046 08:00:40,BUrl
2010 046 11:11:22,BSendEmail
2010 046 13:03:22,CUrl
2010 046 16:56:00,CNologon
2010 047 07:56:00,Blogon
2010 047 08:26:28,BUrl
2010 047 09:14:23,BSendEmail
2010 047 09:47:42,BUrl
2010 047 12:25:52,CUrl
2010 047 16:34:00,CNologon
2010 048 07:32:00,Blogon
2010 048 07:42:45,BUrl
2010 048 12:01:47,CSendEmail
2010 048 13:44:55,CUrl
2010 048 16:48:00,CNologon
2010 049 07:30:00,Blogon
2010 049 07:54:59,BUrl
2010 049 10:59:23,BSendEmail
2010 049 11:45:38,BUrl
2010 049 12:24:03,CUrl
2010 049 16:38:00,CNologon
2010 050 07:42:00,Blogon
2010 050 07:53:41,BUrl
2010 050 12:40:44,CUrl
2010 050 15:50:32,CSendEmail
2010 050 16:49:13,CUrl
2010 050 17:00:00,CNologon
2010 053 07:45:00,Blogon
2010 053 07:53:44,BUrl
2010 053 12:05:31,CUrl
2010 053 12:18:41,CSendEmail
2010 053 12:35:51,CUrl
2010 053 16:48:00,CNologon
2010 054 07:38:00,Blogon
2010 054 09:48:37,BUrl
2010 054 14:30:31,CUrl
2010 054 16:51:00,CNologon
2010 055 07:58:00,Blogon
2010 055 08:20:54,BUrl
2010 055 12:02:27,CUrl
2010 055 14:12:25,CSendEmail
2010 055 16:09:47,CUrl
2010 055 16:31:00,CNologon
2010 056 07:47:00,Blogon
2010 056 08:07:24,BUrl
2010 056 11:12:43,BSendEmail
2010 056 12:46:36,CUrl
2010 056 16:34:00,CNologon
2010 057 07:40:00,Blogon
2010 057 07:48:59,BUrl
2010 057 07:49:18,BSendEmail
2010 057 11:28:07,BUrl
2010 057 12:10:00,CUrl
2010 057 16:57:00,CNologon
2010 060 07:45:00,Blogon
2010 060 07:59:23,BUrl
2010 060 10:01:50,BSendEmail
2010 060 11:13:25,BUrl
2010 060 12:01:56,CUrl
2010 060 16:48:00,CNologon
2010 061 07:58:00,Blogon
2010 061 08:11:00,BUrl
2010 061 10:55:33,BSendEmail
2010 061 11:17:15,BUrl
2010 061 12:23:22,CUrl
2010 061 16:55:00,CNologon
2010 062 07:49:00,Blogon
2010 062 08:12:00,BUrl
2010 062 10:27:41,BSendEmail
2010 062 10:47:05,BUrl
2010 062 14:34:04,CUrl
2010 062 16:33:00,CNologon
2010 063 07:36:00,Blogon
2010 063 07:40:51,BUrl
2010 063 13:03:49,CUrl
2010 063 14:36:54,CSendEmail
2010 063 16:25:42,CUrl
2010 063 16:55:00,CNologon
2010 064 07:51:00,Blogon
2010 064 08:15:32,BUrl
2010 064 12:48:49,CUrl
2010 064 16:28:48,CSendEmail
2010 064 16:42:00,CNologon
2010 067 07:54:00,Blogon
2010 067 07:57:13,BSendEmail
2010 067 08:08:27,BUrl
2010 067 13:31:50,CUrl
2010 067 16:35:00,CNologon
2010 068 07:44:00,Blogon
2010 068 08:07:35,BUrl
2010 068 13:39:35,CUrl
2010 068 16:36:33,CSendEmail
2010 068 16:46:00,CNologon
2010 069 07:30:00,Blogon
2010 069 07:59:34,BSendEmail
2010 069 09:12:10,BUrl
2010 069 14:32:08,CUrl
2010 069 16:48:00,CNologon
2010 070 07:33:00,Blogon
2010 070 08:09:15,BUrl
2010 070 12:06:38,CSendEmail
2010 070 14:50:18,CUrl
2010 070 16:59:00,CNologon
2010 071 07:35:00,Blogon
2010 071 07:43:01,BUrl
2010 071 12:19:39,CUrl
2010 071 15:53:08,CSendEmail
2010 071 15:56:55,CUrl
2010 071 16:52:00,CNologon
2010 074 07:37:00,Blogon
2010 074 07:54:24,BUrl
2010 074 10:48:20,BSendEmail
2010 074 10:50:20,BUrl
2010 074 12:47:00,CUrl
2010 074 17:00:00,CNologon
2010 075 07:51:00,Blogon
2010 075 07:55:18,BSendEmail
2010 075 09:06:45,BUrl
2010 075 12:32:48,CUrl
2010 075 16:31:00,CNologon
2010 076 07:45:00,Blogon
2010 076 08:08:47,BUrl
2010 076 12:08:32,CUrl
2010 076 12:13:28,CSendEmail
2010 076 12:30:20,CUrl
2010 076 16:36:00,CNologon
2010 077 07:54:00,Blogon
2010 077 09:18:06,BUrl
2010 077 09:34:01,BSendEmail
2010 077 09:48:24,BUrl
2010 077 12:11:16,CUrl
2010 077 16:58:00,CNologon
2010 078 07:45:00,Blogon
2010 078 07:59:53,BUrl
2010 078 10:41:11,BSendEmail
2010 078 12:19:00,CUrl
2010 078 16:35:00,CNologon
2010 081 07:36:00,Blogon
2010 081 07:43:17,BUrl
2010 081 12:51:46,CUrl
2010 081 16:22:14,CSendEmail
2010 081 16:22:27,CUrl
2010 081 16:57:00,CNologon
2010 082 07:49:00,Blogon
2010 082 07:57:14,BUrl
2010 082 08:13:45,BSendEmail
2010 082 08:30:03,BUrl
2010 082 14:00:55,CUrl
2010 082 16:34:00,CNologon
2010 083 07:31:00,Blogon
2010 083 07:43:18,BUrl
2010 083 10:18:16,BSendEmail
2010 083 10:24:00,BUrl
2010 083 12:03:42,CUrl
2010 083 16:58:00,CNologon
2010 084 07:49:00,Blogon
2010 084 08:35:27,BUrl
2010 084 10:18:28,BSendEmail
2010 084 11:06:52,BUrl
2010 084 13:38:56,CUrl
2010 084 16:44:00,CNologon
2010 085 07:35:00,Blogon
2010 085 07:43:56,BUrl
2010 085 12:04:11,CSendEmail
2010 085 12:42:46,CUrl
2010 085 16:58:00,CNologon
2010 088 07:41:00,Blogon
2010 088 08:45:53,BUrl
2010 088 12:25:45,CUrl
2010 088 15:21:55,CSendEmail
2010 088 15:38:27,CUrl
2010 088 16:59:00,CNologon
2010 089 07:43:00,Blogon
2010 089 07:55:59,BUrl
2010 089 12:22:47,CSendEmail
2010 089 13:03:44,CUrl
2010 089 16:34:00,CNologon
2010 090 07:32:00,Blogon
2010 090 07:48:28,BSendEmail
2010 090 08:05:01,BUrl
2010 090 12:48:23,CUrl
2010 090 16:44:00,CNologon
2010 091 07:39:00,Blogon
2010 091 07:44:41,BUrl
2010 091 12:00:28,CUrl
2010 091 12:18:38,CSendEmail
2010 091 12:59:52,CUrl
2010 091 16:49:00,CNologon
2010 095 07:45:00,Blogon
2010 095 08:12:42,BUrl
2010 095 12:34:11,CUrl
2010 095 16:22:58,CSendEmail
2010 095 16:46:00,CNologon
2010 096 07:43:00,Blogon
2010 096 09:18:38,BUrl
2010 096 14:16:08,CUrl
2010 096 15:01:34,CSendEmail
2010 096 15:02:40,CUrl
2010 096 16:46:00,CNologon
2010 097 07:31:00,Blogon
2010 097 08:26:24,BUrl
2010 097 08:47:05,BSendEmail
2010 097 09:02:26,BUrl
2010 097 12:18:50,CUrl
2010 097 16:59:00,CNologon
2010 098 07:56:00,Blogon
2010 098 08:12:10,BUrl
2010 098 12:35:51,CUrl
2010 098 12:41:50,CSendEmail
2010 098 14:57:52,CUrl
2010 098 16:41:00,CNologon
2010 099 07:52:00,Blogon
2010 099 08:03:20,BUrl
2010 099 09:32:53,BSendEmail
2010 099 11:01:41,BUrl
2010 099 12:08:17,CUrl
2010 099 16:33:00,CNologon
2010 102 07:40:00,Blogon
2010 102 08:28:10,BUrl
2010 102 11:55:28,BSendEmail
2010 102 13:32:11,CUrl
2010 102 16:57:00,CNologon
2010 103 07:44:00,Blogon
2010 103 07:47:53,BUrl
2010 103 11:53:48,BSendEmail
2010 103 12:08:24,CUrl
2010 103 16:39:00,CNologon
2010 104 07:35:00,Blogon
2010 104 08:18:27,BUrl
2010 104 12:20:23,CUrl
2010 104 12:35:53,CSendEmail
2010 104 13:07:52,CUrl
2010 104 16:57:00,CNologon
2010 105 07:53:00,Blogon
2010 105 08:00:53,BUrl
2010 105 14:33:57,CSendEmail
2010 105 15:46:34,CUrl
2010 105 16:38:00,CNologon
2010 106 07:37:00,Blogon
2010 106 08:43:39,BUrl
2010 106 14:00:28,CSendEmail
2010 106 15:10:28,CUrl
2010 106 16:53:00,CNologon
2010 109 07:45:00,Blogon
2010 109 08:05:47,BUrl
2010 109 08:12:10,BSendEmail
2010 109 09:40:56,BUrl
2010 109 12:50:42,CUrl
2010 109 16:51:00,CNologon
2010 110 07:56:00,Blogon
2010 110 08:02:34,BUrl
2010 110 14:59:45,CUrl
2010 110 15:24:27,CSendEmail
2010 110 16:09:51,CUrl
2010 110 16:45:00,CNologon
2010 111 07:30:00,Blogon
2010 111 07:56:44,BUrl
2010 111 07:57:26,BSendEmail
2010 111 08:01:11,BUrl
2010 111 12:55:51,CUrl
2010 111 16:54:00,CNologon
2010 112 07:41:00,Blogon
2010 112 07:53:24,BUrl
2010 112 13:04:33,CUrl
2010 112 14:13:26,CSendEmail
2010 112 14:55:01,CUrl
2010 112 16:56:00,CNologon
2010 113 07:53:00,Blogon
2010 113 07:55:24,BUrl
2010 113 12:06:12,CUrl
2010 113 13:40:53,CSendEmail
2010 113 16:21:48,CUrl
2010 113 16:39:00,CNologon
2010 116 07:46:00,Blogon
2010 116 07:47:20,BUrl
2010 116 12:14:30,CUrl
2010 116 16:20:14,CSendEmail
2010 116 16:45:00,CNologon
2010 117 07:34:00,Blogon
2010 117 08:21:50,BUrl
2010 117 12:19:38,CUrl
2010 117 13:39:30,CSendEmail
2010 117 15:25:44,CUrl
2010 117 16:46:00,CNologon
2010 118 07:45:00,Blogon
2010 118 07:52:11,BUrl
2010 118 14:46:03,CUrl
2010 118 15:07:47,CSendEmail
2010 118 15:42:21,CUrl
2010 118 17:00:00,CNologon
2010 119 07:58:00,Blogon
2010 119 08:01:47,BUrl
2010 119 14:06:15,CUrl
2010 119 14:20:57,CSendEmail
2010 119 14:54:59,CUrl
2010 119 16:44:00,CNologon
2010 120 07:37:00,Blogon
2010 120 09:07:15,BUrl
2010 120 13:03:44,CUrl
2010 120 16:46:00,CNologon
2010 123 07:52:00,Blogon
2010 123 09:50:08,BUrl
2010 123 12:56:54,CUrl
2010 123 13:27:52,CSendEmail
2010 123 13:34:26,CUrl
2010 123 16:39:00,CNologon
2010 124 07:49:00,Blogon
2010 124 07:53:14,BUrl
2010 124 09:37:59,BSendEmail
2010 124 13:56:55,CUrl
2010 124 16:58:00,CNologon
2010 125 07:45:00,Blogon
2010 125 07:57:23,BUrl
2010 125 09:42:27,BSendEmail
2010 125 10:33:55,BUrl
2010 125 12:49:33,CUrl
2010 125 16:33:00,CNologon
2010 126 07:57:00,Blogon
2010 126 08:11:08,BUrl
2010 126 12:42:05,CSendEmail
2010 126 12:43:32,CUrl
2010 126 16:34:00,CNologon
2010 127 07:51:00,Blogon
2010 127 07:52:22,BSendEmail
2010 127 08:04:34,BUrl
2010 127 12:08:56,CUrl
2010 127 16:45:00,CNologon
2010 130 07:47:00,Blogon
2010 130 08:35:16,BUrl
2010 130 08:38:35,BSendEmail
2010 130 09:09:29,BUrl
2010 130 13:50:48,CUrl
2010 130 16:32:00,CNologon
2010 131 07:44:00,Blogon
2010 131 07:47:32,BUrl
2010 131 13:29:38,CUrl
2010 131 13:52:59,CSendEmail
2010 131 15:16:38,CUrl
2010 131 16:50:00,CNologon
2010 132 07:40:00,Blogon
2010 132 07:47:49,BUrl
2010 132 12:24:24,CSendEmail
2010 132 13:32:47,CUrl
2010 132 16:52:00,CNologon
2010 133 07:41:00,Blogon
2010 133 07:42:41,BUrl
2010 133 08:55:09,BSendEmail
2010 133 09:05:30,BUrl
2010 133 13:58:39,CUrl
2010 133 16:50:00,CNologon
2010 134 07:42:00,Blogon
2010 134 07:50:13,BUrl
2010 134 12:47:57,CUrl
2010 134 13:43:21,CSendEmail
2010 134 14:28:19,CUrl
2010 134 16:46:00,CNologon
2010 137 07:57:00,Blogon
2010 137 08:02:04,BUrl
2010 137 12:39:52,CUrl
2010 137 12:50:15,CSendEmail
2010 137 14:07:53,CUrl
2010 137 16:33:00,CNologon
2010 138 07:37:00,Blogon
2010 138 08:15:36,BUrl
2010 138 12:25:38,CUrl
2010 138 13:01:10,CSendEmail
2010 138 15:10:57,CUrl
2010 138 16:53:00,CNologon
2010 139 07:52:00,Blogon
2010 139 08:39:59,BUrl
2010 139 11:38:38,BSendEmail
2010 139 13:00:51,CUrl
2010 139 16:55:00,CNologon
2010 140 07:49:00,Blogon
2010 140 07:59:04,BUrl
2010 140 12:05:12,CUrl
2010 140 13:05:00,CSendEmail
2010 140 15:02:37,CUrl
2010 140 16:47:00,CNologon
2010 141 07:33:00,Blogon
2010 141 08:41:44,BUrl
2010 141 11:47:22,BSendEmail
2010 141 13:19:34,CUrl
2010 141 16:56:00,CNologon
2010 144 07:35:00,Blogon
2010 144 08:46:27,BUrl
2010 144 13:03:26,CSendEmail
2010 144 14:13:18,CUrl
2010 144 16:39:00,CNologon
2010 145 07:46:00,Blogon
2010 145 07:52:42,BUrl
2010 145 13:23:48,CUrl
2010 145 16:41:00,CNologon
2010 146 07:49:00,Blogon
2010 146 08:50:11,BUrl
2010 146 12:06:09,CUrl
2010 146 14:31:59,CSendEmail
2010 146 15:29:20,CUrl
2010 146 16:38:00,CNologon
2010 147 07:54:00,Blogon
2010 147 08:05:08,BUrl
2010 147 12:34:00,CUrl
2010 147 16:30:15,CSendEmail
2010 147 16:37:00,CNologon
2010 148 07:39:00,Blogon
2010 148 08:17:05,BUrl
2010 148 12:27:14,CUrl
2010 148 12:32:30,CSendEmail
2010 148 12:40:25,CUrl
2010 148 16:59:00,CNologon
2010 152 07:40:00,Blogon
2010 152 08:15:58,BUrl
2010 152 09:15:56,BSendEmail
2010 152 10:25:49,BUrl
2010 152 12:05:18,CUrl
2010 152 17:00:00,CNologon
2010 153 07:37:00,Blogon
2010 153 07:41:05,BSendEmail
2010 153 08:04:15,BUrl
2010 153 13:43:10,CUrl
2010 153 16:59:00,CNologon
2010 154 07:40:00,Blogon
2010 154 07:48:45,BUrl
2010 154 12:12:47,CUrl
2010 154 16:26:39,CSendEmail
2010 154 16:37:07,CUrl
2010 154 16:52:00,CNologon
2010 155 07:42:00,Blogon
2010 155 07:59:43,BSendEmail
2010 155 08:12:01,BUrl
2010 155 14:00:02,CUrl
2010 155 16:57:00,CNologon
2010 158 07:36:00,Blogon
2010 158 08:27:06,BUrl
2010 158 13:44:56,CUrl
2010 158 16:44:55,CSendEmail
2010 158 16:58:00,CNologon
2010 159 07:56:00,Blogon
2010 159 08:27:19,BUrl
2010 159 11:15:05,BSendEmail
2010 159 11:44:43,BUrl
2010 159 15:18:00,CUrl
2010 159 16:36:00,CNologon
2010 160 07:32:00,Blogon
2010 160 07:46:37,BUrl
2010 160 12:43:35,CUrl
2010 160 13:33:01,CSendEmail
2010 160 14:05:32,CUrl
2010 160 16:57:00,CNologon
2010 161 07:41:00,Blogon
2010 161 07:43:15,BUrl
2010 161 10:55:06,BSendEmail
2010 161 11:55:18,BUrl
2010 161 13:23:13,CUrl
2010 161 16:58:00,CNologon
2010 162 07:52:00,Blogon
2010 162 08:08:31,BUrl
2010 162 12:59:11,CUrl
2010 162 16:12:32,CSendEmail
2010 162 16:31:00,CNologon
2010 165 07:54:00,Blogon
2010 165 08:18:20,BUrl
2010 165 12:35:03,CUrl
2010 165 15:30:17,CSendEmail
2010 165 16:19:06,CUrl
2010 165 16:51:00,CNologon
2010 166 07:46:00,Blogon
2010 166 07:58:51,BUrl
2010 166 13:08:52,CUrl
2010 166 14:10:51,CSendEmail
2010 166 15:36:42,CUrl
2010 166 16:58:00,CNologon
2010 167 07:58:00,Blogon
2010 167 08:43:40,BUrl
2010 167 10:16:00,BSendEmail
2010 167 10:40:16,BUrl
2010 167 12:52:24,CUrl
2010 167 16:44:00,CNologon
2010 168 07:35:00,Blogon
2010 168 07:45:49,BUrl
2010 168 12:12:55,CUrl
2010 168 13:59:54,CSendEmail
2010 168 14:49:09,CUrl
2010 168 16:36:00,CNologon
2010 169 07:48:00,Blogon
2010 169 08:07:51,BUrl
2010 169 12:11:43,CUrl
2010 169 13:37:06,CSendEmail
2010 169 13:45:22,CUrl
2010 169 16:40:00,CNologon
2010 172 07:35:00,Blogon
2010 172 07:49:29,BUrl
2010 172 13:44:43,CUrl
2010 172 13:45:04,CSendEmail
2010 172 15:37:05,CUrl
2010 172 16:46:00,CNologon
2010 173 07:40:00,Blogon
2010 173 08:06:41,BUrl
2010 173 11:17:14,BSendEmail
2010 173 13:10:07,CUrl
2010 173 16:55:00,CNologon
2010 174 07:30:00,Blogon
2010 174 08:06:47,BUrl
2010 174 12:08:05,CUrl
2010 174 12:29:35,CSendEmail
2010 174 13:30:32,CUrl
2010 174 16:55:00,CNologon
2010 175 07:44:00,Blogon
2010 175 07:45:09,BUrl
2010 175 12:29:04,CUrl
2010 175 13:15:52,CSendEmail
2010 175 13:37:12,CUrl
2010 175 16:54:00,CNologon
2010 176 07:33:00,Blogon
2010 176 07:59:35,BUrl
2010 176 12:01:21,CUrl
2010 176 13:25:24,CSendEmail
2010 176 14:03:04,CUrl
2010 176 16:50:00,CNologon
2010 179 07:42:00,Blogon
2010 179 08:03:43,BUrl
2010 179 12:58:45,CUrl
2010 179 13:01:15,CSendEmail
2010 179 13:01:45,CUrl
2010 179 16:57:00,CNologon
2010 180 07:43:00,Blogon
2010 180 07:56:47,BUrl
2010 180 10:56:40,BSendEmail
2010 180 11:05:53,BUrl
2010 180 12:18:26,CUrl
2010 180 16:41:00,CNologon
2010 181 07:46:00,Blogon
2010 181 08:00:58,BUrl
2010 181 13:37:03,CUrl
2010 181 14:05:35,CSendEmail
2010 181 15:16:25,CUrl
2010 181 16:34:00,CNologon
2010 182 07:38:00,Blogon
2010 182 07:43:09,BUrl
2010 182 09:42:31,BSendEmail
2010 182 10:05:27,BUrl
2010 182 15:56:24,CUrl
2010 182 16:48:00,CNologon
2010 183 07:45:00,Blogon
2010 183 08:08:11,BUrl
2010 183 13:17:07,CUrl
2010 183 16:48:00,CNologon
2010 187 07:41:00,Blogon
2010 187 08:20:21,BUrl
2010 187 11:30:04,BSendEmail
2010 187 11:57:52,BUrl
2010 187 12:42:56,CUrl
2010 187 16:50:00,CNologon
2010 188 07:45:00,Blogon
2010 188 08:04:53,BUrl
2010 188 09:53:19,BSendEmail
2010 188 10:34:10,BUrl
2010 188 14:49:56,CUrl
2010 188 16:40:00,CNologon
2010 189 07:49:00,Blogon
2010 189 07:51:40,BUrl
2010 189 12:45:00,CUrl
2010 189 16:55:24,CSendEmail
2010 189 17:00:00,CNologon
2010 190 07:46:00,Blogon
2010 190 09:30:57,BUrl
2010 190 12:18:46,CUrl
2010 190 13:10:56,CSendEmail
2010 190 13:22:42,CUrl
2010 190 16:43:00,CNologon
2010 193 07:59:00,Blogon
2010 193 08:08:57,BUrl
2010 193 08:24:07,BSendEmail
2010 193 08:25:21,BUrl
2010 193 12:15:24,CUrl
2010 193 17:00:00,CNologon
2010 194 07:45:00,Blogon
2010 194 08:09:18,BUrl
2010 194 11:07:16,BSendEmail
2010 194 14:04:16,CUrl
2010 194 16:59:00,CNologon
2010 195 07:45:00,Blogon
2010 195 09:08:03,BUrl
2010 195 13:14:30,CUrl
2010 195 15:39:22,CSendEmail
2010 195 15:45:06,CUrl
2010 195 16:44:00,CNologon
2010 196 07:54:00,Blogon
2010 196 09:09:52,BUrl
2010 196 13:48:20,CUrl
2010 196 15:23:56,CSendEmail
2010 196 15:50:49,CUrl
2010 196 16:40:00,CNologon
2010 197 07:54:00,Blogon
2010 197 08:11:42,BUrl
2010 197 15:12:34,CUrl
2010 197 16:34:52,CSendEmail
2010 197 16:45:00,CNologon
2010 200 07:49:00,Blogon
2010 200 08:08:49,BUrl
2010 200 09:02:41,BSendEmail
2010 200 09:04:52,BUrl
2010 200 14:02:25,CUrl
2010 200 16:40:00,CNologon
2010 201 07:48:00,Blogon
2010 201 08:33:58,BUrl
2010 201 10:07:14,BSendEmail
2010 201 12:21:33,CUrl
2010 201 16:44:00,CNologon
2010 202 07:59:00,Blogon
2010 202 08:01:43,BUrl
2010 202 12:49:03,CSendEmail
2010 202 14:20:01,CUrl
2010 202 16:38:00,CNologon
2010 203 07:45:00,Blogon
2010 203 08:15:51,BUrl
2010 203 12:17:00,CUrl
2010 203 13:25:17,CSendEmail
2010 203 14:36:07,CUrl
2010 203 16:49:00,CNologon
2010 204 07:52:00,Blogon
2010 204 08:05:08,BUrl
2010 204 08:41:48,BSendEmail
2010 204 08:43:44,BUrl
2010 204 13:16:17,CUrl
2010 204 16:40:00,CNologon
2010 207 07:59:00,Blogon
2010 207 08:33:41,BUrl
2010 207 11:36:10,BSendEmail
2010 207 11:46:22,BUrl
2010 207 13:46:51,CUrl
2010 207 16:59:00,CNologon
2010 208 07:45:00,Blogon
2010 208 08:36:16,BUrl
2010 208 12:18:29,CUrl
2010 208 14:24:53,CSendEmail
2010 208 16:08:53,CUrl
2010 208 16:33:00,CNologon
2010 209 07:55:00,Blogon
2010 209 08:43:45,BUrl
2010 209 13:25:14,CUrl
2010 209 15:40:13,CSendEmail
2010 209 16:15:58,CUrl
2010 209 16:33:00,CNologon
2010 210 07:59:00,Blogon
2010 210 09:26:54,BUrl
2010 210 12:03:34,CUrl
2010 210 12:42:34,CSendEmail
2010 210 13:18:14,CUrl
2010 210 16:50:00,CNologon
2010 211 07:45:00,Blogon
2010 211 07:46:12,BUrl
2010 211 13:02:10,CUrl
2010 211 13:40:45,CSendEmail
2010 211 14:58:41,CUrl
2010 211 16:44:00,CNologon
2010 214 07:32:00,Blogon
2010 214 07:51:43,BUrl
2010 214 13:45:53,CSendEmail
2010 214 13:50:40,CUrl
2010 214 16:51:00,CNologon
2010 215 07:50:00,Blogon
2010 215 07:53:06,BUrl
2010 215 12:12:00,CUrl
2010 215 15:50:29,CSendEmail
2010 215 16:52:00,CNologon
2010 216 07:42:00,Blogon
2010 216 07:44:24,BUrl
2010 216 08:56:48,BSendEmail
2010 216 10:19:14,BUrl
2010 216 12:23:13,CUrl
2010 216 16:57:00,CNologon
2010 217 07:57:00,Blogon
2010 217 08:22:37,BUrl
2010 217 12:21:30,CUrl
2010 217 12:45:36,CSendEmail
2010 217 13:04:11,CUrl
2010 217 16:42:00,CNologon
2010 218 07:51:00,Blogon
2010 218 07:54:32,BSendEmail
2010 218 08:16:26,BUrl
2010 218 12:44:38,CUrl
2010 218 16:40:00,CNologon
2010 221 07:56:00,Blogon
2010 221 08:36:57,BUrl
2010 221 12:14:31,CUrl
2010 221 13:21:12,CSendEmail
2010 221 16:01:42,CUrl
2010 221 16:44:00,CNologon
2010 222 07:43:00,Blogon
2010 222 10:02:07,BUrl
2010 222 12:34:14,CUrl
2010 222 13:23:23,CSendEmail
2010 222 14:06:33,CUrl
2010 222 16:32:00,CNologon
2010 223 07:50:00,Blogon
2010 223 10:11:52,BUrl
2010 223 12:42:16,CUrl
2010 223 13:20:41,CSendEmail
2010 223 13:22:55,CUrl
2010 223 16:40:00,CNologon
2010 224 07:45:00,Blogon
2010 224 07:56:10,BUrl
2010 224 09:01:46,BSendEmail
2010 224 09:05:24,BUrl
2010 224 12:22:52,CUrl
2010 224 16:50:00,CNologon
2010 225 07:53:00,Blogon
2010 225 08:17:07,BUrl
2010 225 13:16:12,CSendEmail
2010 225 15:30:46,CUrl
2010 225 16:38:00,CNologon
2010 228 07:36:00,Blogon
2010 228 07:40:54,BUrl
2010 228 12:24:09,CUrl
2010 228 14:17:12,CSendEmail
2010 228 15:02:38,CUrl
2010 228 16:53:00,CNologon
2010 229 07:53:00,Blogon
2010 229 08:34:35,BUrl
2010 229 11:18:31,BSendEmail
2010 229 12:04:43,CUrl
2010 229 16:39:00,CNologon
2010 230 07:42:00,Blogon
2010 230 07:46:15,BUrl
2010 230 12:58:46,CUrl
2010 230 15:53:36,CSendEmail
2010 230 16:17:54,CUrl
2010 230 16:51:00,CNologon
2010 231 07:39:00,Blogon
2010 231 08:11:46,BSendEmail
2010 231 08:43:37,BUrl
2010 231 13:55:05,CUrl
2010 231 16:50:00,CNologon
2010 232 07:35:00,Blogon
2010 232 07:44:14,BUrl
2010 232 13:11:21,CUrl
2010 232 16:02:04,CSendEmail
2010 232 16:40:15,CUrl
2010 232 16:43:00,CNologon
2010 235 07:45:00,Blogon
2010 235 07:47:18,BUrl
2010 235 07:50:57,BSendEmail
2010 235 09:02:51,BUrl
2010 235 12:52:34,CUrl
2010 235 16:49:00,CNologon
2010 236 07:47:00,Blogon
2010 236 07:59:41,BUrl
2010 236 12:14:38,CUrl
2010 236 15:53:53,CSendEmail
2010 236 16:39:01,CUrl
2010 236 16:42:00,CNologon
2010 237 07:54:00,Blogon
2010 237 08:11:15,BUrl
2010 237 13:37:58,CUrl
2010 237 15:15:47,CSendEmail
2010 237 15:54:26,CUrl
2010 237 16:43:00,CNologon
2010 238 07:52:00,Blogon
2010 238 08:07:54,BUrl
2010 238 13:02:48,CUrl
2010 238 16:10:33,CSendEmail
2010 238 16:31:00,CNologon
2010 239 07:48:00,Blogon
2010 239 07:53:24,BUrl
2010 239 13:07:54,CUrl
2010 239 15:09:00,CSendEmail
2010 239 15:36:57,CUrl
2010 239 16:40:00,CNologon
2010 242 07:46:00,Blogon
2010 242 08:30:37,BUrl
2010 242 12:19:14,CUrl
2010 242 16:16:53,CSendEmail
2010 242 16:26:39,CUrl
2010 242 16:32:00,CNologon
2010 243 07:58:00,Blogon
2010 243 08:23:13,BUrl
2010 243 12:25:38,CUrl
2010 243 15:32:46,CSendEmail
2010 243 16:16:16,CUrl
2010 243 16:33:00,CNologon
2010 244 07:55:00,Blogon
2010 244 08:12:28,BUrl
2010 244 13:02:34,CUrl
2010 244 15:04:42,CSendEmail
2010 244 15:56:39,CUrl
2010 244 16:37:00,CNologon
2010 245 07:37:00,Blogon
2010 245 07:41:06,BUrl
2010 245 15:07:08,CSendEmail
2010 245 15:16:35,CUrl
2010 245 16:53:00,CNologon
2010 246 07:58:00,Blogon
2010 246 08:23:27,BUrl
2010 246 08:44:05,BSendEmail
2010 246 09:49:30,BUrl
2010 246 12:39:52,CUrl
2010 246 16:42:00,CNologon
2010 250 07:57:00,Blogon
2010 250 08:25:25,BUrl
2010 250 12:01:52,CUrl
2010 250 12:27:18,CSendEmail
2010 250 12:54:27,CUrl
2010 250 16:59:00,CNologon
2010 251 07:54:00,Blogon
2010 251 07:58:01,BUrl
2010 251 12:58:21,CUrl
2010 251 14:05:14,CSendEmail
2010 251 16:42:25,CUrl
2010 251 16:45:00,CNologon
2010 252 07:38:00,Blogon
2010 252 07:46:02,BUrl
2010 252 11:09:33,BSendEmail
2010 252 11:35:22,BUrl
2010 252 12:12:07,CUrl
2010 252 16:54:00,CNologon
2010 253 07:48:00,Blogon
2010 253 08:04:12,BUrl
2010 253 12:25:09,CUrl
2010 253 16:30:08,CSendEmail
2010 253 16:36:00,CNologon
2010 256 07:41:00,Blogon
2010 256 07:56:22,BUrl
2010 256 10:56:54,BSendEmail
2010 256 11:02:03,BUrl
2010 256 13:40:11,CUrl
2010 256 16:55:00,CNologon
2010 257 07:36:00,Blogon
2010 257 07:40:23,BUrl
2010 257 13:15:56,CUrl
2010 257 15:34:25,CSendEmail
2010 257 16:25:42,CUrl
2010 257 16:33:00,CNologon
2010 258 07:35:00,Blogon
2010 258 07:49:02,BUrl
2010 258 12:14:55,CUrl
2010 258 16:23:38,CSendEmail
2010 258 16:44:49,CUrl
2010 258 16:46:00,CNologon
2010 259 07:55:00,Blogon
2010 259 09:01:41,BUrl
2010 259 09:11:43,BSendEmail
2010 259 09:13:27,BUrl
2010 259 12:00:24,CUrl
2010 259 16:41:00,CNologon
2010 260 07:45:00,Blogon
2010 260 08:33:35,BUrl
2010 260 12:20:47,CUrl
2010 260 13:33:12,CSendEmail
2010 260 14:39:58,CUrl
2010 260 16:33:00,CNologon
2010 263 07:35:00,Blogon
2010 263 07:54:51,BUrl
2010 263 10:48:57,BSendEmail
2010 263 13:28:48,CUrl
2010 263 16:55:00,CNologon
2010 264 07:38:00,Blogon
2010 264 07:40:35,BUrl
2010 264 09:09:17,BSendEmail
2010 264 09:35:31,BUrl
2010 264 13:49:36,CUrl
2010 264 16:45:00,CNologon
2010 265 07:43:00,Blogon
2010 265 08:06:49,BUrl
2010 265 12:04:14,CSendEmail
2010 265 13:24:51,CUrl
2010 265 16:32:00,CNologon
2010 266 07:50:00,Blogon
2010 266 08:10:38,BUrl
2010 266 14:09:03,CUrl
2010 266 15:44:45,CSendEmail
2010 266 16:15:33,CUrl
2010 266 16:44:00,CNologon
2010 267 07:50:00,Blogon
2010 267 08:26:09,BUrl
2010 267 12:53:49,CUrl
2010 267 14:55:41,CSendEmail
2010 267 16:04:35,CUrl
2010 267 16:32:00,CNologon
2010 270 07:57:00,Blogon
2010 270 09:03:59,BUrl
2010 270 09:34:24,BSendEmail
2010 270 10:18:07,BUrl
2010 270 12:44:31,CUrl
2010 270 17:00:00,CNologon
2010 271 07:39:00,Blogon
2010 271 07:56:16,BUrl
2010 271 09:02:10,BSendEmail
2010 271 09:17:12,BUrl
2010 271 12:21:02,CUrl
2010 271 16:46:00,CNologon
2010 272 07:38:00,Blogon
2010 272 08:13:34,BUrl
2010 272 12:16:55,CUrl
2010 272 15:18:50,CSendEmail
2010 272 15:27:41,CUrl
2010 272 16:45:00,CNologon
2010 273 07:33:00,Blogon
2010 273 07:34:01,BUrl
2010 273 08:01:06,BSendEmail
2010 273 09:27:22,BUrl
2010 273 14:00:36,CUrl
2010 273 16:59:00,CNologon
2010 274 07:44:00,Blogon
2010 274 09:30:28,BUrl
2010 274 12:23:09,CUrl
2010 274 15:49:35,CSendEmail
2010 274 15:52:39,CUrl
2010 274 16:57:00,CNologon
2010 277 07:40:00,Blogon
2010 277 08:40:09,BUrl
2010 277 13:19:58,CUrl
2010 277 13:31:17,CSendEmail
2010 277 14:02:33,CUrl
2010 277 16:54:00,CNologon
2010 278 07:31:00,Blogon
2010 278 07:42:35,BUrl
2010 278 13:29:23,CSendEmail
2010 278 13:39:07,CUrl
2010 278 16:52:00,CNologon
2010 279 07:53:00,Blogon
2010 279 08:20:03,BUrl
2010 279 12:00:19,CUrl
2010 279 13:54:31,CSendEmail
2010 279 14:44:14,CUrl
2010 279 16:34:00,CNologon
2010 280 07:40:00,Blogon
2010 280 08:06:40,BUrl
2010 280 09:35:22,BSendEmail
2010 280 09:45:30,BUrl
2010 280 13:01:11,CUrl
2010 280 17:00:00,CNologon
2010 281 07:59:00,Blogon
2010 281 08:26:28,BUrl
2010 281 11:54:42,BSendEmail
2010 281 12:09:42,CUrl
2010 281 16:37:00,CNologon
2010 284 07:56:00,Blogon
2010 284 08:18:46,BUrl
2010 284 10:59:37,BSendEmail
2010 284 11:49:24,BUrl
2010 284 12:37:36,CUrl
2010 284 16:31:00,CNologon
2010 285 07:55:00,Blogon
2010 285 08:30:07,BUrl
2010 285 12:00:36,CUrl
2010 285 14:00:09,CSendEmail
2010 285 14:26:19,CUrl
2010 285 16:31:00,CNologon
2010 286 07:37:00,Blogon
2010 286 07:59:22,BUrl
2010 286 11:12:18,BSendEmail
2010 286 11:22:36,BUrl
2010 286 12:42:03,CUrl
2010 286 16:48:00,CNologon
2010 287 07:30:00,Blogon
2010 287 07:59:29,BUrl
2010 287 09:11:52,BSendEmail
2010 287 11:03:32,BUrl
2010 287 12:15:20,CUrl
2010 287 16:53:00,CNologon
2010 288 07:36:00,Blogon
2010 288 07:48:12,BUrl
2010 288 08:54:27,BSendEmail
2010 288 08:57:56,BUrl
2010 288 12:21:52,CUrl
2010 288 16:44:00,CNologon
2010 291 07:34:00,Blogon
2010 291 08:24:43,BUrl
2010 291 08:39:22,BSendEmail
2010 291 09:25:28,BUrl
2010 291 12:11:19,CUrl
2010 291 16:55:00,CNologon
2010 292 07:36:00,Blogon
2010 292 07:46:21,BUrl
2010 292 10:37:45,BSendEmail
2010 292 10:43:35,BUrl
2010 292 12:18:29,CUrl
2010 292 16:47:00,CNologon
2010 293 07:42:00,Blogon
2010 293 09:22:23,BUrl
2010 293 13:47:39,CUrl
2010 293 16:11:33,CSendEmail
2010 293 16:16:20,CUrl
2010 293 17:00:00,CNologon
2010 294 07:45:00,Blogon
2010 294 09:05:01,BSendEmail
2010 294 10:08:18,BUrl
2010 294 13:18:59,CUrl
2010 294 16:37:00,CNologon
2010 295 07:58:00,Blogon
2010 295 08:13:22,BUrl
2010 295 09:57:56,BSendEmail
2010 295 10:09:22,BUrl
2010 295 14:36:47,CUrl
2010 295 16:35:00,CNologon
2010 298 07:59:00,Blogon
2010 298 08:22:03,BUrl
2010 298 14:02:41,CUrl
2010 298 16:32:38,CSendEmail
2010 298 16:43:00,CNologon
2010 299 07:39:00,Blogon
2010 299 09:39:48,BUrl
2010 299 11:37:37,BSendEmail
2010 299 11:58:25,BUrl
2010 299 12:20:39,CUrl
2010 299 16:54:00,CNologon
2010 300 07:58:00,Blogon
2010 300 08:06:27,BUrl
2010 300 11:41:30,BSendEmail
2010 300 12:19:58,CUrl
2010 300 16:58:00,CNologon
2010 301 07:44:00,Blogon
2010 301 08:06:59,BUrl
2010 301 13:23:20,CUrl
2010 301 13:32:32,CSendEmail
2010 301 14:30:07,CUrl
2010 301 16:52:00,CNologon
2010 302 07:42:00,Blogon
2010 302 07:48:28,BUrl
2010 302 13:09:14,CUrl
2010 302 14:38:40,CSendEmail
2010 302 14:45:08,CUrl
2010 302 16:47:00,CNologon
2010 305 07:49:00,Blogon
2010 305 08:46:26,BUrl
2010 305 12:22:29,CUrl
2010 305 16:20:00,CSendEmail
2010 305 16:36:00,CNologon
2010 306 07:43:00,Blogon
2010 306 07:44:12,BUrl
2010 306 15:19:33,CSendEmail
2010 306 15:51:04,CUrl
2010 306 16:46:00,CNologon
2010 307 07:57:00,Blogon
2010 307 07:58:06,BUrl
2010 307 11:14:46,BSendEmail
2010 307 13:52:43,CUrl
2010 307 16:38:00,CNologon
2010 308 07:51:00,Blogon
2010 308 07:58:52,BUrl
2010 308 12:36:43,CUrl
2010 308 16:34:33,CSendEmail
2010 308 16:39:00,CNologon
2010 309 07:53:00,Blogon
2010 309 08:05:02,BUrl
2010 309 12:08:36,CUrl
2010 309 13:18:09,CSendEmail
2010 309 13:33:45,CUrl
2010 309 16:55:00,CNologon
2010 312 07:37:00,Blogon
2010 312 07:42:11,BUrl
2010 312 13:13:52,CUrl
2010 312 16:19:05,CSendEmail
2010 312 16:41:00,CNologon
2010 313 07:59:00,Blogon
2010 313 08:13:05,BUrl
2010 313 12:31:10,CUrl
2010 313 15:57:21,CSendEmail
2010 313 16:06:08,CUrl
2010 313 16:31:00,CNologon
2010 314 07:56:00,Blogon
2010 314 07:57:36,BUrl
2010 314 13:37:56,CUrl
2010 314 14:42:40,CSendEmail
2010 314 16:39:09,CUrl
2010 314 16:51:00,CNologon
2010 315 07:37:00,Blogon
2010 315 07:40:50,BUrl
2010 315 11:45:46,BSendEmail
2010 315 12:24:50,CUrl
2010 315 16:51:00,CNologon
2010 316 07:31:00,Blogon
2010 316 08:01:34,BUrl
2010 316 10:27:12,BSendEmail
2010 316 11:37:16,BUrl
2010 316 14:03:22,CUrl
2010 316 16:57:00,CNologon
2010 319 07:51:00,Blogon
2010 319 08:13:43,BUrl
2010 319 09:09:59,BSendEmail
2010 319 09:35:49,BUrl
2010 319 14:44:15,CUrl
2010 319 16:39:00,CNologon
2010 320 07:31:00,Blogon
2010 320 08:03:25,BUrl
2010 320 09:24:02,BSendEmail
2010 320 10:18:44,BUrl
2010 320 13:07:03,CUrl
2010 320 16:51:00,CNologon
2010 321 07:56:00,Blogon
2010 321 08:31:07,BUrl
2010 321 09:43:17,BSendEmail
2010 321 09:49:13,BUrl
2010 321 15:13:52,CUrl
2010 321 17:00:00,CNologon
2010 322 07:41:00,Blogon
2010 322 08:21:37,BUrl
2010 322 12:13:21,CUrl
2010 322 16:33:08,CSendEmail
2010 322 16:40:19,CUrl
2010 322 16:49:00,CNologon
2010 323 07:45:00,Blogon
2010 323 08:15:18,BSendEmail
2010 323 08:42:17,BUrl
2010 323 12:07:34,CUrl
2010 323 16:33:00,CNologon
2010 326 07:58:00,Blogon
2010 326 08:26:11,BUrl
2010 326 12:44:26,CUrl
2010 326 15:28:49,CSendEmail
2010 326 15:40:23,CUrl
2010 326 16:53:00,CNologon
2010 327 07:39:00,Blogon
2010 327 07:56:40,BUrl
2010 327 08:58:42,BSendEmail
2010 327 09:42:30,BUrl
2010 327 12:53:14,CUrl
2010 327 16:49:00,CNologon
2010 328 07:45:00,Blogon
2010 328 07:48:24,BUrl
2010 328 10:40:01,BSendEmail
2010 328 11:17:40,BUrl
2010 328 12:52:49,CUrl
2010 328 16:46:00,CNologon
2010 333 07:43:00,Blogon
2010 333 07:52:45,BSendEmail
2010 333 08:13:32,BUrl
2010 333 13:21:08,CUrl
2010 333 16:33:00,CNologon
2010 334 07:52:00,Blogon
2010 334 07:55:03,BUrl
2010 334 13:21:08,CUrl
2010 334 15:14:42,CSendEmail
2010 334 15:38:44,CUrl
2010 334 16:44:00,CNologon
2010 335 07:48:00,Blogon
2010 335 08:03:54,BUrl
2010 335 12:04:17,CUrl
2010 335 12:58:11,CSendEmail
2010 335 13:55:08,CUrl
2010 335 16:40:00,CNologon
2010 336 07:31:00,Blogon
2010 336 07:33:39,BUrl
2010 336 12:39:40,CUrl
2010 336 16:29:17,CSendEmail
2010 336 16:36:00,CNologon
2010 337 07:30:00,Blogon
2010 337 07:52:02,BUrl
2010 337 07:52:16,BSendEmail
2010 337 08:25:28,BUrl
2010 337 12:35:09,CUrl
2010 337 16:58:00,CNologon
2010 340 07:34:00,Blogon
2010 340 07:49:04,BUrl
2010 340 07:56:16,BSendEmail
2010 340 08:04:40,BUrl
2010 340 12:43:14,CUrl
2010 340 16:48:00,CNologon
2010 341 07:32:00,Blogon
2010 341 07:49:25,BUrl
2010 341 11:48:10,BSendEmail
2010 341 11:57:20,BUrl
2010 341 12:01:04,CUrl
2010 341 16:45:00,CNologon
2010 342 07:35:00,Blogon
2010 342 08:48:56,BUrl
2010 342 12:57:46,CUrl
2010 342 16:19:29,CSendEmail
2010 342 17:00:00,CNologon
2010 343 07:52:00,Blogon
2010 343 07:59:59,BUrl
2010 343 12:03:17,CUrl
2010 343 13:04:56,CSendEmail
2010 343 16:24:26,CUrl
2010 343 16:57:00,CNologon
2010 344 07:45:00,Blogon
2010 344 07:54:27,BUrl
2010 344 12:24:06,CUrl
2010 344 12:50:55,CSendEmail
2010 344 13:56:51,CUrl
2010 344 16:48:00,CNologon
2010 347 07:59:00,Blogon
2010 347 08:18:28,BUrl
2010 347 12:18:12,CUrl
2010 347 14:18:05,CSendEmail
2010 347 14:45:15,CUrl
2010 347 16:41:00,CNologon
2010 348 07:34:00,Blogon
2010 348 07:52:58,BSendEmail
2010 348 08:00:29,BUrl
2010 348 12:31:39,CUrl
2010 348 16:53:00,CNologon
2010 349 07:48:00,Blogon
2010 349 07:50:46,BUrl
2010 349 12:52:33,CUrl
2010 349 13:30:51,CSendEmail
2010 349 14:07:23,CUrl
2010 349 16:32:00,CNologon
2010 350 07:47:00,Blogon
2010 350 08:13:55,BUrl
2010 350 13:18:52,CUrl
2010 350 13:36:09,CSendEmail
2010 350 13:42:07,CUrl
2010 350 16:33:00,CNologon
2010 351 07:50:00,Blogon
2010 351 07:54:40,BUrl
2010 351 14:29:38,CUrl
2010 351 14:32:35,CSendEmail
2010 351 15:34:11,CUrl
2010 351 16:38:00,CNologon
2010 354 07:42:00,Blogon
2010 354 08:15:43,BUrl
2010 354 09:41:39,BSendEmail
2010 354 09:52:39,BUrl
2010 354 12:08:45,CUrl
2010 354 16:36:00,CNologon
2010 355 07:44:00,Blogon
2010 355 08:22:17,BUrl
2010 355 10:30:25,BSendEmail
2010 355 10:43:20,BUrl
2010 355 13:42:58,CUrl
2010 355 16:53:00,CNologon
2010 356 07:54:00,Blogon
2010 356 08:05:25,BUrl
2010 356 10:00:20,BSendEmail
2010 356 11:11:47,BUrl
2010 356 12:55:16,CUrl
2010 356 16:47:00,CNologon
2010 361 07:50:00,Blogon
2010 361 08:30:16,BUrl
2010 361 10:09:42,BSendEmail
2010 361 10:51:05,BUrl
2010 361 12:09:19,CUrl
2010 361 16:45:00,CNologon
2010 362 07:41:00,Blogon
2010 362 07:54:24,BUrl
2010 362 09:05:41,BSendEmail
2010 362 09:21:54,BUrl
2010 362 12:17:40,CUrl
2010 362 16:57:00,CNologon
2010 363 07:49:00,Blogon
2010 363 07:50:34,BUrl
2010 363 13:31:04,CUrl
2010 363 14:02:49,CSendEmail
2010 363 14:30:27,CUrl
2010 363 16:37:00,CNologon
2010 364 07:58:00,Blogon
2010 364 08:26:27,BSendEmail
2010 364 08:43:25,BUrl
2010 364 12:14:52,CUrl
2010 364 16:42:00,CNologon
2011 003 07:45:00,Blogon
2011 003 07:59:36,BUrl
2011 003 11:10:30,BSendEmail
2011 003 14:04:41,CUrl
2011 003 16:51:00,CNologon
2011 004 07:49:00,Blogon
2011 004 08:21:31,BUrl
2011 004 13:42:28,CUrl
2011 004 16:33:00,CNologon
2011 005 07:50:00,Blogon
2011 005 08:43:58,BUrl
2011 005 12:48:37,CSendEmail
2011 005 14:02:53,CUrl
2011 005 16:32:00,CNologon
2011 006 07:51:00,Blogon
2011 006 08:13:17,BUrl
2011 006 08:20:37,BSendEmail
2011 006 09:38:39,BUrl
2011 006 12:53:56,CUrl
2011 006 16:41:00,CNologon
2011 007 07:40:00,Blogon
2011 007 07:50:29,BUrl
2011 007 08:01:24,BSendEmail
2011 007 08:02:01,BUrl
2011 007 12:53:27,CUrl
2011 007 16:59:00,CNologon
2011 010 07:47:00,Blogon
2011 010 07:56:40,BUrl
2011 010 09:18:32,BSendEmail
2011 010 11:09:04,BUrl
2011 010 12:30:42,CUrl
2011 010 16:35:00,CNologon
2011 011 07:49:00,Blogon
2011 011 07:52:01,BUrl
2011 011 10:28:35,BSendEmail
2011 011 10:58:49,BUrl
2011 011 12:08:59,CUrl
2011 011 16:45:00,CNologon
2011 012 07:45:00,Blogon
2011 012 08:16:14,BUrl
2011 012 12:53:51,CUrl
2011 012 13:36:20,CSendEmail
2011 012 15:53:24,CUrl
2011 012 16:39:00,CNologon
2011 013 07:30:00,Blogon
2011 013 07:44:43,BUrl
2011 013 14:10:51,CUrl
2011 013 16:29:15,CSendEmail
2011 013 16:34:56,CUrl
2011 013 16:59:00,CNologon
2011 014 07:47:00,Blogon
2011 014 07:51:44,BUrl
2011 014 11:00:37,BSendEmail
2011 014 11:17:21,BUrl
2011 014 12:46:47,CUrl
2011 014 16:45:00,CNologon
2011 017 07:54:00,Blogon
2011 017 12:10:40,CUrl
2011 017 14:48:57,CSendEmail
2011 017 15:31:08,CUrl
2011 017 16:57:00,CNologon
2011 018 07:35:00,Blogon
2011 018 07:53:53,BUrl
2011 018 08:19:17,BSendEmail
2011 018 08:21:27,BUrl
2011 018 15:02:54,CUrl
2011 018 16:51:00,CNologon
2011 019 07:56:00,Blogon
2011 019 08:01:20,BUrl
2011 019 12:07:39,CSendEmail
2011 019 13:39:34,CUrl
2011 019 16:41:00,CNologon
2011 020 07:40:00,Blogon
2011 020 08:37:46,BUrl
2011 020 11:43:39,BSendEmail
2011 020 13:12:59,CUrl
2011 020 16:54:00,CNologon
2011 021 07:49:00,Blogon
2011 021 07:54:51,BUrl
2011 021 12:01:53,CUrl
2011 021 13:45:01,CSendEmail
2011 021 15:12:32,CUrl
2011 021 16:44:00,CNologon
2011 024 07:31:00,Blogon
2011 024 07:45:27,BUrl
2011 024 09:31:45,BSendEmail
2011 024 09:36:29,BUrl
2011 024 14:40:05,CUrl
2011 024 16:31:00,CNologon
2011 025 07:47:00,Blogon
2011 025 08:18:04,BUrl
2011 025 09:13:17,BSendEmail
2011 025 09:45:47,BUrl
2011 025 12:12:37,CUrl
2011 025 16:48:00,CNologon
2011 026 07:50:00,Blogon
2011 026 08:04:34,BUrl
2011 026 09:35:08,BSendEmail
2011 026 09:41:39,BUrl
2011 026 14:55:32,CUrl
2011 026 16:40:00,CNologon
2011 027 07:36:00,Blogon
2011 027 08:04:57,BUrl
2011 027 12:02:47,CUrl
2011 027 15:13:49,CSendEmail
2011 027 15:25:40,CUrl
2011 027 16:32:00,CNologon
2011 028 07:54:00,Blogon
2011 028 08:03:14,BUrl
2011 028 15:38:17,CSendEmail
2011 028 15:40:30,CUrl
2011 028 16:44:00,CNologon
2011 031 07:34:00,Blogon
2011 031 09:45:45,BUrl
2011 031 12:17:05,CUrl
2011 031 13:16:57,CSendEmail
2011 031 13:56:29,CUrl
2011 031 16:46:00,CNologon
2011 032 07:37:00,Blogon
2011 032 08:19:17,BUrl
2011 032 14:02:26,CSendEmail
2011 032 14:49:24,CUrl
2011 032 16:53:00,CNologon
2011 033 07:32:00,Blogon
2011 033 08:14:46,BUrl
2011 033 09:19:22,BSendEmail
2011 033 10:09:59,BUrl
2011 033 12:35:06,CUrl
2011 033 17:00:00,CNologon
2011 034 07:56:00,Blogon
2011 034 08:11:56,BUrl
2011 034 12:53:57,CUrl
2011 034 16:02:32,CSendEmail
2011 034 16:24:14,CUrl
2011 034 16:45:00,CNologon
2011 035 07:30:00,Blogon
2011 035 08:43:07,BUrl
2011 035 08:53:34,BSendEmail
2011 035 09:46:25,BUrl
2011 035 15:17:45,CUrl
2011 035 16:55:00,CNologon
2011 038 07:39:00,Blogon
2011 038 10:07:42,BUrl
2011 038 12:46:22,CUrl
2011 038 15:05:31,CSendEmail
2011 038 16:03:22,CUrl
2011 038 16:56:00,CNologon
2011 039 07:32:00,Blogon
2011 039 09:26:51,BUrl
2011 039 12:02:44,CUrl
2011 039 12:40:34,CSendEmail
2011 039 13:31:24,CUrl
2011 039 16:53:00,CNologon
2011 040 07:52:00,Blogon
2011 040 08:23:51,BUrl
2011 040 12:06:16,CUrl
2011 040 16:42:26,CSendEmail
2011 040 16:44:00,CNologon
2011 041 07:43:00,Blogon
2011 041 08:11:02,BSendEmail
2011 041 08:27:57,BUrl
2011 041 13:26:15,CUrl
2011 041 16:47:00,CNologon
2011 042 07:45:00,Blogon
2011 042 07:50:18,BSendEmail
2011 042 08:23:52,BUrl
2011 042 12:25:26,CUrl
2011 042 16:38:00,CNologon
2011 045 07:35:00,Blogon
2011 045 07:51:05,BUrl
2011 045 12:30:12,CUrl
2011 045 15:10:39,CSendEmail
2011 045 15:47:30,CUrl
2011 045 16:48:00,CNologon
2011 046 07:36:00,Blogon
2011 046 07:52:53,BUrl
2011 046 14:42:52,CSendEmail
2011 046 15:42:20,CUrl
2011 046 16:56:00,CNologon
2011 047 07:57:00,Blogon
2011 047 08:11:17,BUrl
2011 047 12:56:59,CUrl
2011 047 14:29:20,CSendEmail
2011 047 14:58:30,CUrl
2011 047 16:32:00,CNologon
2011 048 07:57:00,Blogon
2011 048 08:58:55,BUrl
2011 048 12:46:04,CUrl
2011 048 15:57:07,CSendEmail
2011 048 16:04:29,CUrl
2011 048 16:32:00,CNologon
2011 049 07:52:00,Blogon
2011 049 08:10:24,BUrl
2011 049 12:52:06,CUrl
2011 049 14:24:15,CSendEmail
2011 049 16:46:52,CUrl
2011 049 16:58:00,CNologon
2011 052 07:53:00,Blogon
2011 052 08:06:45,BUrl
2011 052 12:17:14,CSendEmail
2011 052 12:20:39,CUrl
2011 052 16:33:00,CNologon
2011 053 07:51:00,Blogon
2011 053 08:48:11,BUrl
2011 053 12:47:49,CUrl
2011 053 15:53:20,CSendEmail
2011 053 16:38:57,CUrl
2011 053 16:41:00,CNologon
2011 054 07:38:00,Blogon
2011 054 07:41:13,BUrl
2011 054 12:20:00,CSendEmail
2011 054 13:03:37,CUrl
2011 054 16:40:00,CNologon
2011 055 07:46:00,Blogon
2011 055 07:55:06,BUrl
2011 055 10:46:34,BSendEmail
2011 055 11:13:09,BUrl
2011 055 12:34:02,CUrl
2011 055 16:42:00,CNologon
2011 056 07:53:00,Blogon
2011 056 07:59:13,BSendEmail
2011 056 08:19:26,BUrl
2011 056 12:40:03,CUrl
2011 056 16:32:00,CNologon
2011 059 07:55:00,Blogon
2011 059 08:07:44,BUrl
2011 059 08:08:31,BSendEmail
2011 059 08:16:18,BUrl
2011 059 12:02:56,CUrl
2011 059 16:31:00,CNologon
2011 060 07:51:00,Blogon
2011 060 07:56:05,BSendEmail
2011 060 09:40:39,BUrl
2011 060 12:26:53,CUrl
2011 060 16:45:00,CNologon
2011 061 07:57:00,Blogon
2011 061 08:26:50,BSendEmail
2011 061 08:27:44,BUrl
2011 061 13:04:47,CUrl
2011 061 16:45:00,CNologon
2011 062 07:51:00,Blogon
2011 062 08:23:28,BUrl
2011 062 12:03:09,CUrl
2011 062 13:15:00,CSendEmail
2011 062 14:04:27,CUrl
2011 062 16:32:00,CNologon
2011 063 07:42:00,Blogon
2011 063 07:53:48,BUrl
2011 063 10:30:04,BSendEmail
2011 063 10:35:12,BUrl
2011 063 13:17:50,CUrl
2011 063 16:45:00,CNologon
2011 066 07:43:00,Blogon
2011 066 07:54:17,BUrl
2011 066 09:17:31,BSendEmail
2011 066 09:29:17,BUrl
2011 066 13:06:36,CUrl
2011 066 16:49:00,CNologon
2011 067 07:55:00,Blogon
2011 067 08:24:57,BUrl
2011 067 13:27:54,CUrl
2011 067 16:22:41,CSendEmail
2011 067 16:45:00,CNologon
2011 068 07:54:00,Blogon
2011 068 08:34:52,BUrl
2011 068 12:37:04,CUrl
2011 068 14:02:01,CSendEmail
2011 068 14:43:39,CUrl
2011 068 16:32:00,CNologon
2011 069 07:55:00,Blogon
2011 069 07:57:22,BUrl
2011 069 09:50:00,BSendEmail
2011 069 10:21:20,BUrl
2011 069 12:47:10,CUrl
2011 069 16:32:00,CNologon
2011 070 07:30:00,Blogon
2011 070 07:50:44,BUrl
2011 070 10:03:34,BSendEmail
2011 070 12:43:17,CUrl
2011 070 16:56:00,CNologon
2011 073 07:59:00,Blogon
2011 073 08:50:02,BUrl
2011 073 12:37:46,CUrl
2011 073 13:02:14,CSendEmail
2011 073 14:40:21,CUrl
2011 073 16:43:00,CNologon
2011 074 07:45:00,Blogon
2011 074 07:51:11,BUrl
2011 074 12:08:31,CUrl
2011 074 12:27:18,CSendEmail
2011 074 14:31:17,CUrl
2011 074 16:46:00,CNologon
2011 075 07:57:00,Blogon
2011 075 08:51:54,BUrl
2011 075 12:12:10,CUrl
2011 075 16:45:00,CNologon
2011 076 07:45:00,Blogon
2011 076 08:54:44,BUrl
2011 076 09:23:04,BSendEmail
2011 076 11:38:04,BUrl
2011 076 12:17:32,CUrl
2011 076 16:59:00,CNologon
2011 077 07:45:00,Blogon
2011 077 11:12:57,BUrl
2011 077 12:11:17,CUrl
2011 077 12:50:13,CSendEmail
2011 077 15:09:50,CUrl
2011 077 16:42:00,CNologon
2011 080 07:50:00,Blogon
2011 080 07:52:17,BUrl
2011 080 13:18:06,CSendEmail
2011 080 13:21:24,CUrl
2011 080 16:35:00,CNologon
2011 081 07:35:00,Blogon
2011 081 07:49:36,BUrl
2011 081 12:08:33,CUrl
2011 081 16:46:00,CNologon
2011 082 07:50:00,Blogon
2011 082 08:12:31,BUrl
2011 082 13:35:58,CUrl
2011 082 16:40:55,CSendEmail
2011 082 16:42:00,CNologon
2011 083 07:37:00,Blogon
2011 083 08:29:02,BUrl
2011 083 08:41:15,BSendEmail
2011 083 10:17:40,BUrl
2011 083 12:14:26,CUrl
2011 083 16:54:00,CNologon
2011 084 07:52:00,Blogon
2011 084 07:56:42,BUrl
2011 084 12:02:20,CUrl
2011 084 13:14:14,CSendEmail
2011 084 15:38:45,CUrl
2011 084 16:48:00,CNologon
2011 087 07:33:00,Blogon
2011 087 07:36:00,BUrl
2011 087 08:57:41,BSendEmail
2011 087 09:57:26,BUrl
2011 087 12:59:57,CUrl
2011 087 16:50:00,CNologon
2011 088 07:51:00,Blogon
2011 088 08:18:51,BUrl
2011 088 11:30:07,BSendEmail
2011 088 11:55:05,BUrl
2011 088 15:20:46,CUrl
2011 088 16:34:00,CNologon
2011 089 07:35:00,Blogon
2011 089 07:52:01,BUrl
2011 089 12:52:48,CSendEmail
2011 089 14:24:22,CUrl
2011 089 16:46:00,CNologon
2011 090 07:54:00,Blogon
2011 090 08:08:47,BUrl
2011 090 10:33:57,BSendEmail
2011 090 12:49:10,CUrl
2011 090 16:36:00,CNologon
2011 091 07:51:00,Blogon
2011 091 08:30:14,BUrl
2011 091 13:12:02,CUrl
2011 091 16:17:02,CSendEmail
2011 091 16:27:17,CUrl
2011 091 16:36:00,CNologon
2011 094 07:44:00,Blogon
2011 094 08:20:06,BUrl
2011 094 09:59:32,BSendEmail
2011 094 10:21:30,BUrl
2011 094 13:48:52,CUrl
2011 094 16:36:00,CNologon
2011 095 07:42:00,Blogon
2011 095 07:52:50,BUrl
2011 095 13:12:13,CUrl
2011 095 16:51:32,CSendEmail
2011 095 16:54:00,CNologon
2011 096 07:33:00,Blogon
2011 096 07:37:02,BUrl
2011 096 14:22:00,CSendEmail
2011 096 14:37:17,CUrl
2011 096 16:51:00,CNologon
2011 097 07:34:00,Blogon
2011 097 07:48:54,BSendEmail
2011 097 08:03:35,BUrl
2011 097 12:41:33,CUrl
2011 097 16:57:00,CNologon
2011 098 07:51:00,Blogon
2011 098 09:13:48,BUrl
2011 098 13:34:36,CUrl
2011 098 16:26:38,CSendEmail
2011 098 16:33:05,CUrl
2011 098 16:36:00,CNologon
2011 101 07:48:00,Blogon
2011 101 07:50:41,BSendEmail
2011 101 08:06:24,BUrl
2011 101 12:40:21,CUrl
2011 101 16:43:00,CNologon
2011 102 07:57:00,Blogon
2011 102 08:03:28,BUrl
2011 102 12:43:32,CUrl
2011 102 12:50:56,CSendEmail
2011 102 13:38:36,CUrl
2011 102 16:31:00,CNologon
2011 103 07:37:00,Blogon
2011 103 08:02:15,BUrl
2011 103 12:17:45,CUrl
2011 103 15:45:19,CSendEmail
2011 103 15:45:27,CUrl
2011 103 16:37:00,CNologon
2011 104 07:46:00,Blogon
2011 104 08:00:46,BUrl
2011 104 13:01:15,CUrl
2011 104 13:03:06,CSendEmail
2011 104 14:06:44,CUrl
2011 104 16:57:00,CNologon
2011 105 07:56:00,Blogon
2011 105 08:13:47,BUrl
2011 105 14:49:34,CUrl
2011 105 14:52:08,CSendEmail
2011 105 15:17:50,CUrl
2011 105 16:40:00,CNologon
2011 108 07:32:00,Blogon
2011 108 07:55:33,BUrl
2011 108 12:04:45,CUrl
2011 108 16:33:00,CNologon
2011 109 07:52:00,Blogon
2011 109 08:20:27,BUrl
2011 109 12:26:10,CUrl
2011 109 12:56:44,CSendEmail
2011 109 13:48:00,CUrl
2011 109 16:39:00,CNologon
2011 110 07:45:00,Blogon
2011 110 07:51:05,BUrl
2011 110 09:29:57,BSendEmail
2011 110 09:41:31,BUrl
2011 110 12:14:14,CUrl
2011 110 16:57:00,CNologon
2011 111 07:55:00,Blogon
2011 111 08:03:02,BUrl
2011 111 13:06:33,CUrl
2011 111 13:16:00,CSendEmail
2011 111 13:46:25,CUrl
2011 111 16:37:00,CNologon
2011 115 07:58:00,Blogon
2011 115 08:27:15,BUrl
2011 115 15:13:14,CUrl
2011 115 16:04:45,CSendEmail
2011 115 16:36:00,CNologon
2011 116 07:31:00,Blogon
2011 116 07:39:16,BSendEmail
2011 116 07:53:34,BUrl
2011 116 14:23:04,CUrl
2011 116 16:47:00,CNologon
2011 117 07:48:00,Blogon
2011 117 08:32:25,BUrl
2011 117 13:37:03,CUrl
2011 117 14:50:27,CSendEmail
2011 117 15:03:09,CUrl
2011 117 16:38:00,CNologon
2011 118 07:46:00,Blogon
2011 118 07:53:52,BUrl
2011 118 08:39:24,BSendEmail
2011 118 11:09:27,BUrl
2011 118 12:09:08,CUrl
2011 118 16:40:00,CNologon
2011 119 07:45:00,Blogon
2011 119 08:22:13,BUrl
2011 119 12:45:37,CUrl
2011 119 14:54:17,CSendEmail
2011 119 16:12:38,CUrl
2011 119 16:43:00,CNologon
2011 122 07:46:00,Blogon
2011 122 09:17:51,BUrl
2011 122 12:21:03,CSendEmail
2011 122 12:58:43,CUrl
2011 122 16:36:00,CNologon
2011 123 07:55:00,Blogon
2011 123 08:02:41,BUrl
2011 123 12:00:16,CUrl
2011 123 13:49:03,CSendEmail
2011 123 13:49:25,CUrl
2011 123 16:42:00,CNologon
2011 124 07:36:00,Blogon
2011 124 07:51:23,BUrl
2011 124 13:38:22,CUrl
2011 124 15:01:31,CSendEmail
2011 124 15:27:42,CUrl
2011 124 16:57:00,CNologon
2011 125 07:37:00,Blogon
2011 125 08:02:25,BUrl
2011 125 10:12:00,BSendEmail
2011 125 10:12:27,BUrl
2011 125 15:49:49,CUrl
2011 125 16:46:00,CNologon
2011 126 07:55:00,Blogon
2011 126 08:34:00,BUrl
2011 126 14:49:27,CUrl
2011 126 16:36:12,CSendEmail
2011 126 16:38:00,CNologon
2011 129 07:54:00,Blogon
2011 129 08:59:47,BUrl
2011 129 13:50:41,CUrl
2011 129 15:48:57,CSendEmail
2011 129 16:17:29,CUrl
2011 129 16:38:00,CNologon
2011 130 07:31:00,Blogon
2011 130 07:36:22,BSendEmail
2011 130 08:38:51,BUrl
2011 130 12:08:36,CUrl
2011 130 16:59:00,CNologon
2011 131 07:35:00,Blogon
2011 131 07:54:42,BSendEmail
2011 131 08:13:56,BUrl
2011 131 12:34:32,CUrl
2011 131 16:36:00,CNologon
2011 132 07:31:00,Blogon
2011 132 07:47:19,BSendEmail
2011 132 07:54:45,BUrl
2011 132 15:18:43,CUrl
2011 132 16:46:00,CNologon
2011 133 07:44:00,Blogon
2011 133 08:29:57,BUrl
2011 133 12:09:30,CUrl
2011 133 15:39:35,CSendEmail
2011 133 15:55:29,CUrl
2011 133 16:59:00,CNologon
2011 136 07:43:00,Blogon
2011 136 07:48:56,BUrl
2011 136 10:40:39,BSendEmail
2011 136 12:16:59,CUrl
2011 136 16:52:00,CNologon
