2010 004 07:30:00,Blogon
2010 004 07:45:41,Blogon
2010 004 07:56:43,BNologon
2010 004 08:11:58,BUrl
2010 004 11:50:09,Blogon
2010 004 12:11:24,CUrl
2010 004 14:57:13,CSendEmail
2010 004 15:06:28,CUrl
2010 004 17:00:00,CNologon
2010 005 07:48:00,Blogon
2010 005 08:16:17,BSendEmail
2010 005 08:38:58,BUrl
2010 005 12:39:58,CUrl
2010 005 13:37:00,Clogon
2010 005 13:51:32,CUrl
2010 005 16:52:00,CNologon
2010 006 07:30:00,Blogon
2010 006 07:34:13,BUrl
2010 006 07:39:38,Blogon
2010 006 07:45:00,BNologon
2010 006 07:55:01,BUrl
2010 006 12:50:31,CSendEmail
2010 006 13:17:46,CUrl
2010 006 16:45:00,CNologon
2010 007 07:46:00,Blogon
2010 007 07:48:33,BUrl
2010 007 11:04:43,Blogon
2010 007 11:46:42,BUrl
2010 007 12:30:15,CUrl
2010 007 14:49:53,CSendEmail
2010 007 14:57:17,CUrl
2010 007 16:40:00,CNologon
2010 008 07:40:00,Blogon
2010 008 07:53:11,BUrl
2010 008 12:28:43,Clogon
2010 008 13:51:26,CUrl
2010 008 14:00:30,CSendEmail
2010 008 14:14:03,CUrl
2010 008 16:44:00,CNologon
2010 011 07:45:00,Blogon
2010 011 08:12:02,BUrl
2010 011 09:49:38,Blogon
2010 011 09:50:48,BNologon
2010 011 10:29:48,BUrl
2010 011 13:43:23,CUrl
2010 011 16:48:20,CSendEmail
2010 011 16:51:00,CNologon
2010 012 07:44:00,Blogon
2010 012 08:48:17,BUrl
2010 012 09:38:13,BSendEmail
2010 012 13:23:56,Clogon
2010 012 13:28:40,CUrl
2010 012 16:45:00,CNologon
2010 013 07:50:00,Blogon
2010 013 08:23:08,BUrl
2010 013 12:34:13,Clogon
2010 013 12:49:12,CUrl
2010 013 13:24:38,CSendEmail
2010 013 14:39:40,CUrl
2010 013 16:42:00,CNologon
2010 014 07:38:00,Blogon
2010 014 07:55:06,BUrl
2010 014 10:24:35,Blogon
2010 014 10:30:19,BNologon
2010 014 11:25:13,BUrl
2010 014 12:18:36,CUrl
2010 014 15:07:58,CSendEmail
2010 014 15:39:23,CUrl
2010 014 16:49:00,CNologon
2010 015 07:46:00,Blogon
2010 015 08:22:44,BUrl
2010 015 11:54:51,Blogon
2010 015 13:39:02,CUrl
2010 015 16:31:06,CSendEmail
2010 015 16:36:16,CUrl
2010 015 16:42:00,CNologon
2010 018 07:48:00,Blogon
2010 018 08:25:02,BUrl
2010 018 12:02:57,CUrl
2010 018 13:17:56,Clogon
2010 018 14:36:52,CUrl
2010 018 16:45:48,CSendEmail
2010 018 16:47:00,CNologon
2010 019 07:40:00,Blogon
2010 019 08:15:54,BUrl
2010 019 10:38:40,Blogon
2010 019 11:23:39,BUrl
2010 019 12:06:57,CUrl
2010 019 16:59:00,CNologon
2010 020 07:48:00,Blogon
2010 020 08:05:03,BSendEmail
2010 020 08:14:58,BUrl
2010 020 12:10:07,CUrl
2010 020 12:58:55,Clogon
2010 020 14:14:16,CUrl
2010 020 16:53:00,CNologon
2010 021 07:37:00,Blogon
2010 021 09:09:14,BUrl
2010 021 12:17:15,Clogon
2010 021 13:57:24,CUrl
2010 021 16:41:58,CSendEmail
2010 021 16:42:48,CUrl
2010 021 16:45:00,CNologon
2010 022 07:45:00,Blogon
2010 022 08:40:56,BUrl
2010 022 11:56:08,BSendEmail
2010 022 12:56:29,Clogon
2010 022 13:00:30,CNologon
2010 022 13:38:31,CUrl
2010 022 16:50:00,CNologon
2010 025 07:32:00,Blogon
2010 025 07:39:35,BUrl
2010 025 13:28:37,Clogon
2010 025 13:38:06,CUrl
2010 025 14:17:38,Clogon
2010 025 14:19:05,CNologon
2010 025 15:04:15,CUrl
2010 025 16:48:46,CSendEmail
2010 025 16:51:00,CNologon
2010 026 07:48:00,Blogon
2010 026 07:59:13,BUrl
2010 026 12:22:45,CUrl
2010 026 13:11:10,Clogon
2010 026 13:48:52,CSendEmail
2010 026 15:56:19,CUrl
2010 026 16:43:00,CNologon
2010 027 07:34:00,Blogon
2010 027 07:36:18,BUrl
2010 027 12:02:10,CUrl
2010 027 12:02:26,CSendEmail
2010 027 12:05:34,CUrl
2010 027 13:06:19,Clogon
2010 027 15:39:22,CUrl
2010 027 16:50:00,CNologon
2010 028 07:49:00,Blogon
2010 028 07:51:15,BUrl
2010 028 11:24:12,Blogon
2010 028 12:16:03,Clogon
2010 028 12:17:08,CNologon
2010 028 12:17:23,CUrl
2010 028 16:11:15,CSendEmail
2010 028 16:47:09,CUrl
2010 028 16:54:00,CNologon
2010 029 07:47:00,Blogon
2010 029 08:07:19,BSendEmail
2010 029 08:16:29,BUrl
2010 029 11:40:20,Blogon
2010 029 11:47:06,BUrl
2010 029 12:22:58,CUrl
2010 029 16:42:00,CNologon
2010 032 07:48:00,Blogon
2010 032 08:23:02,BUrl
2010 032 12:05:53,Clogon
2010 032 12:13:41,CUrl
2010 032 12:47:29,CSendEmail
2010 032 13:45:29,CUrl
2010 032 16:23:51,Clogon
2010 032 16:25:08,CNologon
2010 032 16:42:00,CNologon
2010 033 07:48:00,Blogon
2010 033 08:01:03,BUrl
2010 033 12:35:56,CSendEmail
2010 033 12:36:25,CUrl
2010 033 13:46:35,Clogon
2010 033 13:53:08,CUrl
2010 033 16:41:00,CNologon
2010 034 07:48:00,Blogon
2010 034 07:54:21,BUrl
2010 034 12:01:57,CSendEmail
2010 034 12:56:11,Clogon
2010 034 13:22:45,CUrl
2010 034 16:40:00,CNologon
2010 035 07:49:00,Blogon
2010 035 08:32:35,BUrl
2010 035 12:13:46,Clogon
2010 035 12:16:54,CUrl
2010 035 16:28:47,CSendEmail
2010 035 16:41:00,CNologon
2010 036 07:46:00,Blogon
2010 036 08:06:01,BUrl
2010 036 12:36:26,Clogon
2010 036 12:52:29,CUrl
2010 036 13:46:47,CSendEmail
2010 036 15:46:35,CUrl
2010 036 17:00:00,CNologon
2010 039 07:49:00,Blogon
2010 039 08:17:29,BUrl
2010 039 12:31:48,CSendEmail
2010 039 14:14:05,CUrl
2010 039 16:44:00,CNologon
2010 040 07:49:00,Blogon
2010 040 08:16:05,BUrl
2010 040 13:37:23,Clogon
2010 040 15:25:38,CSendEmail
2010 040 16:22:30,CUrl
2010 040 16:45:00,CNologon
2010 041 07:46:00,Blogon
2010 041 08:21:33,BUrl
2010 041 12:10:45,Clogon
2010 041 12:25:14,CUrl
2010 041 14:28:04,CSendEmail
2010 041 14:58:23,CUrl
2010 041 16:40:00,CNologon
2010 042 07:50:00,Blogon
2010 042 07:56:25,BUrl
2010 042 10:37:18,Blogon
2010 042 11:55:01,BUrl
2010 042 12:32:41,CUrl
2010 042 16:43:14,CSendEmail
2010 042 16:45:00,CNologon
2010 043 07:48:00,Blogon
2010 043 08:14:56,BUrl
2010 043 10:00:14,Blogon
2010 043 10:06:39,BUrl
2010 043 10:37:48,BSendEmail
2010 043 11:14:22,BUrl
2010 043 12:16:06,CUrl
2010 043 16:43:00,CNologon
2010 046 07:36:00,Blogon
2010 046 07:37:18,BUrl
2010 046 07:40:57,BSendEmail
2010 046 07:50:13,BUrl
2010 046 13:10:23,Clogon
2010 046 13:12:25,CNologon
2010 046 13:37:12,CUrl
2010 046 16:47:00,CNologon
2010 047 07:45:00,Blogon
2010 047 07:54:18,BUrl
2010 047 12:00:25,CUrl
2010 047 12:08:23,CSendEmail
2010 047 12:14:30,CUrl
2010 047 13:24:32,Clogon
2010 047 14:04:34,CUrl
2010 047 16:43:00,CNologon
2010 048 07:43:00,Blogon
2010 048 07:46:15,Blogon
2010 048 07:46:26,BUrl
2010 048 07:48:03,BNologon
2010 048 08:02:31,BUrl
2010 048 13:25:04,Clogon
2010 048 13:28:12,CSendEmail
2010 048 15:03:07,CUrl
2010 048 17:00:00,CNologon
2010 049 07:48:00,Blogon
2010 049 08:15:43,BUrl
2010 049 11:30:31,Blogon
2010 049 13:23:02,CUrl
2010 049 16:18:10,CSendEmail
2010 049 16:22:41,CUrl
2010 049 16:47:00,CNologon
2010 050 07:40:00,Blogon
2010 050 07:58:11,BUrl
2010 050 08:24:01,BSendEmail
2010 050 08:29:49,BUrl
2010 050 11:05:49,Blogon
2010 050 12:16:24,CUrl
2010 050 12:56:01,Clogon
2010 050 12:58:31,CUrl
2010 050 12:59:25,CNologon
2010 050 13:12:28,CUrl
2010 050 16:57:00,CNologon
2010 053 07:34:00,Blogon
2010 053 07:44:26,BUrl
2010 053 11:07:49,Blogon
2010 053 11:11:22,BUrl
2010 053 12:09:24,CUrl
2010 053 13:36:41,CSendEmail
2010 053 14:07:21,CUrl
2010 053 16:53:00,CNologon
2010 054 07:35:00,Blogon
2010 054 07:44:52,BUrl
2010 054 14:45:15,CUrl
2010 054 14:47:32,CSendEmail
2010 054 15:09:22,CUrl
2010 054 16:51:00,CNologon
2010 055 07:47:00,Blogon
2010 055 08:37:06,BUrl
2010 055 10:09:20,Blogon
2010 055 10:38:40,BUrl
2010 055 12:47:12,CUrl
2010 055 14:13:27,CSendEmail
2010 055 14:28:38,CUrl
2010 055 16:44:00,CNologon
2010 056 07:46:00,Blogon
2010 056 08:09:03,BUrl
2010 056 08:57:14,BSendEmail
2010 056 09:18:28,BUrl
2010 056 12:20:16,CUrl
2010 056 12:56:01,Clogon
2010 056 14:55:05,CUrl
2010 056 16:42:00,CNologon
2010 057 07:34:00,Blogon
2010 057 07:53:19,BUrl
2010 057 12:22:39,Clogon
2010 057 12:35:11,CUrl
2010 057 12:42:56,CSendEmail
2010 057 13:46:56,CUrl
2010 057 16:46:00,CNologon
2010 060 07:35:00,Blogon
2010 060 07:45:19,BUrl
2010 060 12:28:45,CUrl
2010 060 13:25:24,CSendEmail
2010 060 14:02:30,CUrl
2010 060 14:55:40,Clogon
2010 060 14:58:58,CNologon
2010 060 16:43:08,CUrl
2010 060 16:59:00,CNologon
2010 061 07:49:00,Blogon
2010 061 08:09:49,BUrl
2010 061 11:07:24,Blogon
2010 061 14:22:22,CUrl
2010 061 14:32:29,CSendEmail
2010 061 16:09:44,CUrl
2010 061 16:50:00,CNologon
2010 062 07:47:00,Blogon
2010 062 08:49:16,BUrl
2010 062 12:45:10,Clogon
2010 062 14:30:32,CUrl
2010 062 14:50:14,CSendEmail
2010 062 16:19:29,CUrl
2010 062 16:41:00,CNologon
2010 063 07:40:00,Blogon
2010 063 07:52:45,BUrl
2010 063 11:40:11,BSendEmail
2010 063 11:41:37,BUrl
2010 063 12:14:21,CUrl
2010 063 14:25:10,Clogon
2010 063 14:29:22,CNologon
2010 063 15:32:06,CUrl
2010 063 16:52:00,CNologon
2010 064 07:50:00,Blogon
2010 064 08:13:47,BUrl
2010 064 11:14:12,Blogon
2010 064 11:21:57,Blogon
2010 064 11:23:08,BNologon
2010 064 11:24:31,BUrl
2010 064 13:12:51,CUrl
2010 064 14:34:49,CSendEmail
2010 064 15:13:48,CUrl
2010 064 16:53:00,CNologon
2010 067 07:45:00,Blogon
2010 067 08:01:44,BUrl
2010 067 12:25:59,Clogon
2010 067 12:31:34,CSendEmail
2010 067 12:58:13,CUrl
2010 067 16:44:00,CNologon
2010 068 07:35:00,Blogon
2010 068 07:57:39,BUrl
2010 068 09:32:55,Blogon
2010 068 09:38:03,BNologon
2010 068 10:06:34,BUrl
2010 068 10:24:09,BSendEmail
2010 068 11:05:42,BUrl
2010 068 12:17:21,CUrl
2010 068 16:53:00,CNologon
2010 069 07:42:00,Blogon
2010 069 08:03:45,BUrl
2010 069 11:21:19,Blogon
2010 069 12:15:29,CUrl
2010 069 14:00:51,CSendEmail
2010 069 14:21:21,CUrl
2010 069 16:06:11,Clogon
2010 069 16:06:26,CUrl
2010 069 16:13:36,CNologon
2010 069 16:48:13,CUrl
2010 069 16:55:00,CNologon
2010 070 07:45:00,Blogon
2010 070 07:50:28,BUrl
2010 070 10:56:20,Blogon
2010 070 11:45:06,BUrl
2010 070 12:42:22,CSendEmail
2010 070 13:09:47,CUrl
2010 070 16:56:00,CNologon
2010 071 07:32:00,Blogon
2010 071 07:35:37,BUrl
2010 071 14:30:40,CUrl
2010 071 14:47:21,Clogon
2010 071 14:48:35,CNologon
2010 071 15:02:55,CUrl
2010 071 16:58:00,CNologon
2010 074 07:31:00,Blogon
2010 074 07:48:08,BUrl
2010 074 12:11:47,CUrl
2010 074 12:47:00,Clogon
2010 074 13:20:29,CSendEmail
2010 074 13:36:32,CUrl
2010 074 16:46:00,CNologon
2010 075 07:50:00,Blogon
2010 075 08:01:57,BUrl
2010 075 08:35:40,BSendEmail
2010 075 13:25:32,Clogon
2010 075 13:38:54,CUrl
2010 075 16:52:00,CNologon
2010 076 07:38:00,Blogon
2010 076 08:00:54,BUrl
2010 076 13:15:18,Clogon
2010 076 13:51:37,CUrl
2010 076 14:23:58,CSendEmail
2010 076 15:48:10,CUrl
2010 076 16:58:00,CNologon
2010 077 07:39:00,Blogon
2010 077 08:23:14,BUrl
2010 077 10:41:46,BSendEmail
2010 077 11:08:15,BUrl
2010 077 14:13:23,CUrl
2010 077 15:41:29,Clogon
2010 077 15:47:07,CUrl
2010 077 15:50:46,CNologon
2010 077 16:34:12,CUrl
2010 077 16:43:00,CNologon
2010 078 07:34:00,Blogon
2010 078 08:10:14,BUrl
2010 078 10:43:14,BSendEmail
2010 078 13:24:43,Clogon
2010 078 13:50:49,CUrl
2010 078 16:52:00,CNologon
2010 081 07:34:00,Blogon
2010 081 07:37:49,BUrl
2010 081 09:48:05,BSendEmail
2010 081 09:58:23,BUrl
2010 081 13:25:24,Clogon
2010 081 13:52:47,CUrl
2010 081 14:45:30,Clogon
2010 081 15:09:21,CNologon
2010 081 15:30:31,CUrl
2010 081 16:47:00,CNologon
2010 082 07:46:00,Blogon
2010 082 07:55:53,BUrl
2010 082 08:52:29,BSendEmail
2010 082 12:48:07,CUrl
2010 082 16:51:00,CNologon
2010 083 07:37:00,Blogon
2010 083 07:58:37,BUrl
2010 083 13:08:47,CUrl
2010 083 15:18:55,CSendEmail
2010 083 15:54:47,Clogon
2010 083 15:55:07,CUrl
2010 083 15:59:52,CNologon
2010 083 16:20:29,CUrl
2010 083 16:54:00,CNologon
2010 084 07:46:00,Blogon
2010 084 07:49:01,BUrl
2010 084 09:13:21,BSendEmail
2010 084 10:23:01,BUrl
2010 084 12:40:55,Clogon
2010 084 13:03:24,CUrl
2010 084 16:42:00,CNologon
2010 085 07:32:00,Blogon
2010 085 07:56:32,BUrl
2010 085 10:47:56,BSendEmail
2010 085 11:55:55,Blogon
2010 085 12:37:15,CUrl
2010 085 16:58:00,CNologon
2010 088 07:36:00,Blogon
2010 088 07:39:49,BUrl
2010 088 12:26:45,Clogon
2010 088 12:36:14,CUrl
2010 088 16:24:51,CSendEmail
2010 088 16:35:29,CUrl
2010 088 16:46:00,CNologon
2010 089 07:46:00,Blogon
2010 089 07:55:14,BUrl
2010 089 12:06:13,CUrl
2010 089 15:20:33,CSendEmail
2010 089 15:26:40,CUrl
2010 089 16:42:00,CNologon
2010 090 07:32:00,Blogon
2010 090 08:01:00,BUrl
2010 090 09:22:33,BSendEmail
2010 090 11:55:40,BUrl
2010 090 12:14:09,Clogon
2010 090 13:42:35,CUrl
2010 090 16:51:00,CNologon
2010 091 07:32:00,Blogon
2010 091 08:45:37,BUrl
2010 091 11:35:23,Blogon
2010 091 11:43:11,BUrl
2010 091 16:53:00,CNologon
2010 095 07:35:00,Blogon
2010 095 07:55:37,BUrl
2010 095 12:24:57,CUrl
2010 095 13:29:48,Clogon
2010 095 13:31:11,CNologon
2010 095 14:22:39,CSendEmail
2010 095 14:31:48,CUrl
2010 095 16:59:00,CNologon
2010 096 07:48:00,Blogon
2010 096 07:55:21,Blogon
2010 096 07:57:28,BNologon
2010 096 08:42:51,BUrl
2010 096 13:11:48,Clogon
2010 096 13:59:16,CUrl
2010 096 16:03:02,CSendEmail
2010 096 16:48:33,CUrl
2010 096 16:58:00,CNologon
2010 097 07:44:00,Blogon
2010 097 07:46:32,BUrl
2010 097 12:44:55,Clogon
2010 097 12:48:58,CUrl
2010 097 14:22:42,CSendEmail
2010 097 14:34:34,CUrl
2010 097 16:48:00,CNologon
2010 098 07:45:00,Blogon
2010 098 08:05:20,BUrl
2010 098 12:51:04,Clogon
2010 098 13:13:52,CUrl
2010 098 16:44:00,CNologon
2010 099 07:32:00,Blogon
2010 099 07:39:40,BUrl
2010 099 09:50:14,BSendEmail
2010 099 10:04:26,BUrl
2010 099 11:54:53,Blogon
2010 099 12:22:43,CUrl
2010 099 16:45:00,CNologon
2010 102 07:45:00,Blogon
2010 102 07:52:00,BUrl
2010 102 12:08:58,CUrl
2010 102 14:33:49,CSendEmail
2010 102 15:40:02,Clogon
2010 102 15:41:07,CNologon
2010 102 16:21:14,CUrl
2010 102 16:51:00,CNologon
2010 103 07:34:00,Blogon
2010 103 07:37:33,BUrl
2010 103 09:13:53,BSendEmail
2010 103 12:13:07,Clogon
2010 103 13:31:41,CUrl
2010 103 16:56:00,CNologon
2010 104 07:40:00,Blogon
2010 104 08:09:28,BUrl
2010 104 11:24:58,Blogon
2010 104 11:27:06,BNologon
2010 104 11:46:29,BSendEmail
2010 104 11:47:09,BUrl
2010 104 13:37:52,Clogon
2010 104 14:01:43,CUrl
2010 104 16:46:00,CNologon
2010 105 07:49:00,Blogon
2010 105 07:57:56,BUrl
2010 105 08:45:04,BSendEmail
2010 105 09:32:36,BUrl
2010 105 13:15:41,Clogon
2010 105 15:02:40,CUrl
2010 105 16:43:00,CNologon
2010 106 07:41:00,Blogon
2010 106 08:04:34,BUrl
2010 106 08:43:15,Blogon
2010 106 09:32:21,BNologon
2010 106 10:08:34,BSendEmail
2010 106 10:50:17,BUrl
2010 106 12:35:36,CUrl
2010 106 16:56:00,CNologon
2010 109 07:31:00,Blogon
2010 109 09:18:49,BUrl
2010 109 10:27:46,Blogon
2010 109 10:28:51,BNologon
2010 109 11:05:34,BUrl
2010 109 12:01:46,Clogon
2010 109 12:25:50,CUrl
2010 109 13:09:40,CSendEmail
2010 109 15:40:17,CUrl
2010 109 16:56:00,CNologon
2010 110 07:45:00,Blogon
2010 110 08:13:31,BUrl
2010 110 12:31:39,Clogon
2010 110 14:17:08,CUrl
2010 110 16:34:47,CSendEmail
2010 110 16:43:36,CUrl
2010 110 16:45:00,CNologon
2010 111 07:34:00,Blogon
2010 111 07:52:08,BUrl
2010 111 08:51:53,Blogon
2010 111 08:57:16,BNologon
2010 111 12:09:00,Clogon
2010 111 12:44:51,CUrl
2010 111 15:04:29,CSendEmail
2010 111 15:41:11,CUrl
2010 111 16:45:00,CNologon
2010 112 07:44:00,Blogon
2010 112 08:03:34,BUrl
2010 112 09:31:47,BSendEmail
2010 112 10:41:36,BUrl
2010 112 13:41:49,Clogon
2010 112 13:49:14,CUrl
2010 112 16:53:00,CNologon
2010 113 07:45:00,Blogon
2010 113 07:53:01,BUrl
2010 113 09:20:40,BSendEmail
2010 113 11:14:16,Blogon
2010 113 11:21:56,BUrl
2010 113 13:59:08,CUrl
2010 113 16:44:00,CNologon
2010 116 07:47:00,Blogon
2010 116 09:14:25,BUrl
2010 116 13:02:56,Clogon
2010 116 13:08:35,CSendEmail
2010 116 14:27:53,CUrl
2010 116 14:31:26,Clogon
2010 116 14:32:38,CNologon
2010 116 14:54:04,CUrl
2010 116 16:53:00,CNologon
2010 117 07:43:00,Blogon
2010 117 07:57:10,BUrl
2010 117 10:59:26,Blogon
2010 117 11:00:43,BNologon
2010 117 11:31:03,BUrl
2010 117 12:18:31,CUrl
2010 117 14:52:48,CSendEmail
2010 117 14:53:49,CUrl
2010 117 16:44:00,CNologon
2010 118 07:50:00,Blogon
2010 118 08:00:53,BUrl
2010 118 12:46:32,Clogon
2010 118 12:49:50,CSendEmail
2010 118 13:22:15,CUrl
2010 118 16:47:00,CNologon
2010 119 07:50:00,Blogon
2010 119 08:23:23,BUrl
2010 119 09:29:34,BSendEmail
2010 119 09:30:01,BUrl
2010 119 11:57:41,Blogon
2010 119 13:41:07,CUrl
2010 119 16:45:00,CNologon
2010 120 07:38:00,Blogon
2010 120 08:57:58,Blogon
2010 120 09:00:56,BNologon
2010 120 10:11:39,BUrl
2010 120 11:56:11,Blogon
2010 120 15:09:47,CUrl
2010 120 15:56:30,CSendEmail
2010 120 16:04:52,CUrl
2010 120 16:48:00,CNologon
2010 123 07:50:00,Blogon
2010 123 08:05:48,BUrl
2010 123 10:38:40,Blogon
2010 123 11:11:45,BUrl
2010 123 12:44:32,CSendEmail
2010 123 13:41:52,CUrl
2010 123 16:45:00,CNologon
2010 124 07:34:00,Blogon
2010 124 07:58:22,BUrl
2010 124 10:13:53,BSendEmail
2010 124 11:30:07,BUrl
2010 124 13:14:16,Clogon
2010 124 14:55:50,CUrl
2010 124 16:42:00,CNologon
2010 125 07:45:00,Blogon
2010 125 08:02:03,BUrl
2010 125 12:20:29,Clogon
2010 125 12:47:32,CUrl
2010 125 15:54:36,CSendEmail
2010 125 16:03:15,CUrl
2010 125 16:43:00,CNologon
2010 126 07:50:00,Blogon
2010 126 08:10:24,BUrl
2010 126 11:28:03,Blogon
2010 126 11:36:21,BUrl
2010 126 11:45:37,BSendEmail
2010 126 14:07:59,CUrl
2010 126 16:44:00,CNologon
2010 127 07:48:00,Blogon
2010 127 07:53:36,BUrl
2010 127 08:31:13,BSendEmail
2010 127 11:29:52,Blogon
2010 127 11:32:27,BUrl
2010 127 12:16:32,CUrl
2010 127 16:45:00,CNologon
2010 130 07:46:00,Blogon
2010 130 08:06:39,BUrl
2010 130 08:40:36,Blogon
2010 130 08:46:54,BNologon
2010 130 08:52:16,BUrl
2010 130 13:43:30,Clogon
2010 130 14:01:01,CSendEmail
2010 130 14:05:52,CUrl
2010 130 16:42:00,CNologon
2010 131 07:44:00,Blogon
2010 131 08:22:44,BUrl
2010 131 11:02:55,Blogon
2010 131 11:04:14,BUrl
2010 131 11:04:54,BNologon
2010 131 13:13:43,Clogon
2010 131 13:17:27,CUrl
2010 131 16:31:27,CSendEmail
2010 131 16:52:00,CNologon
2010 132 07:41:00,Blogon
2010 132 08:00:30,BUrl
2010 132 09:07:53,BSendEmail
2010 132 10:07:02,BUrl
2010 132 13:30:54,Clogon
2010 132 13:52:16,CUrl
2010 132 16:57:00,CNologon
2010 133 07:32:00,Blogon
2010 133 07:40:34,BUrl
2010 133 12:00:03,Clogon
2010 133 12:01:08,CNologon
2010 133 14:25:20,CUrl
2010 133 16:34:35,CSendEmail
2010 133 16:53:00,CNologon
2010 134 07:45:00,Blogon
2010 134 07:46:36,BUrl
2010 134 13:19:23,CSendEmail
2010 134 13:44:20,CUrl
2010 134 14:44:22,Clogon
2010 134 14:45:52,CNologon
2010 134 15:57:48,CUrl
2010 134 16:49:00,CNologon
2010 137 07:39:00,Blogon
2010 137 08:26:20,BUrl
2010 137 11:46:07,Blogon
2010 137 11:47:39,BSendEmail
2010 137 12:50:27,CUrl
2010 137 16:47:00,CNologon
2010 138 07:49:00,Blogon
2010 138 07:52:42,BUrl
2010 138 08:43:03,BSendEmail
2010 138 08:57:46,BUrl
2010 138 15:32:30,CUrl
2010 138 15:39:35,Clogon
2010 138 15:40:42,CNologon
2010 138 15:48:54,CUrl
2010 138 16:42:00,CNologon
2010 139 07:45:00,Blogon
2010 139 08:01:26,BUrl
2010 139 13:33:26,Clogon
2010 139 13:51:01,CUrl
2010 139 15:51:45,CSendEmail
2010 139 16:11:49,CUrl
2010 139 16:58:00,CNologon
2010 140 07:34:00,Blogon
2010 140 07:42:16,BUrl
2010 140 09:59:40,BSendEmail
2010 140 10:00:54,BUrl
2010 140 12:54:36,Clogon
2010 140 13:33:16,Clogon
2010 140 13:48:33,CNologon
2010 140 13:54:48,CUrl
2010 140 16:49:00,CNologon
2010 141 07:30:00,Blogon
2010 141 07:56:24,BUrl
2010 141 12:14:40,CUrl
2010 141 15:56:42,CSendEmail
2010 141 15:56:45,CUrl
2010 141 16:48:00,CNologon
2010 144 07:45:00,Blogon
2010 144 07:53:14,BUrl
2010 144 11:13:51,Blogon
2010 144 11:20:24,BUrl
2010 144 12:35:10,CUrl
2010 144 12:35:34,CSendEmail
2010 144 14:14:34,CUrl
2010 144 16:45:00,CNologon
2010 145 07:47:00,Blogon
2010 145 08:00:20,BUrl
2010 145 12:19:33,Clogon
2010 145 12:26:44,CUrl
2010 145 15:36:06,CSendEmail
2010 145 15:52:56,CUrl
2010 145 16:44:00,CNologon
2010 146 07:46:00,Blogon
2010 146 07:48:44,BUrl
2010 146 12:20:52,Clogon
2010 146 12:53:26,CUrl
2010 146 15:08:22,CSendEmail
2010 146 15:49:45,CUrl
2010 146 16:40:00,CNologon
2010 147 07:37:00,Blogon
2010 147 07:56:44,BSendEmail
2010 147 08:32:13,BUrl
2010 147 08:50:45,Blogon
2010 147 08:53:18,BUrl
2010 147 08:58:39,BNologon
2010 147 09:27:32,BUrl
2010 147 12:14:55,CUrl
2010 147 16:40:00,CNologon
2010 148 07:31:00,Blogon
2010 148 07:33:28,BUrl
2010 148 08:17:14,BSendEmail
2010 148 09:18:42,BUrl
2010 148 12:35:54,Clogon
2010 148 12:39:56,CUrl
2010 148 16:53:00,CNologon
2010 152 07:35:00,Blogon
2010 152 08:06:26,BUrl
2010 152 12:05:32,CUrl
2010 152 14:00:20,Clogon
2010 152 14:03:20,CNologon
2010 152 15:09:59,CUrl
2010 152 16:04:56,CSendEmail
2010 152 16:08:12,CUrl
2010 152 16:59:00,CNologon
2010 153 07:34:00,Blogon
2010 153 07:38:10,BUrl
2010 153 11:04:36,BSendEmail
2010 153 12:33:09,CUrl
2010 153 16:45:00,CNologon
2010 154 07:37:00,Blogon
2010 154 08:40:42,BUrl
2010 154 09:38:21,Blogon
2010 154 09:40:54,BNologon
2010 154 11:02:15,BUrl
2010 154 12:55:36,Clogon
2010 154 13:34:40,CUrl
2010 154 15:12:41,CSendEmail
2010 154 15:26:19,CUrl
2010 154 16:55:00,CNologon
2010 155 07:32:00,Blogon
2010 155 08:16:45,BUrl
2010 155 12:30:10,Clogon
2010 155 12:38:54,CUrl
2010 155 12:56:48,CSendEmail
2010 155 16:28:05,CUrl
2010 155 17:00:00,CNologon
2010 158 07:45:00,Blogon
2010 158 08:00:46,Blogon
2010 158 08:02:22,BUrl
2010 158 08:02:32,BNologon
2010 158 08:09:40,BUrl
2010 158 11:42:48,Blogon
2010 158 12:57:11,CSendEmail
2010 158 13:19:13,CUrl
2010 158 16:47:00,CNologon
2010 159 07:50:00,Blogon
2010 159 08:03:38,BUrl
2010 159 12:28:53,Clogon
2010 159 12:33:36,CUrl
2010 159 14:21:22,CSendEmail
2010 159 15:11:58,CUrl
2010 159 16:45:00,CNologon
2010 160 07:36:00,Blogon
2010 160 07:59:18,BUrl
2010 160 10:02:47,Blogon
2010 160 10:28:50,BUrl
2010 160 12:02:39,CUrl
2010 160 12:30:07,Clogon
2010 160 12:33:24,CUrl
2010 160 12:40:49,CNologon
2010 160 13:25:11,CUrl
2010 160 14:32:08,CSendEmail
2010 160 14:37:12,CUrl
2010 160 16:45:00,CNologon
2010 161 07:32:00,Blogon
2010 161 08:02:32,BUrl
2010 161 08:33:11,Blogon
2010 161 08:38:30,BNologon
2010 161 09:08:04,BUrl
2010 161 12:20:49,Clogon
2010 161 12:52:08,CUrl
2010 161 16:21:03,CSendEmail
2010 161 16:35:30,CUrl
2010 161 16:46:00,CNologon
2010 162 07:45:00,Blogon
2010 162 07:48:36,BUrl
2010 162 13:40:34,Clogon
2010 162 15:27:01,CUrl
2010 162 15:48:58,CSendEmail
2010 162 15:57:46,CUrl
2010 162 16:47:00,CNologon
2010 165 07:45:00,Blogon
2010 165 08:18:09,BUrl
2010 165 08:23:56,BSendEmail
2010 165 08:30:28,BUrl
2010 165 09:49:12,Blogon
2010 165 09:54:06,BNologon
2010 165 12:41:46,CUrl
2010 165 16:55:00,CNologon
2010 166 07:30:00,Blogon
2010 166 07:41:21,BUrl
2010 166 12:14:36,Clogon
2010 166 12:20:37,CUrl
2010 166 13:37:11,CSendEmail
2010 166 13:52:38,CUrl
2010 166 16:53:00,CNologon
2010 167 07:50:00,Blogon
2010 167 07:51:05,BSendEmail
2010 167 08:04:12,BUrl
2010 167 13:26:59,Clogon
2010 167 14:33:58,CUrl
2010 167 16:40:00,CNologon
2010 168 07:46:00,Blogon
2010 168 07:49:37,BUrl
2010 168 12:15:19,Clogon
2010 168 12:34:59,CUrl
2010 168 16:24:40,CSendEmail
2010 168 16:44:00,CNologon
2010 169 07:48:00,Blogon
2010 169 09:24:52,BSendEmail
2010 169 09:54:31,BUrl
2010 169 12:59:26,Clogon
2010 169 13:12:43,CUrl
2010 169 16:44:00,CNologon
2010 172 07:35:00,Blogon
2010 172 07:50:42,BUrl
2010 172 08:29:36,BSendEmail
2010 172 09:09:12,BUrl
2010 172 13:06:38,Clogon
2010 172 14:46:21,CUrl
2010 172 16:57:00,CNologon
2010 173 07:36:00,Blogon
2010 173 08:20:36,BUrl
2010 173 08:31:47,BSendEmail
2010 173 10:55:42,BUrl
2010 173 12:22:04,Clogon
2010 173 12:43:33,CUrl
2010 173 16:58:00,CNologon
2010 174 07:31:00,Blogon
2010 174 08:06:52,BUrl
2010 174 08:19:18,BSendEmail
2010 174 08:25:10,BUrl
2010 174 11:00:09,Blogon
2010 174 11:02:26,BNologon
2010 174 11:34:52,BUrl
2010 174 12:06:34,CUrl
2010 174 16:46:00,CNologon
2010 175 07:47:00,Blogon
2010 175 07:51:39,BUrl
2010 175 10:29:59,BSendEmail
2010 175 13:31:36,Clogon
2010 175 15:17:24,CUrl
2010 175 16:44:00,CNologon
2010 176 07:34:00,Blogon
2010 176 08:05:17,BUrl
2010 176 08:08:11,BSendEmail
2010 176 08:32:36,BUrl
2010 176 11:11:32,Blogon
2010 176 11:34:40,BNologon
2010 176 13:33:58,Clogon
2010 176 14:06:50,CUrl
2010 176 16:51:00,CNologon
2010 179 07:32:00,Blogon
2010 179 07:34:52,BSendEmail
2010 179 08:24:39,BUrl
2010 179 11:18:14,Blogon
2010 179 11:19:40,BNologon
2010 179 11:28:34,BUrl
2010 179 12:53:03,CUrl
2010 179 16:54:00,CNologon
2010 180 07:45:00,Blogon
2010 180 08:11:01,BUrl
2010 180 13:32:59,Clogon
2010 180 14:24:53,CUrl
2010 180 15:26:27,CSendEmail
2010 180 16:04:02,CUrl
2010 180 16:42:00,CNologon
2010 181 07:49:00,Blogon
2010 181 08:03:15,BUrl
2010 181 11:56:06,Blogon
2010 181 12:42:18,CUrl
2010 181 14:56:01,CSendEmail
2010 181 14:58:41,CUrl
2010 181 16:40:00,CNologon
2010 182 07:31:00,Blogon
2010 182 07:32:03,BUrl
2010 182 08:23:50,Blogon
2010 182 09:09:52,BNologon
2010 182 10:13:16,BUrl
2010 182 12:24:54,Clogon
2010 182 12:33:16,CSendEmail
2010 182 13:35:52,CUrl
2010 182 17:00:00,CNologon
2010 183 07:41:00,Blogon
2010 183 07:42:40,BUrl
2010 183 08:29:38,BSendEmail
2010 183 08:37:40,Blogon
2010 183 08:39:46,BNologon
2010 183 09:40:59,BUrl
2010 183 12:16:37,CUrl
2010 183 16:54:00,CNologon
2010 187 07:45:00,Blogon
2010 187 07:47:58,BUrl
2010 187 10:25:34,BSendEmail
2010 187 11:47:13,BUrl
2010 187 12:02:57,CUrl
2010 187 12:48:38,Clogon
2010 187 13:30:58,CNologon
2010 187 14:07:50,CUrl
2010 187 16:43:00,CNologon
2010 188 07:49:00,Blogon
2010 188 08:05:41,BUrl
2010 188 13:31:59,Clogon
2010 188 14:04:53,CUrl
2010 188 16:17:19,CSendEmail
2010 188 16:41:00,CNologon
2010 189 07:31:00,Blogon
2010 189 07:32:42,BSendEmail
2010 189 08:08:55,BUrl
2010 189 12:13:30,CUrl
2010 189 15:37:06,Clogon
2010 189 15:39:28,CNologon
2010 189 15:59:29,CUrl
2010 189 16:40:00,CNologon
2010 190 07:46:00,Blogon
2010 190 07:59:09,BUrl
2010 190 13:32:18,Clogon
2010 190 13:48:37,CUrl
2010 190 15:53:55,CSendEmail
2010 190 16:09:59,CUrl
2010 190 16:40:00,CNologon
2010 193 07:49:00,Blogon
2010 193 07:51:44,BUrl
2010 193 09:46:49,BSendEmail
2010 193 09:50:03,BUrl
2010 193 13:05:06,Clogon
2010 193 13:40:32,CUrl
2010 193 16:53:00,CNologon
2010 194 07:49:00,Blogon
2010 194 08:37:16,BUrl
2010 194 12:18:17,CUrl
2010 194 13:31:26,Clogon
2010 194 14:06:39,CUrl
2010 194 15:25:42,CSendEmail
2010 194 15:45:18,CUrl
2010 194 16:45:00,CNologon
2010 195 07:50:00,Blogon
2010 195 07:52:45,BUrl
2010 195 12:26:26,Clogon
2010 195 13:10:52,CUrl
2010 195 15:37:00,CSendEmail
2010 195 15:55:59,CUrl
2010 195 16:41:00,CNologon
2010 196 07:36:00,Blogon
2010 196 07:42:05,BUrl
2010 196 11:47:03,Blogon
2010 196 13:01:25,CUrl
2010 196 13:06:43,CSendEmail
2010 196 13:37:45,CUrl
2010 196 16:44:00,CNologon
2010 197 07:45:00,Blogon
2010 197 08:10:38,BUrl
2010 197 12:57:34,Clogon
2010 197 14:09:55,CSendEmail
2010 197 14:29:06,CUrl
2010 197 16:40:00,CNologon
2010 200 07:49:00,Blogon
2010 200 08:12:37,BSendEmail
2010 200 08:25:14,BUrl
2010 200 13:35:49,Clogon
2010 200 14:15:02,CUrl
2010 200 16:41:00,CNologon
2010 201 07:46:00,Blogon
2010 201 09:17:38,BUrl
2010 201 11:01:06,Blogon
2010 201 11:07:13,BUrl
2010 201 12:06:19,CUrl
2010 201 12:55:52,CSendEmail
2010 201 16:14:39,CUrl
2010 201 16:40:00,CNologon
2010 202 07:47:00,Blogon
2010 202 08:24:13,BUrl
2010 202 11:37:43,BSendEmail
2010 202 13:16:16,Clogon
2010 202 13:23:57,CUrl
2010 202 16:58:00,CNologon
2010 203 07:41:00,Blogon
2010 203 07:46:12,BUrl
2010 203 09:18:11,Blogon
2010 203 09:21:03,BUrl
2010 203 09:23:05,BNologon
2010 203 10:21:31,BUrl
2010 203 12:07:52,CSendEmail
2010 203 12:11:31,CUrl
2010 203 16:56:00,CNologon
2010 204 07:47:00,Blogon
2010 204 08:19:05,BUrl
2010 204 13:32:51,Clogon
2010 204 13:38:39,CUrl
2010 204 15:45:25,CSendEmail
2010 204 15:49:17,CUrl
2010 204 16:49:00,CNologon
2010 207 07:35:00,Blogon
2010 207 07:40:19,BUrl
2010 207 09:56:27,BSendEmail
2010 207 10:37:51,BUrl
2010 207 12:41:46,Clogon
2010 207 13:06:33,CUrl
2010 207 16:55:00,CNologon
2010 208 07:48:00,Blogon
2010 208 08:37:53,BUrl
2010 208 13:47:16,Clogon
2010 208 13:58:48,CUrl
2010 208 15:20:27,CSendEmail
2010 208 15:30:14,CUrl
2010 208 16:41:00,CNologon
2010 209 07:47:00,Blogon
2010 209 08:04:56,BUrl
2010 209 12:50:11,Clogon
2010 209 13:49:04,CUrl
2010 209 15:26:57,CSendEmail
2010 209 15:31:09,CUrl
2010 209 16:42:00,CNologon
2010 210 07:39:00,Blogon
2010 210 07:43:13,BUrl
2010 210 10:02:21,BSendEmail
2010 210 11:49:24,BUrl
2010 210 12:36:06,CUrl
2010 210 16:56:00,CNologon
2010 211 07:45:00,Blogon
2010 211 07:58:52,BSendEmail
2010 211 08:22:47,BUrl
2010 211 13:08:07,Clogon
2010 211 14:16:14,CUrl
2010 211 16:45:00,CNologon
2010 214 07:49:00,Blogon
2010 214 08:04:24,BUrl
2010 214 11:00:02,Blogon
2010 214 11:09:56,BUrl
2010 214 13:09:39,CUrl
2010 214 13:11:19,CSendEmail
2010 214 14:59:44,CUrl
2010 214 16:59:00,CNologon
2010 215 07:46:00,Blogon
2010 215 07:55:24,BUrl
2010 215 11:16:16,Blogon
2010 215 11:30:31,BUrl
2010 215 11:42:27,BSendEmail
2010 215 11:49:28,BUrl
2010 215 15:19:44,CUrl
2010 215 16:44:00,CNologon
2010 216 07:34:00,Blogon
2010 216 07:35:39,BUrl
2010 216 11:42:35,BSendEmail
2010 216 11:47:26,BUrl
2010 216 14:15:29,CUrl
2010 216 16:50:00,CNologon
2010 217 07:48:00,Blogon
2010 217 08:29:07,BUrl
2010 217 13:09:22,Clogon
2010 217 13:14:25,CSendEmail
2010 217 15:14:18,CUrl
2010 217 16:43:00,CNologon
2010 218 07:49:00,Blogon
2010 218 08:03:20,BUrl
2010 218 11:07:20,Blogon
2010 218 11:40:35,BUrl
2010 218 12:30:46,CUrl
2010 218 12:31:24,CSendEmail
2010 218 12:57:36,CUrl
2010 218 16:45:00,CNologon
2010 221 07:50:00,Blogon
2010 221 08:40:25,BSendEmail
2010 221 08:49:44,BUrl
2010 221 13:05:24,Clogon
2010 221 14:26:08,CUrl
2010 221 14:44:25,Clogon
2010 221 14:45:58,CNologon
2010 221 15:23:07,CUrl
2010 221 16:45:00,CNologon
2010 222 07:50:00,Blogon
2010 222 08:08:35,BUrl
2010 222 10:40:13,Blogon
2010 222 11:04:37,BUrl
2010 222 11:41:59,BSendEmail
2010 222 13:46:03,CUrl
2010 222 16:56:00,CNologon
2010 223 07:44:00,Blogon
2010 223 07:48:35,BUrl
2010 223 10:45:46,BSendEmail
2010 223 11:11:14,BUrl
2010 223 12:02:16,Clogon
2010 223 12:08:42,CUrl
2010 223 16:44:00,CNologon
2010 224 07:42:00,Blogon
2010 224 07:43:00,Blogon
2010 224 07:44:04,BNologon
2010 224 08:24:16,BSendEmail
2010 224 09:30:00,BUrl
2010 224 13:07:57,CUrl
2010 224 16:58:00,CNologon
2010 225 07:46:00,Blogon
2010 225 08:11:49,BUrl
2010 225 12:19:28,Clogon
2010 225 12:29:21,CUrl
2010 225 16:20:14,CSendEmail
2010 225 16:22:30,CUrl
2010 225 16:40:00,CNologon
2010 228 07:44:00,Blogon
2010 228 08:24:45,BUrl
2010 228 10:51:36,BSendEmail
2010 228 15:27:54,CUrl
2010 228 16:45:00,CNologon
2010 229 07:45:00,Blogon
2010 229 08:15:38,BUrl
2010 229 12:47:55,Clogon
2010 229 13:11:52,CUrl
2010 229 16:06:59,CSendEmail
2010 229 16:41:00,CNologon
2010 230 07:32:00,Blogon
2010 230 07:46:54,BUrl
2010 230 10:35:34,Blogon
2010 230 10:37:15,BNologon
2010 230 11:59:59,Blogon
2010 230 12:37:40,CUrl
2010 230 13:58:06,CSendEmail
2010 230 14:45:08,CUrl
2010 230 16:55:00,CNologon
2010 231 07:31:00,Blogon
2010 231 07:39:25,BUrl
2010 231 09:08:51,Blogon
2010 231 09:10:01,BNologon
2010 231 09:54:04,BSendEmail
2010 231 10:04:42,BUrl
2010 231 12:03:46,Clogon
2010 231 13:19:45,CUrl
2010 231 16:55:00,CNologon
2010 232 07:43:00,Blogon
2010 232 07:44:33,BUrl
2010 232 13:23:39,Clogon
2010 232 13:31:20,CSendEmail
2010 232 13:47:30,CUrl
2010 232 16:49:00,CNologon
2010 235 07:30:00,Blogon
2010 235 07:44:13,BUrl
2010 235 09:06:01,BSendEmail
2010 235 09:36:28,BUrl
2010 235 11:54:38,Blogon
2010 235 12:07:03,CNologon
2010 235 13:05:55,Clogon
2010 235 13:26:57,CUrl
2010 235 16:57:00,CNologon
2010 236 07:50:00,Blogon
2010 236 08:09:24,BUrl
2010 236 09:07:52,BSendEmail
2010 236 09:57:53,BUrl
2010 236 11:18:21,Blogon
2010 236 11:20:59,BUrl
2010 236 13:04:17,CUrl
2010 236 16:40:00,CNologon
2010 237 07:49:00,Blogon
2010 237 07:55:37,BUrl
2010 237 11:41:45,BSendEmail
2010 237 12:05:10,CUrl
2010 237 12:45:23,Clogon
2010 237 14:02:14,CUrl
2010 237 16:43:00,CNologon
2010 238 07:50:00,Blogon
2010 238 08:24:22,BUrl
2010 238 10:51:53,BSendEmail
2010 238 12:39:02,Clogon
2010 238 12:40:40,CUrl
2010 238 16:42:00,CNologon
2010 239 07:30:00,Blogon
2010 239 07:54:01,BUrl
2010 239 12:04:43,Clogon
2010 239 13:01:31,CUrl
2010 239 16:38:14,CSendEmail
2010 239 16:39:49,CUrl
2010 239 16:42:00,CNologon
2010 242 07:46:00,Blogon
2010 242 08:09:57,BSendEmail
2010 242 08:43:30,BUrl
2010 242 13:34:38,Clogon
2010 242 14:05:04,CUrl
2010 242 16:44:00,CNologon
2010 243 07:48:00,Blogon
2010 243 08:36:01,BUrl
2010 243 12:17:52,Clogon
2010 243 12:31:46,CUrl
2010 243 16:05:10,CSendEmail
2010 243 16:07:58,CUrl
2010 243 16:43:00,CNologon
2010 244 07:46:00,Blogon
2010 244 09:10:42,BUrl
2010 244 12:08:07,CUrl
2010 244 13:02:46,Clogon
2010 244 13:23:28,CUrl
2010 244 15:42:25,CSendEmail
2010 244 15:43:08,CUrl
2010 244 16:41:00,CNologon
2010 245 07:46:00,Blogon
2010 245 08:00:42,BUrl
2010 245 12:07:05,CUrl
2010 245 16:34:31,CSendEmail
2010 245 16:41:00,CNologon
2010 246 07:38:00,Blogon
2010 246 08:16:25,BUrl
2010 246 09:30:21,BSendEmail
2010 246 09:30:39,BUrl
2010 246 13:23:22,Clogon
2010 246 13:33:14,CUrl
2010 246 16:58:00,CNologon
2010 250 07:44:00,Blogon
2010 250 07:56:47,BUrl
2010 250 12:31:24,CUrl
2010 250 13:31:28,Clogon
2010 250 13:37:55,CNologon
2010 250 14:19:53,CUrl
2010 250 16:01:06,CSendEmail
2010 250 16:24:02,CUrl
2010 250 16:57:00,CNologon
2010 251 07:42:00,Blogon
2010 251 07:53:41,BUrl
2010 251 10:12:48,BSendEmail
2010 251 11:12:04,BUrl
2010 251 13:41:42,Clogon
2010 251 15:46:54,CUrl
2010 251 16:43:00,CNologon
2010 252 07:30:00,Blogon
2010 252 08:11:41,BUrl
2010 252 10:01:52,Blogon
2010 252 10:36:23,BSendEmail
2010 252 11:38:19,BUrl
2010 252 15:05:19,CUrl
2010 252 16:56:00,CNologon
2010 253 07:50:00,Blogon
2010 253 07:55:45,BUrl
2010 253 11:25:01,BSendEmail
2010 253 12:56:37,Clogon
2010 253 13:45:53,CUrl
2010 253 16:44:00,CNologon
2010 256 07:31:00,Blogon
2010 256 08:09:04,BUrl
2010 256 12:59:13,CUrl
2010 256 13:52:29,Clogon
2010 256 13:53:56,CNologon
2010 256 14:10:09,CUrl
2010 256 16:50:49,CSendEmail
2010 256 16:52:00,CNologon
2010 257 07:35:00,Blogon
2010 257 07:38:51,BUrl
2010 257 07:55:33,Blogon
2010 257 07:56:48,BNologon
2010 257 09:01:46,BUrl
2010 257 13:15:21,CUrl
2010 257 16:33:10,CSendEmail
2010 257 16:45:07,CUrl
2010 257 16:55:00,CNologon
2010 258 07:50:00,Blogon
2010 258 08:01:22,BUrl
2010 258 12:11:23,CUrl
2010 258 13:19:26,Clogon
2010 258 13:30:00,CUrl
2010 258 15:39:40,CSendEmail
2010 258 15:48:17,CUrl
2010 258 16:59:00,CNologon
2010 259 07:47:00,Blogon
2010 259 07:50:54,BUrl
2010 259 13:18:55,Clogon
2010 259 13:41:52,CUrl
2010 259 15:38:15,CSendEmail
2010 259 16:39:52,CUrl
2010 259 16:45:00,CNologon
2010 260 07:43:00,Blogon
2010 260 07:48:20,BSendEmail
2010 260 08:35:04,BUrl
2010 260 13:25:06,Clogon
2010 260 13:52:21,CUrl
2010 260 16:48:00,CNologon
2010 263 07:41:00,Blogon
2010 263 08:18:55,BUrl
2010 263 11:27:35,Blogon
2010 263 11:54:49,BUrl
2010 263 12:36:54,CUrl
2010 263 15:04:09,CSendEmail
2010 263 15:44:30,CUrl
2010 263 16:52:00,CNologon
2010 264 07:36:00,Blogon
2010 264 07:49:00,BUrl
2010 264 12:25:52,Clogon
2010 264 13:12:24,CUrl
2010 264 16:21:54,CSendEmail
2010 264 16:24:12,CUrl
2010 264 16:42:00,CNologon
2010 265 07:37:00,Blogon
2010 265 08:19:25,BUrl
2010 265 13:13:16,Clogon
2010 265 13:18:16,CUrl
2010 265 13:20:32,CSendEmail
2010 265 14:19:49,CUrl
2010 265 16:42:00,CNologon
2010 266 07:45:00,Blogon
2010 266 07:51:55,BUrl
2010 266 12:56:26,Clogon
2010 266 13:02:55,CUrl
2010 266 15:27:34,CSendEmail
2010 266 16:06:38,CUrl
2010 266 16:41:00,CNologon
2010 267 07:45:00,Blogon
2010 267 08:45:38,BUrl
2010 267 10:50:17,Blogon
2010 267 11:20:43,BUrl
2010 267 13:00:10,CSendEmail
2010 267 13:06:12,CUrl
2010 267 16:41:00,CNologon
2010 270 07:47:00,Blogon
2010 270 08:16:27,BUrl
2010 270 13:45:20,CUrl
2010 270 13:59:54,CSendEmail
2010 270 14:58:36,CUrl
2010 270 16:55:00,CNologon
2010 271 07:44:00,Blogon
2010 271 07:54:49,BUrl
2010 271 13:56:35,CUrl
2010 271 14:00:46,CSendEmail
2010 271 14:24:56,CUrl
2010 271 15:34:36,Clogon
2010 271 15:36:29,CNologon
2010 271 16:13:44,CUrl
2010 271 16:50:00,CNologon
2010 272 07:32:00,Blogon
2010 272 08:20:03,BUrl
2010 272 09:53:28,Blogon
2010 272 09:54:48,BNologon
2010 272 10:58:16,BUrl
2010 272 12:31:21,CSendEmail
2010 272 13:38:24,CUrl
2010 272 16:57:00,CNologon
2010 273 07:50:00,Blogon
2010 273 09:32:24,BUrl
2010 273 09:33:03,BSendEmail
2010 273 11:39:46,BUrl
2010 273 12:46:23,Clogon
2010 273 12:51:25,CUrl
2010 273 16:46:00,CNologon
2010 274 07:31:00,Blogon
2010 274 08:15:34,BUrl
2010 274 09:14:56,BSendEmail
2010 274 09:17:39,BUrl
2010 274 12:29:37,CUrl
2010 274 16:59:00,CNologon
2010 277 07:45:00,Blogon
2010 277 07:50:51,BUrl
2010 277 11:29:18,Blogon
2010 277 11:34:05,BUrl
2010 277 13:57:11,CUrl
2010 277 16:20:44,CSendEmail
2010 277 16:56:00,CNologon
2010 278 07:41:00,Blogon
2010 278 07:53:45,BUrl
2010 278 09:30:19,Blogon
2010 278 09:32:07,BNologon
2010 278 09:56:01,BUrl
2010 278 12:50:37,Clogon
2010 278 12:53:49,CUrl
2010 278 12:57:37,CSendEmail
2010 278 14:39:45,CUrl
2010 278 16:56:00,CNologon
2010 279 07:48:00,Blogon
2010 279 08:14:10,BSendEmail
2010 279 08:19:49,BUrl
2010 279 13:22:53,Clogon
2010 279 13:45:34,CUrl
2010 279 16:42:00,CNologon
2010 280 07:38:00,Blogon
2010 280 08:18:16,BUrl
2010 280 09:06:33,Blogon
2010 280 09:07:58,BNologon
2010 280 10:51:30,BSendEmail
2010 280 11:05:35,BUrl
2010 280 12:58:06,Clogon
2010 280 14:15:17,CUrl
2010 280 16:50:00,CNologon
2010 281 07:47:00,Blogon
2010 281 07:52:14,BUrl
2010 281 12:06:19,Clogon
2010 281 12:24:24,CUrl
2010 281 14:08:53,CSendEmail
2010 281 14:31:55,CUrl
2010 281 16:40:00,CNologon
2010 284 07:48:00,Blogon
2010 284 07:55:57,BUrl
2010 284 10:55:28,Blogon
2010 284 11:35:34,BUrl
2010 284 12:26:08,CUrl
2010 284 14:03:33,CSendEmail
2010 284 14:45:55,CUrl
2010 284 16:44:00,CNologon
2010 285 07:45:00,Blogon
2010 285 07:54:52,BUrl
2010 285 12:12:43,Clogon
2010 285 12:22:39,CUrl
2010 285 16:00:28,CSendEmail
2010 285 16:43:00,CNologon
2010 286 07:45:00,Blogon
2010 286 07:47:34,BUrl
2010 286 09:57:44,Blogon
2010 286 09:57:55,BUrl
2010 286 09:58:51,BNologon
2010 286 10:17:54,BUrl
2010 286 10:57:04,BSendEmail
2010 286 12:42:49,CUrl
2010 286 16:46:00,CNologon
2010 287 07:34:00,Blogon
2010 287 08:02:40,BUrl
2010 287 09:53:18,BSendEmail
2010 287 10:04:13,BUrl
2010 287 16:47:31,CUrl
2010 287 16:59:00,CNologon
2010 288 07:43:00,Blogon
2010 288 08:33:24,BUrl
2010 288 13:23:27,Clogon
2010 288 14:32:46,CUrl
2010 288 15:28:00,CSendEmail
2010 288 16:14:18,CUrl
2010 288 16:57:00,CNologon
2010 291 07:37:00,Blogon
2010 291 08:51:14,BUrl
2010 291 12:08:21,CUrl
2010 291 16:27:37,CSendEmail
2010 291 16:31:50,CUrl
2010 291 16:39:42,Clogon
2010 291 16:40:51,CNologon
2010 291 16:57:00,CNologon
2010 292 07:45:00,Blogon
2010 292 07:52:29,BUrl
2010 292 08:04:46,BSendEmail
2010 292 08:27:45,BUrl
2010 292 13:16:21,CUrl
2010 292 15:12:16,Clogon
2010 292 15:32:27,CNologon
2010 292 15:39:19,CUrl
2010 292 16:56:00,CNologon
2010 293 07:45:00,Blogon
2010 293 07:59:43,BUrl
2010 293 08:17:17,BSendEmail
2010 293 08:58:05,BUrl
2010 293 13:07:49,Clogon
2010 293 13:39:38,CUrl
2010 293 14:29:42,Clogon
2010 293 14:42:40,CNologon
2010 293 15:56:07,CUrl
2010 293 16:49:00,CNologon
2010 294 07:31:00,Blogon
2010 294 07:32:21,BUrl
2010 294 07:50:46,Blogon
2010 294 07:55:56,BNologon
2010 294 08:20:10,BUrl
2010 294 08:49:42,BSendEmail
2010 294 11:46:19,Blogon
2010 294 12:29:45,CUrl
2010 294 16:43:00,CNologon
2010 295 07:49:00,Blogon
2010 295 08:09:21,BUrl
2010 295 12:56:23,Clogon
2010 295 13:24:16,CUrl
2010 295 13:33:14,CSendEmail
2010 295 15:49:30,CUrl
2010 295 16:43:00,CNologon
2010 298 07:49:00,Blogon
2010 298 08:08:16,BUrl
2010 298 10:46:18,BSendEmail
2010 298 13:25:35,Clogon
2010 298 13:28:44,CUrl
2010 298 16:45:00,CNologon
2010 299 07:39:00,Blogon
2010 299 08:11:45,BSendEmail
2010 299 08:25:45,BUrl
2010 299 09:56:24,Blogon
2010 299 11:45:52,BUrl
2010 299 13:17:15,CUrl
2010 299 17:00:00,CNologon
2010 300 07:40:00,Blogon
2010 300 07:41:00,Blogon
2010 300 07:42:55,BNologon
2010 300 07:51:37,BUrl
2010 300 12:31:35,CUrl
2010 300 15:19:55,CSendEmail
2010 300 16:23:35,CUrl
2010 300 16:51:00,CNologon
2010 301 07:41:00,Blogon
2010 301 08:11:33,BUrl
2010 301 12:28:49,CUrl
2010 301 16:29:02,CSendEmail
2010 301 16:31:35,Clogon
2010 301 16:46:29,CNologon
2010 301 16:52:47,CUrl
2010 301 16:57:00,CNologon
2010 302 07:44:00,Blogon
2010 302 08:05:18,BUrl
2010 302 13:23:39,Clogon
2010 302 14:00:28,CUrl
2010 302 16:37:08,CSendEmail
2010 302 16:40:01,CUrl
2010 302 16:58:00,CNologon
2010 305 07:46:00,Blogon
2010 305 07:47:03,BUrl
2010 305 08:44:48,BSendEmail
2010 305 09:45:40,BUrl
2010 305 12:46:15,Clogon
2010 305 13:37:33,CUrl
2010 305 16:41:00,CNologon
2010 306 07:43:00,Blogon
2010 306 07:59:28,BUrl
2010 306 08:43:05,Blogon
2010 306 09:02:50,BNologon
2010 306 09:10:23,BUrl
2010 306 13:10:27,Clogon
2010 306 13:46:22,CUrl
2010 306 16:47:00,CNologon
2010 307 07:49:00,Blogon
2010 307 08:10:06,BUrl
2010 307 12:21:13,CUrl
2010 307 12:57:36,Clogon
2010 307 14:07:16,CUrl
2010 307 15:14:38,CSendEmail
2010 307 15:20:22,CUrl
2010 307 16:43:00,CNologon
2010 308 07:48:00,Blogon
2010 308 08:00:53,BUrl
2010 308 09:45:20,BSendEmail
2010 308 12:20:22,Clogon
2010 308 12:55:41,CUrl
2010 308 16:45:00,CNologon
2010 309 07:34:00,Blogon
2010 309 08:06:15,BUrl
2010 309 08:45:21,BSendEmail
2010 309 09:16:15,BUrl
2010 309 13:11:41,Clogon
2010 309 13:17:19,CUrl
2010 309 16:47:00,CNologon
2010 312 07:30:00,Blogon
2010 312 07:32:38,BUrl
2010 312 07:35:49,BSendEmail
2010 312 08:07:42,BUrl
2010 312 08:18:10,Blogon
2010 312 08:42:34,BNologon
2010 312 09:28:35,BUrl
2010 312 14:47:14,CUrl
2010 312 16:41:00,CNologon
2010 313 07:46:00,Blogon
2010 313 07:47:52,BSendEmail
2010 313 08:09:52,BUrl
2010 313 13:35:03,Clogon
2010 313 13:37:41,CUrl
2010 313 16:42:00,CNologon
2010 314 07:34:00,Blogon
2010 314 07:54:49,Blogon
2010 314 07:59:52,BNologon
2010 314 08:47:10,BUrl
2010 314 09:34:27,BSendEmail
2010 314 11:12:56,BUrl
2010 314 12:52:26,CUrl
2010 314 16:52:00,CNologon
2010 315 07:41:00,Blogon
2010 315 07:47:03,BUrl
2010 315 12:16:48,Clogon
2010 315 14:33:31,CUrl
2010 315 15:45:59,CSendEmail
2010 315 15:47:49,Clogon
2010 315 15:48:34,CUrl
2010 315 16:39:10,CNologon
2010 315 16:48:00,CNologon
2010 316 07:41:00,Blogon
2010 316 08:41:08,BUrl
2010 316 11:16:21,BSendEmail
2010 316 11:47:04,BUrl
2010 316 12:19:43,CUrl
2010 316 15:33:43,Clogon
2010 316 15:34:45,CNologon
2010 316 15:39:04,CUrl
2010 316 16:42:00,CNologon
2010 319 07:47:00,Blogon
2010 319 07:50:31,BUrl
2010 319 12:34:30,CUrl
2010 319 16:45:00,CNologon
2010 320 07:30:00,Blogon
2010 320 07:54:15,BUrl
2010 320 11:38:56,Blogon
2010 320 11:44:56,BUrl
2010 320 12:14:19,CSendEmail
2010 320 12:29:34,CUrl
2010 320 16:47:00,CNologon
2010 321 07:49:00,Blogon
2010 321 07:50:36,BUrl
2010 321 11:16:26,BSendEmail
2010 321 11:29:29,BUrl
2010 321 13:29:58,CUrl
2010 321 16:40:00,Clogon
2010 321 16:41:08,CNologon
2010 321 16:58:00,CNologon
2010 322 07:34:00,Blogon
2010 322 07:54:00,BUrl
2010 322 07:55:07,BSendEmail
2010 322 08:39:18,BUrl
2010 322 09:50:09,Blogon
2010 322 09:52:06,BUrl
2010 322 09:54:21,BNologon
2010 322 11:12:36,BUrl
2010 322 12:36:27,CUrl
2010 322 16:42:00,CNologon
2010 323 07:40:00,Blogon
2010 323 07:45:44,BUrl
2010 323 10:38:31,BSendEmail
2010 323 10:59:05,BUrl
2010 323 12:25:26,CUrl
2010 323 13:18:06,Clogon
2010 323 13:42:48,CUrl
2010 323 16:41:00,CNologon
2010 326 07:31:00,Blogon
2010 326 08:31:22,BUrl
2010 326 08:51:04,Blogon
2010 326 08:52:51,BUrl
2010 326 09:02:30,BNologon
2010 326 10:29:43,BUrl
2010 326 11:34:27,Blogon
2010 326 12:49:14,CUrl
2010 326 16:24:22,CSendEmail
2010 326 16:27:08,CUrl
2010 326 16:41:00,CNologon
2010 327 07:31:00,Blogon
2010 327 07:35:28,BUrl
2010 327 12:24:28,CUrl
2010 327 14:31:59,Clogon
2010 327 14:34:49,CSendEmail
2010 327 14:36:40,CNologon
2010 327 15:10:44,CUrl
2010 327 16:45:00,CNologon
2010 328 07:31:00,Blogon
2010 328 07:39:22,BUrl
2010 328 10:35:42,Blogon
2010 328 10:39:06,BUrl
2010 328 10:39:41,BNologon
2010 328 11:12:45,BUrl
2010 328 12:20:21,CSendEmail
2010 328 13:32:05,CUrl
2010 328 16:47:00,CNologon
2010 333 07:37:00,Blogon
2010 333 07:39:36,BSendEmail
2010 333 07:44:05,BUrl
2010 333 13:34:19,Clogon
2010 333 13:47:09,CUrl
2010 333 16:45:00,CNologon
2010 334 07:49:00,Blogon
2010 334 07:53:40,BSendEmail
2010 334 08:00:45,BUrl
2010 334 12:12:01,Clogon
2010 334 16:44:00,CNologon
2010 335 07:48:00,Blogon
2010 335 07:59:36,BUrl
2010 335 12:21:43,Clogon
2010 335 12:23:41,CUrl
2010 335 16:42:41,CSendEmail
2010 335 16:45:00,CNologon
2010 336 07:33:00,Blogon
2010 336 12:25:37,Clogon
2010 336 12:57:21,CSendEmail
2010 336 13:21:45,CUrl
2010 336 16:57:00,CNologon
2010 337 07:32:00,Blogon
2010 337 07:37:14,BUrl
2010 337 08:04:37,Blogon
2010 337 08:27:04,BUrl
2010 337 08:37:53,BNologon
2010 337 09:14:46,BUrl
2010 337 13:09:14,Clogon
2010 337 14:19:57,CSendEmail
2010 337 15:38:20,CUrl
2010 337 16:55:00,CNologon
2010 340 07:36:00,Blogon
2010 340 07:57:06,BUrl
2010 340 12:55:44,CUrl
2010 340 16:33:43,CSendEmail
2010 340 16:49:44,Clogon
2010 340 16:50:45,CNologon
2010 340 16:52:12,CUrl
2010 340 16:59:00,CNologon
2010 341 07:35:00,Blogon
2010 341 07:40:05,BUrl
2010 341 07:55:21,BSendEmail
2010 341 07:59:02,BUrl
2010 341 12:35:57,Clogon
2010 341 13:35:10,CUrl
2010 341 16:44:00,CNologon
2010 342 07:43:00,Blogon
2010 342 08:38:40,BUrl
2010 342 11:38:06,Blogon
2010 342 12:41:53,CUrl
2010 342 13:51:07,CSendEmail
2010 342 13:58:20,CUrl
2010 342 16:55:00,CNologon
2010 343 07:49:00,Blogon
2010 343 08:28:11,BUrl
2010 343 12:32:07,CSendEmail
2010 343 13:08:07,CUrl
2010 343 13:39:02,Clogon
2010 343 13:45:45,CNologon
2010 343 13:50:15,CUrl
2010 343 16:42:00,CNologon
2010 344 07:48:00,Blogon
2010 344 07:53:19,BUrl
2010 344 13:34:54,Clogon
2010 344 14:01:43,CUrl
2010 344 16:46:39,CSendEmail
2010 344 16:54:00,CNologon
2010 347 07:32:00,Blogon
2010 347 08:14:47,BUrl
2010 347 12:55:53,CSendEmail
2010 347 13:07:49,CUrl
2010 347 14:06:59,Clogon
2010 347 14:12:43,CNologon
2010 347 14:33:31,CUrl
2010 347 16:41:00,CNologon
2010 348 07:47:00,Blogon
2010 348 08:32:13,BUrl
2010 348 13:14:56,CUrl
2010 348 15:26:28,Clogon
2010 348 15:27:52,CNologon
2010 348 16:06:27,CSendEmail
2010 348 16:34:38,CUrl
2010 348 16:48:00,CNologon
2010 349 07:47:00,Blogon
2010 349 07:51:34,BUrl
2010 349 12:35:11,Clogon
2010 349 12:50:46,CUrl
2010 349 14:05:47,CSendEmail
2010 349 14:21:56,CUrl
2010 349 16:44:00,CNologon
2010 350 07:49:00,Blogon
2010 350 08:19:37,BUrl
2010 350 12:27:05,Clogon
2010 350 12:49:34,CUrl
2010 350 15:31:12,CSendEmail
2010 350 16:07:47,CUrl
2010 350 16:41:00,CNologon
2010 351 07:46:00,Blogon
2010 351 08:02:58,BUrl
2010 351 13:14:23,Clogon
2010 351 14:52:53,CSendEmail
2010 351 16:40:21,CUrl
2010 351 16:42:00,CNologon
2010 354 07:45:00,Blogon
2010 354 07:52:53,BUrl
2010 354 11:19:56,Blogon
2010 354 11:23:01,BNologon
2010 354 11:36:00,BUrl
2010 354 12:54:44,CUrl
2010 354 16:15:55,CSendEmail
2010 354 16:34:42,CUrl
2010 354 16:41:00,CNologon
2010 355 07:31:00,Blogon
2010 355 08:04:58,BUrl
2010 355 10:09:29,Blogon
2010 355 10:26:45,BUrl
2010 355 12:47:20,CUrl
2010 355 15:28:53,CSendEmail
2010 355 16:09:28,CUrl
2010 355 16:48:00,CNologon
2010 356 07:50:00,Blogon
2010 356 08:54:11,BSendEmail
2010 356 09:10:45,BUrl
2010 356 13:20:22,Clogon
2010 356 16:21:20,CUrl
2010 356 16:40:00,CNologon
2010 361 07:50:00,Blogon
2010 361 08:13:13,BUrl
2010 361 12:25:36,Clogon
2010 361 12:30:31,CSendEmail
2010 361 14:20:39,CUrl
2010 361 16:40:00,CNologon
2010 362 07:44:00,Blogon
2010 362 08:11:01,BUrl
2010 362 10:27:24,BSendEmail
2010 362 10:48:36,BUrl
2010 362 10:50:45,Blogon
2010 362 10:52:05,BNologon
2010 362 13:05:13,Clogon
2010 362 13:08:19,CUrl
2010 362 16:55:00,CNologon
2010 363 07:49:00,Blogon
2010 363 07:57:27,BUrl
2010 363 12:28:53,Clogon
2010 363 13:35:19,CUrl
2010 363 16:39:02,CSendEmail
2010 363 16:42:00,CNologon
2010 364 07:47:00,Blogon
2010 364 09:15:47,BSendEmail
2010 364 09:44:53,BUrl
2010 364 13:26:01,Clogon
2010 364 14:37:55,CUrl
2010 364 16:45:00,CNologon
2011 003 07:47:00,Blogon
2011 003 08:03:49,BSendEmail
2011 003 08:11:13,BUrl
2011 003 12:44:09,Clogon
2011 003 12:45:20,CNologon
2011 003 13:50:03,CUrl
2011 003 16:45:00,CNologon
2011 004 07:48:00,Blogon
2011 004 09:05:10,BUrl
2011 004 09:56:42,BSendEmail
2011 004 10:01:57,BUrl
2011 004 11:37:06,Blogon
2011 004 12:14:05,CUrl
2011 004 16:44:00,CNologon
2011 005 07:46:00,Blogon
2011 005 07:48:47,BUrl
2011 005 11:26:13,Blogon
2011 005 12:40:59,CUrl
2011 005 13:37:44,CSendEmail
2011 005 14:20:32,CUrl
2011 005 16:45:00,CNologon
2011 006 07:47:00,Blogon
2011 006 08:04:03,BUrl
2011 006 13:10:57,Clogon
2011 006 14:43:25,CUrl
2011 006 16:43:00,CNologon
2011 007 07:43:00,Blogon
2011 007 08:04:47,BUrl
2011 007 11:17:27,Blogon
2011 007 11:22:26,BUrl
2011 007 11:54:26,BSendEmail
2011 007 12:50:08,CUrl
2011 007 16:09:44,Clogon
2011 007 16:10:47,CNologon
2011 007 16:43:32,CUrl
2011 007 16:57:00,CNologon
2011 010 07:46:00,Blogon
2011 010 07:51:49,BUrl
2011 010 11:57:39,Blogon
2011 010 12:33:48,CUrl
2011 010 12:56:56,CSendEmail
2011 010 13:54:53,CUrl
2011 010 16:42:00,CNologon
2011 011 07:45:00,Blogon
2011 011 07:53:08,BUrl
2011 011 12:04:57,CUrl
2011 011 13:31:01,Clogon
2011 011 13:45:55,CUrl
2011 011 15:11:00,CSendEmail
2011 011 15:24:05,CUrl
2011 011 16:45:00,CNologon
2011 012 07:45:00,Blogon
2011 012 10:13:53,BUrl
2011 012 11:28:38,Blogon
2011 012 12:17:04,CUrl
2011 012 15:25:09,CSendEmail
2011 012 16:08:26,CUrl
2011 012 16:42:00,CNologon
2011 013 07:50:00,Blogon
2011 013 07:56:20,BUrl
2011 013 11:22:45,BSendEmail
2011 013 13:10:01,Clogon
2011 013 14:28:55,CUrl
2011 013 16:45:00,CNologon
2011 014 07:47:00,Blogon
2011 014 08:01:43,BUrl
2011 014 13:40:42,Clogon
2011 014 13:48:21,CUrl
2011 014 15:09:32,CSendEmail
2011 014 16:03:01,CUrl
2011 014 16:42:00,CNologon
2011 017 07:48:00,Blogon
2011 017 08:08:44,BUrl
2011 017 13:02:36,Clogon
2011 017 13:25:47,CUrl
2011 017 14:08:13,CSendEmail
2011 017 16:01:10,CUrl
2011 017 16:53:00,CNologon
2011 018 07:32:00,Blogon
2011 018 07:53:42,BUrl
2011 018 10:34:55,BSendEmail
2011 018 10:40:13,BUrl
2011 018 10:57:10,Blogon
2011 018 11:07:54,BUrl
2011 018 12:41:45,CUrl
2011 018 16:57:00,CNologon
2011 019 07:46:00,Blogon
2011 019 08:15:06,BUrl
2011 019 12:11:08,Clogon
2011 019 13:15:47,CUrl
2011 019 14:09:17,CSendEmail
2011 019 14:29:32,CUrl
2011 019 16:44:00,CNologon
2011 020 07:42:00,Blogon
2011 020 07:44:17,BUrl
2011 020 08:50:19,BSendEmail
2011 020 08:50:20,BUrl
2011 020 11:06:00,Blogon
2011 020 12:22:01,CUrl
2011 020 16:53:00,CNologon
2011 021 07:45:00,Blogon
2011 021 08:01:29,BUrl
2011 021 13:09:27,Clogon
2011 021 13:15:57,CUrl
2011 021 13:17:13,CSendEmail
2011 021 14:32:58,CUrl
2011 021 16:43:00,CNologon
2011 024 07:30:00,Blogon
2011 024 07:34:08,BUrl
2011 024 08:06:05,BSendEmail
2011 024 09:31:45,BUrl
2011 024 12:30:53,CUrl
2011 024 16:41:00,CNologon
2011 025 07:31:00,Blogon
2011 025 07:35:44,BUrl
2011 025 07:57:50,BSendEmail
2011 025 10:00:37,BUrl
2011 025 12:27:05,CUrl
2011 025 12:45:32,Clogon
2011 025 13:01:21,CNologon
2011 025 14:03:05,CUrl
2011 025 16:45:00,CNologon
2011 026 07:44:00,Blogon
2011 026 08:41:56,BUrl
2011 026 12:16:45,Clogon
2011 026 13:19:44,CUrl
2011 026 16:39:08,CSendEmail
2011 026 16:39:56,CUrl
2011 026 16:42:00,CNologon
2011 027 07:49:00,Blogon
2011 027 08:24:08,BUrl
2011 027 09:32:07,BSendEmail
2011 027 09:37:12,BUrl
2011 027 11:46:46,Blogon
2011 027 12:22:41,CUrl
2011 027 16:41:00,CNologon
2011 028 07:48:00,Blogon
2011 028 07:50:18,BUrl
2011 028 07:55:34,BSendEmail
2011 028 08:32:32,BUrl
2011 028 12:07:13,Clogon
2011 028 13:13:25,CUrl
2011 028 16:45:00,CNologon
2011 031 07:38:00,Blogon
2011 031 07:49:54,BUrl
2011 031 09:32:06,BSendEmail
2011 031 11:10:16,BUrl
2011 031 13:41:58,CUrl
2011 031 14:46:59,Clogon
2011 031 14:48:47,CNologon
2011 031 15:02:50,CUrl
2011 031 16:43:00,CNologon
2011 032 07:47:00,Blogon
2011 032 08:06:52,BUrl
2011 032 12:30:44,CUrl
2011 032 16:02:48,CSendEmail
2011 032 16:18:23,Clogon
2011 032 16:19:18,CUrl
2011 032 16:27:42,CNologon
2011 032 16:45:02,CUrl
2011 032 16:51:00,CNologon
2011 033 07:42:00,Blogon
2011 033 08:16:28,BUrl
2011 033 11:10:17,Blogon
2011 033 11:11:48,BUrl
2011 033 11:35:00,Blogon
2011 033 11:58:19,BNologon
2011 033 13:07:00,CUrl
2011 033 15:52:36,CSendEmail
2011 033 16:38:37,CUrl
2011 033 16:57:00,CNologon
2011 034 07:35:00,Blogon
2011 034 07:38:24,BUrl
2011 034 11:06:02,Blogon
2011 034 11:08:18,BSendEmail
2011 034 11:20:41,BUrl
2011 034 12:16:30,CUrl
2011 034 16:53:00,CNologon
2011 035 07:31:00,Blogon
2011 035 07:45:14,BSendEmail
2011 035 08:46:42,BUrl
2011 035 13:30:35,Clogon
2011 035 14:18:01,CUrl
2011 035 16:47:00,CNologon
2011 038 07:32:00,Blogon
2011 038 07:52:08,Blogon
2011 038 07:54:53,BNologon
2011 038 08:28:12,BSendEmail
2011 038 08:37:28,BUrl
2011 038 12:05:30,CUrl
2011 038 16:52:00,CNologon
2011 039 07:41:00,Blogon
2011 039 08:01:24,BUrl
2011 039 09:55:19,BSendEmail
2011 039 10:00:13,BUrl
2011 039 13:38:36,Clogon
2011 039 13:41:23,CUrl
2011 039 16:58:00,CNologon
2011 040 07:50:00,Blogon
2011 040 08:06:30,BSendEmail
2011 040 08:40:02,BUrl
2011 040 10:37:01,Blogon
2011 040 11:25:37,BUrl
2011 040 12:02:57,CUrl
2011 040 16:45:00,CNologon
2011 041 07:37:00,Blogon
2011 041 08:17:45,Blogon
2011 041 08:18:54,BNologon
2011 041 08:39:32,BUrl
2011 041 11:41:56,Blogon
2011 041 12:08:53,CUrl
2011 041 12:51:00,CSendEmail
2011 041 13:51:44,CUrl
2011 041 16:46:00,CNologon
2011 042 07:47:00,Blogon
2011 042 08:09:26,BSendEmail
2011 042 08:13:43,BUrl
2011 042 12:48:22,Clogon
2011 042 13:35:56,CUrl
2011 042 16:42:00,CNologon
2011 045 07:39:00,Blogon
2011 045 07:54:33,BUrl
2011 045 08:02:59,BSendEmail
2011 045 08:46:01,BUrl
2011 045 12:50:06,Clogon
2011 045 13:12:57,CUrl
2011 045 16:54:00,CNologon
2011 046 07:34:00,Blogon
2011 046 08:05:16,BUrl
2011 046 08:34:04,BSendEmail
2011 046 09:44:42,BUrl
2011 046 12:06:30,CUrl
2011 046 12:39:55,Clogon
2011 046 14:31:07,CUrl
2011 046 15:49:17,Clogon
2011 046 16:01:08,CNologon
2011 046 16:52:00,CNologon
2011 047 07:48:00,Blogon
2011 047 07:55:56,BUrl
2011 047 08:50:13,BSendEmail
2011 047 12:26:02,Clogon
2011 047 12:27:09,CUrl
2011 047 16:40:00,CNologon
2011 048 07:46:00,Blogon
2011 048 07:56:09,BUrl
2011 048 11:46:20,BSendEmail
2011 048 12:48:30,Clogon
2011 048 14:48:45,CUrl
2011 048 16:42:00,CNologon
2011 049 07:38:00,Blogon
2011 049 08:51:33,BUrl
2011 049 11:26:22,Blogon
2011 049 12:10:04,CUrl
2011 049 13:43:22,CSendEmail
2011 049 13:56:59,CUrl
2011 049 16:43:00,CNologon
2011 052 07:41:00,Blogon
2011 052 07:47:14,BUrl
2011 052 13:13:58,Clogon
2011 052 15:27:22,CSendEmail
2011 052 15:32:52,CUrl
2011 052 16:43:00,CNologon
2011 053 07:40:00,Blogon
2011 053 07:54:05,BSendEmail
2011 053 08:44:13,BUrl
2011 053 13:06:25,CUrl
2011 053 16:54:00,CNologon
2011 054 07:45:00,Blogon
2011 054 08:06:13,BUrl
2011 054 12:23:34,Clogon
2011 054 12:56:51,CUrl
2011 054 15:57:01,CSendEmail
2011 054 16:16:10,CUrl
2011 054 16:43:00,CNologon
2011 055 07:49:00,Blogon
2011 055 08:08:32,BUrl
2011 055 11:34:26,Blogon
2011 055 12:04:19,CUrl
2011 055 13:59:10,CSendEmail
2011 055 14:30:52,CUrl
2011 055 16:54:00,CNologon
2011 056 07:31:00,Blogon
2011 056 07:45:03,BUrl
2011 056 12:43:57,CSendEmail
2011 056 13:14:08,CUrl
2011 056 16:44:00,CNologon
2011 059 07:45:00,Blogon
2011 059 07:51:53,BUrl
2011 059 12:00:17,Clogon
2011 059 13:01:23,CUrl
2011 059 13:35:25,CSendEmail
2011 059 14:12:59,CUrl
2011 059 16:40:00,CNologon
2011 060 07:35:00,Blogon
2011 060 07:37:57,BUrl
2011 060 12:28:20,CSendEmail
2011 060 13:06:03,CUrl
2011 060 15:34:31,Clogon
2011 060 15:36:40,CNologon
2011 060 16:20:40,CUrl
2011 060 16:50:00,CNologon
2011 061 07:50:00,Blogon
2011 061 07:55:15,BUrl
2011 061 08:28:45,BSendEmail
2011 061 09:11:16,BUrl
2011 061 10:46:08,Blogon
2011 061 11:44:20,BUrl
2011 061 12:38:15,CUrl
2011 061 16:42:00,CNologon
2011 062 07:45:00,Blogon
2011 062 07:47:05,BUrl
2011 062 11:32:50,Blogon
2011 062 13:28:15,CUrl
2011 062 16:43:00,CNologon
2011 063 07:40:00,Blogon
2011 063 07:41:25,BUrl
2011 063 09:46:58,BSendEmail
2011 063 12:09:04,CUrl
2011 063 12:37:13,Clogon
2011 063 12:40:39,CUrl
2011 063 16:40:00,CNologon
2011 066 07:43:00,Blogon
2011 066 07:46:13,Blogon
2011 066 08:03:34,BNologon
2011 066 09:47:50,BUrl
2011 066 13:50:19,CSendEmail
2011 066 14:03:15,CUrl
2011 066 16:59:00,CNologon
2011 067 07:47:00,Blogon
2011 067 07:50:15,BUrl
2011 067 13:15:37,Clogon
2011 067 13:17:05,CSendEmail
2011 067 13:42:45,CUrl
2011 067 16:44:00,CNologon
2011 068 07:47:00,Blogon
2011 068 07:51:19,BUrl
2011 068 10:37:50,Blogon
2011 068 10:44:50,BUrl
2011 068 10:45:11,BSendEmail
2011 068 11:06:44,Blogon
2011 068 11:15:42,BUrl
2011 068 11:49:57,BNologon
2011 068 11:57:52,BUrl
2011 068 15:55:41,CUrl
2011 068 16:54:00,CNologon
2011 069 07:45:00,Blogon
2011 069 07:48:47,BSendEmail
2011 069 08:41:10,BUrl
2011 069 13:09:59,CUrl
2011 069 16:42:00,CNologon
2011 070 07:34:00,Blogon
2011 070 08:04:38,BUrl
2011 070 09:42:27,BSendEmail
2011 070 10:10:33,Blogon
2011 070 10:36:29,BUrl
2011 070 12:42:23,CUrl
2011 070 16:52:00,CNologon
2011 073 07:49:00,Blogon
2011 073 07:51:39,BUrl
2011 073 09:32:45,BSendEmail
2011 073 09:35:07,BUrl
2011 073 12:43:24,Clogon
2011 073 15:49:57,CUrl
2011 073 16:40:00,CNologon
2011 074 07:33:00,Blogon
2011 074 07:45:19,BUrl
2011 074 08:43:26,Blogon
2011 074 08:44:55,BUrl
2011 074 08:46:43,BNologon
2011 074 09:01:31,BUrl
2011 074 13:23:05,CSendEmail
2011 074 14:31:30,CUrl
2011 074 16:53:00,CNologon
2011 075 07:48:00,Blogon
2011 075 07:54:56,BUrl
2011 075 13:31:17,Clogon
2011 075 13:49:18,CUrl
2011 075 16:35:38,CSendEmail
2011 075 16:45:00,CNologon
2011 076 07:39:00,Blogon
2011 076 07:41:20,BUrl
2011 076 10:31:57,Blogon
2011 076 10:37:50,BNologon
2011 076 10:59:43,BUrl
2011 076 14:29:20,CUrl
2011 076 16:18:00,CSendEmail
2011 076 16:54:00,CNologon
2011 077 07:35:00,Blogon
2011 077 07:42:17,BUrl
2011 077 14:19:15,CSendEmail
2011 077 14:31:21,CUrl
2011 077 16:43:00,CNologon
2011 080 07:47:00,Blogon
2011 080 08:06:11,BUrl
2011 080 08:59:20,BSendEmail
2011 080 11:29:24,BUrl
2011 080 12:09:12,Clogon
2011 080 12:23:33,CUrl
2011 080 16:45:00,CNologon
2011 081 07:39:00,Blogon
2011 081 08:29:20,BUrl
2011 081 12:25:25,Clogon
2011 081 13:46:20,CUrl
2011 081 16:08:28,CSendEmail
2011 081 16:54:00,CNologon
2011 082 07:38:00,Blogon
2011 082 08:07:01,BUrl
2011 082 11:22:07,BSendEmail
2011 082 12:50:29,Clogon
2011 082 13:14:53,CUrl
2011 082 16:56:00,CNologon
2011 083 07:44:00,Blogon
2011 083 08:26:09,BUrl
2011 083 10:02:44,BSendEmail
2011 083 11:10:56,BUrl
2011 083 12:00:56,CUrl
2011 083 12:53:56,Clogon
2011 083 13:29:17,CUrl
2011 083 16:40:00,CNologon
2011 084 07:32:00,Blogon
2011 084 07:51:05,BUrl
2011 084 08:12:44,BSendEmail
2011 084 10:56:26,Blogon
2011 084 11:00:57,BUrl
2011 084 14:02:42,CUrl
2011 084 16:43:00,CNologon
2011 087 07:43:00,Blogon
2011 087 07:58:06,BUrl
2011 087 13:08:57,Clogon
2011 087 13:12:09,CSendEmail
2011 087 13:17:06,CUrl
2011 087 16:58:00,CNologon
2011 088 07:47:00,Blogon
2011 088 10:44:37,BUrl
2011 088 12:16:43,CUrl
2011 088 15:01:55,CSendEmail
2011 088 15:56:45,CUrl
2011 088 16:54:00,CNologon
2011 089 07:33:00,Blogon
2011 089 07:34:08,BSendEmail
2011 089 07:37:26,BUrl
2011 089 12:13:26,CUrl
2011 089 12:20:48,Clogon
2011 089 12:35:33,CNologon
2011 089 13:53:27,CUrl
2011 089 16:48:00,CNologon
2011 090 07:49:00,Blogon
2011 090 07:55:57,BUrl
2011 090 08:54:02,BSendEmail
2011 090 08:58:20,BUrl
2011 090 12:28:50,Clogon
2011 090 13:19:05,CUrl
2011 090 16:44:00,CNologon
2011 091 07:49:00,Blogon
2011 091 08:06:46,BUrl
2011 091 13:04:32,Clogon
2011 091 13:59:25,CUrl
2011 091 16:05:57,CSendEmail
2011 091 16:12:51,CUrl
2011 091 16:40:00,CNologon
2011 094 07:49:00,Blogon
2011 094 08:02:09,BUrl
2011 094 12:07:00,CUrl
2011 094 15:10:21,CSendEmail
2011 094 15:37:00,Clogon
2011 094 15:38:12,CNologon
2011 094 15:56:24,CUrl
2011 094 16:42:00,CNologon
2011 095 07:46:00,Blogon
2011 095 08:43:41,BUrl
2011 095 08:56:03,BSendEmail
2011 095 10:29:41,BUrl
2011 095 12:35:44,CUrl
2011 095 16:49:00,CNologon
2011 096 07:32:00,Blogon
2011 096 07:34:15,Blogon
2011 096 07:43:06,BNologon
2011 096 08:00:38,BUrl
2011 096 10:16:20,BSendEmail
2011 096 10:56:43,BUrl
2011 096 13:13:20,Clogon
2011 096 13:49:56,CUrl
2011 096 16:46:00,CNologon
2011 097 07:40:00,Blogon
2011 097 07:50:19,BUrl
2011 097 12:01:09,CUrl
2011 097 14:27:08,Clogon
2011 097 14:28:13,CNologon
2011 097 14:32:18,CUrl
2011 097 15:28:11,CSendEmail
2011 097 16:13:03,CUrl
2011 097 16:47:00,CNologon
2011 098 07:47:00,Blogon
2011 098 07:52:25,BUrl
2011 098 12:19:00,Clogon
2011 098 12:21:50,CUrl
2011 098 16:02:09,CSendEmail
2011 098 16:11:04,CUrl
2011 098 16:40:00,CNologon
2011 101 07:49:00,Blogon
2011 101 08:13:45,BUrl
2011 101 09:18:24,BSendEmail
2011 101 09:40:47,BUrl
2011 101 12:21:40,Clogon
2011 101 13:31:10,CUrl
2011 101 16:44:00,CNologon
2011 102 07:48:00,Blogon
2011 102 08:47:08,BUrl
2011 102 10:59:24,BSendEmail
2011 102 10:59:57,BUrl
2011 102 11:50:54,Blogon
2011 102 16:25:25,CUrl
2011 102 16:45:00,CNologon
2011 103 07:50:00,Blogon
2011 103 07:53:07,BUrl
2011 103 13:12:31,Clogon
2011 103 13:13:48,CUrl
2011 103 16:58:04,CSendEmail
2011 103 17:00:00,CNologon
2011 104 07:42:00,Blogon
2011 104 08:04:44,BUrl
2011 104 12:56:06,Clogon
2011 104 12:58:51,CUrl
2011 104 15:24:58,CSendEmail
2011 104 16:01:06,CUrl
2011 104 16:40:00,CNologon
2011 105 07:45:00,Blogon
2011 105 08:01:28,BUrl
2011 105 13:13:48,Clogon
2011 105 13:32:17,CUrl
2011 105 14:42:55,CSendEmail
2011 105 15:06:41,CUrl
2011 105 16:42:00,CNologon
2011 108 07:44:00,Blogon
2011 108 08:00:37,BUrl
2011 108 12:00:40,Clogon
2011 108 12:27:23,CUrl
2011 108 13:43:33,CSendEmail
2011 108 14:34:10,CUrl
2011 108 16:44:00,CNologon
2011 109 07:46:00,Blogon
2011 109 07:54:40,BUrl
2011 109 13:07:06,Clogon
2011 109 14:03:55,CUrl
2011 109 14:48:00,CSendEmail
2011 109 15:52:16,CUrl
2011 109 16:45:00,CNologon
2011 110 07:43:00,Blogon
2011 110 08:20:06,BUrl
2011 110 11:20:53,Blogon
2011 110 11:36:26,BSendEmail
2011 110 14:09:47,CUrl
2011 110 16:55:00,CNologon
2011 111 07:47:00,Blogon
2011 111 07:49:47,BUrl
2011 111 10:37:37,BSendEmail
2011 111 10:54:49,BUrl
2011 111 12:26:51,Clogon
2011 111 13:29:01,CUrl
2011 111 16:43:00,CNologon
2011 115 07:46:00,Blogon
2011 115 07:49:44,BUrl
2011 115 11:20:19,BSendEmail
2011 115 12:08:07,CUrl
2011 115 13:36:49,Clogon
2011 115 15:22:19,CUrl
2011 115 16:43:00,CNologon
2011 116 07:39:00,Blogon
2011 116 07:57:59,BUrl
2011 116 13:40:43,Clogon
2011 116 13:54:28,CUrl
2011 116 13:57:18,CNologon
2011 116 14:46:48,CUrl
2011 116 16:38:16,CSendEmail
2011 116 16:39:00,CUrl
2011 116 16:56:00,CNologon
2011 117 07:47:00,Blogon
2011 117 09:08:31,BUrl
2011 117 10:41:59,BSendEmail
2011 117 11:25:16,BUrl
2011 117 12:01:44,CUrl
2011 117 12:48:29,Clogon
2011 117 14:24:58,CUrl
2011 117 16:55:00,CNologon
2011 118 07:46:00,Blogon
2011 118 08:57:39,BUrl
2011 118 09:04:59,BSendEmail
2011 118 10:26:10,BUrl
2011 118 13:11:12,Clogon
2011 118 15:37:01,CUrl
2011 118 16:41:00,CNologon
2011 119 07:32:00,Blogon
2011 119 07:45:57,BUrl
2011 119 11:11:24,BSendEmail
2011 119 12:23:54,Clogon
2011 119 12:44:10,CUrl
2011 119 16:50:00,CNologon
2011 122 07:47:00,Blogon
2011 122 08:20:11,BUrl
2011 122 11:42:55,Blogon
2011 122 12:36:33,CUrl
2011 122 14:56:19,CSendEmail
2011 122 15:40:32,CUrl
2011 122 16:42:00,CNologon
2011 123 07:46:00,Blogon
2011 123 08:50:41,BUrl
2011 123 12:53:23,Clogon
2011 123 13:39:34,CUrl
2011 123 15:07:32,CSendEmail
2011 123 16:14:41,CUrl
2011 123 17:00:00,CNologon
2011 124 07:38:00,Blogon
2011 124 07:39:55,BUrl
2011 124 08:36:24,Blogon
2011 124 08:55:14,BNologon
2011 124 09:24:02,BUrl
2011 124 11:35:48,Blogon
2011 124 11:42:42,BSendEmail
2011 124 12:22:01,CUrl
2011 124 17:00:00,CNologon
2011 125 07:38:00,Blogon
2011 125 07:43:30,BUrl
2011 125 08:22:04,BSendEmail
2011 125 10:37:58,BUrl
2011 125 12:48:50,CUrl
2011 125 16:42:00,CNologon
2011 126 07:46:00,Blogon
2011 126 08:05:20,BUrl
2011 126 12:45:50,Clogon
2011 126 12:50:30,CUrl
2011 126 15:36:53,CSendEmail
2011 126 16:11:50,CUrl
2011 126 16:41:00,CNologon
2011 129 07:46:00,Blogon
2011 129 08:14:32,BUrl
2011 129 13:29:41,Clogon
2011 129 13:33:46,CUrl
2011 129 15:29:50,CSendEmail
2011 129 16:18:56,CUrl
2011 129 16:42:00,CNologon
2011 130 07:32:00,Blogon
2011 130 07:50:15,BUrl
2011 130 08:19:28,BSendEmail
2011 130 08:40:33,BUrl
2011 130 15:02:03,CUrl
2011 130 16:50:00,CNologon
2011 131 07:38:00,Blogon
2011 131 07:59:30,BUrl
2011 131 10:25:16,Blogon
2011 131 11:33:11,BUrl
2011 131 12:56:00,CUrl
2011 131 16:20:37,CSendEmail
2011 131 16:56:58,CUrl
2011 131 17:00:00,CNologon
2011 132 07:50:00,Blogon
2011 132 08:16:32,BUrl
2011 132 11:37:38,Blogon
2011 132 12:10:04,CUrl
2011 132 12:19:50,CSendEmail
2011 132 12:20:23,CUrl
2011 132 14:02:40,Clogon
2011 132 14:04:03,CNologon
2011 132 14:10:34,CUrl
2011 132 16:42:00,CNologon
2011 133 07:47:00,Blogon
2011 133 07:51:03,BSendEmail
2011 133 07:52:44,BUrl
2011 133 13:31:53,Clogon
2011 133 14:03:37,CUrl
2011 133 16:29:04,Clogon
2011 133 16:29:08,CUrl
2011 133 16:30:04,CNologon
2011 133 16:49:14,CUrl
2011 133 16:56:00,CNologon
2011 136 07:45:00,Blogon
2011 136 08:06:23,BUrl
2011 136 13:11:51,Clogon
2011 136 13:35:21,CSendEmail
2011 136 14:35:01,CUrl
2011 136 16:54:00,CNologon
