2010 004 07:00:00,Blogon
2010 004 07:02:53,BUrl
2010 004 07:42:44,BSendEmail
2010 004 07:51:45,BUrl
2010 004 12:14:11,CUrl
2010 004 15:19:31,CSendEmail
2010 004 15:21:23,CSendEmail
2010 004 15:51:35,CUrl
2010 004 18:06:08,DUrl
2010 004 18:23:00,DNologon
2010 005 07:15:00,Blogon
2010 005 07:27:19,BUrl
2010 005 08:48:51,BSendEmail
2010 005 09:29:13,BUrl
2010 005 12:00:59,CUrl
2010 005 17:35:13,CSendEmail
2010 005 17:35:19,CUrl
2010 005 17:35:34,CSendEmail
2010 005 17:38:59,CUrl
2010 005 18:07:15,DUrl
2010 005 18:09:00,DNologon
2010 006 07:22:00,Blogon
2010 006 07:29:03,BUrl
2010 006 09:41:08,BSendEmail
2010 006 09:43:34,BSendEmail
2010 006 09:48:57,BSendEmail
2010 006 09:58:51,BUrl
2010 006 12:11:49,CUrl
2010 006 18:02:14,DUrl
2010 006 18:04:00,DNologon
2010 007 07:23:00,Blogon
2010 007 07:33:05,BUrl
2010 007 13:11:15,CUrl
2010 007 16:14:42,CSendEmail
2010 007 16:29:34,CSendEmail
2010 007 16:41:12,CUrl
2010 007 16:44:47,CSendEmail
2010 007 17:11:10,CUrl
2010 007 18:04:00,DNologon
2010 008 07:01:00,Blogon
2010 008 07:15:09,BUrl
2010 008 09:39:12,BSendEmail
2010 008 10:25:52,BUrl
2010 008 10:58:37,BSendEmail
2010 008 11:10:10,BUrl
2010 008 13:05:28,CUrl
2010 008 16:53:08,CSendEmail
2010 008 17:14:15,CUrl
2010 008 18:10:40,DUrl
2010 008 18:23:00,DNologon
2010 011 07:11:00,Blogon
2010 011 07:15:44,BUrl
2010 011 08:23:46,BSendEmail
2010 011 08:40:17,BSendEmail
2010 011 08:53:48,BUrl
2010 011 12:37:08,CUrl
2010 011 17:25:35,CSendEmail
2010 011 17:58:49,CUrl
2010 011 18:10:06,DUrl
2010 011 18:19:00,DNologon
2010 012 07:04:00,Blogon
2010 012 08:17:55,BSendEmail
2010 012 08:35:40,BSendEmail
2010 012 08:54:56,BUrl
2010 012 09:56:19,BSendEmail
2010 012 10:15:52,BUrl
2010 012 12:39:58,CUrl
2010 012 18:01:55,DUrl
2010 012 18:20:00,DNologon
2010 013 07:18:00,Blogon
2010 013 07:38:55,BUrl
2010 013 09:14:58,BSendEmail
2010 013 09:15:57,BUrl
2010 013 09:16:01,BSendEmail
2010 013 09:22:32,BSendEmail
2010 013 09:30:33,BUrl
2010 013 12:46:14,CUrl
2010 013 18:13:00,DNologon
2010 014 07:12:00,Blogon
2010 014 07:22:23,BUrl
2010 014 08:51:13,BSendEmail
2010 014 09:31:31,BUrl
2010 014 11:37:02,BSendEmail
2010 014 11:38:25,BUrl
2010 014 11:38:59,BSendEmail
2010 014 11:48:11,BUrl
2010 014 12:01:57,CUrl
2010 014 18:02:42,DUrl
2010 014 18:25:00,DNologon
2010 015 07:20:00,Blogon
2010 015 07:25:08,BUrl
2010 015 12:12:48,CSendEmail
2010 015 12:46:23,CUrl
2010 015 13:01:13,CSendEmail
2010 015 13:25:33,CSendEmail
2010 015 14:00:56,CUrl
2010 015 18:12:00,DNologon
2010 018 07:16:00,Blogon
2010 018 07:20:41,BUrl
2010 018 12:34:15,CUrl
2010 018 13:56:00,CSendEmail
2010 018 13:58:06,CUrl
2010 018 14:47:58,CSendEmail
2010 018 14:49:59,CUrl
2010 018 18:05:19,DSendEmail
2010 018 18:11:26,DUrl
2010 018 18:15:00,DNologon
2010 019 07:05:00,Blogon
2010 019 07:11:57,BUrl
2010 019 09:11:02,BSendEmail
2010 019 09:16:03,BUrl
2010 019 09:17:22,BSendEmail
2010 019 09:19:01,BUrl
2010 019 09:20:37,BSendEmail
2010 019 09:26:45,BUrl
2010 019 13:22:39,CUrl
2010 019 18:00:14,DUrl
2010 019 18:29:00,DNologon
2010 020 07:09:00,Blogon
2010 020 07:30:53,BUrl
2010 020 09:36:23,BSendEmail
2010 020 09:40:00,BUrl
2010 020 09:43:40,BSendEmail
2010 020 09:49:38,BSendEmail
2010 020 10:13:06,BUrl
2010 020 12:08:28,CUrl
2010 020 18:04:21,DUrl
2010 020 18:24:00,DNologon
2010 021 07:21:00,Blogon
2010 021 07:24:03,BUrl
2010 021 07:26:26,BSendEmail
2010 021 07:28:31,BSendEmail
2010 021 07:40:40,BSendEmail
2010 021 07:44:49,BUrl
2010 021 12:13:43,CUrl
2010 021 18:06:45,DUrl
2010 021 18:11:00,DNologon
2010 022 07:00:00,Blogon
2010 022 07:25:18,BUrl
2010 022 12:00:18,CUrl
2010 022 16:33:20,CSendEmail
2010 022 17:05:08,CSendEmail
2010 022 17:17:38,CSendEmail
2010 022 17:46:09,CUrl
2010 022 18:03:59,DUrl
2010 022 18:20:00,DNologon
2010 025 07:00:00,Blogon
2010 025 07:02:36,BUrl
2010 025 08:39:04,BSendEmail
2010 025 08:43:06,BSendEmail
2010 025 08:46:45,BSendEmail
2010 025 08:50:01,BUrl
2010 025 12:03:50,CUrl
2010 025 18:14:37,DUrl
2010 025 18:16:00,DNologon
2010 026 07:24:00,Blogon
2010 026 07:29:29,BUrl
2010 026 10:53:08,BSendEmail
2010 026 11:18:53,BSendEmail
2010 026 11:37:21,BUrl
2010 026 12:11:50,CUrl
2010 026 13:54:36,CSendEmail
2010 026 14:02:32,CUrl
2010 026 18:06:10,DUrl
2010 026 18:09:00,DNologon
2010 027 07:13:00,Blogon
2010 027 07:20:02,BUrl
2010 027 11:56:14,BSendEmail
2010 027 12:04:56,CSendEmail
2010 027 12:56:12,CUrl
2010 027 17:03:15,CSendEmail
2010 027 17:06:54,CUrl
2010 027 18:15:09,DUrl
2010 027 18:25:00,DNologon
2010 028 07:17:00,Blogon
2010 028 07:19:40,BUrl
2010 028 13:24:38,CUrl
2010 028 14:59:10,CSendEmail
2010 028 15:15:58,CUrl
2010 028 15:23:18,CSendEmail
2010 028 15:33:19,CUrl
2010 028 15:54:10,CSendEmail
2010 028 16:06:03,CUrl
2010 028 18:02:31,DUrl
2010 028 18:14:00,DNologon
2010 029 07:22:00,Blogon
2010 029 07:33:11,BUrl
2010 029 12:03:33,CUrl
2010 029 15:06:20,CSendEmail
2010 029 15:28:09,CUrl
2010 029 15:46:42,CSendEmail
2010 029 15:47:45,CUrl
2010 029 15:56:03,CSendEmail
2010 029 15:57:30,CUrl
2010 029 18:09:00,DNologon
2010 032 07:05:00,Blogon
2010 032 07:47:27,BUrl
2010 032 10:29:12,BSendEmail
2010 032 10:40:29,BUrl
2010 032 10:53:55,BSendEmail
2010 032 11:34:13,BUrl
2010 032 12:04:35,CUrl
2010 032 16:52:52,CSendEmail
2010 032 17:04:08,CUrl
2010 032 18:09:31,DUrl
2010 032 18:16:00,DNologon
2010 033 07:24:00,Blogon
2010 033 07:25:44,BUrl
2010 033 08:24:53,BSendEmail
2010 033 09:09:44,BUrl
2010 033 12:59:09,CUrl
2010 033 17:20:10,CSendEmail
2010 033 17:20:21,CUrl
2010 033 17:21:19,CSendEmail
2010 033 17:27:48,CUrl
2010 033 18:11:32,DUrl
2010 033 18:13:00,DNologon
2010 034 07:26:00,Blogon
2010 034 07:27:49,BUrl
2010 034 08:46:47,BSendEmail
2010 034 09:05:03,BUrl
2010 034 12:05:26,CUrl
2010 034 15:10:39,CSendEmail
2010 034 16:37:04,CUrl
2010 034 17:04:49,CSendEmail
2010 034 17:13:08,CUrl
2010 034 18:07:00,DNologon
2010 035 07:25:00,Blogon
2010 035 07:30:25,BUrl
2010 035 12:12:56,CSendEmail
2010 035 12:22:45,CUrl
2010 035 12:59:25,CSendEmail
2010 035 13:18:48,CSendEmail
2010 035 13:50:05,CUrl
2010 035 18:00:45,DUrl
2010 035 18:03:00,DNologon
2010 036 07:25:00,Blogon
2010 036 07:30:25,BUrl
2010 036 10:33:38,BSendEmail
2010 036 10:48:46,BUrl
2010 036 12:28:06,CUrl
2010 036 13:15:31,CSendEmail
2010 036 13:16:06,CUrl
2010 036 15:42:02,CSendEmail
2010 036 16:12:04,CUrl
2010 036 18:14:52,DUrl
2010 036 18:17:00,DNologon
2010 039 07:18:00,Blogon
2010 039 07:19:52,BUrl
2010 039 12:02:40,CUrl
2010 039 15:30:55,CSendEmail
2010 039 15:56:33,CSendEmail
2010 039 16:01:31,CSendEmail
2010 039 16:26:22,CUrl
2010 039 18:02:11,DUrl
2010 039 18:08:00,DNologon
2010 040 07:21:00,Blogon
2010 040 07:37:53,BUrl
2010 040 08:17:16,BSendEmail
2010 040 08:46:08,BUrl
2010 040 08:51:14,BSendEmail
2010 040 08:58:20,BUrl
2010 040 12:04:55,CUrl
2010 040 17:26:12,CSendEmail
2010 040 17:41:41,CUrl
2010 040 18:05:00,DNologon
2010 041 07:21:00,Blogon
2010 041 07:22:27,BUrl
2010 041 07:28:27,BSendEmail
2010 041 07:31:26,BUrl
2010 041 10:02:45,BSendEmail
2010 041 10:03:55,BUrl
2010 041 12:49:23,CUrl
2010 041 15:29:39,CSendEmail
2010 041 15:33:06,CUrl
2010 041 18:06:00,DNologon
2010 042 07:15:00,Blogon
2010 042 07:19:41,BUrl
2010 042 07:24:46,BSendEmail
2010 042 07:25:04,BSendEmail
2010 042 07:42:20,BUrl
2010 042 12:11:17,CUrl
2010 042 17:38:53,CSendEmail
2010 042 17:52:03,CUrl
2010 042 18:08:44,DUrl
2010 042 18:19:00,DNologon
2010 043 07:22:00,Blogon
2010 043 07:32:40,BUrl
2010 043 10:04:32,BSendEmail
2010 043 10:08:30,BUrl
2010 043 11:56:16,BSendEmail
2010 043 11:59:00,BSendEmail
2010 043 12:44:33,CUrl
2010 043 18:03:00,DNologon
2010 046 07:11:00,Blogon
2010 046 07:20:52,BUrl
2010 046 12:13:14,CUrl
2010 046 12:56:02,CSendEmail
2010 046 12:56:49,CSendEmail
2010 046 12:57:49,CSendEmail
2010 046 13:36:42,CUrl
2010 046 18:03:36,DUrl
2010 046 18:16:00,DNologon
2010 047 07:18:00,Blogon
2010 047 07:37:27,BUrl
2010 047 12:11:42,CUrl
2010 047 16:10:48,CSendEmail
2010 047 16:13:11,CSendEmail
2010 047 16:14:24,CUrl
2010 047 18:01:33,DUrl
2010 047 18:03:46,DSendEmail
2010 047 18:06:24,DUrl
2010 047 18:08:00,DNologon
2010 048 07:13:00,Blogon
2010 048 08:17:56,BUrl
2010 048 13:53:13,CUrl
2010 048 18:03:58,DSendEmail
2010 048 18:15:10,DSendEmail
2010 048 18:15:22,DSendEmail
2010 048 18:18:00,DNologon
2010 049 07:25:00,Blogon
2010 049 07:35:04,BUrl
2010 049 12:05:33,CUrl
2010 049 13:26:48,CSendEmail
2010 049 13:38:25,CSendEmail
2010 049 13:44:17,CSendEmail
2010 049 15:19:26,CUrl
2010 049 18:07:00,DNologon
2010 050 07:07:00,Blogon
2010 050 07:08:57,BUrl
2010 050 12:01:09,CUrl
2010 050 17:34:49,CSendEmail
2010 050 17:37:44,CSendEmail
2010 050 17:42:18,CSendEmail
2010 050 17:43:07,CUrl
2010 050 18:18:00,DNologon
2010 053 07:06:00,Blogon
2010 053 07:15:21,BUrl
2010 053 09:10:08,BSendEmail
2010 053 09:21:37,BSendEmail
2010 053 09:28:57,BSendEmail
2010 053 09:37:44,BUrl
2010 053 12:14:54,CUrl
2010 053 18:16:51,DUrl
2010 053 18:21:00,DNologon
2010 054 07:01:00,Blogon
2010 054 07:15:50,BUrl
2010 054 12:36:43,CUrl
2010 054 13:01:31,CSendEmail
2010 054 13:08:16,CUrl
2010 054 13:33:33,CSendEmail
2010 054 13:38:47,CSendEmail
2010 054 13:52:31,CUrl
2010 054 18:06:00,DNologon
2010 055 07:17:00,Blogon
2010 055 07:18:31,BUrl
2010 055 09:18:05,BSendEmail
2010 055 09:25:59,BSendEmail
2010 055 09:28:29,BSendEmail
2010 055 09:51:52,BUrl
2010 055 12:04:59,CUrl
2010 055 18:10:00,DNologon
2010 056 07:17:00,Blogon
2010 056 07:24:34,BUrl
2010 056 11:25:16,BSendEmail
2010 056 11:46:18,BUrl
2010 056 12:05:10,CSendEmail
2010 056 12:19:04,CUrl
2010 056 15:52:49,CSendEmail
2010 056 16:18:50,CUrl
2010 056 18:08:00,DNologon
2010 057 07:04:00,Blogon
2010 057 07:33:37,BUrl
2010 057 11:07:30,BSendEmail
2010 057 11:12:19,BUrl
2010 057 12:00:00,CUrl
2010 057 12:02:28,CSendEmail
2010 057 12:04:07,CSendEmail
2010 057 12:23:02,CUrl
2010 057 18:06:10,DUrl
2010 057 18:21:00,DNologon
2010 060 07:04:00,Blogon
2010 060 07:08:09,BUrl
2010 060 12:03:58,CUrl
2010 060 13:38:27,CSendEmail
2010 060 13:48:40,CUrl
2010 060 15:19:55,CSendEmail
2010 060 16:01:49,CUrl
2010 060 16:44:07,CSendEmail
2010 060 17:47:57,CUrl
2010 060 18:21:00,DNologon
2010 061 07:22:00,Blogon
2010 061 07:27:34,BUrl
2010 061 12:27:15,CUrl
2010 061 12:47:16,CSendEmail
2010 061 12:55:19,CSendEmail
2010 061 13:08:24,CUrl
2010 061 16:56:40,CSendEmail
2010 061 17:14:34,CUrl
2010 061 18:10:00,DNologon
2010 062 07:26:00,Blogon
2010 062 07:31:42,BUrl
2010 062 08:15:43,BSendEmail
2010 062 08:22:38,BSendEmail
2010 062 08:29:58,BSendEmail
2010 062 09:07:42,BUrl
2010 062 13:04:47,CUrl
2010 062 18:12:57,DUrl
2010 062 18:26:00,DNologon
2010 063 07:26:00,Blogon
2010 063 07:38:23,BUrl
2010 063 11:23:05,BSendEmail
2010 063 11:38:25,BUrl
2010 063 12:33:24,CUrl
2010 063 15:06:30,CSendEmail
2010 063 15:11:19,CUrl
2010 063 17:45:56,CSendEmail
2010 063 18:05:09,DUrl
2010 063 18:23:00,DNologon
2010 064 07:17:00,Blogon
2010 064 07:31:05,BUrl
2010 064 12:09:08,CUrl
2010 064 14:47:10,CSendEmail
2010 064 14:50:47,CSendEmail
2010 064 14:54:34,CUrl
2010 064 14:59:08,CSendEmail
2010 064 15:03:10,CUrl
2010 064 18:08:00,DNologon
2010 067 07:19:00,Blogon
2010 067 07:53:18,BUrl
2010 067 11:02:21,BSendEmail
2010 067 11:16:31,BUrl
2010 067 12:28:34,CUrl
2010 067 16:59:35,CSendEmail
2010 067 17:15:00,CUrl
2010 067 17:56:11,CSendEmail
2010 067 17:57:27,CUrl
2010 067 18:15:00,DNologon
2010 068 07:14:00,Blogon
2010 068 07:32:12,BUrl
2010 068 11:53:02,BSendEmail
2010 068 12:13:57,CUrl
2010 068 13:51:59,CSendEmail
2010 068 13:53:08,CUrl
2010 068 14:14:38,CSendEmail
2010 068 14:23:37,CUrl
2010 068 18:08:21,DUrl
2010 068 18:16:00,DNologon
2010 069 07:05:00,Blogon
2010 069 07:13:47,BUrl
2010 069 12:18:08,CUrl
2010 069 15:17:23,CSendEmail
2010 069 15:57:03,CSendEmail
2010 069 16:20:41,CUrl
2010 069 16:25:44,CSendEmail
2010 069 17:14:14,CUrl
2010 069 18:17:00,DNologon
2010 070 07:14:00,Blogon
2010 070 07:17:06,BUrl
2010 070 08:28:49,BSendEmail
2010 070 08:30:42,BUrl
2010 070 08:59:36,BSendEmail
2010 070 09:03:15,BUrl
2010 070 12:05:07,CUrl
2010 070 14:13:01,CSendEmail
2010 070 14:31:21,CUrl
2010 070 18:00:17,DUrl
2010 070 18:17:00,DNologon
2010 071 07:13:00,Blogon
2010 071 07:37:59,BUrl
2010 071 12:17:43,CUrl
2010 071 16:16:07,CSendEmail
2010 071 16:19:38,CUrl
2010 071 16:30:33,CSendEmail
2010 071 16:37:35,CUrl
2010 071 17:52:01,CSendEmail
2010 071 18:12:35,DUrl
2010 071 18:18:00,DNologon
2010 074 07:09:00,Blogon
2010 074 07:19:09,BUrl
2010 074 09:07:20,BSendEmail
2010 074 09:08:27,BUrl
2010 074 12:45:50,CUrl
2010 074 15:17:31,CSendEmail
2010 074 15:23:30,CSendEmail
2010 074 16:04:39,CUrl
2010 074 18:01:08,DUrl
2010 074 18:20:00,DNologon
2010 075 07:05:00,Blogon
2010 075 07:16:27,BUrl
2010 075 07:29:01,BSendEmail
2010 075 08:00:30,BUrl
2010 075 11:52:59,BSendEmail
2010 075 11:56:51,BSendEmail
2010 075 12:38:08,CUrl
2010 075 18:09:38,DUrl
2010 075 18:30:00,DNologon
2010 076 07:10:00,Blogon
2010 076 07:15:16,BUrl
2010 076 08:22:59,BSendEmail
2010 076 08:30:53,BSendEmail
2010 076 08:30:58,BSendEmail
2010 076 08:50:18,BUrl
2010 076 13:33:29,CUrl
2010 076 18:09:05,DUrl
2010 076 18:18:00,DNologon
2010 077 07:07:00,Blogon
2010 077 07:53:54,BUrl
2010 077 11:18:58,BSendEmail
2010 077 11:18:59,BSendEmail
2010 077 11:56:39,BUrl
2010 077 12:09:15,CUrl
2010 077 18:15:00,DNologon
2010 078 07:21:00,Blogon
2010 078 07:31:41,BUrl
2010 078 12:17:32,CUrl
2010 078 12:37:55,CSendEmail
2010 078 12:51:25,CSendEmail
2010 078 13:17:58,CUrl
2010 078 15:47:07,CSendEmail
2010 078 18:05:01,DUrl
2010 078 18:15:00,DNologon
2010 081 07:04:00,Blogon
2010 081 08:59:02,BUrl
2010 081 12:38:20,CUrl
2010 081 14:49:36,CSendEmail
2010 081 15:00:44,CUrl
2010 081 15:08:28,CSendEmail
2010 081 15:41:38,CUrl
2010 081 17:13:39,CSendEmail
2010 081 17:14:45,CUrl
2010 081 18:20:00,DNologon
2010 082 07:17:00,Blogon
2010 082 07:30:31,BUrl
2010 082 13:15:29,CUrl
2010 082 13:44:27,CSendEmail
2010 082 13:52:51,CSendEmail
2010 082 14:07:25,CUrl
2010 082 14:12:43,CSendEmail
2010 082 14:15:08,CUrl
2010 082 18:06:35,DUrl
2010 082 18:17:00,DNologon
2010 083 07:15:00,Blogon
2010 083 07:26:40,BUrl
2010 083 12:54:33,CUrl
2010 083 13:28:59,CSendEmail
2010 083 13:35:07,CUrl
2010 083 13:46:13,CSendEmail
2010 083 14:09:40,CUrl
2010 083 16:44:34,CSendEmail
2010 083 16:58:18,CUrl
2010 083 18:18:27,DUrl
2010 083 18:30:00,DNologon
2010 084 07:19:00,Blogon
2010 084 07:40:57,BUrl
2010 084 13:01:23,CUrl
2010 084 14:53:18,CSendEmail
2010 084 14:58:50,CSendEmail
2010 084 15:03:21,CSendEmail
2010 084 16:05:15,CUrl
2010 084 18:03:52,DUrl
2010 084 18:10:00,DNologon
2010 085 07:14:00,Blogon
2010 085 07:19:01,BUrl
2010 085 11:01:15,BSendEmail
2010 085 11:01:32,BUrl
2010 085 12:18:03,CUrl
2010 085 14:48:41,CSendEmail
2010 085 14:58:37,CUrl
2010 085 15:00:22,CSendEmail
2010 085 15:45:02,CUrl
2010 085 18:09:17,DUrl
2010 085 18:19:00,DNologon
2010 088 07:11:00,Blogon
2010 088 07:34:54,BSendEmail
2010 088 07:48:17,BSendEmail
2010 088 07:52:32,BUrl
2010 088 08:22:30,BSendEmail
2010 088 08:24:23,BUrl
2010 088 12:07:04,CUrl
2010 088 18:04:06,DUrl
2010 088 18:18:00,DNologon
2010 089 07:06:00,Blogon
2010 089 07:08:17,BSendEmail
2010 089 07:08:50,BUrl
2010 089 07:11:23,BSendEmail
2010 089 07:14:33,BSendEmail
2010 089 07:21:27,BUrl
2010 089 12:10:31,CUrl
2010 089 18:05:07,DUrl
2010 089 18:13:00,DNologon
2010 090 07:02:00,Blogon
2010 090 07:04:35,BUrl
2010 090 12:05:06,CUrl
2010 090 13:51:21,CSendEmail
2010 090 13:54:05,CUrl
2010 090 14:46:59,CSendEmail
2010 090 14:51:44,CSendEmail
2010 090 15:28:01,CUrl
2010 090 18:05:00,DNologon
2010 091 07:01:00,Blogon
2010 091 07:07:20,BUrl
2010 091 12:49:11,CUrl
2010 091 12:58:23,CSendEmail
2010 091 13:34:06,CUrl
2010 091 17:06:16,CSendEmail
2010 091 17:07:42,CUrl
2010 091 17:52:05,CSendEmail
2010 091 18:12:29,DUrl
2010 091 18:17:00,DNologon
2010 095 07:09:00,Blogon
2010 095 08:01:28,BUrl
2010 095 12:21:19,CUrl
2010 095 16:55:42,CSendEmail
2010 095 17:03:25,CUrl
2010 095 17:34:53,CSendEmail
2010 095 17:35:21,CUrl
2010 095 17:37:01,CSendEmail
2010 095 17:58:16,CUrl
2010 095 18:03:23,DUrl
2010 095 18:22:00,DNologon
2010 096 07:12:00,Blogon
2010 096 07:16:23,BUrl
2010 096 10:17:03,BSendEmail
2010 096 11:11:07,BUrl
2010 096 12:13:23,CUrl
2010 096 13:20:56,CSendEmail
2010 096 13:22:35,CUrl
2010 096 13:37:54,CSendEmail
2010 096 13:54:12,CUrl
2010 096 18:21:00,DNologon
2010 097 07:05:00,Blogon
2010 097 07:27:27,BUrl
2010 097 10:52:01,BSendEmail
2010 097 10:52:02,BSendEmail
2010 097 11:25:48,BUrl
2010 097 12:07:07,CUrl
2010 097 18:06:07,DSendEmail
2010 097 18:07:31,DUrl
2010 097 18:27:00,DNologon
2010 098 07:23:00,Blogon
2010 098 07:24:41,BUrl
2010 098 11:42:32,BSendEmail
2010 098 11:42:59,BSendEmail
2010 098 11:45:54,BUrl
2010 098 11:49:05,BSendEmail
2010 098 12:54:10,CUrl
2010 098 18:06:00,DNologon
2010 099 07:08:00,Blogon
2010 099 07:37:42,BUrl
2010 099 09:30:42,BSendEmail
2010 099 09:51:43,BSendEmail
2010 099 09:54:03,BUrl
2010 099 11:44:59,BSendEmail
2010 099 11:57:57,BUrl
2010 099 12:14:08,CUrl
2010 099 18:07:00,DNologon
2010 102 07:07:00,Blogon
2010 102 07:20:01,BUrl
2010 102 12:11:12,CUrl
2010 102 17:25:39,CSendEmail
2010 102 17:35:35,CSendEmail
2010 102 17:50:14,CUrl
2010 102 18:02:00,DSendEmail
2010 102 18:11:57,DUrl
2010 102 18:29:00,DNologon
2010 103 07:23:00,Blogon
2010 103 07:45:34,BUrl
2010 103 09:23:34,BSendEmail
2010 103 09:32:27,BUrl
2010 103 09:40:40,BSendEmail
2010 103 10:31:10,BUrl
2010 103 12:31:00,CUrl
2010 103 17:34:47,CSendEmail
2010 103 17:43:13,CUrl
2010 103 18:12:46,DUrl
2010 103 18:15:00,DNologon
2010 104 07:07:00,Blogon
2010 104 08:29:15,BUrl
2010 104 11:48:38,BSendEmail
2010 104 12:31:29,CUrl
2010 104 13:34:33,CSendEmail
2010 104 13:44:01,CSendEmail
2010 104 14:11:48,CUrl
2010 104 18:02:20,DUrl
2010 104 18:18:00,DNologon
2010 105 07:18:00,Blogon
2010 105 07:48:43,BUrl
2010 105 13:02:58,CUrl
2010 105 14:36:58,CSendEmail
2010 105 14:37:26,CUrl
2010 105 16:16:10,CSendEmail
2010 105 16:17:43,CUrl
2010 105 18:10:15,DUrl
2010 105 18:15:00,DNologon
2010 106 07:09:00,Blogon
2010 106 07:12:56,BSendEmail
2010 106 07:41:42,BUrl
2010 106 11:28:57,BSendEmail
2010 106 11:31:32,BUrl
2010 106 12:29:14,CUrl
2010 106 18:06:17,DUrl
2010 106 18:22:51,DSendEmail
2010 106 18:24:44,DUrl
2010 106 18:29:00,DNologon
2010 109 07:12:00,Blogon
2010 109 07:31:33,BUrl
2010 109 12:44:46,CUrl
2010 109 17:17:26,CSendEmail
2010 109 17:23:01,CUrl
2010 109 17:36:08,CSendEmail
2010 109 17:41:59,CSendEmail
2010 109 17:59:31,CUrl
2010 109 18:30:00,DNologon
2010 110 07:16:00,Blogon
2010 110 07:57:07,BUrl
2010 110 10:28:10,BSendEmail
2010 110 10:30:34,BSendEmail
2010 110 11:13:43,BUrl
2010 110 12:20:00,CUrl
2010 110 17:27:30,CSendEmail
2010 110 17:33:12,CUrl
2010 110 18:06:58,DUrl
2010 110 18:08:00,DNologon
2010 111 07:21:00,Blogon
2010 111 07:45:48,BUrl
2010 111 11:39:34,BSendEmail
2010 111 12:09:41,CUrl
2010 111 15:49:03,CSendEmail
2010 111 15:53:36,CUrl
2010 111 16:05:41,CSendEmail
2010 111 16:14:22,CUrl
2010 111 18:23:00,DNologon
2010 112 07:17:00,Blogon
2010 112 07:19:20,BUrl
2010 112 07:39:04,BSendEmail
2010 112 08:05:00,BUrl
2010 112 12:16:09,CUrl
2010 112 13:02:07,CSendEmail
2010 112 13:05:04,CUrl
2010 112 15:07:57,CSendEmail
2010 112 16:16:43,CUrl
2010 112 18:09:20,DUrl
2010 112 18:22:00,DNologon
2010 113 07:21:00,Blogon
2010 113 07:44:20,BUrl
2010 113 12:02:14,CUrl
2010 113 12:41:01,CSendEmail
2010 113 12:47:35,CSendEmail
2010 113 12:50:05,CSendEmail
2010 113 13:02:34,CUrl
2010 113 18:04:00,DNologon
2010 116 07:26:00,Blogon
2010 116 08:21:57,BUrl
2010 116 12:10:58,CUrl
2010 116 14:20:00,CSendEmail
2010 116 14:20:33,CSendEmail
2010 116 14:21:52,CUrl
2010 116 16:45:42,CSendEmail
2010 116 17:04:49,CUrl
2010 116 18:04:31,DUrl
2010 116 18:15:00,DNologon
2010 117 07:08:00,Blogon
2010 117 07:26:24,BSendEmail
2010 117 07:32:32,BSendEmail
2010 117 07:37:33,BUrl
2010 117 07:43:31,BSendEmail
2010 117 07:51:59,BUrl
2010 117 12:02:38,CUrl
2010 117 18:13:07,DUrl
2010 117 18:18:00,DNologon
2010 118 07:25:00,Blogon
2010 118 07:29:03,BUrl
2010 118 07:29:53,BSendEmail
2010 118 07:32:14,BSendEmail
2010 118 07:55:57,BUrl
2010 118 12:35:14,CUrl
2010 118 16:41:46,CSendEmail
2010 118 16:47:32,CUrl
2010 118 18:07:00,DNologon
2010 119 07:15:00,Blogon
2010 119 08:54:50,BUrl
2010 119 10:05:07,BSendEmail
2010 119 10:18:44,BUrl
2010 119 14:00:02,CSendEmail
2010 119 14:00:41,CUrl
2010 119 14:02:45,CSendEmail
2010 119 16:13:45,CUrl
2010 119 18:12:00,DNologon
2010 120 07:10:00,Blogon
2010 120 07:20:00,BUrl
2010 120 12:14:33,CUrl
2010 120 12:41:25,CSendEmail
2010 120 12:43:31,CUrl
2010 120 12:44:01,CSendEmail
2010 120 12:46:16,CUrl
2010 120 12:48:16,CSendEmail
2010 120 13:00:10,CUrl
2010 120 18:23:00,DNologon
2010 123 07:23:00,Blogon
2010 123 07:24:16,BUrl
2010 123 12:17:32,CUrl
2010 123 15:39:56,CSendEmail
2010 123 16:06:57,CUrl
2010 123 17:01:21,CSendEmail
2010 123 17:22:53,CUrl
2010 123 17:48:13,CSendEmail
2010 123 17:57:28,CUrl
2010 123 18:03:00,DNologon
2010 124 07:19:00,Blogon
2010 124 07:58:29,BUrl
2010 124 07:58:30,BSendEmail
2010 124 08:11:57,BUrl
2010 124 09:03:21,BSendEmail
2010 124 09:03:46,BUrl
2010 124 12:43:04,CUrl
2010 124 15:26:26,CSendEmail
2010 124 15:31:04,CUrl
2010 124 18:05:00,DNologon
2010 125 07:23:00,Blogon
2010 125 07:47:57,BUrl
2010 125 11:46:50,BSendEmail
2010 125 11:57:35,BSendEmail
2010 125 11:59:49,BSendEmail
2010 125 12:09:35,CUrl
2010 125 18:04:00,DNologon
2010 126 07:27:00,Blogon
2010 126 07:37:09,BUrl
2010 126 09:47:33,BSendEmail
2010 126 10:04:30,BUrl
2010 126 12:22:33,CUrl
2010 126 17:17:50,CSendEmail
2010 126 17:18:17,CSendEmail
2010 126 17:31:52,CUrl
2010 126 18:07:20,DUrl
2010 126 18:15:00,DNologon
2010 127 07:24:00,Blogon
2010 127 07:39:31,BUrl
2010 127 09:09:33,BSendEmail
2010 127 09:19:28,BUrl
2010 127 09:22:28,BSendEmail
2010 127 09:27:08,BUrl
2010 127 09:31:04,BSendEmail
2010 127 09:50:06,BUrl
2010 127 13:02:30,CUrl
2010 127 18:13:39,DUrl
2010 127 18:26:00,DNologon
2010 130 07:25:00,Blogon
2010 130 07:48:48,BUrl
2010 130 13:33:06,CSendEmail
2010 130 13:33:48,CUrl
2010 130 13:34:28,CSendEmail
2010 130 13:38:59,CUrl
2010 130 17:21:55,CSendEmail
2010 130 17:23:36,CUrl
2010 130 18:03:56,DUrl
2010 130 18:26:00,DNologon
2010 131 07:09:00,Blogon
2010 131 07:16:15,BUrl
2010 131 12:27:39,CUrl
2010 131 14:41:04,CSendEmail
2010 131 14:48:18,CUrl
2010 131 14:53:15,CSendEmail
2010 131 16:51:50,CUrl
2010 131 18:16:24,DUrl
2010 131 18:18:59,DSendEmail
2010 131 18:20:00,DNologon
2010 132 07:26:00,Blogon
2010 132 08:39:44,BUrl
2010 132 12:03:52,CUrl
2010 132 13:08:17,CSendEmail
2010 132 13:14:15,CSendEmail
2010 132 13:14:51,CSendEmail
2010 132 13:18:34,CUrl
2010 132 18:17:00,DNologon
2010 133 07:07:00,Blogon
2010 133 07:11:09,BUrl
2010 133 12:30:01,CUrl
2010 133 18:11:22,DUrl
2010 133 18:13:10,DSendEmail
2010 133 18:13:18,DUrl
2010 133 18:15:18,DSendEmail
2010 133 18:15:48,DSendEmail
2010 133 18:20:00,DNologon
2010 134 07:04:00,Blogon
2010 134 07:10:53,BSendEmail
2010 134 07:15:03,BUrl
2010 134 10:51:37,BSendEmail
2010 134 10:52:25,BSendEmail
2010 134 10:52:33,BUrl
2010 134 12:23:19,CUrl
2010 134 18:08:24,DUrl
2010 134 18:19:00,DNologon
2010 137 07:26:00,Blogon
2010 137 07:36:36,BUrl
2010 137 07:49:18,BSendEmail
2010 137 07:49:59,BUrl
2010 137 08:58:43,BSendEmail
2010 137 08:59:13,BSendEmail
2010 137 09:13:49,BUrl
2010 137 12:58:18,CUrl
2010 137 18:06:03,DUrl
2010 137 18:30:00,DNologon
2010 138 07:02:00,Blogon
2010 138 07:32:16,BUrl
2010 138 11:08:43,BSendEmail
2010 138 11:16:08,BUrl
2010 138 11:22:04,BSendEmail
2010 138 11:55:08,BUrl
2010 138 12:15:49,CUrl
2010 138 18:07:00,DNologon
2010 139 07:07:00,Blogon
2010 139 07:12:17,BUrl
2010 139 12:01:25,CSendEmail
2010 139 12:35:32,CUrl
2010 139 14:37:16,CSendEmail
2010 139 15:24:38,CUrl
2010 139 16:29:15,CSendEmail
2010 139 16:38:57,CUrl
2010 139 18:30:00,DNologon
2010 140 07:27:00,Blogon
2010 140 07:28:57,BUrl
2010 140 10:02:45,BSendEmail
2010 140 10:04:10,BSendEmail
2010 140 10:10:15,BSendEmail
2010 140 10:38:01,BUrl
2010 140 12:02:14,CUrl
2010 140 18:03:18,DUrl
2010 140 18:17:00,DNologon
2010 141 07:03:00,Blogon
2010 141 07:20:16,BSendEmail
2010 141 07:49:14,BSendEmail
2010 141 08:03:44,BUrl
2010 141 08:57:28,BSendEmail
2010 141 09:10:25,BUrl
2010 141 12:08:49,CUrl
2010 141 18:18:41,DUrl
2010 141 18:28:00,DNologon
2010 144 07:10:00,Blogon
2010 144 07:47:27,BUrl
2010 144 08:17:12,BSendEmail
2010 144 08:18:45,BSendEmail
2010 144 08:26:11,BUrl
2010 144 09:47:31,BSendEmail
2010 144 10:04:50,BUrl
2010 144 13:54:23,CUrl
2010 144 18:26:00,DNologon
2010 145 07:21:00,Blogon
2010 145 07:36:37,BUrl
2010 145 12:03:24,CUrl
2010 145 14:45:49,CSendEmail
2010 145 14:47:25,CUrl
2010 145 14:58:08,CSendEmail
2010 145 14:59:34,CSendEmail
2010 145 15:13:21,CUrl
2010 145 18:11:43,DUrl
2010 145 18:15:00,DNologon
2010 146 07:20:00,Blogon
2010 146 07:22:37,BUrl
2010 146 10:06:26,BSendEmail
2010 146 10:16:25,BSendEmail
2010 146 10:18:51,BSendEmail
2010 146 11:08:36,BUrl
2010 146 12:05:14,CUrl
2010 146 18:03:00,DNologon
2010 147 07:03:00,Blogon
2010 147 07:20:21,BUrl
2010 147 10:31:23,BSendEmail
2010 147 10:48:45,BSendEmail
2010 147 11:05:43,BUrl
2010 147 12:02:19,CUrl
2010 147 16:10:51,CSendEmail
2010 147 16:43:19,CUrl
2010 147 18:14:01,DUrl
2010 147 18:28:00,DNologon
2010 148 07:12:00,Blogon
2010 148 08:05:44,BUrl
2010 148 12:33:25,CUrl
2010 148 15:48:12,CSendEmail
2010 148 15:48:36,CSendEmail
2010 148 15:51:55,CSendEmail
2010 148 15:53:24,CUrl
2010 148 18:18:15,DUrl
2010 148 18:26:00,DNologon
2010 152 07:08:00,Blogon
2010 152 07:28:40,BUrl
2010 152 09:06:38,BSendEmail
2010 152 09:10:16,BUrl
2010 152 09:49:52,BSendEmail
2010 152 10:50:38,BUrl
2010 152 12:27:18,CUrl
2010 152 14:33:01,CSendEmail
2010 152 14:38:08,CUrl
2010 152 18:01:30,DUrl
2010 152 18:05:00,DNologon
2010 153 07:03:00,Blogon
2010 153 07:22:42,BUrl
2010 153 12:25:43,CUrl
2010 153 13:48:43,CSendEmail
2010 153 13:50:56,CSendEmail
2010 153 13:51:31,CUrl
2010 153 13:52:28,CSendEmail
2010 153 13:52:45,CUrl
2010 153 18:23:00,DNologon
2010 154 07:01:00,Blogon
2010 154 07:04:52,BSendEmail
2010 154 07:05:16,BUrl
2010 154 10:27:11,BSendEmail
2010 154 10:49:35,BUrl
2010 154 12:49:31,CUrl
2010 154 18:11:07,DUrl
2010 154 18:18:13,DSendEmail
2010 154 18:24:00,DNologon
2010 155 07:11:00,Blogon
2010 155 07:15:45,BUrl
2010 155 09:46:12,BSendEmail
2010 155 09:49:33,BUrl
2010 155 09:52:01,BSendEmail
2010 155 10:01:52,BUrl
2010 155 12:23:27,CUrl
2010 155 18:02:27,DUrl
2010 155 18:18:00,DNologon
2010 158 07:04:00,Blogon
2010 158 07:05:26,BUrl
2010 158 08:24:31,BSendEmail
2010 158 08:52:39,BUrl
2010 158 12:00:22,CSendEmail
2010 158 12:00:23,CSendEmail
2010 158 12:42:12,CUrl
2010 158 18:13:12,DUrl
2010 158 18:17:00,DNologon
2010 159 07:18:00,Blogon
2010 159 07:26:18,BUrl
2010 159 12:24:52,CSendEmail
2010 159 12:34:44,CUrl
2010 159 13:00:26,CSendEmail
2010 159 13:01:15,CUrl
2010 159 16:16:13,CSendEmail
2010 159 16:36:27,CUrl
2010 159 18:04:11,DUrl
2010 159 18:10:00,DNologon
2010 160 07:04:00,Blogon
2010 160 08:45:23,BUrl
2010 160 09:46:00,BSendEmail
2010 160 09:50:57,BUrl
2010 160 09:52:50,BSendEmail
2010 160 09:54:08,BSendEmail
2010 160 10:04:22,BUrl
2010 160 12:26:50,CUrl
2010 160 18:15:00,DNologon
2010 161 07:13:00,Blogon
2010 161 07:18:30,BUrl
2010 161 09:17:52,BSendEmail
2010 161 09:40:40,BSendEmail
2010 161 09:46:02,BUrl
2010 161 09:53:43,BSendEmail
2010 161 10:24:02,BUrl
2010 161 12:02:09,CUrl
2010 161 18:22:00,DNologon
2010 162 07:01:00,Blogon
2010 162 07:05:33,BUrl
2010 162 07:09:42,BSendEmail
2010 162 07:22:56,BUrl
2010 162 12:11:06,CUrl
2010 162 14:35:39,CSendEmail
2010 162 14:46:34,CUrl
2010 162 16:37:18,CSendEmail
2010 162 16:47:45,CUrl
2010 162 18:07:00,DNologon
2010 165 07:23:00,Blogon
2010 165 07:27:03,BUrl
2010 165 11:50:23,BSendEmail
2010 165 11:59:37,BUrl
2010 165 12:08:15,CUrl
2010 165 12:27:38,CSendEmail
2010 165 12:49:48,CUrl
2010 165 14:36:06,CSendEmail
2010 165 14:40:43,CUrl
2010 165 18:19:00,DNologon
2010 166 07:15:00,Blogon
2010 166 07:41:16,BUrl
2010 166 08:06:39,BSendEmail
2010 166 08:06:55,BUrl
2010 166 08:09:20,BSendEmail
2010 166 08:24:37,BUrl
2010 166 13:08:41,CUrl
2010 166 14:43:06,CSendEmail
2010 166 15:23:26,CUrl
2010 166 18:03:00,DNologon
2010 167 07:15:00,Blogon
2010 167 07:51:46,BUrl
2010 167 13:00:32,CSendEmail
2010 167 13:05:05,CUrl
2010 167 13:29:34,CSendEmail
2010 167 13:31:03,CSendEmail
2010 167 13:34:18,CUrl
2010 167 18:13:00,DNologon
2010 168 07:23:00,Blogon
2010 168 07:26:06,BUrl
2010 168 12:33:25,CUrl
2010 168 16:29:06,CSendEmail
2010 168 16:36:00,CUrl
2010 168 16:39:32,CSendEmail
2010 168 16:40:50,CUrl
2010 168 17:57:51,CSendEmail
2010 168 18:12:00,DNologon
2010 169 07:23:00,Blogon
2010 169 07:28:56,BUrl
2010 169 12:02:30,CUrl
2010 169 14:48:37,CSendEmail
2010 169 14:50:49,CSendEmail
2010 169 14:53:53,CUrl
2010 169 14:57:52,CSendEmail
2010 169 15:03:43,CUrl
2010 169 18:04:00,DNologon
2010 172 07:07:00,Blogon
2010 172 08:14:04,BUrl
2010 172 08:57:22,BSendEmail
2010 172 08:59:31,BSendEmail
2010 172 09:28:55,BUrl
2010 172 13:11:43,CUrl
2010 172 15:20:46,CSendEmail
2010 172 15:28:30,CUrl
2010 172 18:13:23,DUrl
2010 172 18:21:00,DNologon
2010 173 07:04:00,Blogon
2010 173 07:08:42,BUrl
2010 173 12:00:22,CUrl
2010 173 12:35:59,CSendEmail
2010 173 13:13:36,CUrl
2010 173 14:26:32,CSendEmail
2010 173 14:42:12,CUrl
2010 173 15:29:29,CSendEmail
2010 173 15:39:02,CUrl
2010 173 18:12:44,DUrl
2010 173 18:18:00,DNologon
2010 174 07:15:00,Blogon
2010 174 07:19:06,BUrl
2010 174 11:07:43,BSendEmail
2010 174 11:07:46,BUrl
2010 174 11:39:53,BSendEmail
2010 174 11:44:58,BUrl
2010 174 12:26:07,CUrl
2010 174 17:19:19,CSendEmail
2010 174 17:27:17,CUrl
2010 174 18:29:00,DNologon
2010 175 07:04:00,Blogon
2010 175 07:05:34,BUrl
2010 175 07:05:35,BSendEmail
2010 175 07:06:48,BUrl
2010 175 08:44:00,BSendEmail
2010 175 09:12:27,BUrl
2010 175 12:53:46,CUrl
2010 175 18:11:52,DUrl
2010 175 18:23:00,DNologon
2010 176 07:14:00,Blogon
2010 176 07:27:34,BUrl
2010 176 12:23:48,CUrl
2010 176 15:15:52,CSendEmail
2010 176 15:17:43,CSendEmail
2010 176 15:18:21,CSendEmail
2010 176 16:07:43,CUrl
2010 176 18:19:06,DUrl
2010 176 18:29:00,DNologon
2010 179 07:11:00,Blogon
2010 179 09:26:59,BSendEmail
2010 179 09:43:45,BUrl
2010 179 12:03:26,CSendEmail
2010 179 12:10:13,CUrl
2010 179 13:48:38,CSendEmail
2010 179 18:26:00,DNologon
2010 180 07:16:00,Blogon
2010 180 07:21:01,BUrl
2010 180 08:15:16,BSendEmail
2010 180 08:21:17,BSendEmail
2010 180 08:46:54,BUrl
2010 180 12:18:55,CUrl
2010 180 13:51:14,CSendEmail
2010 180 13:55:59,CUrl
2010 180 18:14:00,DNologon
2010 181 07:19:00,Blogon
2010 181 07:21:26,BUrl
2010 181 12:33:55,CUrl
2010 181 13:24:36,CSendEmail
2010 181 13:39:13,CSendEmail
2010 181 14:09:46,CUrl
2010 181 17:18:21,CSendEmail
2010 181 17:53:50,CUrl
2010 181 18:05:51,DUrl
2010 181 18:11:00,DNologon
2010 182 07:13:00,Blogon
2010 182 07:21:43,BUrl
2010 182 12:47:48,CUrl
2010 182 16:04:37,CSendEmail
2010 182 16:05:24,CUrl
2010 182 16:21:42,CSendEmail
2010 182 16:27:21,CSendEmail
2010 182 16:38:09,CUrl
2010 182 18:03:25,DUrl
2010 182 18:15:00,DNologon
2010 183 07:00:00,Blogon
2010 183 07:19:56,BUrl
2010 183 12:08:15,CUrl
2010 183 18:18:45,DUrl
2010 183 18:22:00,DNologon
2010 187 07:15:00,Blogon
2010 187 07:16:12,BUrl
2010 187 11:51:26,BSendEmail
2010 187 12:07:04,CUrl
2010 187 12:13:19,CSendEmail
2010 187 12:39:54,CUrl
2010 187 15:55:05,CSendEmail
2010 187 15:57:36,CUrl
2010 187 18:08:53,DUrl
2010 187 18:15:00,DNologon
2010 188 07:17:00,Blogon
2010 188 07:19:11,BSendEmail
2010 188 07:28:35,BUrl
2010 188 08:08:06,BSendEmail
2010 188 08:26:55,BUrl
2010 188 09:33:57,BSendEmail
2010 188 10:36:31,BUrl
2010 188 12:19:27,CUrl
2010 188 18:03:07,DUrl
2010 188 18:07:00,DNologon
2010 189 07:16:00,Blogon
2010 189 07:26:48,BUrl
2010 189 11:44:30,BSendEmail
2010 189 11:53:51,BUrl
2010 189 12:11:14,CSendEmail
2010 189 15:15:11,CUrl
2010 189 16:29:41,CSendEmail
2010 189 16:59:28,CUrl
2010 189 18:04:00,DNologon
2010 190 07:15:00,Blogon
2010 190 08:07:50,BUrl
2010 190 13:40:24,CUrl
2010 190 13:41:32,CSendEmail
2010 190 13:42:24,CUrl
2010 190 13:45:55,CSendEmail
2010 190 13:47:18,CSendEmail
2010 190 14:33:56,CUrl
2010 190 18:14:00,DNologon
2010 193 07:22:00,Blogon
2010 193 07:32:12,BUrl
2010 193 12:12:30,CUrl
2010 193 13:18:16,CSendEmail
2010 193 13:25:11,CSendEmail
2010 193 13:38:49,CSendEmail
2010 193 13:44:55,CUrl
2010 193 18:08:00,DNologon
2010 194 07:16:00,Blogon
2010 194 07:52:41,BUrl
2010 194 12:13:32,CUrl
2010 194 14:42:20,CSendEmail
2010 194 14:46:43,CSendEmail
2010 194 14:46:45,CSendEmail
2010 194 14:46:53,CUrl
2010 194 18:06:00,DNologon
2010 195 07:26:00,Blogon
2010 195 08:12:06,BUrl
2010 195 11:39:56,BSendEmail
2010 195 11:50:10,BUrl
2010 195 12:01:16,CUrl
2010 195 12:35:15,CSendEmail
2010 195 12:48:53,CSendEmail
2010 195 12:55:52,CUrl
2010 195 18:03:27,DUrl
2010 195 18:11:00,DNologon
2010 196 07:25:00,Blogon
2010 196 07:37:11,BUrl
2010 196 12:00:35,CUrl
2010 196 12:17:13,CSendEmail
2010 196 12:17:53,CSendEmail
2010 196 12:20:20,CUrl
2010 196 14:37:23,CSendEmail
2010 196 14:49:37,CUrl
2010 196 18:10:00,DNologon
2010 197 07:26:00,Blogon
2010 197 07:38:09,BUrl
2010 197 12:41:52,CUrl
2010 197 15:39:25,CSendEmail
2010 197 15:39:49,CUrl
2010 197 16:56:43,CSendEmail
2010 197 17:01:45,CUrl
2010 197 17:20:49,CSendEmail
2010 197 17:59:19,CUrl
2010 197 18:08:00,DNologon
2010 200 07:25:00,Blogon
2010 200 07:31:43,BUrl
2010 200 10:02:03,BSendEmail
2010 200 10:02:33,BSendEmail
2010 200 10:03:37,BSendEmail
2010 200 11:30:59,BUrl
2010 200 12:40:33,CUrl
2010 200 18:09:00,DNologon
2010 201 07:13:00,Blogon
2010 201 07:16:49,BUrl
2010 201 10:21:26,BSendEmail
2010 201 10:30:49,BUrl
2010 201 10:46:56,BSendEmail
2010 201 10:59:56,BSendEmail
2010 201 11:02:18,BUrl
2010 201 12:08:15,CUrl
2010 201 18:09:00,DNologon
2010 202 07:24:00,Blogon
2010 202 08:21:04,BUrl
2010 202 10:28:33,BSendEmail
2010 202 10:28:48,BSendEmail
2010 202 10:29:48,BUrl
2010 202 11:40:55,BSendEmail
2010 202 12:32:43,CUrl
2010 202 18:04:09,DUrl
2010 202 18:11:00,DNologon
2010 203 07:01:00,Blogon
2010 203 07:03:41,BUrl
2010 203 12:46:44,CUrl
2010 203 16:46:39,CSendEmail
2010 203 17:13:55,CSendEmail
2010 203 17:17:53,CUrl
2010 203 17:38:20,CSendEmail
2010 203 17:48:00,CUrl
2010 203 18:11:43,DUrl
2010 203 18:25:00,DNologon
2010 204 07:24:00,Blogon
2010 204 07:26:29,BUrl
2010 204 10:06:20,BSendEmail
2010 204 10:10:23,BUrl
2010 204 12:24:18,CUrl
2010 204 13:58:15,CSendEmail
2010 204 14:49:34,CUrl
2010 204 15:39:15,CSendEmail
2010 204 17:02:40,CUrl
2010 204 18:00:17,DUrl
2010 204 18:11:00,DNologon
2010 207 07:20:00,Blogon
2010 207 16:35:38,CUrl
2010 207 16:43:47,CSendEmail
2010 207 16:44:47,CSendEmail
2010 207 18:25:00,DNologon
2010 208 07:26:00,Blogon
2010 208 07:47:15,BUrl
2010 208 10:43:45,BSendEmail
2010 208 11:01:11,BUrl
2010 208 12:01:22,CUrl
2010 208 12:52:23,CSendEmail
2010 208 12:56:19,CSendEmail
2010 208 13:23:38,CUrl
2010 208 18:04:00,DNologon
2010 209 07:22:00,Blogon
2010 209 07:24:05,BSendEmail
2010 209 07:33:08,BUrl
2010 209 12:01:35,CUrl
2010 209 12:02:25,CSendEmail
2010 209 12:05:45,CUrl
2010 209 12:53:18,CSendEmail
2010 209 13:42:56,CUrl
2010 209 18:15:00,DNologon
2010 210 07:05:00,Blogon
2010 210 07:41:18,BUrl
2010 210 12:11:21,CUrl
2010 210 16:38:15,CSendEmail
2010 210 16:41:11,CUrl
2010 210 17:03:10,CSendEmail
2010 210 17:47:50,CUrl
2010 210 18:17:00,DNologon
2010 211 07:18:00,Blogon
2010 211 07:20:06,BSendEmail
2010 211 07:26:27,BUrl
2010 211 12:01:04,CUrl
2010 211 17:33:25,CSendEmail
2010 211 17:38:43,CUrl
2010 211 17:47:13,CSendEmail
2010 211 17:50:22,CUrl
2010 211 18:06:00,DNologon
2010 214 07:15:00,Blogon
2010 214 07:17:14,BUrl
2010 214 12:13:18,CSendEmail
2010 214 12:27:04,CUrl
2010 214 16:20:09,CSendEmail
2010 214 16:22:02,CUrl
2010 214 16:22:50,CSendEmail
2010 214 16:24:14,CUrl
2010 214 18:04:01,DUrl
2010 214 18:20:00,DNologon
2010 215 07:23:00,Blogon
2010 215 07:51:33,BUrl
2010 215 09:39:33,BSendEmail
2010 215 10:05:48,BUrl
2010 215 12:32:10,CUrl
2010 215 17:46:18,CSendEmail
2010 215 17:49:15,CSendEmail
2010 215 18:03:12,DUrl
2010 215 18:06:00,DNologon
2010 216 07:07:00,Blogon
2010 216 07:40:47,BUrl
2010 216 09:01:05,BSendEmail
2010 216 09:29:46,BUrl
2010 216 12:50:13,CUrl
2010 216 14:32:49,CSendEmail
2010 216 14:33:29,CUrl
2010 216 14:38:43,CSendEmail
2010 216 15:04:10,CUrl
2010 216 18:05:27,DUrl
2010 216 18:23:00,DNologon
2010 217 07:19:00,Blogon
2010 217 07:24:15,BUrl
2010 217 12:35:54,CUrl
2010 217 13:36:22,CSendEmail
2010 217 13:50:20,CSendEmail
2010 217 15:15:18,CSendEmail
2010 217 15:30:16,CUrl
2010 217 18:05:05,DUrl
2010 217 18:14:00,DNologon
2010 218 07:15:00,Blogon
2010 218 07:40:14,BUrl
2010 218 12:05:25,CUrl
2010 218 15:06:08,CSendEmail
2010 218 15:28:58,CUrl
2010 218 17:56:32,CSendEmail
2010 218 18:01:40,DSendEmail
2010 218 18:04:00,DNologon
2010 221 07:27:00,Blogon
2010 221 07:28:32,BUrl
2010 221 13:04:35,CUrl
2010 221 16:55:19,CSendEmail
2010 221 16:59:24,CSendEmail
2010 221 16:59:44,CSendEmail
2010 221 17:08:46,CUrl
2010 221 18:04:00,DNologon
2010 222 07:19:00,Blogon
2010 222 07:20:31,BUrl
2010 222 12:12:32,CUrl
2010 222 13:14:35,CSendEmail
2010 222 14:01:37,CUrl
2010 222 17:05:46,CSendEmail
2010 222 17:06:06,CSendEmail
2010 222 17:23:17,CUrl
2010 222 18:08:00,DNologon
2010 223 07:19:00,Blogon
2010 223 07:40:12,BUrl
2010 223 12:24:46,CUrl
2010 223 14:19:04,CSendEmail
2010 223 14:26:28,CUrl
2010 223 14:28:09,CSendEmail
2010 223 14:31:47,CUrl
2010 223 15:31:49,CSendEmail
2010 223 15:52:59,CUrl
2010 223 18:14:35,DUrl
2010 223 18:21:00,DNologon
2010 224 07:06:00,Blogon
2010 224 07:09:27,BUrl
2010 224 10:39:08,BSendEmail
2010 224 10:40:10,BSendEmail
2010 224 10:46:12,BUrl
2010 224 12:54:54,CUrl
2010 224 13:34:08,CSendEmail
2010 224 13:36:45,CUrl
2010 224 18:00:21,DUrl
2010 224 18:26:00,DNologon
2010 225 07:15:00,Blogon
2010 225 07:54:22,BUrl
2010 225 12:00:09,CUrl
2010 225 13:05:38,CSendEmail
2010 225 13:11:19,CUrl
2010 225 14:42:26,CSendEmail
2010 225 14:48:16,CUrl
2010 225 15:02:10,CSendEmail
2010 225 15:57:55,CUrl
2010 225 18:11:00,DNologon
2010 228 07:19:00,Blogon
2010 228 07:24:48,BUrl
2010 228 08:16:30,BSendEmail
2010 228 09:00:16,BUrl
2010 228 09:26:36,BSendEmail
2010 228 09:43:53,BUrl
2010 228 12:22:18,CUrl
2010 228 16:19:24,CSendEmail
2010 228 16:36:58,CUrl
2010 228 18:12:00,DNologon
2010 229 07:25:00,Blogon
2010 229 08:18:32,BUrl
2010 229 13:52:23,CUrl
2010 229 16:31:13,CSendEmail
2010 229 16:33:47,CUrl
2010 229 16:59:35,CSendEmail
2010 229 17:19:17,CSendEmail
2010 229 18:04:00,DNologon
2010 230 07:04:00,Blogon
2010 230 07:09:08,BSendEmail
2010 230 07:45:46,BUrl
2010 230 13:17:25,CUrl
2010 230 16:31:09,CSendEmail
2010 230 16:59:13,CSendEmail
2010 230 17:10:39,CUrl
2010 230 18:01:19,DUrl
2010 230 18:28:00,DNologon
2010 231 07:06:00,Blogon
2010 231 07:08:19,BUrl
2010 231 10:40:44,BSendEmail
2010 231 11:08:15,BUrl
2010 231 12:37:50,CUrl
2010 231 17:56:34,CSendEmail
2010 231 17:56:54,CSendEmail
2010 231 18:12:15,DUrl
2010 231 18:16:00,DNologon
2010 232 07:16:00,Blogon
2010 232 07:17:03,BUrl
2010 232 07:26:42,BSendEmail
2010 232 07:41:54,BUrl
2010 232 12:29:50,CUrl
2010 232 15:37:10,CSendEmail
2010 232 15:37:12,CSendEmail
2010 232 15:53:00,CUrl
2010 232 18:01:51,DUrl
2010 232 18:06:00,DNologon
2010 235 07:13:00,Blogon
2010 235 07:57:28,BSendEmail
2010 235 08:01:44,BSendEmail
2010 235 08:06:04,BSendEmail
2010 235 08:15:38,BUrl
2010 235 14:04:49,CUrl
2010 235 18:30:00,DNologon
2010 236 07:23:00,Blogon
2010 236 07:36:08,BUrl
2010 236 08:49:48,BSendEmail
2010 236 09:34:07,BUrl
2010 236 12:10:10,CUrl
2010 236 15:11:58,CSendEmail
2010 236 15:15:14,CUrl
2010 236 15:20:23,CSendEmail
2010 236 15:26:33,CUrl
2010 236 18:01:17,DUrl
2010 236 18:03:00,DNologon
2010 237 07:26:00,Blogon
2010 237 07:30:34,BUrl
2010 237 07:57:02,BSendEmail
2010 237 08:03:33,BSendEmail
2010 237 08:07:21,BSendEmail
2010 237 08:07:40,BUrl
2010 237 12:22:19,CUrl
2010 237 18:09:00,DNologon
2010 238 07:25:00,Blogon
2010 238 07:30:17,BUrl
2010 238 08:00:08,BSendEmail
2010 238 08:19:21,BUrl
2010 238 12:03:29,CUrl
2010 238 15:01:16,CSendEmail
2010 238 15:04:33,CSendEmail
2010 238 15:20:47,CUrl
2010 238 18:06:00,DNologon
2010 239 07:25:00,Blogon
2010 239 07:49:11,BUrl
2010 239 12:10:57,CUrl
2010 239 12:45:59,CSendEmail
2010 239 13:16:10,CUrl
2010 239 16:21:41,CSendEmail
2010 239 16:44:27,CUrl
2010 239 18:04:35,DSendEmail
2010 239 18:06:00,DNologon
2010 242 07:27:00,Blogon
2010 242 07:32:58,BUrl
2010 242 12:19:15,CUrl
2010 242 16:15:02,CSendEmail
2010 242 16:24:55,CSendEmail
2010 242 16:24:57,CUrl
2010 242 17:46:29,CSendEmail
2010 242 17:54:36,CUrl
2010 242 18:08:00,DNologon
2010 243 07:27:00,Blogon
2010 243 07:40:38,BUrl
2010 243 10:27:38,BSendEmail
2010 243 10:53:43,BUrl
2010 243 11:17:49,BSendEmail
2010 243 11:54:16,BSendEmail
2010 243 13:00:01,CUrl
2010 243 18:03:00,DNologon
2010 244 07:22:00,Blogon
2010 244 07:30:12,BUrl
2010 244 12:24:37,CSendEmail
2010 244 12:30:24,CUrl
2010 244 17:20:12,CSendEmail
2010 244 17:26:02,CSendEmail
2010 244 17:27:50,CUrl
2010 244 18:06:00,DNologon
2010 245 07:12:00,Blogon
2010 245 07:25:00,BUrl
2010 245 10:30:51,BSendEmail
2010 245 10:31:48,BSendEmail
2010 245 10:32:44,BSendEmail
2010 245 11:05:11,BUrl
2010 245 12:10:11,CUrl
2010 245 18:01:51,DUrl
2010 245 18:04:00,DNologon
2010 246 07:10:00,Blogon
2010 246 07:16:27,BUrl
2010 246 11:10:04,BSendEmail
2010 246 11:12:05,BUrl
2010 246 12:32:14,CUrl
2010 246 17:51:10,CSendEmail
2010 246 17:51:22,CUrl
2010 246 17:58:37,CSendEmail
2010 246 18:07:00,DNologon
2010 250 07:09:00,Blogon
2010 250 07:44:49,BUrl
2010 250 12:16:54,CUrl
2010 250 17:09:14,CSendEmail
2010 250 17:09:26,CSendEmail
2010 250 17:15:08,CSendEmail
2010 250 17:16:15,CUrl
2010 250 18:25:00,DNologon
2010 251 07:24:00,Blogon
2010 251 07:30:54,BUrl
2010 251 07:45:34,BSendEmail
2010 251 07:48:46,BUrl
2010 251 08:04:05,BSendEmail
2010 251 08:21:37,BUrl
2010 251 12:14:44,CUrl
2010 251 17:55:25,CSendEmail
2010 251 18:00:19,DUrl
2010 251 18:15:00,DNologon
2010 252 07:15:00,Blogon
2010 252 07:21:59,BUrl
2010 252 07:40:36,BSendEmail
2010 252 07:48:51,BUrl
2010 252 12:03:35,CUrl
2010 252 16:20:02,CSendEmail
2010 252 16:20:53,CSendEmail
2010 252 17:06:18,CUrl
2010 252 18:20:20,DUrl
2010 252 18:22:00,DNologon
2010 253 07:26:00,Blogon
2010 253 07:50:47,BSendEmail
2010 253 08:05:42,BUrl
2010 253 12:50:35,CUrl
2010 253 14:14:21,CSendEmail
2010 253 14:26:24,CUrl
2010 253 14:53:14,CSendEmail
2010 253 15:26:15,CUrl
2010 253 18:11:00,DNologon
2010 256 07:02:00,Blogon
2010 256 07:08:44,BUrl
2010 256 12:02:44,CSendEmail
2010 256 12:03:28,CUrl
2010 256 12:04:00,CSendEmail
2010 256 12:04:21,CSendEmail
2010 256 13:12:23,CUrl
2010 256 18:21:17,DUrl
2010 256 18:24:00,DNologon
2010 257 07:10:00,Blogon
2010 257 07:59:42,BUrl
2010 257 10:19:48,BSendEmail
2010 257 10:24:54,BUrl
2010 257 13:11:38,CUrl
2010 257 18:10:15,DUrl
2010 257 18:29:00,DNologon
2010 258 07:00:00,Blogon
2010 258 07:10:12,BUrl
2010 258 10:03:53,BSendEmail
2010 258 10:04:26,BUrl
2010 258 10:45:27,BSendEmail
2010 258 10:55:48,BUrl
2010 258 12:14:00,CUrl
2010 258 16:45:49,CSendEmail
2010 258 16:54:47,CUrl
2010 258 18:06:00,DNologon
2010 259 07:09:00,Blogon
2010 259 07:17:15,BUrl
2010 259 10:17:13,BSendEmail
2010 259 10:35:07,BUrl
2010 259 13:25:01,CUrl
2010 259 14:47:16,CSendEmail
2010 259 14:51:14,CUrl
2010 259 14:52:49,CSendEmail
2010 259 14:56:22,CUrl
2010 259 18:05:00,DNologon
2010 260 07:23:00,Blogon
2010 260 07:38:24,BUrl
2010 260 11:10:55,BSendEmail
2010 260 11:22:26,BSendEmail
2010 260 11:51:09,BUrl
2010 260 12:08:59,CUrl
2010 260 16:54:08,CSendEmail
2010 260 17:45:25,CUrl
2010 260 18:07:30,DUrl
2010 260 18:16:00,DNologon
2010 263 07:12:00,Blogon
2010 263 07:26:58,BUrl
2010 263 07:29:27,BSendEmail
2010 263 07:32:47,BUrl
2010 263 09:12:06,BSendEmail
2010 263 10:29:19,BUrl
2010 263 11:27:50,BSendEmail
2010 263 12:53:59,CUrl
2010 263 18:00:40,DUrl
2010 263 18:16:00,DNologon
2010 264 07:01:00,Blogon
2010 264 07:07:27,BUrl
2010 264 12:01:31,CUrl
2010 264 14:52:10,CSendEmail
2010 264 14:59:19,CSendEmail
2010 264 15:02:27,CSendEmail
2010 264 15:22:21,CUrl
2010 264 18:08:40,DUrl
2010 264 18:29:00,DNologon
2010 265 07:27:00,Blogon
2010 265 07:44:06,BUrl
2010 265 10:24:31,BSendEmail
2010 265 11:27:19,BSendEmail
2010 265 11:32:49,BUrl
2010 265 13:32:34,CUrl
2010 265 15:48:54,CSendEmail
2010 265 16:09:43,CUrl
2010 265 18:25:00,DNologon
2010 266 07:25:00,Blogon
2010 266 07:29:20,BUrl
2010 266 07:45:15,BSendEmail
2010 266 08:00:04,BUrl
2010 266 12:17:41,CUrl
2010 266 13:35:10,CSendEmail
2010 266 14:05:51,CUrl
2010 266 14:29:34,CSendEmail
2010 266 14:37:03,CUrl
2010 266 18:03:00,DNologon
2010 267 07:27:00,Blogon
2010 267 07:49:00,BUrl
2010 267 12:09:35,CUrl
2010 267 16:15:14,CSendEmail
2010 267 16:20:22,CSendEmail
2010 267 16:24:57,CUrl
2010 267 16:28:40,CSendEmail
2010 267 17:08:41,CUrl
2010 267 18:09:41,DUrl
2010 267 18:12:00,DNologon
2010 270 07:11:00,Blogon
2010 270 07:23:20,BUrl
2010 270 12:29:38,CUrl
2010 270 14:51:46,CSendEmail
2010 270 14:52:20,CSendEmail
2010 270 14:52:23,CSendEmail
2010 270 15:03:10,CUrl
2010 270 18:00:55,DUrl
2010 270 18:03:00,DNologon
2010 271 07:10:00,Blogon
2010 271 07:11:53,BUrl
2010 271 07:12:51,BSendEmail
2010 271 07:20:37,BUrl
2010 271 07:21:18,BSendEmail
2010 271 08:13:09,BUrl
2010 271 12:20:48,CSendEmail
2010 271 12:52:23,CUrl
2010 271 18:17:54,DUrl
2010 271 18:23:00,DNologon
2010 272 07:14:00,Blogon
2010 272 08:25:13,BUrl
2010 272 10:40:53,BSendEmail
2010 272 10:51:15,BUrl
2010 272 11:56:44,BSendEmail
2010 272 11:57:24,BUrl
2010 272 12:03:35,CUrl
2010 272 14:01:19,CSendEmail
2010 272 14:50:29,CUrl
2010 272 18:26:00,DNologon
2010 273 07:02:00,Blogon
2010 273 07:03:00,BUrl
2010 273 09:46:11,BSendEmail
2010 273 10:19:17,BUrl
2010 273 12:20:59,CUrl
2010 273 18:24:05,DSendEmail
2010 273 18:24:16,DSendEmail
2010 273 18:26:00,DNologon
2010 274 07:10:00,Blogon
2010 274 07:23:57,BUrl
2010 274 09:49:58,BSendEmail
2010 274 09:58:02,BUrl
2010 274 12:23:52,CUrl
2010 274 18:00:05,DUrl
2010 274 18:15:03,DSendEmail
2010 274 18:18:45,DSendEmail
2010 274 18:28:00,DNologon
2010 277 07:04:00,Blogon
2010 277 07:08:23,BUrl
2010 277 09:15:42,BSendEmail
2010 277 10:05:10,BUrl
2010 277 11:02:55,BSendEmail
2010 277 11:05:34,BUrl
2010 277 12:38:51,CSendEmail
2010 277 13:22:33,CUrl
2010 277 18:10:00,DNologon
2010 278 07:08:00,Blogon
2010 278 07:11:08,BUrl
2010 278 12:18:27,CUrl
2010 278 15:53:57,CSendEmail
2010 278 16:08:02,CUrl
2010 278 17:24:47,CSendEmail
2010 278 18:17:30,DUrl
2010 278 18:20:45,DSendEmail
2010 278 18:24:06,DUrl
2010 278 18:29:00,DNologon
2010 279 07:22:00,Blogon
2010 279 07:47:08,BUrl
2010 279 12:07:37,CUrl
2010 279 13:45:01,CSendEmail
2010 279 13:48:01,CSendEmail
2010 279 13:49:09,CSendEmail
2010 279 13:55:37,CUrl
2010 279 18:01:10,DUrl
2010 279 18:05:00,DNologon
2010 280 07:12:00,Blogon
2010 280 07:43:27,BUrl
2010 280 12:29:21,CUrl
2010 280 17:28:03,CSendEmail
2010 280 17:42:49,CUrl
2010 280 17:46:59,CSendEmail
2010 280 17:54:24,CUrl
2010 280 18:04:01,DUrl
2010 280 18:06:21,DSendEmail
2010 280 18:16:34,DUrl
2010 280 18:29:00,DNologon
2010 281 07:26:00,Blogon
2010 281 07:27:09,BUrl
2010 281 12:10:23,CUrl
2010 281 14:48:05,CSendEmail
2010 281 14:48:47,CSendEmail
2010 281 14:57:25,CSendEmail
2010 281 15:22:47,CUrl
2010 281 18:04:00,DNologon
2010 284 07:24:00,Blogon
2010 284 07:28:18,BUrl
2010 284 12:14:28,CUrl
2010 284 14:03:47,CSendEmail
2010 284 14:06:40,CUrl
2010 284 14:08:38,CSendEmail
2010 284 14:12:36,CSendEmail
2010 284 15:08:22,CUrl
2010 284 18:03:31,DUrl
2010 284 18:10:00,DNologon
2010 285 07:20:00,Blogon
2010 285 07:26:41,BUrl
2010 285 12:16:36,CUrl
2010 285 18:03:44,DUrl
2010 285 18:03:54,DSendEmail
2010 285 18:13:00,DNologon
2010 286 07:17:00,Blogon
2010 286 07:19:41,BUrl
2010 286 07:53:38,BSendEmail
2010 286 08:02:53,BUrl
2010 286 10:43:04,BSendEmail
2010 286 10:44:47,BUrl
2010 286 12:07:28,CUrl
2010 286 14:19:38,CSendEmail
2010 286 14:23:52,CUrl
2010 286 18:00:10,DUrl
2010 286 18:17:00,DNologon
2010 287 07:15:00,Blogon
2010 287 07:27:03,BUrl
2010 287 10:20:22,BSendEmail
2010 287 10:20:41,BSendEmail
2010 287 10:22:21,BSendEmail
2010 287 10:31:02,BUrl
2010 287 13:10:00,CUrl
2010 287 18:02:24,DUrl
2010 287 18:17:00,DNologon
2010 288 07:17:00,Blogon
2010 288 07:28:28,BUrl
2010 288 12:06:14,CUrl
2010 288 17:24:48,CSendEmail
2010 288 17:31:18,CSendEmail
2010 288 17:36:25,CUrl
2010 288 17:49:33,CSendEmail
2010 288 18:06:00,DNologon
2010 291 07:03:00,Blogon
2010 291 07:09:58,BUrl
2010 291 11:53:39,BSendEmail
2010 291 11:56:56,BUrl
2010 291 12:00:06,CSendEmail
2010 291 12:00:21,CSendEmail
2010 291 12:22:33,CUrl
2010 291 18:07:11,DUrl
2010 291 18:20:00,DNologon
2010 292 07:00:00,Blogon
2010 292 07:03:02,BUrl
2010 292 12:22:30,CUrl
2010 292 14:57:44,CSendEmail
2010 292 15:27:47,CUrl
2010 292 16:02:15,CSendEmail
2010 292 16:23:26,CSendEmail
2010 292 16:40:12,CUrl
2010 292 18:08:06,DUrl
2010 292 18:15:00,DNologon
2010 293 07:15:00,Blogon
2010 293 07:34:19,BUrl
2010 293 09:08:17,BSendEmail
2010 293 09:08:28,BSendEmail
2010 293 09:09:36,BSendEmail
2010 293 09:18:06,BUrl
2010 293 12:11:47,CUrl
2010 293 18:02:17,DUrl
2010 293 18:26:00,DNologon
2010 294 07:18:00,Blogon
2010 294 07:41:45,BUrl
2010 294 08:56:01,BSendEmail
2010 294 09:00:26,BSendEmail
2010 294 09:02:26,BSendEmail
2010 294 09:04:20,BUrl
2010 294 12:40:04,CUrl
2010 294 18:15:25,DUrl
2010 294 18:27:00,DNologon
2010 295 07:17:00,Blogon
2010 295 07:32:28,BUrl
2010 295 08:52:40,BSendEmail
2010 295 09:01:18,BUrl
2010 295 12:00:03,CSendEmail
2010 295 12:22:26,CUrl
2010 295 14:11:44,CSendEmail
2010 295 14:16:17,CUrl
2010 295 18:05:00,DNologon
2010 298 07:21:00,Blogon
2010 298 07:24:02,BSendEmail
2010 298 07:46:05,BSendEmail
2010 298 08:02:52,BUrl
2010 298 08:26:21,BSendEmail
2010 298 08:27:16,BUrl
2010 298 14:38:23,CUrl
2010 298 18:08:00,DNologon
2010 299 07:14:00,Blogon
2010 299 07:25:45,BUrl
2010 299 08:42:31,BSendEmail
2010 299 08:45:01,BUrl
2010 299 11:35:47,BSendEmail
2010 299 12:44:19,CUrl
2010 299 15:08:57,CSendEmail
2010 299 15:09:47,CUrl
2010 299 18:09:36,DUrl
2010 299 18:18:00,DNologon
2010 300 07:27:00,Blogon
2010 300 07:48:47,BUrl
2010 300 12:00:41,CUrl
2010 300 12:46:21,CSendEmail
2010 300 13:14:58,CUrl
2010 300 16:39:32,CSendEmail
2010 300 17:00:54,CUrl
2010 300 17:20:31,CSendEmail
2010 300 17:43:24,CUrl
2010 300 18:10:34,DUrl
2010 300 18:22:00,DNologon
2010 301 07:07:00,Blogon
2010 301 07:11:02,BUrl
2010 301 07:20:42,BSendEmail
2010 301 07:21:06,BUrl
2010 301 07:21:29,BSendEmail
2010 301 07:27:35,BSendEmail
2010 301 07:59:52,BUrl
2010 301 12:32:15,CUrl
2010 301 18:22:00,DNologon
2010 302 07:15:00,Blogon
2010 302 07:18:57,BUrl
2010 302 08:51:48,BSendEmail
2010 302 09:12:32,BSendEmail
2010 302 09:18:32,BUrl
2010 302 09:33:41,BSendEmail
2010 302 10:18:27,BUrl
2010 302 12:10:23,CUrl
2010 302 18:12:19,DUrl
2010 302 18:25:00,DNologon
2010 305 07:24:00,Blogon
2010 305 07:42:40,BUrl
2010 305 11:44:20,BSendEmail
2010 305 12:15:33,CUrl
2010 305 17:05:56,CSendEmail
2010 305 17:08:06,CSendEmail
2010 305 17:08:25,CUrl
2010 305 18:01:07,DUrl
2010 305 18:05:00,DNologon
2010 306 07:08:00,Blogon
2010 306 07:23:30,BUrl
2010 306 08:46:43,BSendEmail
2010 306 08:47:29,BSendEmail
2010 306 09:03:44,BUrl
2010 306 09:47:11,BSendEmail
2010 306 10:15:14,BUrl
2010 306 12:04:48,CUrl
2010 306 18:08:20,DUrl
2010 306 18:20:00,DNologon
2010 307 07:05:00,Blogon
2010 307 07:20:04,BUrl
2010 307 13:15:22,CSendEmail
2010 307 13:24:13,CSendEmail
2010 307 13:26:27,CUrl
2010 307 13:35:36,CSendEmail
2010 307 14:49:59,CUrl
2010 307 18:03:00,DNologon
2010 308 07:19:00,Blogon
2010 308 07:22:38,BUrl
2010 308 12:04:40,CUrl
2010 308 17:58:37,CSendEmail
2010 308 18:00:11,DSendEmail
2010 308 18:00:48,DSendEmail
2010 308 18:15:00,DNologon
2010 309 07:03:00,Blogon
2010 309 07:09:40,BUrl
2010 309 10:41:46,BSendEmail
2010 309 10:44:28,BSendEmail
2010 309 10:52:48,BSendEmail
2010 309 11:08:30,BUrl
2010 309 13:35:38,CUrl
2010 309 18:01:29,DUrl
2010 309 18:15:00,DNologon
2010 312 07:10:00,Blogon
2010 312 07:27:30,BUrl
2010 312 09:42:43,BSendEmail
2010 312 09:44:39,BUrl
2010 312 12:03:50,CUrl
2010 312 18:01:34,DUrl
2010 312 18:10:34,DSendEmail
2010 312 18:15:44,DSendEmail
2010 312 18:16:33,DUrl
2010 312 18:27:00,DNologon
2010 313 07:26:00,Blogon
2010 313 07:29:26,BUrl
2010 313 11:33:28,BSendEmail
2010 313 11:48:26,BUrl
2010 313 12:14:59,CUrl
2010 313 12:26:29,CSendEmail
2010 313 12:46:01,CUrl
2010 313 14:15:27,CSendEmail
2010 313 14:19:35,CUrl
2010 313 18:01:56,DUrl
2010 313 18:14:00,DNologon
2010 314 07:06:00,Blogon
2010 314 07:16:47,BUrl
2010 314 10:24:21,BSendEmail
2010 314 10:24:59,BSendEmail
2010 314 10:25:10,BUrl
2010 314 11:05:45,BSendEmail
2010 314 11:26:54,BUrl
2010 314 12:21:00,CUrl
2010 314 18:29:00,DNologon
2010 315 07:10:00,Blogon
2010 315 07:25:51,BUrl
2010 315 12:21:02,CUrl
2010 315 18:09:55,DUrl
2010 315 18:21:00,DSendEmail
2010 315 18:23:19,DSendEmail
2010 315 18:24:46,DSendEmail
2010 315 18:26:00,DNologon
2010 316 07:15:00,Blogon
2010 316 07:26:18,BUrl
2010 316 09:10:04,BSendEmail
2010 316 09:13:00,BUrl
2010 316 09:41:43,BSendEmail
2010 316 09:43:14,BUrl
2010 316 09:46:22,BSendEmail
2010 316 09:46:33,BUrl
2010 316 13:36:42,CUrl
2010 316 18:05:54,DUrl
2010 316 18:21:00,DNologon
2010 319 07:22:00,Blogon
2010 319 07:30:53,BUrl
2010 319 12:14:43,CUrl
2010 319 15:21:48,CSendEmail
2010 319 15:26:15,CUrl
2010 319 17:09:44,CSendEmail
2010 319 17:19:08,CSendEmail
2010 319 17:46:02,CUrl
2010 319 18:02:58,DUrl
2010 319 18:08:00,DNologon
2010 320 07:00:00,Blogon
2010 320 07:04:42,BUrl
2010 320 10:26:19,BSendEmail
2010 320 11:15:02,BUrl
2010 320 12:36:39,CUrl
2010 320 16:52:44,CSendEmail
2010 320 16:56:19,CSendEmail
2010 320 17:22:32,CUrl
2010 320 18:04:30,DUrl
2010 320 18:18:00,DNologon
2010 321 07:13:00,Blogon
2010 321 07:24:11,BUrl
2010 321 08:52:20,BSendEmail
2010 321 09:16:03,BSendEmail
2010 321 09:16:27,BUrl
2010 321 09:18:23,BSendEmail
2010 321 10:33:48,BUrl
2010 321 12:06:35,CUrl
2010 321 18:03:37,DUrl
2010 321 18:15:00,DNologon
2010 322 07:15:00,Blogon
2010 322 07:25:57,BUrl
2010 322 08:50:29,BSendEmail
2010 322 09:16:34,BUrl
2010 322 11:26:10,BSendEmail
2010 322 11:28:23,BUrl
2010 322 11:42:19,BSendEmail
2010 322 11:52:10,BUrl
2010 322 13:03:40,CUrl
2010 322 18:05:26,DUrl
2010 322 18:18:00,DNologon
2010 323 07:18:00,Blogon
2010 323 07:20:37,BUrl
2010 323 12:04:46,CSendEmail
2010 323 12:43:56,CSendEmail
2010 323 12:50:27,CUrl
2010 323 18:15:00,DNologon
2010 326 07:05:00,Blogon
2010 326 07:57:38,BUrl
2010 326 08:48:53,BSendEmail
2010 326 09:09:23,BUrl
2010 326 09:49:33,BSendEmail
2010 326 09:49:45,BUrl
2010 326 09:56:27,BSendEmail
2010 326 10:30:32,BUrl
2010 326 12:22:59,CUrl
2010 326 18:07:44,DUrl
2010 326 18:24:00,DNologon
2010 327 07:08:00,Blogon
2010 327 07:10:24,BUrl
2010 327 10:27:14,BSendEmail
2010 327 10:45:43,BUrl
2010 327 10:48:36,BSendEmail
2010 327 10:54:52,BUrl
2010 327 11:36:36,BSendEmail
2010 327 11:38:24,BUrl
2010 327 12:41:34,CUrl
2010 327 18:27:00,DNologon
2010 328 07:15:00,Blogon
2010 328 07:21:22,BUrl
2010 328 10:57:57,BSendEmail
2010 328 11:40:13,BUrl
2010 328 12:13:37,CUrl
2010 328 13:34:35,CSendEmail
2010 328 13:34:44,CSendEmail
2010 328 14:06:11,CUrl
2010 328 18:08:32,DUrl
2010 328 18:18:00,DNologon
2010 333 07:15:00,Blogon
2010 333 07:28:52,BUrl
2010 333 12:19:33,CUrl
2010 333 13:11:00,CSendEmail
2010 333 13:11:19,CSendEmail
2010 333 13:12:02,CSendEmail
2010 333 13:12:22,CUrl
2010 333 18:14:58,DUrl
2010 333 18:20:00,DNologon
2010 334 07:21:00,Blogon
2010 334 07:23:38,BUrl
2010 334 07:50:49,BSendEmail
2010 334 08:30:24,BUrl
2010 334 09:52:17,BSendEmail
2010 334 10:22:16,BUrl
2010 334 12:18:17,CUrl
2010 334 14:21:21,CSendEmail
2010 334 15:01:57,CUrl
2010 334 18:05:00,DNologon
2010 335 07:19:00,Blogon
2010 335 07:24:40,BUrl
2010 335 10:02:54,BSendEmail
2010 335 10:10:39,BUrl
2010 335 11:33:41,BSendEmail
2010 335 11:33:45,BSendEmail
2010 335 12:06:20,CUrl
2010 335 18:04:32,DUrl
2010 335 18:12:00,DNologon
2010 336 07:13:00,Blogon
2010 336 07:23:30,BUrl
2010 336 07:28:32,BSendEmail
2010 336 08:22:41,BUrl
2010 336 10:49:16,BSendEmail
2010 336 11:28:53,BUrl
2010 336 12:23:38,CUrl
2010 336 18:06:41,DSendEmail
2010 336 18:09:38,DUrl
2010 336 18:19:00,DNologon
2010 337 07:07:00,Blogon
2010 337 07:08:06,BUrl
2010 337 10:18:13,BSendEmail
2010 337 10:24:37,BSendEmail
2010 337 10:36:29,BSendEmail
2010 337 11:19:44,BUrl
2010 337 12:34:30,CUrl
2010 337 18:17:00,DNologon
2010 340 07:07:00,Blogon
2010 340 07:31:32,BUrl
2010 340 11:23:05,BSendEmail
2010 340 11:23:14,BUrl
2010 340 12:56:52,CUrl
2010 340 16:51:46,CSendEmail
2010 340 16:54:44,CSendEmail
2010 340 16:57:29,CUrl
2010 340 18:15:00,DNologon
2010 341 07:15:00,Blogon
2010 341 07:48:52,BUrl
2010 341 12:17:57,CUrl
2010 341 15:54:07,CSendEmail
2010 341 15:55:09,CUrl
2010 341 16:47:14,CSendEmail
2010 341 16:57:07,CUrl
2010 341 17:05:49,CSendEmail
2010 341 17:52:04,CUrl
2010 341 18:09:44,DUrl
2010 341 18:19:00,DNologon
2010 342 07:12:00,Blogon
2010 342 07:14:26,BUrl
2010 342 08:35:36,BSendEmail
2010 342 08:44:41,BSendEmail
2010 342 09:33:00,BUrl
2010 342 09:52:24,BSendEmail
2010 342 10:30:24,BUrl
2010 342 12:32:31,CUrl
2010 342 18:06:26,DUrl
2010 342 18:23:00,DNologon
2010 343 07:09:00,Blogon
2010 343 07:31:23,BUrl
2010 343 07:59:09,BSendEmail
2010 343 08:06:52,BUrl
2010 343 12:06:09,CUrl
2010 343 15:59:31,CSendEmail
2010 343 16:10:51,CUrl
2010 343 16:53:17,CSendEmail
2010 343 16:58:03,CUrl
2010 343 18:22:00,DNologon
2010 344 07:01:00,Blogon
2010 344 07:03:14,BUrl
2010 344 08:58:50,BSendEmail
2010 344 09:45:23,BUrl
2010 344 12:10:21,CUrl
2010 344 18:02:11,DUrl
2010 344 18:20:00,DNologon
2010 347 07:00:00,Blogon
2010 347 07:03:13,BUrl
2010 347 10:41:57,BSendEmail
2010 347 10:57:32,BUrl
2010 347 12:26:17,CUrl
2010 347 17:10:37,CSendEmail
2010 347 17:16:42,CUrl
2010 347 17:33:40,CSendEmail
2010 347 17:58:37,CUrl
2010 347 18:00:38,DUrl
2010 347 18:12:00,DNologon
2010 348 07:01:00,Blogon
2010 348 07:04:26,BUrl
2010 348 12:01:55,CUrl
2010 348 16:33:20,CSendEmail
2010 348 16:39:55,CUrl
2010 348 17:27:27,CSendEmail
2010 348 17:32:17,CUrl
2010 348 18:03:51,DUrl
2010 348 18:23:11,DSendEmail
2010 348 18:26:00,DNologon
2010 349 07:20:00,Blogon
2010 349 07:22:29,BUrl
2010 349 09:14:13,BSendEmail
2010 349 09:26:20,BUrl
2010 349 10:00:04,BSendEmail
2010 349 10:07:39,BUrl
2010 349 12:11:52,CUrl
2010 349 16:43:26,CSendEmail
2010 349 17:17:51,CUrl
2010 349 18:03:00,DNologon
2010 350 07:26:00,Blogon
2010 350 07:58:58,BUrl
2010 350 11:02:53,BSendEmail
2010 350 11:02:57,BUrl
2010 350 11:03:00,BSendEmail
2010 350 11:21:18,BUrl
2010 350 13:17:58,CUrl
2010 350 18:15:00,DNologon
2010 351 07:15:00,Blogon
2010 351 07:19:44,BUrl
2010 351 12:01:10,CUrl
2010 351 14:45:15,CSendEmail
2010 351 14:47:19,CSendEmail
2010 351 14:56:25,CUrl
2010 351 15:00:02,CSendEmail
2010 351 15:02:01,CUrl
2010 351 18:07:00,DNologon
2010 354 07:23:00,Blogon
2010 354 07:36:24,BUrl
2010 354 12:23:12,CUrl
2010 354 16:59:24,CSendEmail
2010 354 17:00:07,CSendEmail
2010 354 17:00:44,CSendEmail
2010 354 17:03:07,CUrl
2010 354 18:03:10,DUrl
2010 354 18:20:00,DNologon
2010 355 07:21:00,Blogon
2010 355 07:29:18,BUrl
2010 355 12:12:40,CUrl
2010 355 12:26:49,CSendEmail
2010 355 12:26:53,CSendEmail
2010 355 12:39:49,CUrl
2010 355 18:23:00,DNologon
2010 356 07:13:00,Blogon
2010 356 08:28:59,BUrl
2010 356 12:01:36,CSendEmail
2010 356 12:03:42,CUrl
2010 356 12:06:41,CSendEmail
2010 356 12:08:03,CUrl
2010 356 12:26:12,CSendEmail
2010 356 13:10:20,CUrl
2010 356 18:27:00,DNologon
2010 361 07:19:00,Blogon
2010 361 07:27:29,BUrl
2010 361 08:29:07,BSendEmail
2010 361 11:09:40,BUrl
2010 361 12:58:20,CUrl
2010 361 16:06:47,CSendEmail
2010 361 16:20:12,CUrl
2010 361 16:55:48,CSendEmail
2010 361 17:16:37,CUrl
2010 361 18:05:00,DNologon
2010 362 07:06:00,Blogon
2010 362 07:12:24,BUrl
2010 362 12:31:36,CUrl
2010 362 15:33:59,CSendEmail
2010 362 15:54:44,CUrl
2010 362 16:58:57,CSendEmail
2010 362 17:34:23,CUrl
2010 362 17:57:31,CSendEmail
2010 362 18:21:00,DNologon
2010 363 07:25:00,Blogon
2010 363 07:29:28,BUrl
2010 363 12:09:40,CUrl
2010 363 18:07:27,DSendEmail
2010 363 18:07:44,DSendEmail
2010 363 18:08:21,DSendEmail
2010 363 18:10:00,DNologon
2010 364 07:27:00,Blogon
2010 364 07:37:34,BUrl
2010 364 13:35:45,CUrl
2010 364 14:52:21,CSendEmail
2010 364 14:57:01,CUrl
2010 364 15:09:26,CSendEmail
2010 364 15:15:23,CSendEmail
2010 364 17:07:39,CUrl
2010 364 18:01:51,DUrl
2010 364 18:12:00,DNologon
2011 003 07:25:00,Blogon
2011 003 07:30:43,BUrl
2011 003 12:03:49,CUrl
2011 003 15:15:17,CSendEmail
2011 003 15:21:43,CSendEmail
2011 003 15:22:42,CSendEmail
2011 003 15:24:08,CUrl
2011 003 18:08:00,DNologon
2011 004 07:26:00,Blogon
2011 004 10:26:01,BUrl
2011 004 11:07:45,BSendEmail
2011 004 16:55:50,CUrl
2011 004 17:34:29,CSendEmail
2011 004 17:36:39,CUrl
2011 004 17:48:12,CSendEmail
2011 004 17:52:52,CUrl
2011 004 18:15:00,DNologon
2011 005 07:21:00,Blogon
2011 005 07:23:13,BUrl
2011 005 07:23:33,BSendEmail
2011 005 07:27:07,BSendEmail
2011 005 07:32:52,BSendEmail
2011 005 07:59:21,BUrl
2011 005 12:09:33,CUrl
2011 005 18:07:00,DNologon
2011 006 07:24:00,Blogon
2011 006 07:39:59,BUrl
2011 006 12:28:41,CUrl
2011 006 15:19:12,CSendEmail
2011 006 15:20:58,CSendEmail
2011 006 15:28:36,CUrl
2011 006 17:36:46,CSendEmail
2011 006 17:40:20,CUrl
2011 006 18:06:00,DNologon
2011 007 07:08:00,Blogon
2011 007 09:18:45,BUrl
2011 007 09:55:14,BSendEmail
2011 007 10:21:33,BSendEmail
2011 007 10:36:41,BUrl
2011 007 11:01:48,BSendEmail
2011 007 11:20:30,BUrl
2011 007 12:04:38,CUrl
2011 007 18:01:51,DUrl
2011 007 18:19:00,DNologon
2011 010 07:17:00,Blogon
2011 010 07:37:00,BUrl
2011 010 13:07:31,CUrl
2011 010 17:46:45,CSendEmail
2011 010 17:48:14,CSendEmail
2011 010 17:48:49,CUrl
2011 010 17:50:25,CSendEmail
2011 010 18:08:37,DUrl
2011 010 18:12:00,DNologon
2011 011 07:26:00,Blogon
2011 011 07:54:19,BUrl
2011 011 13:02:47,CUrl
2011 011 14:33:33,CSendEmail
2011 011 15:02:14,CUrl
2011 011 15:36:25,CSendEmail
2011 011 15:39:02,CSendEmail
2011 011 15:42:17,CUrl
2011 011 18:05:13,DUrl
2011 011 18:15:00,DNologon
2011 012 07:21:00,Blogon
2011 012 07:36:12,BUrl
2011 012 11:48:52,BSendEmail
2011 012 11:53:06,BUrl
2011 012 12:58:22,CUrl
2011 012 17:10:06,CSendEmail
2011 012 17:12:33,CUrl
2011 012 17:13:12,CSendEmail
2011 012 17:38:45,CUrl
2011 012 18:06:59,DUrl
2011 012 18:08:00,DNologon
2011 013 07:26:00,Blogon
2011 013 07:27:11,BUrl
2011 013 12:01:09,CUrl
2011 013 17:26:48,CSendEmail
2011 013 17:27:14,CSendEmail
2011 013 17:27:59,CSendEmail
2011 013 17:45:56,CUrl
2011 013 18:09:00,DNologon
2011 014 07:24:00,Blogon
2011 014 07:33:29,BUrl
2011 014 11:55:30,BSendEmail
2011 014 12:07:58,CSendEmail
2011 014 12:09:30,CUrl
2011 014 12:14:42,CSendEmail
2011 014 13:04:10,CUrl
2011 014 18:03:00,DNologon
2011 017 07:08:00,Blogon
2011 017 07:35:46,BUrl
2011 017 11:30:29,BSendEmail
2011 017 11:36:30,BSendEmail
2011 017 11:40:47,BUrl
2011 017 12:13:46,CUrl
2011 017 13:32:14,CSendEmail
2011 017 14:12:08,CUrl
2011 017 18:17:04,DUrl
2011 017 18:30:00,DNologon
2011 018 07:03:00,Blogon
2011 018 07:23:24,BUrl
2011 018 12:03:29,CUrl
2011 018 15:19:18,CSendEmail
2011 018 15:24:49,CUrl
2011 018 17:16:15,CSendEmail
2011 018 17:21:24,CUrl
2011 018 18:01:38,DSendEmail
2011 018 18:10:59,DUrl
2011 018 18:27:00,DNologon
2011 019 07:15:00,Blogon
2011 019 07:16:09,BUrl
2011 019 08:56:46,BSendEmail
2011 019 08:59:12,BUrl
2011 019 12:07:19,CSendEmail
2011 019 12:47:50,CUrl
2011 019 18:08:32,DSendEmail
2011 019 18:09:41,DUrl
2011 019 18:14:00,DNologon
2011 020 07:01:00,Blogon
2011 020 07:10:16,BUrl
2011 020 12:27:01,CSendEmail
2011 020 12:31:30,CSendEmail
2011 020 12:46:40,CSendEmail
2011 020 12:53:23,CUrl
2011 020 18:20:12,DUrl
2011 020 18:27:00,DNologon
2011 021 07:16:00,Blogon
2011 021 07:29:53,BUrl
2011 021 12:02:59,CUrl
2011 021 17:46:54,CSendEmail
2011 021 17:49:51,CUrl
2011 021 17:51:13,CSendEmail
2011 021 17:58:50,CSendEmail
2011 021 18:04:00,DNologon
2011 024 07:07:00,Blogon
2011 024 07:09:57,BSendEmail
2011 024 07:10:32,BSendEmail
2011 024 07:16:21,BUrl
2011 024 12:15:57,CUrl
2011 024 18:22:00,DNologon
2011 025 07:22:00,Blogon
2011 025 07:26:24,BUrl
2011 025 07:39:20,BSendEmail
2011 025 07:44:59,BSendEmail
2011 025 07:50:49,BSendEmail
2011 025 08:15:27,BUrl
2011 025 12:30:13,CUrl
2011 025 18:15:28,DUrl
2011 025 18:24:00,DNologon
2011 026 07:15:00,Blogon
2011 026 07:32:46,BUrl
2011 026 12:07:00,CUrl
2011 026 18:05:00,DNologon
2011 027 07:18:00,Blogon
2011 027 07:25:54,BUrl
2011 027 11:46:10,BSendEmail
2011 027 11:46:11,BSendEmail
2011 027 12:08:38,CUrl
2011 027 18:01:24,DUrl
2011 027 18:10:00,DNologon
2011 028 07:23:00,Blogon
2011 028 07:29:20,BUrl
2011 028 12:20:57,CUrl
2011 028 17:15:09,CSendEmail
2011 028 17:28:30,CSendEmail
2011 028 17:30:27,CUrl
2011 028 18:03:07,DSendEmail
2011 028 18:11:00,DNologon
2011 031 07:08:00,Blogon
2011 031 07:42:47,BUrl
2011 031 08:18:27,BSendEmail
2011 031 08:38:24,BSendEmail
2011 031 09:19:01,BUrl
2011 031 12:22:44,CUrl
2011 031 16:02:33,CSendEmail
2011 031 16:07:53,CUrl
2011 031 18:14:04,DUrl
2011 031 18:29:00,DNologon
2011 032 07:20:00,Blogon
2011 032 07:42:52,BUrl
2011 032 08:00:35,BSendEmail
2011 032 08:34:17,BUrl
2011 032 08:43:43,BSendEmail
2011 032 08:48:57,BUrl
2011 032 11:17:00,BSendEmail
2011 032 11:33:29,BUrl
2011 032 12:17:27,CUrl
2011 032 18:15:11,DUrl
2011 032 18:18:00,DNologon
2011 033 07:09:00,Blogon
2011 033 07:19:21,BUrl
2011 033 12:18:22,CUrl
2011 033 15:42:25,CSendEmail
2011 033 16:27:38,CUrl
2011 033 17:05:01,CSendEmail
2011 033 17:06:15,CSendEmail
2011 033 17:07:27,CUrl
2011 033 18:17:00,DNologon
2011 034 07:12:00,Blogon
2011 034 07:16:48,BSendEmail
2011 034 07:19:05,BSendEmail
2011 034 07:19:42,BSendEmail
2011 034 07:31:51,BUrl
2011 034 12:17:10,CUrl
2011 034 18:04:09,DUrl
2011 034 18:06:00,DNologon
2011 035 07:13:00,Blogon
2011 035 07:44:11,BUrl
2011 035 12:14:47,CUrl
2011 035 14:51:56,CSendEmail
2011 035 14:52:19,CUrl
2011 035 15:12:20,CSendEmail
2011 035 15:13:13,CSendEmail
2011 035 15:14:33,CUrl
2011 035 18:04:25,DUrl
2011 035 18:21:00,DNologon
2011 038 07:10:00,Blogon
2011 038 07:29:50,BUrl
2011 038 12:13:09,CUrl
2011 038 18:05:46,DSendEmail
2011 038 18:08:46,DSendEmail
2011 038 18:09:47,DSendEmail
2011 038 18:14:40,DUrl
2011 038 18:18:00,DNologon
2011 039 07:04:00,Blogon
2011 039 07:34:26,BUrl
2011 039 13:53:03,CSendEmail
2011 039 13:53:54,CUrl
2011 039 18:15:20,DUrl
2011 039 18:18:18,DSendEmail
2011 039 18:18:50,DUrl
2011 039 18:20:29,DSendEmail
2011 039 18:25:00,DNologon
2011 040 07:17:00,Blogon
2011 040 07:18:22,BUrl
2011 040 12:23:13,CUrl
2011 040 13:37:03,CSendEmail
2011 040 13:45:42,CSendEmail
2011 040 14:03:46,CUrl
2011 040 17:04:19,CSendEmail
2011 040 17:05:58,CUrl
2011 040 18:06:00,DNologon
2011 041 07:07:00,Blogon
2011 041 07:15:03,BUrl
2011 041 08:54:07,BSendEmail
2011 041 09:12:08,BUrl
2011 041 12:05:34,CUrl
2011 041 18:12:08,DUrl
2011 041 18:24:18,DSendEmail
2011 041 18:24:32,DSendEmail
2011 041 18:28:00,DNologon
2011 042 07:13:00,Blogon
2011 042 07:29:20,BSendEmail
2011 042 07:29:47,BSendEmail
2011 042 07:33:06,BUrl
2011 042 08:01:42,BSendEmail
2011 042 08:19:47,BUrl
2011 042 13:25:06,CUrl
2011 042 18:07:00,DNologon
2011 045 07:14:00,Blogon
2011 045 07:22:41,BUrl
2011 045 10:27:26,BSendEmail
2011 045 11:06:16,BUrl
2011 045 12:57:59,CUrl
2011 045 14:14:38,CSendEmail
2011 045 14:20:31,CSendEmail
2011 045 14:22:56,CUrl
2011 045 18:17:00,DNologon
2011 046 07:01:00,Blogon
2011 046 07:05:47,BUrl
2011 046 08:19:57,BSendEmail
2011 046 08:20:08,BUrl
2011 046 08:29:51,BSendEmail
2011 046 08:41:29,BUrl
2011 046 08:44:46,BSendEmail
2011 046 09:00:50,BUrl
2011 046 12:00:02,CUrl
2011 046 18:07:30,DUrl
2011 046 18:18:00,DNologon
2011 047 07:27:00,Blogon
2011 047 07:28:59,BUrl
2011 047 12:33:25,CUrl
2011 047 16:50:01,CSendEmail
2011 047 16:52:09,CUrl
2011 047 17:47:28,CSendEmail
2011 047 17:49:29,CSendEmail
2011 047 17:55:58,CUrl
2011 047 18:06:00,DNologon
2011 048 07:27:00,Blogon
2011 048 09:39:49,BUrl
2011 048 09:42:01,BSendEmail
2011 048 09:45:46,BUrl
2011 048 10:52:17,BSendEmail
2011 048 10:55:07,BUrl
2011 048 13:11:08,CUrl
2011 048 18:05:00,DNologon
2011 049 07:15:00,Blogon
2011 049 07:18:56,BUrl
2011 049 10:13:36,BSendEmail
2011 049 10:15:01,BUrl
2011 049 13:00:59,CUrl
2011 049 17:29:24,CSendEmail
2011 049 17:32:04,CSendEmail
2011 049 17:32:43,CUrl
2011 049 18:10:02,DUrl
2011 049 18:15:00,DNologon
2011 052 07:23:00,Blogon
2011 052 07:40:41,BSendEmail
2011 052 07:44:40,BUrl
2011 052 08:20:55,BSendEmail
2011 052 08:25:47,BUrl
2011 052 12:23:18,CUrl
2011 052 18:15:36,DUrl
2011 052 18:20:48,DSendEmail
2011 052 18:22:00,DNologon
2011 053 07:24:00,Blogon
2011 053 07:26:03,BUrl
2011 053 09:47:05,BSendEmail
2011 053 09:48:30,BUrl
2011 053 12:07:32,CUrl
2011 053 12:25:24,CSendEmail
2011 053 12:25:57,CUrl
2011 053 14:18:20,CSendEmail
2011 053 14:40:28,CUrl
2011 053 18:07:00,DNologon
2011 054 07:17:00,Blogon
2011 054 07:18:38,BUrl
2011 054 12:01:47,CUrl
2011 054 18:12:00,DNologon
2011 055 07:20:00,Blogon
2011 055 07:31:04,BUrl
2011 055 10:20:19,BSendEmail
2011 055 11:45:05,BUrl
2011 055 12:31:02,CUrl
2011 055 17:03:56,CSendEmail
2011 055 17:04:05,CUrl
2011 055 17:09:22,CSendEmail
2011 055 17:28:56,CUrl
2011 055 18:08:46,DUrl
2011 055 18:21:00,DNologon
2011 056 07:10:00,Blogon
2011 056 07:18:14,BUrl
2011 056 09:00:51,BSendEmail
2011 056 09:16:40,BUrl
2011 056 09:29:14,BSendEmail
2011 056 09:36:13,BSendEmail
2011 056 09:47:49,BUrl
2011 056 12:39:38,CUrl
2011 056 18:09:26,DUrl
2011 056 18:30:00,DNologon
2011 059 07:26:00,Blogon
2011 059 07:27:39,BUrl
2011 059 07:48:32,BSendEmail
2011 059 08:39:32,BUrl
2011 059 12:15:22,CUrl
2011 059 15:54:30,CSendEmail
2011 059 16:19:10,CSendEmail
2011 059 16:20:25,CUrl
2011 059 18:07:33,DUrl
2011 059 18:12:00,DNologon
2011 060 07:18:00,Blogon
2011 060 07:28:02,BUrl
2011 060 12:49:17,CUrl
2011 060 17:41:54,CSendEmail
2011 060 17:46:25,CSendEmail
2011 060 17:57:00,CUrl
2011 060 18:04:36,DUrl
2011 060 18:05:09,DSendEmail
2011 060 18:14:00,DNologon
2011 061 07:20:00,Blogon
2011 061 08:20:47,BUrl
2011 061 12:02:01,CUrl
2011 061 13:23:48,CSendEmail
2011 061 13:37:14,CSendEmail
2011 061 13:40:11,CUrl
2011 061 13:57:00,CSendEmail
2011 061 13:57:36,CUrl
2011 061 18:00:36,DUrl
2011 061 18:10:00,DNologon
2011 062 07:24:00,Blogon
2011 062 07:25:32,BUrl
2011 062 09:48:24,BSendEmail
2011 062 10:08:20,BUrl
2011 062 12:24:32,CUrl
2011 062 13:34:24,CSendEmail
2011 062 13:44:54,CSendEmail
2011 062 13:49:14,CUrl
2011 062 18:07:00,DNologon
2011 063 07:00:00,Blogon
2011 063 07:07:03,BUrl
2011 063 12:53:21,CUrl
2011 063 17:57:17,CSendEmail
2011 063 17:57:48,CUrl
2011 063 18:13:35,DUrl
2011 063 18:14:45,DSendEmail
2011 063 18:21:37,DSendEmail
2011 063 18:23:00,DNologon
2011 066 07:10:00,Blogon
2011 066 07:20:10,BUrl
2011 066 12:26:52,CUrl
2011 066 13:26:55,CSendEmail
2011 066 14:40:22,CUrl
2011 066 16:53:29,CSendEmail
2011 066 16:59:00,CUrl
2011 066 18:17:57,DUrl
2011 066 18:25:00,DNologon
2011 067 07:24:00,Blogon
2011 067 07:33:38,BUrl
2011 067 09:24:44,BSendEmail
2011 067 09:26:47,BUrl
2011 067 09:31:26,BSendEmail
2011 067 09:36:13,BUrl
2011 067 09:56:28,BSendEmail
2011 067 10:12:02,BUrl
2011 067 13:20:51,CUrl
2011 067 18:07:00,DNologon
2011 068 07:24:00,Blogon
2011 068 07:54:36,BUrl
2011 068 09:57:31,BSendEmail
2011 068 10:03:55,BSendEmail
2011 068 10:07:10,BUrl
2011 068 10:14:10,BSendEmail
2011 068 10:44:40,BUrl
2011 068 12:37:08,CUrl
2011 068 18:15:00,DNologon
2011 069 07:21:00,Blogon
2011 069 07:30:17,BUrl
2011 069 12:40:01,CUrl
2011 069 14:52:46,CSendEmail
2011 069 15:01:35,CUrl
2011 069 15:15:37,CSendEmail
2011 069 16:37:44,CUrl
2011 069 18:00:32,DSendEmail
2011 069 18:03:00,DNologon
2011 070 07:19:00,Blogon
2011 070 07:20:38,BSendEmail
2011 070 07:21:54,BUrl
2011 070 07:49:15,BSendEmail
2011 070 08:06:26,BUrl
2011 070 08:43:40,BSendEmail
2011 070 08:49:53,BUrl
2011 070 13:07:54,CUrl
2011 070 18:07:00,DNologon
2011 073 07:18:00,Blogon
2011 073 07:23:57,BUrl
2011 073 08:42:52,BSendEmail
2011 073 08:43:15,BUrl
2011 073 12:38:30,CUrl
2011 073 17:35:34,CSendEmail
2011 073 18:09:00,DNologon
2011 074 07:00:00,Blogon
2011 074 07:37:03,BUrl
2011 074 11:21:11,BSendEmail
2011 074 11:26:49,BUrl
2011 074 12:07:18,CUrl
2011 074 14:49:23,CSendEmail
2011 074 15:01:38,CUrl
2011 074 17:34:57,CSendEmail
2011 074 17:48:36,CUrl
2011 074 18:11:25,DUrl
2011 074 18:28:00,DNologon
2011 075 07:19:00,Blogon
2011 075 07:25:45,BSendEmail
2011 075 07:31:27,BUrl
2011 075 07:45:36,BSendEmail
2011 075 07:50:42,BSendEmail
2011 075 07:59:33,BUrl
2011 075 12:34:35,CUrl
2011 075 18:04:00,DNologon
2011 076 07:13:00,Blogon
2011 076 07:32:45,BUrl
2011 076 12:12:54,CUrl
2011 076 14:53:04,CSendEmail
2011 076 14:54:33,CSendEmail
2011 076 14:56:46,CSendEmail
2011 076 14:57:05,CUrl
2011 076 18:21:00,DNologon
2011 077 07:17:00,Blogon
2011 077 07:35:09,BUrl
2011 077 12:02:03,CUrl
2011 077 14:49:29,CSendEmail
2011 077 14:52:34,CSendEmail
2011 077 15:04:23,CSendEmail
2011 077 15:12:11,CUrl
2011 077 18:01:22,DUrl
2011 077 18:06:00,DNologon
2011 080 07:26:00,Blogon
2011 080 07:51:46,BUrl
2011 080 12:07:02,CUrl
2011 080 14:22:12,CSendEmail
2011 080 14:24:05,CUrl
2011 080 15:15:12,CSendEmail
2011 080 15:16:04,CUrl
2011 080 17:36:17,CSendEmail
2011 080 17:43:15,CUrl
2011 080 18:07:00,DNologon
2011 081 07:24:00,Blogon
2011 081 07:39:39,BUrl
2011 081 08:42:50,BSendEmail
2011 081 08:44:01,BSendEmail
2011 081 08:58:59,BUrl
2011 081 09:34:34,BSendEmail
2011 081 10:39:07,BUrl
2011 081 12:41:38,CUrl
2011 081 18:15:48,DUrl
2011 081 18:22:00,DNologon
2011 082 07:17:00,Blogon
2011 082 07:39:27,BUrl
2011 082 08:53:48,BSendEmail
2011 082 09:22:50,BUrl
2011 082 09:38:45,BSendEmail
2011 082 09:40:48,BSendEmail
2011 082 09:48:42,BUrl
2011 082 12:22:12,CUrl
2011 082 18:25:00,DNologon
2011 083 07:19:00,Blogon
2011 083 07:26:13,BUrl
2011 083 12:01:19,CUrl
2011 083 14:30:47,CSendEmail
2011 083 14:30:58,CSendEmail
2011 083 14:32:46,CSendEmail
2011 083 15:14:38,CUrl
2011 083 18:07:40,DUrl
2011 083 18:27:00,DNologon
2011 084 07:18:00,Blogon
2011 084 07:46:27,BUrl
2011 084 12:08:57,CUrl
2011 084 13:07:42,CSendEmail
2011 084 13:11:27,CSendEmail
2011 084 13:13:27,CSendEmail
2011 084 13:14:30,CUrl
2011 084 18:07:46,DUrl
2011 084 18:20:00,DNologon
2011 087 07:05:00,Blogon
2011 087 07:08:38,BSendEmail
2011 087 07:13:55,BUrl
2011 087 07:19:26,BSendEmail
2011 087 07:20:29,BUrl
2011 087 13:07:45,CUrl
2011 087 18:00:42,DUrl
2011 087 18:21:00,DNologon
2011 088 07:02:00,Blogon
2011 088 07:03:08,BUrl
2011 088 10:59:04,BSendEmail
2011 088 11:02:20,BSendEmail
2011 088 11:02:48,BUrl
2011 088 11:06:36,BSendEmail
2011 088 11:46:12,BUrl
2011 088 12:09:10,CUrl
2011 088 18:00:56,DUrl
2011 088 18:17:00,DNologon
2011 089 07:01:00,Blogon
2011 089 07:08:07,BUrl
2011 089 12:01:50,CUrl
2011 089 12:11:05,CSendEmail
2011 089 12:11:37,CSendEmail
2011 089 12:23:19,CSendEmail
2011 089 12:25:01,CUrl
2011 089 18:24:00,DNologon
2011 090 07:21:00,Blogon
2011 090 08:05:25,BUrl
2011 090 09:18:47,BSendEmail
2011 090 09:19:20,BUrl
2011 090 09:19:51,BSendEmail
2011 090 09:19:53,BSendEmail
2011 090 09:52:44,BUrl
2011 090 13:23:52,CUrl
2011 090 18:00:43,DUrl
2011 090 18:10:00,DNologon
2011 091 07:15:00,Blogon
2011 091 07:21:30,BUrl
2011 091 12:28:44,CUrl
2011 091 17:19:11,CSendEmail
2011 091 17:37:24,CUrl
2011 091 18:05:57,DSendEmail
2011 091 18:15:14,DSendEmail
2011 091 18:16:36,DUrl
2011 091 18:26:00,DNologon
2011 094 07:06:00,Blogon
2011 094 07:08:22,BUrl
2011 094 09:56:58,BSendEmail
2011 094 10:25:13,BUrl
2011 094 12:31:27,CUrl
2011 094 12:43:07,CSendEmail
2011 094 12:48:10,CUrl
2011 094 14:00:44,CSendEmail
2011 094 14:02:14,CUrl
2011 094 18:07:25,DUrl
2011 094 18:18:00,DNologon
2011 095 07:06:00,Blogon
2011 095 07:36:28,BUrl
2011 095 08:14:52,BSendEmail
2011 095 08:27:28,BUrl
2011 095 08:29:43,BSendEmail
2011 095 08:56:22,BUrl
2011 095 13:07:58,CUrl
2011 095 15:31:34,CSendEmail
2011 095 16:39:31,CUrl
2011 095 18:02:23,DUrl
2011 095 18:23:00,DNologon
2011 096 07:02:00,Blogon
2011 096 07:08:08,BUrl
2011 096 12:27:06,CUrl
2011 096 14:37:49,CSendEmail
2011 096 14:58:20,CUrl
2011 096 16:51:22,CSendEmail
2011 096 17:14:51,CUrl
2011 096 17:50:51,CSendEmail
2011 096 18:30:00,DNologon
2011 097 07:13:00,Blogon
2011 097 07:28:45,BUrl
2011 097 12:15:18,CUrl
2011 097 13:51:09,CSendEmail
2011 097 13:54:25,CUrl
2011 097 14:39:28,CSendEmail
2011 097 14:41:16,CSendEmail
2011 097 15:29:01,CUrl
2011 097 18:01:45,DUrl
2011 097 18:23:00,DNologon
2011 098 07:16:00,Blogon
2011 098 07:23:15,BUrl
2011 098 11:26:16,BSendEmail
2011 098 11:44:23,BUrl
2011 098 12:31:49,CUrl
2011 098 12:52:16,CSendEmail
2011 098 13:07:43,CUrl
2011 098 16:02:43,CSendEmail
2011 098 16:03:36,CUrl
2011 098 18:00:02,DUrl
2011 098 18:05:00,DNologon
2011 101 07:26:00,Blogon
2011 101 07:28:13,BUrl
2011 101 11:50:05,BSendEmail
2011 101 11:58:09,BSendEmail
2011 101 12:09:59,CSendEmail
2011 101 12:28:06,CUrl
2011 101 18:00:18,DUrl
2011 101 18:05:00,DNologon
2011 102 07:20:00,Blogon
2011 102 07:51:09,BUrl
2011 102 11:30:16,BSendEmail
2011 102 11:33:53,BSendEmail
2011 102 11:43:36,BUrl
2011 102 11:50:37,BSendEmail
2011 102 12:13:05,CUrl
2011 102 18:05:45,DUrl
2011 102 18:09:00,DNologon
2011 103 07:22:00,Blogon
2011 103 07:41:39,BUrl
2011 103 10:36:14,BSendEmail
2011 103 10:49:13,BUrl
2011 103 11:09:53,BSendEmail
2011 103 11:23:59,BSendEmail
2011 103 11:29:19,BUrl
2011 103 12:02:35,CUrl
2011 103 18:10:00,DNologon
2011 104 07:04:00,Blogon
2011 104 07:15:16,BUrl
2011 104 12:41:32,CSendEmail
2011 104 12:48:45,CUrl
2011 104 14:20:33,CSendEmail
2011 104 14:50:32,CUrl
2011 104 16:08:37,CSendEmail
2011 104 16:34:33,CUrl
2011 104 18:08:58,DUrl
2011 104 18:10:00,DNologon
2011 105 07:23:00,Blogon
2011 105 07:27:56,BUrl
2011 105 11:16:13,BSendEmail
2011 105 11:44:32,BUrl
2011 105 12:14:34,CUrl
2011 105 16:24:22,CSendEmail
2011 105 16:25:45,CUrl
2011 105 16:39:07,CSendEmail
2011 105 16:39:44,CUrl
2011 105 18:08:00,DNologon
2011 108 07:23:00,Blogon
2011 108 07:24:55,BUrl
2011 108 08:15:58,BSendEmail
2011 108 08:20:51,BUrl
2011 108 08:20:57,BSendEmail
2011 108 08:30:35,BSendEmail
2011 108 08:53:19,BUrl
2011 108 13:48:43,CUrl
2011 108 18:17:00,DNologon
2011 109 07:27:00,Blogon
2011 109 07:39:24,BUrl
2011 109 12:17:59,CUrl
2011 109 14:04:51,CSendEmail
2011 109 14:13:44,CSendEmail
2011 109 14:17:13,CUrl
2011 109 17:30:57,CSendEmail
2011 109 17:56:16,CUrl
2011 109 18:08:00,DNologon
2011 110 07:04:00,Blogon
2011 110 08:09:27,BUrl
2011 110 11:15:15,BSendEmail
2011 110 11:16:23,BUrl
2011 110 11:37:45,BSendEmail
2011 110 11:48:52,BSendEmail
2011 110 13:01:52,CUrl
2011 110 18:21:00,DNologon
2011 111 07:27:00,Blogon
2011 111 07:28:22,BSendEmail
2011 111 07:31:23,BSendEmail
2011 111 07:32:31,BSendEmail
2011 111 07:43:12,BUrl
2011 111 12:38:45,CUrl
2011 111 18:06:00,DNologon
2011 115 07:23:00,Blogon
2011 115 07:27:46,BUrl
2011 115 13:02:13,CUrl
2011 115 14:54:35,CSendEmail
2011 115 14:54:54,CSendEmail
2011 115 14:56:19,CUrl
2011 115 15:02:18,CSendEmail
2011 115 15:14:45,CUrl
2011 115 18:01:52,DUrl
2011 115 18:08:00,DNologon
2011 116 07:01:00,Blogon
2011 116 07:03:21,BUrl
2011 116 12:00:29,CUrl
2011 116 15:05:35,CSendEmail
2011 116 15:18:40,CSendEmail
2011 116 15:36:35,CUrl
2011 116 15:44:36,CSendEmail
2011 116 15:44:53,CUrl
2011 116 18:11:56,DUrl
2011 116 18:21:00,DNologon
2011 117 07:07:00,Blogon
2011 117 07:12:14,BUrl
2011 117 12:14:51,CUrl
2011 117 14:15:57,CSendEmail
2011 117 14:16:11,CUrl
2011 117 14:16:13,CSendEmail
2011 117 14:16:14,CSendEmail
2011 117 14:57:54,CUrl
2011 117 18:03:40,DUrl
2011 117 18:05:00,DNologon
2011 118 07:13:00,Blogon
2011 118 07:35:09,BUrl
2011 118 12:05:21,CUrl
2011 118 13:43:52,CSendEmail
2011 118 13:50:07,CUrl
2011 118 13:51:26,CSendEmail
2011 118 14:00:55,CUrl
2011 118 14:06:09,CSendEmail
2011 118 14:33:01,CUrl
2011 118 18:05:00,DNologon
2011 119 07:08:00,Blogon
2011 119 07:11:43,BUrl
2011 119 12:08:45,CUrl
2011 119 14:35:13,CSendEmail
2011 119 15:28:09,CSendEmail
2011 119 15:58:24,CSendEmail
2011 119 17:26:59,CUrl
2011 119 18:18:33,DUrl
2011 119 18:30:00,DNologon
2011 122 07:25:00,Blogon
2011 122 07:46:03,BUrl
2011 122 12:40:26,CUrl
2011 122 14:13:02,CSendEmail
2011 122 14:18:32,CSendEmail
2011 122 14:55:10,CUrl
2011 122 17:27:55,CSendEmail
2011 122 17:42:40,CUrl
2011 122 18:12:00,DNologon
2011 123 07:07:00,Blogon
2011 123 07:09:30,BUrl
2011 123 12:24:46,CUrl
2011 123 13:02:53,CSendEmail
2011 123 13:08:42,CSendEmail
2011 123 13:13:28,CSendEmail
2011 123 13:14:37,CUrl
2011 123 18:03:35,DUrl
2011 123 18:12:00,DNologon
2011 124 07:05:00,Blogon
2011 124 07:10:00,BUrl
2011 124 12:03:21,CUrl
2011 124 12:46:42,CSendEmail
2011 124 13:39:25,CUrl
2011 124 16:41:53,CSendEmail
2011 124 16:47:24,CSendEmail
2011 124 16:55:21,CUrl
2011 124 18:03:28,DUrl
2011 124 18:24:00,DNologon
2011 125 07:05:00,Blogon
2011 125 07:11:19,BUrl
2011 125 09:25:52,BSendEmail
2011 125 10:25:57,BUrl
2011 125 11:33:13,BSendEmail
2011 125 11:35:52,BSendEmail
2011 125 12:12:06,CUrl
2011 125 18:06:02,DUrl
2011 125 18:27:00,DNologon
2011 126 07:22:00,Blogon
2011 126 07:40:10,BUrl
2011 126 12:24:10,CUrl
2011 126 12:59:18,CSendEmail
2011 126 13:14:57,CUrl
2011 126 16:00:58,CSendEmail
2011 126 16:09:52,CUrl
2011 126 16:10:48,CSendEmail
2011 126 16:16:19,CUrl
2011 126 18:09:00,DNologon
2011 129 07:23:00,Blogon
2011 129 07:32:01,BUrl
2011 129 12:02:18,CUrl
2011 129 13:22:58,CSendEmail
2011 129 13:28:30,CSendEmail
2011 129 13:30:03,CUrl
2011 129 18:07:27,DUrl
2011 129 18:14:00,DNologon
2011 130 07:05:00,Blogon
2011 130 07:08:46,BUrl
2011 130 10:02:10,BSendEmail
2011 130 10:02:24,BSendEmail
2011 130 10:31:19,BUrl
2011 130 12:03:26,CUrl
2011 130 17:42:11,CSendEmail
2011 130 18:05:41,DUrl
2011 130 18:30:00,DNologon
2011 131 07:18:00,Blogon
2011 131 07:50:22,BUrl
2011 131 09:17:28,BSendEmail
2011 131 09:58:47,BUrl
2011 131 12:01:54,CUrl
2011 131 18:04:11,DUrl
2011 131 18:19:00,DNologon
2011 132 07:02:00,Blogon
2011 132 07:06:18,BUrl
2011 132 07:57:54,BSendEmail
2011 132 08:02:45,BUrl
2011 132 11:44:30,BSendEmail
2011 132 12:10:29,CUrl
2011 132 12:20:24,CSendEmail
2011 132 12:57:00,CUrl
2011 132 18:04:00,DNologon
2011 133 07:12:00,Blogon
2011 133 07:13:19,BUrl
2011 133 11:24:59,BSendEmail
2011 133 11:25:02,BUrl
2011 133 12:46:01,CUrl
2011 133 16:35:14,CSendEmail
2011 133 17:41:33,CSendEmail
2011 133 18:17:57,DUrl
2011 133 18:28:00,DNologon
2011 136 07:23:00,Blogon
2011 136 07:44:33,BUrl
2011 136 12:17:06,CUrl
2011 136 12:56:46,CSendEmail
2011 136 13:09:17,CSendEmail
2011 136 13:17:46,CUrl
2011 136 13:18:11,CSendEmail
2011 136 13:20:28,CUrl
2011 136 18:03:49,DUrl
2011 136 18:08:00,DNologon
