2010 004 08:29:00,Blogon
2010 004 08:31:38,BUrl
2010 004 12:12:05,CUrl
2010 004 15:33:43,CSendEmail
2010 004 15:38:50,CSendEmail
2010 004 15:40:49,CUrl
2010 004 16:24:47,CSendEmail
2010 004 16:33:00,CNologon
2010 005 08:30:00,Blogon
2010 005 08:39:27,BUrl
2010 005 12:03:12,CUrl
2010 005 14:55:58,CSendEmail
2010 005 15:02:52,CSendEmail
2010 005 15:07:25,CUrl
2010 005 15:21:54,CSendEmail
2010 005 15:44:57,CUrl
2010 005 16:30:00,CNologon
2010 006 08:31:00,Blogon
2010 006 08:53:11,BUrl
2010 006 12:01:53,CSendEmail
2010 006 12:02:25,CSendEmail
2010 006 12:03:14,CSendEmail
2010 006 12:09:05,CUrl
2010 006 16:37:00,CNologon
2010 007 08:31:00,Blogon
2010 007 09:18:18,BUrl
2010 007 09:31:16,BSendEmail
2010 007 09:40:21,BUrl
2010 007 09:40:26,BSendEmail
2010 007 09:45:19,BUrl
2010 007 10:46:48,BSendEmail
2010 007 10:48:33,BUrl
2010 007 12:10:10,CUrl
2010 007 16:30:00,CNologon
2010 008 08:17:00,Blogon
2010 008 08:19:56,BUrl
2010 008 09:19:45,BSendEmail
2010 008 09:35:10,BSendEmail
2010 008 09:40:54,BUrl
2010 008 10:24:30,BSendEmail
2010 008 10:29:39,BUrl
2010 008 12:00:31,CUrl
2010 008 16:45:00,CNologon
2010 011 08:27:00,Blogon
2010 011 08:32:49,BUrl
2010 011 13:04:11,CUrl
2010 011 15:11:31,CSendEmail
2010 011 15:14:09,CSendEmail
2010 011 15:22:16,CSendEmail
2010 011 16:08:20,CUrl
2010 011 16:43:00,CNologon
2010 012 08:20:00,Blogon
2010 012 08:25:38,BUrl
2010 012 08:44:06,BSendEmail
2010 012 08:49:57,BUrl
2010 012 08:51:18,BSendEmail
2010 012 09:08:17,BUrl
2010 012 11:01:10,BSendEmail
2010 012 11:12:37,BUrl
2010 012 12:01:48,CUrl
2010 012 16:33:00,CNologon
2010 013 08:31:00,Blogon
2010 013 08:37:46,BUrl
2010 013 12:13:39,CUrl
2010 013 12:34:56,CSendEmail
2010 013 12:41:32,CUrl
2010 013 15:03:04,CSendEmail
2010 013 15:06:18,CUrl
2010 013 15:08:57,CSendEmail
2010 013 15:25:52,CUrl
2010 013 16:30:00,CNologon
2010 014 08:17:00,Blogon
2010 014 08:20:52,BUrl
2010 014 12:44:04,CUrl
2010 014 16:04:24,CSendEmail
2010 014 16:09:23,CUrl
2010 014 16:12:24,CSendEmail
2010 014 16:12:57,CSendEmail
2010 014 16:14:26,CUrl
2010 014 16:30:00,CNologon
2010 015 08:30:00,Blogon
2010 015 10:33:29,BUrl
2010 015 12:19:37,CUrl
2010 015 13:33:07,CSendEmail
2010 015 13:51:09,CUrl
2010 015 14:11:02,CSendEmail
2010 015 14:31:28,CSendEmail
2010 015 15:23:17,CUrl
2010 015 16:30:00,CNologon
2010 018 08:30:00,Blogon
2010 018 08:49:44,BUrl
2010 018 12:16:47,CUrl
2010 018 15:00:36,CSendEmail
2010 018 15:05:49,CUrl
2010 018 15:37:12,CSendEmail
2010 018 15:39:20,CSendEmail
2010 018 15:43:35,CUrl
2010 018 16:37:00,CNologon
2010 019 08:19:00,Blogon
2010 019 08:32:17,BUrl
2010 019 12:30:59,CUrl
2010 019 15:43:41,CSendEmail
2010 019 15:49:21,CUrl
2010 019 15:58:02,CSendEmail
2010 019 16:16:54,CUrl
2010 019 16:41:26,CSendEmail
2010 019 16:45:00,CNologon
2010 020 08:30:00,Blogon
2010 020 08:37:39,BUrl
2010 020 11:24:38,BSendEmail
2010 020 11:25:00,BSendEmail
2010 020 11:50:23,BUrl
2010 020 12:32:23,CUrl
2010 020 16:05:52,CSendEmail
2010 020 16:09:04,CUrl
2010 020 16:33:00,CNologon
2010 021 08:31:00,Blogon
2010 021 08:33:06,BUrl
2010 021 08:45:37,BSendEmail
2010 021 09:05:41,BUrl
2010 021 11:42:26,BSendEmail
2010 021 11:49:44,BUrl
2010 021 11:49:59,BSendEmail
2010 021 12:02:03,CUrl
2010 021 16:36:00,CNologon
2010 022 08:18:00,Blogon
2010 022 08:19:55,BUrl
2010 022 09:06:10,BSendEmail
2010 022 09:06:24,BUrl
2010 022 09:06:53,BSendEmail
2010 022 09:07:13,BSendEmail
2010 022 09:21:15,BUrl
2010 022 12:01:49,CUrl
2010 022 16:38:00,CNologon
2010 025 08:26:00,Blogon
2010 025 08:36:15,BUrl
2010 025 10:44:13,BSendEmail
2010 025 10:55:34,BSendEmail
2010 025 10:55:39,BUrl
2010 025 12:10:26,CUrl
2010 025 16:04:43,CSendEmail
2010 025 16:09:26,CUrl
2010 025 16:45:00,CNologon
2010 026 08:30:00,Blogon
2010 026 08:43:06,BUrl
2010 026 08:54:51,BSendEmail
2010 026 08:55:28,BUrl
2010 026 12:08:00,CUrl
2010 026 12:52:33,CSendEmail
2010 026 12:52:43,CSendEmail
2010 026 12:56:29,CUrl
2010 026 16:30:00,CNologon
2010 027 08:24:00,Blogon
2010 027 08:26:25,BUrl
2010 027 12:00:52,CUrl
2010 027 14:54:28,CSendEmail
2010 027 14:54:50,CUrl
2010 027 15:06:12,CSendEmail
2010 027 15:12:48,CSendEmail
2010 027 15:48:22,CUrl
2010 027 16:42:00,CNologon
2010 028 08:16:00,Blogon
2010 028 08:25:52,BUrl
2010 028 09:28:13,BSendEmail
2010 028 09:36:13,BUrl
2010 028 10:46:46,BSendEmail
2010 028 10:53:34,BUrl
2010 028 11:00:19,BSendEmail
2010 028 11:35:40,BUrl
2010 028 12:21:25,CUrl
2010 028 16:29:00,CNologon
2010 029 08:30:00,Blogon
2010 029 08:31:34,BUrl
2010 029 12:25:23,CUrl
2010 029 16:17:23,CSendEmail
2010 029 16:20:22,CSendEmail
2010 029 16:22:15,CSendEmail
2010 029 16:23:17,CUrl
2010 029 16:28:00,CNologon
2010 032 08:32:00,Blogon
2010 032 08:49:33,BUrl
2010 032 11:04:50,BSendEmail
2010 032 11:15:25,BUrl
2010 032 12:07:37,CUrl
2010 032 12:15:16,CSendEmail
2010 032 12:19:39,CSendEmail
2010 032 12:24:17,CUrl
2010 032 16:29:00,CNologon
2010 033 08:32:00,Blogon
2010 033 08:44:21,BUrl
2010 033 11:07:48,BSendEmail
2010 033 11:09:20,BSendEmail
2010 033 11:10:50,BSendEmail
2010 033 11:19:58,BUrl
2010 033 12:03:02,CUrl
2010 033 16:28:00,CNologon
2010 034 08:30:00,Blogon
2010 034 08:38:15,BUrl
2010 034 10:57:09,BSendEmail
2010 034 11:02:36,BSendEmail
2010 034 11:07:37,BSendEmail
2010 034 11:08:16,BUrl
2010 034 12:06:23,CUrl
2010 034 16:30:00,CNologon
2010 035 08:32:00,Blogon
2010 035 08:35:18,BUrl
2010 035 12:17:59,CUrl
2010 035 12:37:51,CSendEmail
2010 035 12:39:44,CSendEmail
2010 035 13:05:20,CUrl
2010 035 15:23:43,CSendEmail
2010 035 15:31:01,CUrl
2010 035 16:28:00,CNologon
2010 036 08:31:00,Blogon
2010 036 08:33:39,BSendEmail
2010 036 08:37:34,BUrl
2010 036 12:12:27,CUrl
2010 036 15:42:06,CSendEmail
2010 036 15:51:20,CUrl
2010 036 16:03:33,CSendEmail
2010 036 16:23:19,CUrl
2010 036 16:28:00,CNologon
2010 039 08:15:00,Blogon
2010 039 08:27:43,BUrl
2010 039 12:01:17,CUrl
2010 039 13:55:44,CSendEmail
2010 039 14:03:19,CSendEmail
2010 039 14:05:59,CUrl
2010 039 16:27:09,CSendEmail
2010 039 16:28:06,CUrl
2010 039 16:37:00,CNologon
2010 040 08:30:00,Blogon
2010 040 08:38:19,BUrl
2010 040 12:04:00,CUrl
2010 040 12:36:34,CSendEmail
2010 040 12:37:35,CSendEmail
2010 040 12:37:36,CSendEmail
2010 040 13:04:36,CUrl
2010 040 16:30:00,CNologon
2010 041 08:32:00,Blogon
2010 041 08:39:49,BUrl
2010 041 10:14:10,BSendEmail
2010 041 10:19:20,BUrl
2010 041 11:10:56,BSendEmail
2010 041 11:18:55,BUrl
2010 041 11:29:55,BSendEmail
2010 041 11:30:36,BUrl
2010 041 12:01:38,CUrl
2010 041 16:29:00,CNologon
2010 042 08:21:00,Blogon
2010 042 08:23:23,BUrl
2010 042 08:31:41,BSendEmail
2010 042 08:39:17,BUrl
2010 042 10:54:50,BSendEmail
2010 042 11:06:31,BUrl
2010 042 12:06:14,CUrl
2010 042 12:42:13,CSendEmail
2010 042 12:50:26,CUrl
2010 042 16:29:00,CNologon
2010 043 08:32:00,Blogon
2010 043 09:04:32,BUrl
2010 043 10:15:03,BSendEmail
2010 043 10:19:39,BUrl
2010 043 12:24:13,CUrl
2010 043 13:27:39,CSendEmail
2010 043 13:38:17,CUrl
2010 043 14:29:55,CSendEmail
2010 043 14:34:47,CUrl
2010 043 16:29:00,CNologon
2010 046 08:24:00,Blogon
2010 046 08:34:59,BUrl
2010 046 09:58:26,BSendEmail
2010 046 10:23:38,BUrl
2010 046 12:09:38,CSendEmail
2010 046 12:27:06,CUrl
2010 046 15:50:55,CSendEmail
2010 046 15:51:24,CUrl
2010 046 16:41:00,CNologon
2010 047 08:32:00,Blogon
2010 047 08:35:51,BUrl
2010 047 09:16:23,BSendEmail
2010 047 09:17:38,BUrl
2010 047 09:54:29,BSendEmail
2010 047 10:08:40,BUrl
2010 047 12:06:50,CUrl
2010 047 12:07:02,CSendEmail
2010 047 12:33:17,CUrl
2010 047 16:28:00,CNologon
2010 048 08:29:00,Blogon
2010 048 08:31:11,BSendEmail
2010 048 08:38:54,BUrl
2010 048 12:27:31,CUrl
2010 048 12:40:12,CSendEmail
2010 048 12:52:24,CUrl
2010 048 14:48:35,CSendEmail
2010 048 15:01:08,CUrl
2010 048 16:39:00,CNologon
2010 049 08:31:00,Blogon
2010 049 08:35:53,BUrl
2010 049 09:04:11,BSendEmail
2010 049 09:04:56,BUrl
2010 049 12:32:48,CUrl
2010 049 14:26:22,CSendEmail
2010 049 14:35:56,CUrl
2010 049 14:54:02,CSendEmail
2010 049 14:54:05,CUrl
2010 049 16:34:00,CNologon
2010 050 08:21:00,Blogon
2010 050 08:32:02,BUrl
2010 050 12:35:57,CUrl
2010 050 13:11:34,CSendEmail
2010 050 13:16:00,CSendEmail
2010 050 13:41:29,CUrl
2010 050 14:01:45,CSendEmail
2010 050 14:25:30,CUrl
2010 050 16:45:00,CNologon
2010 053 08:15:00,Blogon
2010 053 08:23:28,BUrl
2010 053 09:38:33,BSendEmail
2010 053 09:53:11,BUrl
2010 053 12:11:08,CUrl
2010 053 15:37:56,CSendEmail
2010 053 15:42:11,CUrl
2010 053 15:47:39,CSendEmail
2010 053 16:04:59,CUrl
2010 053 16:45:00,CNologon
2010 054 08:32:00,Blogon
2010 054 08:37:35,BSendEmail
2010 054 08:40:31,BUrl
2010 054 08:50:28,BSendEmail
2010 054 08:54:21,BUrl
2010 054 12:00:34,CUrl
2010 054 12:15:27,CSendEmail
2010 054 12:16:15,CUrl
2010 054 16:29:00,CNologon
2010 055 08:30:00,Blogon
2010 055 08:44:12,BUrl
2010 055 12:07:08,CUrl
2010 055 12:24:08,CSendEmail
2010 055 12:25:24,CUrl
2010 055 16:22:33,CSendEmail
2010 055 16:25:18,CUrl
2010 055 16:26:55,CSendEmail
2010 055 16:29:00,CNologon
2010 056 08:32:00,Blogon
2010 056 08:35:24,BUrl
2010 056 10:22:32,BSendEmail
2010 056 10:29:05,BUrl
2010 056 10:31:13,BSendEmail
2010 056 10:36:42,BUrl
2010 056 12:20:41,CUrl
2010 056 12:45:23,CSendEmail
2010 056 12:46:46,CUrl
2010 056 16:29:00,CNologon
2010 057 08:15:00,Blogon
2010 057 08:23:38,BUrl
2010 057 11:21:33,BSendEmail
2010 057 11:24:31,BUrl
2010 057 12:41:22,CSendEmail
2010 057 12:44:14,CUrl
2010 057 16:30:00,CNologon
2010 060 08:19:00,Blogon
2010 060 08:22:22,BUrl
2010 060 08:49:31,BSendEmail
2010 060 08:55:05,BUrl
2010 060 12:10:37,CUrl
2010 060 13:08:19,CSendEmail
2010 060 13:53:12,CUrl
2010 060 14:21:29,CSendEmail
2010 060 14:27:10,CUrl
2010 060 16:33:00,CNologon
2010 061 08:18:00,Blogon
2010 061 08:23:12,BSendEmail
2010 061 08:25:14,BUrl
2010 061 08:37:21,BSendEmail
2010 061 08:37:50,BUrl
2010 061 12:12:29,CUrl
2010 061 15:30:00,CSendEmail
2010 061 15:47:39,CUrl
2010 061 16:30:00,CNologon
2010 062 08:32:00,Blogon
2010 062 08:36:45,BUrl
2010 062 12:50:00,CUrl
2010 062 13:00:22,CSendEmail
2010 062 13:14:00,CUrl
2010 062 13:27:22,CSendEmail
2010 062 13:35:45,CUrl
2010 062 15:23:47,CSendEmail
2010 062 15:48:50,CUrl
2010 062 16:29:00,CNologon
2010 063 08:30:00,Blogon
2010 063 08:35:40,BUrl
2010 063 12:35:11,CSendEmail
2010 063 13:30:56,CUrl
2010 063 15:28:07,CSendEmail
2010 063 15:38:30,CUrl
2010 063 16:09:46,CSendEmail
2010 063 16:16:50,CUrl
2010 063 16:35:00,CNologon
2010 064 08:31:00,Blogon
2010 064 10:07:43,BUrl
2010 064 12:09:14,CUrl
2010 064 13:00:45,CSendEmail
2010 064 13:44:38,CUrl
2010 064 13:53:42,CSendEmail
2010 064 13:54:52,CSendEmail
2010 064 14:35:49,CUrl
2010 064 16:29:00,CNologon
2010 067 08:31:00,Blogon
2010 067 08:33:06,BSendEmail
2010 067 08:33:40,BUrl
2010 067 10:35:04,BSendEmail
2010 067 10:45:19,BUrl
2010 067 11:29:47,BSendEmail
2010 067 12:01:13,CUrl
2010 067 16:30:00,CNologon
2010 068 08:20:00,Blogon
2010 068 08:24:45,BUrl
2010 068 09:26:23,BSendEmail
2010 068 09:32:05,BUrl
2010 068 12:17:30,CUrl
2010 068 14:33:46,CSendEmail
2010 068 15:01:16,CUrl
2010 068 16:17:07,CSendEmail
2010 068 16:24:06,CUrl
2010 068 16:41:00,CNologon
2010 069 08:30:00,Blogon
2010 069 08:55:32,BUrl
2010 069 11:57:21,BSendEmail
2010 069 11:59:39,BSendEmail
2010 069 12:02:07,CUrl
2010 069 16:08:30,CSendEmail
2010 069 16:39:06,CUrl
2010 069 16:45:00,CNologon
2010 070 08:31:00,Blogon
2010 070 08:42:31,BSendEmail
2010 070 08:51:37,BSendEmail
2010 070 09:01:17,BUrl
2010 070 10:57:53,BSendEmail
2010 070 10:59:56,BUrl
2010 070 12:06:33,CUrl
2010 070 16:30:00,CNologon
2010 071 08:20:00,Blogon
2010 071 08:31:19,BUrl
2010 071 10:24:17,BSendEmail
2010 071 10:41:01,BUrl
2010 071 11:13:15,BSendEmail
2010 071 11:18:17,BSendEmail
2010 071 11:36:21,BUrl
2010 071 12:31:27,CUrl
2010 071 16:39:00,CNologon
2010 074 08:24:00,Blogon
2010 074 08:26:52,BUrl
2010 074 11:29:19,BSendEmail
2010 074 11:32:49,BUrl
2010 074 12:31:27,CUrl
2010 074 14:55:54,CSendEmail
2010 074 15:21:00,CSendEmail
2010 074 15:41:31,CUrl
2010 074 16:35:00,CNologon
2010 075 08:32:00,Blogon
2010 075 08:52:56,BSendEmail
2010 075 09:11:19,BSendEmail
2010 075 09:16:17,BUrl
2010 075 10:09:26,BSendEmail
2010 075 10:21:35,BUrl
2010 075 12:38:12,CUrl
2010 075 16:39:00,CNologon
2010 076 08:24:00,Blogon
2010 076 08:33:37,BUrl
2010 076 10:59:41,BSendEmail
2010 076 11:14:38,BSendEmail
2010 076 12:00:49,CUrl
2010 076 16:43:00,CNologon
2010 077 08:28:00,Blogon
2010 077 08:37:05,BUrl
2010 077 12:08:44,CUrl
2010 077 15:46:40,CSendEmail
2010 077 15:52:13,CUrl
2010 077 15:57:20,CSendEmail
2010 077 16:08:46,CUrl
2010 077 16:40:31,CSendEmail
2010 077 16:45:00,CNologon
2010 078 08:30:00,Blogon
2010 078 08:31:06,BUrl
2010 078 11:47:12,BSendEmail
2010 078 12:26:55,CUrl
2010 078 16:02:00,CSendEmail
2010 078 16:03:12,CUrl
2010 078 16:03:30,CSendEmail
2010 078 16:04:36,CUrl
2010 078 16:40:00,CNologon
2010 081 08:26:00,Blogon
2010 081 08:29:42,BSendEmail
2010 081 08:32:53,BSendEmail
2010 081 08:48:56,BUrl
2010 081 12:12:29,CUrl
2010 081 12:36:43,CSendEmail
2010 081 12:49:30,CUrl
2010 081 16:43:00,CNologon
2010 082 08:26:00,Blogon
2010 082 08:37:43,BUrl
2010 082 13:05:49,CUrl
2010 082 14:13:07,CSendEmail
2010 082 14:13:21,CSendEmail
2010 082 14:14:10,CSendEmail
2010 082 14:51:34,CUrl
2010 082 16:32:00,CNologon
2010 083 08:23:00,Blogon
2010 083 08:40:05,BUrl
2010 083 10:31:39,BSendEmail
2010 083 10:34:48,BUrl
2010 083 12:26:44,CUrl
2010 083 13:15:39,CSendEmail
2010 083 13:46:16,CUrl
2010 083 16:11:13,CSendEmail
2010 083 16:27:21,CUrl
2010 083 16:39:00,CNologon
2010 084 08:31:00,Blogon
2010 084 08:34:40,BUrl
2010 084 08:44:27,BSendEmail
2010 084 08:48:57,BUrl
2010 084 12:47:55,CUrl
2010 084 13:57:59,CSendEmail
2010 084 13:58:06,CUrl
2010 084 16:28:00,CNologon
2010 085 08:23:00,Blogon
2010 085 08:33:25,BUrl
2010 085 12:18:14,CUrl
2010 085 12:55:28,CSendEmail
2010 085 13:04:08,CUrl
2010 085 13:08:32,CSendEmail
2010 085 13:09:24,CSendEmail
2010 085 13:24:51,CUrl
2010 085 16:35:00,CNologon
2010 088 08:27:00,Blogon
2010 088 08:28:56,BUrl
2010 088 12:00:45,CUrl
2010 088 13:14:34,CSendEmail
2010 088 13:15:28,CSendEmail
2010 088 13:21:48,CSendEmail
2010 088 13:57:36,CUrl
2010 088 16:41:00,CNologon
2010 089 08:31:00,Blogon
2010 089 08:43:35,BUrl
2010 089 12:07:25,CUrl
2010 089 15:47:48,CSendEmail
2010 089 15:55:44,CSendEmail
2010 089 16:01:25,CSendEmail
2010 089 16:02:25,CUrl
2010 089 16:30:00,CNologon
2010 090 08:27:00,Blogon
2010 090 08:39:32,BUrl
2010 090 09:13:06,BSendEmail
2010 090 09:13:14,BUrl
2010 090 09:18:43,BSendEmail
2010 090 09:25:30,BUrl
2010 090 12:27:44,CUrl
2010 090 13:44:12,CSendEmail
2010 090 13:51:33,CUrl
2010 090 16:43:00,CNologon
2010 091 08:29:00,Blogon
2010 091 09:00:52,BUrl
2010 091 10:32:34,BSendEmail
2010 091 10:38:55,BUrl
2010 091 10:44:28,BSendEmail
2010 091 10:50:48,BUrl
2010 091 10:51:06,BSendEmail
2010 091 10:58:29,BUrl
2010 091 12:00:24,CUrl
2010 091 16:34:00,CNologon
2010 095 08:22:00,Blogon
2010 095 08:35:50,BUrl
2010 095 12:07:53,CUrl
2010 095 12:34:44,CSendEmail
2010 095 12:40:28,CUrl
2010 095 12:43:27,CSendEmail
2010 095 13:13:35,CUrl
2010 095 16:38:30,CSendEmail
2010 095 16:40:00,CNologon
2010 096 08:30:00,Blogon
2010 096 09:18:12,BUrl
2010 096 12:03:17,CUrl
2010 096 14:32:32,CSendEmail
2010 096 15:09:15,CUrl
2010 096 15:17:15,CSendEmail
2010 096 15:17:28,CUrl
2010 096 15:17:54,CSendEmail
2010 096 15:20:32,CUrl
2010 096 16:39:00,CNologon
2010 097 08:25:00,Blogon
2010 097 08:27:12,BUrl
2010 097 10:08:19,BSendEmail
2010 097 10:08:50,BUrl
2010 097 12:25:55,CUrl
2010 097 14:28:56,CSendEmail
2010 097 14:37:14,CUrl
2010 097 16:40:33,CSendEmail
2010 097 16:42:00,CNologon
2010 098 08:32:00,Blogon
2010 098 08:33:31,BUrl
2010 098 12:01:36,CUrl
2010 098 14:00:21,CSendEmail
2010 098 14:00:49,CSendEmail
2010 098 14:12:59,CSendEmail
2010 098 14:31:07,CUrl
2010 098 16:29:00,CNologon
2010 099 08:30:00,Blogon
2010 099 08:55:48,BUrl
2010 099 12:14:55,CUrl
2010 099 15:27:36,CSendEmail
2010 099 15:29:32,CUrl
2010 099 15:32:44,CSendEmail
2010 099 15:34:56,CSendEmail
2010 099 15:59:51,CUrl
2010 099 16:30:00,CNologon
2010 102 08:20:00,Blogon
2010 102 08:21:49,BUrl
2010 102 08:46:23,BSendEmail
2010 102 08:47:08,BSendEmail
2010 102 09:10:57,BUrl
2010 102 12:02:38,CUrl
2010 102 16:30:00,CNologon
2010 103 08:32:00,Blogon
2010 103 08:35:29,BUrl
2010 103 10:53:10,BSendEmail
2010 103 11:00:47,BUrl
2010 103 12:30:44,CUrl
2010 103 12:51:24,CSendEmail
2010 103 12:57:48,CSendEmail
2010 103 13:17:30,CUrl
2010 103 16:42:00,CNologon
2010 104 08:24:00,Blogon
2010 104 08:26:36,BUrl
2010 104 08:35:35,BSendEmail
2010 104 09:03:33,BUrl
2010 104 09:36:11,BSendEmail
2010 104 10:07:51,BUrl
2010 104 12:16:32,CUrl
2010 104 15:24:46,CSendEmail
2010 104 15:38:36,CUrl
2010 104 16:37:00,CNologon
2010 105 08:32:00,Blogon
2010 105 08:50:48,BUrl
2010 105 11:33:13,BSendEmail
2010 105 11:36:29,BSendEmail
2010 105 12:19:57,CUrl
2010 105 15:54:49,CSendEmail
2010 105 16:25:16,CUrl
2010 105 16:30:00,CNologon
2010 106 08:23:00,Blogon
2010 106 08:42:49,BUrl
2010 106 12:35:51,CUrl
2010 106 15:06:55,CSendEmail
2010 106 15:07:57,CSendEmail
2010 106 15:11:35,CUrl
2010 106 15:41:23,CSendEmail
2010 106 15:57:44,CUrl
2010 106 16:35:00,CNologon
2010 109 08:19:00,Blogon
2010 109 08:44:23,BUrl
2010 109 09:10:44,BSendEmail
2010 109 09:28:50,BUrl
2010 109 12:04:30,CUrl
2010 109 16:02:09,CSendEmail
2010 109 16:04:54,CSendEmail
2010 109 16:16:37,CUrl
2010 109 16:33:00,CNologon
2010 110 08:32:00,Blogon
2010 110 09:08:50,BUrl
2010 110 12:02:34,CSendEmail
2010 110 12:04:51,CUrl
2010 110 13:54:35,CSendEmail
2010 110 13:56:37,CSendEmail
2010 110 14:15:48,CUrl
2010 110 16:34:00,CNologon
2010 111 08:19:00,Blogon
2010 111 08:28:38,BUrl
2010 111 12:28:50,CUrl
2010 111 15:10:22,CSendEmail
2010 111 15:12:58,CSendEmail
2010 111 15:14:44,CSendEmail
2010 111 15:17:44,CUrl
2010 111 16:34:00,CNologon
2010 112 08:27:00,Blogon
2010 112 08:51:13,BSendEmail
2010 112 08:54:21,BUrl
2010 112 09:20:35,BSendEmail
2010 112 09:33:43,BUrl
2010 112 10:50:11,BSendEmail
2010 112 10:57:38,BUrl
2010 112 12:00:28,CUrl
2010 112 16:37:00,CNologon
2010 113 08:31:00,Blogon
2010 113 08:32:19,BUrl
2010 113 10:54:46,BSendEmail
2010 113 10:54:58,BSendEmail
2010 113 11:19:04,BUrl
2010 113 12:27:19,CUrl
2010 113 15:44:26,CSendEmail
2010 113 15:52:14,CUrl
2010 113 16:30:00,CNologon
2010 116 08:30:00,Blogon
2010 116 08:37:14,BUrl
2010 116 11:30:13,BSendEmail
2010 116 11:30:49,BSendEmail
2010 116 11:33:57,BUrl
2010 116 11:37:47,BSendEmail
2010 116 12:01:29,CUrl
2010 116 16:30:00,CNologon
2010 117 08:26:00,Blogon
2010 117 08:40:11,BUrl
2010 117 12:13:24,CUrl
2010 117 15:49:12,CSendEmail
2010 117 15:52:34,CSendEmail
2010 117 15:58:18,CSendEmail
2010 117 16:31:08,CUrl
2010 117 16:35:00,CNologon
2010 118 08:21:00,Blogon
2010 118 08:36:28,BUrl
2010 118 12:07:04,CSendEmail
2010 118 12:12:43,CUrl
2010 118 15:32:43,CSendEmail
2010 118 16:03:04,CUrl
2010 118 16:15:20,CSendEmail
2010 118 16:19:46,CUrl
2010 118 16:30:00,CNologon
2010 119 08:32:00,Blogon
2010 119 08:44:40,BUrl
2010 119 12:40:36,CUrl
2010 119 16:28:00,CNologon
2010 120 08:23:00,Blogon
2010 120 08:24:34,BUrl
2010 120 12:26:58,CUrl
2010 120 13:49:22,CSendEmail
2010 120 13:58:42,CUrl
2010 120 16:37:43,CSendEmail
2010 120 16:38:13,CSendEmail
2010 120 16:41:00,CNologon
2010 123 08:31:00,Blogon
2010 123 08:52:58,BUrl
2010 123 12:09:27,CUrl
2010 123 12:50:30,CSendEmail
2010 123 12:54:15,CUrl
2010 123 12:56:12,CSendEmail
2010 123 13:02:10,CUrl
2010 123 14:29:55,CSendEmail
2010 123 14:39:43,CUrl
2010 123 16:29:00,CNologon
2010 124 08:32:00,Blogon
2010 124 08:41:37,BUrl
2010 124 12:46:18,CUrl
2010 124 15:14:29,CSendEmail
2010 124 15:23:38,CUrl
2010 124 16:30:28,CSendEmail
2010 124 16:43:00,CNologon
2010 125 08:32:00,Blogon
2010 125 08:45:02,BUrl
2010 125 12:20:17,CUrl
2010 125 16:28:00,CNologon
2010 126 08:30:00,Blogon
2010 126 08:42:59,BUrl
2010 126 12:01:40,CUrl
2010 126 14:44:19,CSendEmail
2010 126 15:01:25,CUrl
2010 126 15:25:00,CSendEmail
2010 126 15:49:25,CSendEmail
2010 126 15:59:27,CUrl
2010 126 16:30:00,CNologon
2010 127 08:15:00,Blogon
2010 127 08:25:27,BUrl
2010 127 09:28:34,BSendEmail
2010 127 09:29:57,BUrl
2010 127 09:30:58,BSendEmail
2010 127 09:34:36,BUrl
2010 127 09:45:23,BSendEmail
2010 127 10:46:58,BUrl
2010 127 12:06:10,CUrl
2010 127 16:37:00,CNologon
2010 130 08:19:00,Blogon
2010 130 08:20:37,BUrl
2010 130 09:37:20,BSendEmail
2010 130 09:38:50,BUrl
2010 130 10:45:04,BSendEmail
2010 130 10:50:44,BUrl
2010 130 12:16:08,CUrl
2010 130 12:23:19,CSendEmail
2010 130 12:33:05,CUrl
2010 130 16:29:00,CNologon
2010 131 08:26:00,Blogon
2010 131 08:32:16,BUrl
2010 131 12:39:46,CUrl
2010 131 13:34:55,CSendEmail
2010 131 14:01:47,CUrl
2010 131 15:09:54,CSendEmail
2010 131 15:13:09,CUrl
2010 131 16:15:49,CSendEmail
2010 131 16:17:21,CUrl
2010 131 16:34:00,CNologon
2010 132 08:30:00,Blogon
2010 132 09:06:50,BUrl
2010 132 13:08:25,CUrl
2010 132 16:31:00,CNologon
2010 133 08:30:00,Blogon
2010 133 08:35:24,BSendEmail
2010 133 08:35:46,BUrl
2010 133 08:36:52,BSendEmail
2010 133 08:48:53,BUrl
2010 133 10:12:20,BSendEmail
2010 133 10:18:09,BUrl
2010 133 12:00:31,CUrl
2010 133 16:32:00,CNologon
2010 134 08:18:00,Blogon
2010 134 08:35:11,BUrl
2010 134 10:50:17,BSendEmail
2010 134 10:50:25,BSendEmail
2010 134 10:51:25,BSendEmail
2010 134 11:12:05,BUrl
2010 134 12:18:47,CUrl
2010 134 16:35:00,CNologon
2010 137 08:30:00,Blogon
2010 137 08:49:16,BUrl
2010 137 12:05:28,CUrl
2010 137 12:44:07,CSendEmail
2010 137 12:46:25,CSendEmail
2010 137 12:46:49,CSendEmail
2010 137 13:19:51,CUrl
2010 137 16:30:00,CNologon
2010 138 08:21:00,Blogon
2010 138 08:24:48,BSendEmail
2010 138 08:26:53,BSendEmail
2010 138 08:34:48,BSendEmail
2010 138 08:39:24,BUrl
2010 138 12:40:50,CUrl
2010 138 16:43:00,CNologon
2010 139 08:30:00,Blogon
2010 139 08:31:51,BUrl
2010 139 12:09:48,CUrl
2010 139 12:47:27,CSendEmail
2010 139 12:49:41,CSendEmail
2010 139 12:51:04,CSendEmail
2010 139 13:02:07,CUrl
2010 139 16:33:00,CNologon
2010 140 08:29:00,Blogon
2010 140 08:32:50,BUrl
2010 140 11:05:40,BSendEmail
2010 140 11:16:14,BUrl
2010 140 12:35:26,CUrl
2010 140 16:09:08,CSendEmail
2010 140 16:10:53,CUrl
2010 140 16:22:41,CSendEmail
2010 140 16:42:00,CNologon
2010 141 08:15:00,Blogon
2010 141 08:20:34,BUrl
2010 141 11:16:37,BSendEmail
2010 141 11:19:49,BUrl
2010 141 11:20:36,BSendEmail
2010 141 11:23:01,BUrl
2010 141 11:24:33,BSendEmail
2010 141 12:38:36,CUrl
2010 141 16:32:00,CNologon
2010 144 08:29:00,Blogon
2010 144 08:31:20,BUrl
2010 144 12:31:11,CUrl
2010 144 15:33:06,CSendEmail
2010 144 15:43:01,CUrl
2010 144 15:49:39,CSendEmail
2010 144 15:49:55,CUrl
2010 144 15:50:05,CSendEmail
2010 144 16:08:36,CUrl
2010 144 16:42:00,CNologon
2010 145 08:31:00,Blogon
2010 145 08:41:10,BUrl
2010 145 09:35:34,BSendEmail
2010 145 09:41:13,BSendEmail
2010 145 09:42:12,BSendEmail
2010 145 10:08:24,BUrl
2010 145 12:02:55,CUrl
2010 145 16:29:00,CNologon
2010 146 08:30:00,Blogon
2010 146 08:38:23,BUrl
2010 146 12:08:25,CUrl
2010 146 12:24:31,CSendEmail
2010 146 12:25:33,CUrl
2010 146 12:38:48,CSendEmail
2010 146 12:49:56,CSendEmail
2010 146 13:39:41,CUrl
2010 146 16:28:00,CNologon
2010 147 08:26:00,Blogon
2010 147 08:35:14,BUrl
2010 147 11:41:15,BSendEmail
2010 147 11:41:31,BUrl
2010 147 11:41:47,BSendEmail
2010 147 12:06:03,CUrl
2010 147 13:14:04,CSendEmail
2010 147 13:35:31,CUrl
2010 147 16:42:00,CNologon
2010 148 08:15:00,Blogon
2010 148 08:46:06,BUrl
2010 148 15:52:26,CUrl
2010 148 16:12:45,CSendEmail
2010 148 16:13:43,CUrl
2010 148 16:34:00,CNologon
2010 152 08:23:00,Blogon
2010 152 08:34:39,BUrl
2010 152 10:52:24,BSendEmail
2010 152 10:55:04,BUrl
2010 152 12:00:52,CUrl
2010 152 12:23:19,CSendEmail
2010 152 12:29:37,CSendEmail
2010 152 13:08:10,CUrl
2010 152 16:29:00,CNologon
2010 153 08:32:00,Blogon
2010 153 08:53:19,BUrl
2010 153 12:06:57,CUrl
2010 153 13:55:00,CSendEmail
2010 153 14:44:15,CUrl
2010 153 16:01:17,CSendEmail
2010 153 16:13:25,CSendEmail
2010 153 16:14:05,CUrl
2010 153 16:30:00,CNologon
2010 154 08:26:00,Blogon
2010 154 08:59:15,BUrl
2010 154 09:07:43,BSendEmail
2010 154 09:18:27,BUrl
2010 154 09:26:41,BSendEmail
2010 154 09:29:43,BUrl
2010 154 10:14:40,BSendEmail
2010 154 10:15:06,BUrl
2010 154 12:02:22,CUrl
2010 154 16:36:00,CNologon
2010 155 08:29:00,Blogon
2010 155 08:31:06,BUrl
2010 155 08:36:48,BSendEmail
2010 155 08:51:31,BUrl
2010 155 09:28:27,BSendEmail
2010 155 09:35:07,BUrl
2010 155 09:42:34,BSendEmail
2010 155 10:08:05,BUrl
2010 155 12:12:29,CUrl
2010 155 16:43:00,CNologon
2010 158 08:21:00,Blogon
2010 158 08:27:22,BUrl
2010 158 10:18:41,BSendEmail
2010 158 10:22:02,BSendEmail
2010 158 10:26:08,BUrl
2010 158 12:02:26,CUrl
2010 158 13:56:13,CSendEmail
2010 158 14:57:34,CUrl
2010 158 16:43:00,CNologon
2010 159 08:30:00,Blogon
2010 159 08:36:25,BUrl
2010 159 12:45:27,CUrl
2010 159 14:49:27,CSendEmail
2010 159 14:52:20,CSendEmail
2010 159 14:55:30,CSendEmail
2010 159 14:57:39,CUrl
2010 159 16:29:00,CNologon
2010 160 08:19:00,Blogon
2010 160 08:21:18,BUrl
2010 160 11:33:01,BSendEmail
2010 160 11:36:51,BUrl
2010 160 11:43:38,BSendEmail
2010 160 11:47:00,BSendEmail
2010 160 11:58:38,BUrl
2010 160 12:43:47,CUrl
2010 160 16:32:00,CNologon
2010 161 08:21:00,Blogon
2010 161 08:30:56,BUrl
2010 161 10:32:00,BSendEmail
2010 161 10:34:15,BSendEmail
2010 161 10:34:40,BSendEmail
2010 161 10:34:53,BUrl
2010 161 12:31:20,CUrl
2010 161 16:38:00,CNologon
2010 162 08:24:00,Blogon
2010 162 08:36:54,BUrl
2010 162 09:28:35,BSendEmail
2010 162 09:35:20,BUrl
2010 162 12:06:42,CUrl
2010 162 15:30:48,CSendEmail
2010 162 15:30:53,CUrl
2010 162 15:30:54,CSendEmail
2010 162 15:47:32,CUrl
2010 162 16:30:00,CNologon
2010 165 08:31:00,Blogon
2010 165 08:40:16,BUrl
2010 165 12:01:42,CSendEmail
2010 165 12:10:39,CUrl
2010 165 12:16:37,CSendEmail
2010 165 12:34:39,CUrl
2010 165 14:12:51,CSendEmail
2010 165 14:22:36,CUrl
2010 165 16:36:00,CNologon
2010 166 08:30:00,Blogon
2010 166 08:32:45,BSendEmail
2010 166 08:34:59,BUrl
2010 166 08:42:08,BSendEmail
2010 166 08:45:12,BSendEmail
2010 166 08:49:20,BUrl
2010 166 13:09:38,CUrl
2010 166 16:30:00,CNologon
2010 167 08:22:00,Blogon
2010 167 08:32:59,BUrl
2010 167 12:47:44,CUrl
2010 167 13:49:52,CSendEmail
2010 167 14:12:34,CUrl
2010 167 15:07:49,CSendEmail
2010 167 15:30:03,CUrl
2010 167 15:59:00,CSendEmail
2010 167 16:01:35,CUrl
2010 167 16:37:00,CNologon
2010 168 08:32:00,Blogon
2010 168 08:34:57,BSendEmail
2010 168 08:35:19,BUrl
2010 168 12:10:57,CUrl
2010 168 16:03:10,CSendEmail
2010 168 16:12:00,CUrl
2010 168 16:24:38,CSendEmail
2010 168 16:28:00,CNologon
2010 169 08:31:00,Blogon
2010 169 08:34:33,BUrl
2010 169 13:03:12,CSendEmail
2010 169 13:03:52,CSendEmail
2010 169 13:09:15,CUrl
2010 169 16:28:00,CNologon
2010 172 08:27:00,Blogon
2010 172 08:56:18,BUrl
2010 172 12:02:15,CUrl
2010 172 12:05:41,CSendEmail
2010 172 12:09:18,CUrl
2010 172 13:36:51,CSendEmail
2010 172 13:48:59,CUrl
2010 172 15:46:05,CSendEmail
2010 172 15:58:06,CUrl
2010 172 16:37:00,CNologon
2010 173 08:30:00,Blogon
2010 173 08:38:50,BUrl
2010 173 10:02:29,BSendEmail
2010 173 10:04:35,BUrl
2010 173 10:48:23,BSendEmail
2010 173 10:49:21,BSendEmail
2010 173 11:03:35,BUrl
2010 173 12:56:14,CUrl
2010 173 16:34:00,CNologon
2010 174 08:18:00,Blogon
2010 174 08:19:12,BUrl
2010 174 09:17:44,BSendEmail
2010 174 09:27:42,BUrl
2010 174 12:00:13,CUrl
2010 174 14:38:58,CSendEmail
2010 174 14:41:13,CUrl
2010 174 14:46:07,CSendEmail
2010 174 15:05:29,CUrl
2010 174 16:44:00,CNologon
2010 175 08:31:00,Blogon
2010 175 08:33:36,BUrl
2010 175 09:32:12,BSendEmail
2010 175 09:37:59,BUrl
2010 175 10:53:59,BSendEmail
2010 175 10:57:26,BUrl
2010 175 10:59:51,BSendEmail
2010 175 11:24:17,BUrl
2010 175 12:13:17,CUrl
2010 175 16:28:00,CNologon
2010 176 08:28:00,Blogon
2010 176 08:29:04,BSendEmail
2010 176 08:30:42,BUrl
2010 176 10:59:25,BSendEmail
2010 176 11:00:39,BSendEmail
2010 176 11:25:48,BUrl
2010 176 12:34:36,CUrl
2010 176 16:38:00,CNologon
2010 179 08:20:00,Blogon
2010 179 08:25:15,BUrl
2010 179 12:47:22,CUrl
2010 179 15:23:38,CSendEmail
2010 179 15:38:02,CUrl
2010 179 16:27:16,CSendEmail
2010 179 16:28:12,CSendEmail
2010 179 16:30:56,CUrl
2010 179 16:38:00,CNologon
2010 180 08:31:00,Blogon
2010 180 08:33:45,BUrl
2010 180 11:09:27,BSendEmail
2010 180 11:10:44,BUrl
2010 180 11:27:19,BSendEmail
2010 180 11:50:21,BUrl
2010 180 12:40:23,CUrl
2010 180 13:29:26,CSendEmail
2010 180 14:05:10,CUrl
2010 180 16:37:00,CNologon
2010 181 08:30:00,Blogon
2010 181 08:31:44,BUrl
2010 181 12:00:07,CUrl
2010 181 15:18:14,CSendEmail
2010 181 15:26:23,CUrl
2010 181 16:04:39,CSendEmail
2010 181 16:18:01,CUrl
2010 181 16:20:16,CSendEmail
2010 181 16:28:00,CNologon
2010 182 08:20:00,Blogon
2010 182 08:28:18,BUrl
2010 182 10:23:29,BSendEmail
2010 182 10:24:04,BUrl
2010 182 12:11:06,CSendEmail
2010 182 12:19:36,CSendEmail
2010 182 12:37:27,CUrl
2010 182 16:32:00,CNologon
2010 183 08:21:00,Blogon
2010 183 08:23:08,BSendEmail
2010 183 08:23:51,BUrl
2010 183 08:24:22,BSendEmail
2010 183 08:44:45,BUrl
2010 183 10:17:40,BSendEmail
2010 183 10:38:19,BUrl
2010 183 12:48:55,CUrl
2010 183 16:41:00,CNologon
2010 187 08:20:00,Blogon
2010 187 08:21:24,BUrl
2010 187 08:50:32,BSendEmail
2010 187 08:53:24,BUrl
2010 187 09:15:32,BSendEmail
2010 187 09:30:27,BUrl
2010 187 09:56:11,BSendEmail
2010 187 10:39:44,BUrl
2010 187 12:15:33,CUrl
2010 187 16:30:00,CNologon
2010 188 08:31:00,Blogon
2010 188 08:48:20,BUrl
2010 188 10:52:54,BSendEmail
2010 188 11:30:46,BUrl
2010 188 12:37:42,CSendEmail
2010 188 12:46:42,CUrl
2010 188 13:03:44,CSendEmail
2010 188 13:44:45,CUrl
2010 188 16:29:00,CNologon
2010 189 08:25:00,Blogon
2010 189 08:28:49,BUrl
2010 189 12:07:07,CUrl
2010 189 13:23:07,CSendEmail
2010 189 13:36:50,CUrl
2010 189 15:16:26,CSendEmail
2010 189 15:17:59,CSendEmail
2010 189 15:18:49,CUrl
2010 189 16:28:00,CNologon
2010 190 08:31:00,Blogon
2010 190 08:53:08,BSendEmail
2010 190 08:55:09,BUrl
2010 190 08:56:09,BSendEmail
2010 190 09:02:56,BSendEmail
2010 190 09:09:59,BUrl
2010 190 12:03:08,CUrl
2010 190 16:28:00,CNologon
2010 193 08:25:00,Blogon
2010 193 08:26:45,BSendEmail
2010 193 08:29:26,BSendEmail
2010 193 08:30:12,BUrl
2010 193 08:34:58,BSendEmail
2010 193 08:44:53,BUrl
2010 193 12:43:49,CUrl
2010 193 16:36:00,CNologon
2010 194 08:32:00,Blogon
2010 194 08:58:55,BUrl
2010 194 12:04:39,CUrl
2010 194 14:27:21,CSendEmail
2010 194 14:27:31,CUrl
2010 194 14:33:50,CSendEmail
2010 194 14:50:47,CSendEmail
2010 194 15:37:39,CUrl
2010 194 16:28:00,CNologon
2010 195 08:32:00,Blogon
2010 195 08:44:46,BUrl
2010 195 09:20:53,BSendEmail
2010 195 09:22:11,BUrl
2010 195 12:19:24,CUrl
2010 195 13:44:38,CSendEmail
2010 195 13:44:59,CUrl
2010 195 13:45:41,CSendEmail
2010 195 13:45:45,CUrl
2010 195 16:29:00,CNologon
2010 196 08:32:00,Blogon
2010 196 08:49:19,BUrl
2010 196 12:02:05,CUrl
2010 196 12:32:04,CSendEmail
2010 196 12:55:56,CUrl
2010 196 14:42:52,CSendEmail
2010 196 14:42:58,CUrl
2010 196 16:14:54,CSendEmail
2010 196 16:23:41,CUrl
2010 196 16:29:00,CNologon
2010 197 08:32:00,Blogon
2010 197 08:39:49,BUrl
2010 197 10:50:26,BSendEmail
2010 197 11:06:35,BUrl
2010 197 12:02:43,CUrl
2010 197 12:28:34,CSendEmail
2010 197 12:37:34,CSendEmail
2010 197 13:19:38,CUrl
2010 197 16:34:00,CNologon
2010 200 08:30:00,Blogon
2010 200 08:33:31,BSendEmail
2010 200 08:34:12,BSendEmail
2010 200 08:35:06,BSendEmail
2010 200 08:46:49,BUrl
2010 200 12:22:17,CUrl
2010 200 16:30:00,CNologon
2010 201 08:28:00,Blogon
2010 201 08:29:46,BUrl
2010 201 10:06:09,BSendEmail
2010 201 10:07:10,BUrl
2010 201 12:48:43,CUrl
2010 201 15:03:14,CSendEmail
2010 201 15:11:30,CUrl
2010 201 16:19:41,CSendEmail
2010 201 16:20:15,CUrl
2010 201 16:28:00,CNologon
2010 202 08:32:00,Blogon
2010 202 09:16:20,BUrl
2010 202 11:42:43,BSendEmail
2010 202 11:43:30,BUrl
2010 202 12:08:26,CUrl
2010 202 12:32:58,CSendEmail
2010 202 12:43:31,CUrl
2010 202 12:55:33,CSendEmail
2010 202 13:37:18,CUrl
2010 202 16:28:00,CNologon
2010 203 08:20:00,Blogon
2010 203 08:24:17,BUrl
2010 203 12:11:27,CUrl
2010 203 14:59:46,CSendEmail
2010 203 15:04:18,CUrl
2010 203 16:37:00,CNologon
2010 204 08:31:00,Blogon
2010 204 08:38:39,BUrl
2010 204 08:48:50,BSendEmail
2010 204 08:55:54,BUrl
2010 204 08:56:31,BSendEmail
2010 204 09:07:17,BUrl
2010 204 09:22:47,BSendEmail
2010 204 09:47:12,BUrl
2010 204 12:00:48,CUrl
2010 204 16:41:00,CNologon
2010 207 08:21:00,Blogon
2010 207 08:24:34,BUrl
2010 207 09:49:31,BSendEmail
2010 207 09:52:46,BUrl
2010 207 12:17:25,CUrl
2010 207 15:55:32,CSendEmail
2010 207 15:57:36,CSendEmail
2010 207 16:07:29,CUrl
2010 207 16:29:00,CNologon
2010 208 08:32:00,Blogon
2010 208 08:36:11,BUrl
2010 208 11:11:16,BSendEmail
2010 208 11:24:34,BUrl
2010 208 11:29:45,BSendEmail
2010 208 11:38:04,BUrl
2010 208 12:41:08,CUrl
2010 208 16:28:00,CNologon
2010 209 08:31:00,Blogon
2010 209 08:39:01,BUrl
2010 209 09:25:49,BSendEmail
2010 209 09:29:30,BUrl
2010 209 10:00:31,BSendEmail
2010 209 10:04:26,BUrl
2010 209 12:03:09,CUrl
2010 209 16:25:54,CSendEmail
2010 209 16:28:00,CNologon
2010 210 08:31:00,Blogon
2010 210 08:49:54,BUrl
2010 210 11:32:49,BSendEmail
2010 210 11:41:06,BUrl
2010 210 12:03:38,CUrl
2010 210 12:10:29,CSendEmail
2010 210 12:29:46,CUrl
2010 210 16:08:41,CSendEmail
2010 210 16:16:01,CUrl
2010 210 16:28:00,CNologon
2010 211 08:30:00,Blogon
2010 211 08:31:22,BSendEmail
2010 211 08:36:30,BUrl
2010 211 08:40:53,BSendEmail
2010 211 09:10:50,BUrl
2010 211 10:34:19,BSendEmail
2010 211 10:52:04,BUrl
2010 211 12:04:40,CUrl
2010 211 16:29:00,CNologon
2010 214 08:26:00,Blogon
2010 214 08:36:16,BUrl
2010 214 11:07:02,BSendEmail
2010 214 11:21:24,BUrl
2010 214 11:30:40,BSendEmail
2010 214 11:37:04,BUrl
2010 214 11:39:54,BSendEmail
2010 214 12:02:40,CUrl
2010 214 16:30:00,CNologon
2010 215 08:31:00,Blogon
2010 215 08:33:26,BUrl
2010 215 12:52:58,CUrl
2010 215 15:06:05,CSendEmail
2010 215 15:06:08,CUrl
2010 215 15:06:11,CSendEmail
2010 215 15:39:44,CUrl
2010 215 16:28:00,CNologon
2010 216 08:24:00,Blogon
2010 216 08:25:51,BUrl
2010 216 09:42:48,BSendEmail
2010 216 09:43:11,BUrl
2010 216 12:12:15,CUrl
2010 216 16:41:00,CNologon
2010 217 08:30:00,Blogon
2010 217 08:41:54,BUrl
2010 217 11:30:32,BSendEmail
2010 217 11:38:39,BUrl
2010 217 11:45:06,BSendEmail
2010 217 11:53:39,BUrl
2010 217 12:39:11,CUrl
2010 217 14:06:14,CSendEmail
2010 217 14:18:23,CUrl
2010 217 16:30:00,CNologon
2010 218 08:31:00,Blogon
2010 218 08:41:35,BUrl
2010 218 12:13:47,CUrl
2010 218 14:19:58,CSendEmail
2010 218 14:31:29,CUrl
2010 218 14:40:56,CSendEmail
2010 218 14:44:30,CUrl
2010 218 16:25:15,CSendEmail
2010 218 16:29:00,CNologon
2010 221 08:31:00,Blogon
2010 221 08:55:38,BUrl
2010 221 10:39:32,BSendEmail
2010 221 10:43:10,BSendEmail
2010 221 11:10:30,BUrl
2010 221 12:44:22,CUrl
2010 221 15:55:53,CSendEmail
2010 221 15:58:28,CUrl
2010 221 16:28:00,CNologon
2010 222 08:30:00,Blogon
2010 222 08:35:59,BUrl
2010 222 11:37:24,BSendEmail
2010 222 11:52:35,BSendEmail
2010 222 11:54:04,BUrl
2010 222 12:16:20,CUrl
2010 222 13:09:05,CSendEmail
2010 222 13:12:32,CUrl
2010 222 16:29:00,CNologon
2010 223 08:32:00,Blogon
2010 223 08:46:49,BUrl
2010 223 08:52:34,BSendEmail
2010 223 09:01:27,BUrl
2010 223 09:10:18,BSendEmail
2010 223 09:17:50,BUrl
2010 223 09:38:23,BSendEmail
2010 223 09:52:22,BUrl
2010 223 12:07:15,CUrl
2010 223 16:29:00,CNologon
2010 224 08:29:00,Blogon
2010 224 08:45:00,BUrl
2010 224 09:00:31,BSendEmail
2010 224 09:39:47,BUrl
2010 224 09:50:48,BSendEmail
2010 224 10:02:10,BUrl
2010 224 10:08:30,BSendEmail
2010 224 10:36:01,BUrl
2010 224 12:03:33,CUrl
2010 224 16:40:00,CNologon
2010 225 08:32:00,Blogon
2010 225 08:40:40,BUrl
2010 225 10:05:19,BSendEmail
2010 225 10:15:24,BUrl
2010 225 10:33:25,BSendEmail
2010 225 10:34:10,BSendEmail
2010 225 10:40:23,BUrl
2010 225 12:02:02,CUrl
2010 225 16:30:00,CNologon
2010 228 08:32:00,Blogon
2010 228 08:36:59,BUrl
2010 228 11:08:03,BSendEmail
2010 228 11:29:02,BUrl
2010 228 12:31:25,CUrl
2010 228 14:13:31,CSendEmail
2010 228 14:46:23,CUrl
2010 228 16:37:01,CSendEmail
2010 228 16:38:33,CUrl
2010 228 16:44:00,CNologon
2010 229 08:31:00,Blogon
2010 229 08:33:54,BSendEmail
2010 229 08:50:09,BUrl
2010 229 10:43:40,BSendEmail
2010 229 10:55:36,BUrl
2010 229 12:03:17,CUrl
2010 229 16:30:00,CNologon
2010 230 08:19:00,Blogon
2010 230 08:34:28,BUrl
2010 230 12:04:09,CUrl
2010 230 14:53:25,CSendEmail
2010 230 14:57:07,CUrl
2010 230 16:27:39,CSendEmail
2010 230 16:31:08,CUrl
2010 230 16:32:51,CSendEmail
2010 230 16:38:00,CNologon
2010 231 08:15:00,Blogon
2010 231 08:30:41,BUrl
2010 231 12:33:39,CUrl
2010 231 12:49:36,CSendEmail
2010 231 13:03:47,CSendEmail
2010 231 13:15:49,CSendEmail
2010 231 13:30:54,CUrl
2010 231 16:41:00,CNologon
2010 232 08:31:00,Blogon
2010 232 08:34:27,BSendEmail
2010 232 08:35:16,BUrl
2010 232 12:02:46,CUrl
2010 232 14:55:11,CSendEmail
2010 232 15:04:32,CUrl
2010 232 15:43:56,CSendEmail
2010 232 15:46:07,CUrl
2010 232 16:29:00,CNologon
2010 235 08:24:00,Blogon
2010 235 08:58:30,BUrl
2010 235 09:12:27,BSendEmail
2010 235 09:39:26,BUrl
2010 235 12:07:41,CUrl
2010 235 14:50:50,CSendEmail
2010 235 14:52:32,CSendEmail
2010 235 15:49:16,CUrl
2010 235 16:33:00,CNologon
2010 236 08:30:00,Blogon
2010 236 08:35:09,BUrl
2010 236 10:15:45,BSendEmail
2010 236 10:16:31,BUrl
2010 236 12:10:10,CUrl
2010 236 13:29:56,CSendEmail
2010 236 14:00:13,CUrl
2010 236 15:00:08,CSendEmail
2010 236 15:04:53,CUrl
2010 236 16:29:00,CNologon
2010 237 08:32:00,Blogon
2010 237 08:50:19,BUrl
2010 237 11:12:12,BSendEmail
2010 237 11:15:18,BUrl
2010 237 12:20:46,CUrl
2010 237 16:38:00,CNologon
2010 238 08:32:00,Blogon
2010 238 08:38:54,BUrl
2010 238 12:36:18,CUrl
2010 238 12:54:19,CSendEmail
2010 238 12:54:28,CUrl
2010 238 16:30:00,CNologon
2010 239 08:23:00,Blogon
2010 239 08:25:14,BSendEmail
2010 239 08:26:55,BUrl
2010 239 12:00:13,CUrl
2010 239 12:29:28,CSendEmail
2010 239 12:53:25,CUrl
2010 239 13:03:05,CSendEmail
2010 239 13:25:21,CUrl
2010 239 16:29:00,CNologon
2010 242 08:31:00,Blogon
2010 242 08:34:40,BUrl
2010 242 12:03:12,CUrl
2010 242 14:20:18,CSendEmail
2010 242 14:26:07,CUrl
2010 242 15:05:30,CSendEmail
2010 242 15:16:02,CUrl
2010 242 15:19:48,CSendEmail
2010 242 15:28:01,CUrl
2010 242 16:28:00,CNologon
2010 243 08:31:00,Blogon
2010 243 09:16:53,BUrl
2010 243 12:33:16,CUrl
2010 243 13:02:26,CSendEmail
2010 243 14:34:53,CUrl
2010 243 16:13:52,CSendEmail
2010 243 16:15:52,CUrl
2010 243 16:19:21,CSendEmail
2010 243 16:20:27,CUrl
2010 243 16:28:00,CNologon
2010 244 08:30:00,Blogon
2010 244 08:37:02,BUrl
2010 244 12:18:07,CUrl
2010 244 16:16:42,CSendEmail
2010 244 16:17:45,CUrl
2010 244 16:22:40,CSendEmail
2010 244 16:24:13,CUrl
2010 244 16:28:51,CSendEmail
2010 244 16:30:00,CNologon
2010 245 08:30:00,Blogon
2010 245 08:32:35,BUrl
2010 245 10:16:58,BSendEmail
2010 245 10:22:28,BSendEmail
2010 245 10:27:07,BUrl
2010 245 12:28:37,CUrl
2010 245 15:35:15,CSendEmail
2010 245 16:07:33,CUrl
2010 245 16:30:00,CNologon
2010 246 08:17:00,Blogon
2010 246 08:24:34,BUrl
2010 246 09:05:54,BSendEmail
2010 246 09:09:18,BSendEmail
2010 246 09:12:16,BUrl
2010 246 09:26:25,BSendEmail
2010 246 09:40:10,BUrl
2010 246 12:01:22,CUrl
2010 246 16:36:00,CNologon
2010 250 08:32:00,Blogon
2010 250 08:41:59,BUrl
2010 250 08:57:31,BSendEmail
2010 250 09:11:01,BUrl
2010 250 12:00:06,CUrl
2010 250 16:30:39,CSendEmail
2010 250 16:30:54,CSendEmail
2010 250 16:31:49,CUrl
2010 250 16:37:00,CNologon
2010 251 08:32:00,Blogon
2010 251 08:38:19,BUrl
2010 251 10:01:24,BSendEmail
2010 251 10:18:24,BUrl
2010 251 10:38:14,BSendEmail
2010 251 10:48:45,BSendEmail
2010 251 11:29:41,BUrl
2010 251 12:30:09,CUrl
2010 251 16:29:00,CNologon
2010 252 08:17:00,Blogon
2010 252 08:27:45,BUrl
2010 252 08:53:43,BSendEmail
2010 252 09:12:18,BUrl
2010 252 10:30:59,BSendEmail
2010 252 11:21:02,BUrl
2010 252 12:15:32,CUrl
2010 252 16:40:32,CSendEmail
2010 252 16:43:00,CNologon
2010 253 08:31:00,Blogon
2010 253 08:39:29,BUrl
2010 253 09:41:56,BSendEmail
2010 253 10:11:32,BUrl
2010 253 12:03:41,CUrl
2010 253 12:25:14,CSendEmail
2010 253 12:52:14,CSendEmail
2010 253 13:02:34,CUrl
2010 253 16:33:00,CNologon
2010 256 08:22:00,Blogon
2010 256 08:38:11,BUrl
2010 256 09:13:01,BSendEmail
2010 256 09:18:41,BUrl
2010 256 12:01:42,CUrl
2010 256 16:33:22,CSendEmail
2010 256 16:36:25,CSendEmail
2010 256 16:38:00,CNologon
2010 257 08:21:00,Blogon
2010 257 08:22:00,BUrl
2010 257 12:04:00,CUrl
2010 257 14:52:58,CSendEmail
2010 257 14:57:41,CUrl
2010 257 15:03:33,CSendEmail
2010 257 15:22:52,CSendEmail
2010 257 15:49:55,CUrl
2010 257 16:32:00,CNologon
2010 258 08:29:00,Blogon
2010 258 08:37:57,BUrl
2010 258 09:09:30,BSendEmail
2010 258 09:09:58,BUrl
2010 258 09:13:05,BSendEmail
2010 258 09:39:14,BUrl
2010 258 12:23:36,CUrl
2010 258 14:39:02,CSendEmail
2010 258 15:11:01,CUrl
2010 258 16:41:00,CNologon
2010 259 08:32:00,Blogon
2010 259 08:46:46,BUrl
2010 259 12:31:08,CUrl
2010 259 13:41:59,CSendEmail
2010 259 13:43:33,CUrl
2010 259 13:55:13,CSendEmail
2010 259 14:12:53,CUrl
2010 259 15:24:06,CSendEmail
2010 259 15:44:38,CUrl
2010 259 16:29:00,CNologon
2010 260 08:17:00,Blogon
2010 260 08:20:35,BUrl
2010 260 11:03:19,BSendEmail
2010 260 11:03:31,BUrl
2010 260 11:33:33,BSendEmail
2010 260 11:34:05,BUrl
2010 260 11:46:02,BSendEmail
2010 260 12:34:35,CUrl
2010 260 16:40:00,CNologon
2010 263 08:25:00,Blogon
2010 263 08:29:50,BSendEmail
2010 263 08:32:53,BUrl
2010 263 08:54:26,BSendEmail
2010 263 09:03:19,BUrl
2010 263 09:31:17,BSendEmail
2010 263 09:38:24,BUrl
2010 263 12:01:31,CUrl
2010 263 16:40:00,CNologon
2010 264 08:18:00,Blogon
2010 264 08:23:52,BUrl
2010 264 09:06:03,BSendEmail
2010 264 09:16:56,BUrl
2010 264 10:18:33,BSendEmail
2010 264 10:43:39,BUrl
2010 264 12:03:19,CUrl
2010 264 13:39:03,CSendEmail
2010 264 13:58:49,CUrl
2010 264 16:36:00,CNologon
2010 265 08:31:00,Blogon
2010 265 09:00:13,BUrl
2010 265 12:09:52,CUrl
2010 265 14:00:38,CSendEmail
2010 265 14:07:28,CUrl
2010 265 14:15:00,CSendEmail
2010 265 14:19:09,CUrl
2010 265 16:21:39,CSendEmail
2010 265 16:30:00,CNologon
2010 266 08:30:00,Blogon
2010 266 08:31:16,BUrl
2010 266 10:51:21,BSendEmail
2010 266 11:18:56,BUrl
2010 266 12:12:15,CUrl
2010 266 13:16:11,CSendEmail
2010 266 13:26:27,CUrl
2010 266 16:29:00,CNologon
2010 267 08:30:00,Blogon
2010 267 08:55:18,BUrl
2010 267 11:03:14,BSendEmail
2010 267 11:10:40,BSendEmail
2010 267 12:26:30,CUrl
2010 267 13:01:31,CSendEmail
2010 267 13:07:16,CUrl
2010 267 16:30:00,CNologon
2010 270 08:32:00,Blogon
2010 270 08:37:36,BUrl
2010 270 08:42:07,BSendEmail
2010 270 08:47:50,BSendEmail
2010 270 08:51:34,BUrl
2010 270 10:28:56,BSendEmail
2010 270 11:25:22,BUrl
2010 270 12:00:48,CUrl
2010 270 16:28:00,CNologon
2010 271 08:22:00,Blogon
2010 271 08:34:08,BUrl
2010 271 12:28:49,CUrl
2010 271 15:16:50,CSendEmail
2010 271 15:25:17,CUrl
2010 271 15:46:14,CSendEmail
2010 271 15:53:24,CSendEmail
2010 271 16:15:14,CUrl
2010 271 16:39:00,CNologon
2010 272 08:18:00,Blogon
2010 272 08:38:59,BUrl
2010 272 12:13:17,CUrl
2010 272 15:49:23,CSendEmail
2010 272 15:49:54,CSendEmail
2010 272 15:51:14,CUrl
2010 272 15:51:36,CSendEmail
2010 272 16:28:47,CUrl
2010 272 16:37:00,CNologon
2010 273 08:22:00,Blogon
2010 273 08:23:02,BUrl
2010 273 11:44:36,BSendEmail
2010 273 11:48:12,BUrl
2010 273 12:02:23,CUrl
2010 273 12:32:02,CSendEmail
2010 273 13:21:32,CUrl
2010 273 14:30:47,CSendEmail
2010 273 14:32:48,CUrl
2010 273 16:42:00,CNologon
2010 274 08:30:00,Blogon
2010 274 08:36:44,BUrl
2010 274 12:10:51,CUrl
2010 274 14:02:30,CSendEmail
2010 274 14:08:59,CUrl
2010 274 14:25:21,CSendEmail
2010 274 14:26:17,CUrl
2010 274 14:52:22,CSendEmail
2010 274 14:53:24,CUrl
2010 274 16:31:00,CNologon
2010 277 08:29:00,Blogon
2010 277 08:36:41,BUrl
2010 277 08:43:17,BSendEmail
2010 277 08:43:39,BSendEmail
2010 277 08:44:29,BSendEmail
2010 277 08:45:52,BUrl
2010 277 12:21:16,CUrl
2010 277 16:41:00,CNologon
2010 278 08:17:00,Blogon
2010 278 08:18:33,BUrl
2010 278 11:12:53,BSendEmail
2010 278 11:19:56,BSendEmail
2010 278 11:34:57,BUrl
2010 278 12:12:29,CUrl
2010 278 16:43:00,CNologon
2010 279 08:30:00,Blogon
2010 279 08:35:15,BSendEmail
2010 279 08:49:33,BUrl
2010 279 08:51:52,BSendEmail
2010 279 09:00:47,BUrl
2010 279 09:20:51,BSendEmail
2010 279 09:23:32,BUrl
2010 279 12:42:54,CUrl
2010 279 16:28:00,CNologon
2010 280 08:18:00,Blogon
2010 280 11:30:11,BUrl
2010 280 12:17:08,CUrl
2010 280 12:28:55,CSendEmail
2010 280 12:31:41,CUrl
2010 280 15:26:15,CSendEmail
2010 280 15:26:16,CUrl
2010 280 15:26:59,CSendEmail
2010 280 16:37:00,CNologon
2010 281 08:30:00,Blogon
2010 281 08:44:25,BUrl
2010 281 12:46:41,CUrl
2010 281 13:05:48,CSendEmail
2010 281 13:19:27,CUrl
2010 281 13:46:07,CSendEmail
2010 281 14:02:08,CSendEmail
2010 281 14:13:13,CUrl
2010 281 16:29:00,CNologon
2010 284 08:32:00,Blogon
2010 284 08:39:10,BUrl
2010 284 12:03:28,CUrl
2010 284 13:36:15,CSendEmail
2010 284 13:40:50,CUrl
2010 284 13:56:52,CSendEmail
2010 284 14:07:01,CUrl
2010 284 14:11:25,CSendEmail
2010 284 14:11:49,CUrl
2010 284 16:28:00,CNologon
2010 285 08:31:00,Blogon
2010 285 08:44:54,BUrl
2010 285 12:57:01,CUrl
2010 285 13:42:45,CSendEmail
2010 285 13:59:18,CUrl
2010 285 15:04:17,CSendEmail
2010 285 15:27:34,CUrl
2010 285 15:27:59,CSendEmail
2010 285 15:55:45,CUrl
2010 285 16:30:00,CNologon
2010 286 08:17:00,Blogon
2010 286 08:51:24,BUrl
2010 286 12:00:06,CUrl
2010 286 12:00:49,CSendEmail
2010 286 12:49:24,CUrl
2010 286 12:57:50,CSendEmail
2010 286 12:59:50,CSendEmail
2010 286 13:45:49,CUrl
2010 286 16:28:00,CNologon
2010 287 08:15:00,Blogon
2010 287 08:20:03,BUrl
2010 287 09:46:08,BSendEmail
2010 287 09:54:44,BUrl
2010 287 11:06:26,BSendEmail
2010 287 11:12:22,BUrl
2010 287 12:05:16,CUrl
2010 287 12:15:54,CSendEmail
2010 287 12:25:32,CUrl
2010 287 16:32:00,CNologon
2010 288 08:31:00,Blogon
2010 288 08:41:50,BUrl
2010 288 12:00:21,CUrl
2010 288 12:18:43,CSendEmail
2010 288 12:34:27,CSendEmail
2010 288 12:35:05,CUrl
2010 288 15:40:15,CSendEmail
2010 288 15:44:15,CUrl
2010 288 16:30:00,CNologon
2010 291 08:16:00,Blogon
2010 291 08:18:54,BSendEmail
2010 291 08:29:08,BUrl
2010 291 08:35:22,BSendEmail
2010 291 08:35:46,BSendEmail
2010 291 08:57:00,BUrl
2010 291 12:47:49,CUrl
2010 291 16:30:00,CNologon
2010 292 08:30:00,Blogon
2010 292 08:55:59,BUrl
2010 292 09:08:10,BSendEmail
2010 292 09:12:12,BUrl
2010 292 09:24:52,BSendEmail
2010 292 10:22:09,BUrl
2010 292 12:10:08,CUrl
2010 292 16:28:24,CSendEmail
2010 292 16:32:00,CNologon
2010 293 08:26:00,Blogon
2010 293 08:27:29,BUrl
2010 293 09:11:04,BSendEmail
2010 293 09:36:26,BUrl
2010 293 09:44:24,BSendEmail
2010 293 09:58:45,BUrl
2010 293 12:08:09,CSendEmail
2010 293 12:34:33,CUrl
2010 293 16:43:00,CNologon
2010 294 08:30:00,Blogon
2010 294 08:43:59,BUrl
2010 294 08:55:10,BSendEmail
2010 294 09:00:50,BUrl
2010 294 12:05:11,CSendEmail
2010 294 12:11:27,CUrl
2010 294 14:05:15,CSendEmail
2010 294 14:07:15,CUrl
2010 294 16:31:00,CNologon
2010 295 08:31:00,Blogon
2010 295 08:34:54,BUrl
2010 295 12:02:21,CUrl
2010 295 14:44:50,CSendEmail
2010 295 14:51:36,CUrl
2010 295 15:28:01,CSendEmail
2010 295 15:28:45,CUrl
2010 295 15:52:42,CSendEmail
2010 295 16:06:26,CUrl
2010 295 16:29:00,CNologon
2010 298 08:30:00,Blogon
2010 298 09:39:31,BUrl
2010 298 11:55:45,BSendEmail
2010 298 12:06:56,CUrl
2010 298 14:16:04,CSendEmail
2010 298 14:22:26,CSendEmail
2010 298 14:23:53,CUrl
2010 298 16:28:00,CNologon
2010 299 08:30:00,Blogon
2010 299 08:56:46,BUrl
2010 299 10:00:01,BSendEmail
2010 299 10:01:45,BSendEmail
2010 299 10:07:14,BUrl
2010 299 12:14:10,CUrl
2010 299 13:03:01,CSendEmail
2010 299 13:09:00,CUrl
2010 299 16:44:00,CNologon
2010 300 08:21:00,Blogon
2010 300 08:30:23,BUrl
2010 300 12:00:08,CUrl
2010 300 13:07:10,CSendEmail
2010 300 13:09:29,CSendEmail
2010 300 13:18:05,CUrl
2010 300 15:23:44,CSendEmail
2010 300 15:28:26,CUrl
2010 300 16:32:00,CNologon
2010 301 08:20:00,Blogon
2010 301 08:36:31,BUrl
2010 301 09:39:18,BSendEmail
2010 301 09:46:32,BUrl
2010 301 12:17:01,CUrl
2010 301 13:51:09,CSendEmail
2010 301 13:57:41,CSendEmail
2010 301 13:59:22,CUrl
2010 301 16:39:00,CNologon
2010 302 08:29:00,Blogon
2010 302 08:32:53,BUrl
2010 302 10:57:35,BSendEmail
2010 302 11:10:30,BSendEmail
2010 302 11:18:35,BSendEmail
2010 302 13:04:08,CUrl
2010 302 16:30:00,CNologon
2010 305 08:30:00,Blogon
2010 305 08:34:35,BUrl
2010 305 09:34:42,BSendEmail
2010 305 09:47:21,BSendEmail
2010 305 09:47:48,BSendEmail
2010 305 10:09:26,BUrl
2010 305 12:10:52,CUrl
2010 305 16:30:00,CNologon
2010 306 08:23:00,Blogon
2010 306 08:29:32,BUrl
2010 306 10:22:16,BSendEmail
2010 306 10:42:41,BUrl
2010 306 12:23:39,CUrl
2010 306 16:04:25,CSendEmail
2010 306 16:07:43,CSendEmail
2010 306 16:21:41,CUrl
2010 306 16:40:00,CNologon
2010 307 08:32:00,Blogon
2010 307 08:41:49,BUrl
2010 307 12:00:10,CUrl
2010 307 12:16:55,CSendEmail
2010 307 12:18:04,CSendEmail
2010 307 12:22:01,CSendEmail
2010 307 12:22:17,CUrl
2010 307 16:31:00,CNologon
2010 308 08:30:00,Blogon
2010 308 08:39:24,BUrl
2010 308 12:17:18,CUrl
2010 308 15:56:31,CSendEmail
2010 308 15:59:54,CUrl
2010 308 16:19:57,CSendEmail
2010 308 16:26:07,CSendEmail
2010 308 16:26:51,CUrl
2010 308 16:30:00,CNologon
2010 309 08:25:00,Blogon
2010 309 08:27:57,BUrl
2010 309 11:05:36,BSendEmail
2010 309 11:07:40,BSendEmail
2010 309 11:10:33,BSendEmail
2010 309 11:24:44,BUrl
2010 309 12:12:49,CUrl
2010 309 16:29:00,CNologon
2010 312 08:32:00,Blogon
2010 312 08:54:56,BUrl
2010 312 12:01:16,CUrl
2010 312 16:16:11,CSendEmail
2010 312 16:20:19,CUrl
2010 312 16:24:16,CSendEmail
2010 312 16:25:55,CSendEmail
2010 312 16:26:04,CUrl
2010 312 16:32:00,CNologon
2010 313 08:31:00,Blogon
2010 313 08:34:22,BUrl
2010 313 12:18:20,CUrl
2010 313 14:27:05,CSendEmail
2010 313 14:28:20,CSendEmail
2010 313 14:29:39,CSendEmail
2010 313 14:49:58,CUrl
2010 313 16:29:00,CNologon
2010 314 08:27:00,Blogon
2010 314 09:29:39,BUrl
2010 314 11:21:51,BSendEmail
2010 314 12:03:26,CSendEmail
2010 314 12:22:19,CUrl
2010 314 16:40:00,CNologon
2010 315 08:30:00,Blogon
2010 315 08:57:42,BUrl
2010 315 10:21:07,BSendEmail
2010 315 10:21:41,BSendEmail
2010 315 10:36:31,BUrl
2010 315 12:19:36,CUrl
2010 315 14:18:52,CSendEmail
2010 315 14:19:01,CUrl
2010 315 16:43:00,CNologon
2010 316 08:31:00,Blogon
2010 316 08:40:51,BUrl
2010 316 11:49:56,BSendEmail
2010 316 12:11:51,CSendEmail
2010 316 12:35:39,CUrl
2010 316 13:42:36,CSendEmail
2010 316 13:42:38,CUrl
2010 316 16:29:00,CNologon
2010 319 08:16:00,Blogon
2010 319 08:27:45,BUrl
2010 319 08:38:34,BSendEmail
2010 319 08:41:11,BSendEmail
2010 319 08:51:32,BUrl
2010 319 12:17:13,CUrl
2010 319 13:28:02,CSendEmail
2010 319 13:41:21,CUrl
2010 319 16:30:00,CNologon
2010 320 08:25:00,Blogon
2010 320 08:56:57,BUrl
2010 320 12:10:57,CUrl
2010 320 12:15:27,CSendEmail
2010 320 12:17:55,CUrl
2010 320 12:33:52,CSendEmail
2010 320 12:39:15,CUrl
2010 320 16:11:46,CSendEmail
2010 320 16:23:57,CUrl
2010 320 16:43:00,CNologon
2010 321 08:23:00,Blogon
2010 321 08:58:56,BUrl
2010 321 10:40:29,BSendEmail
2010 321 11:15:31,BUrl
2010 321 12:01:18,CSendEmail
2010 321 12:03:25,CSendEmail
2010 321 12:49:06,CUrl
2010 321 16:34:00,CNologon
2010 322 08:23:00,Blogon
2010 322 08:24:02,BSendEmail
2010 322 08:26:24,BUrl
2010 322 08:50:08,BSendEmail
2010 322 08:52:34,BUrl
2010 322 12:19:05,CUrl
2010 322 12:24:15,CSendEmail
2010 322 13:03:48,CUrl
2010 322 16:44:00,CNologon
2010 323 08:32:00,Blogon
2010 323 08:33:15,BSendEmail
2010 323 08:35:04,BUrl
2010 323 08:36:00,BSendEmail
2010 323 08:59:14,BUrl
2010 323 12:14:53,CUrl
2010 323 14:34:08,CSendEmail
2010 323 14:49:07,CUrl
2010 323 16:29:00,CNologon
2010 326 08:18:00,Blogon
2010 326 09:33:17,BUrl
2010 326 09:36:31,BSendEmail
2010 326 09:38:18,BUrl
2010 326 09:40:09,BSendEmail
2010 326 09:40:38,BUrl
2010 326 12:22:40,CUrl
2010 326 16:44:00,CNologon
2010 327 08:20:00,Blogon
2010 327 08:32:28,BUrl
2010 327 12:17:09,CUrl
2010 327 16:05:56,CSendEmail
2010 327 16:07:51,CUrl
2010 327 16:17:30,CSendEmail
2010 327 16:26:19,CUrl
2010 327 16:37:24,CSendEmail
2010 327 16:45:00,CNologon
2010 328 08:22:00,Blogon
2010 328 09:01:41,BUrl
2010 328 12:24:04,CUrl
2010 328 15:23:14,CSendEmail
2010 328 15:28:24,CSendEmail
2010 328 15:40:15,CUrl
2010 328 16:45:00,CNologon
2010 333 08:31:00,Blogon
2010 333 08:47:53,BUrl
2010 333 10:55:06,BSendEmail
2010 333 11:11:11,BSendEmail
2010 333 11:48:58,BUrl
2010 333 12:14:43,CUrl
2010 333 16:26:35,CSendEmail
2010 333 16:30:00,CNologon
2010 334 08:32:00,Blogon
2010 334 08:41:50,BUrl
2010 334 12:07:39,CUrl
2010 334 15:43:50,CSendEmail
2010 334 15:44:07,CSendEmail
2010 334 15:46:17,CSendEmail
2010 334 15:54:27,CUrl
2010 334 16:30:00,CNologon
2010 335 08:32:00,Blogon
2010 335 08:34:34,BUrl
2010 335 10:06:22,BSendEmail
2010 335 10:08:02,BSendEmail
2010 335 10:10:24,BSendEmail
2010 335 10:27:35,BUrl
2010 335 12:02:06,CUrl
2010 335 16:29:00,CNologon
2010 336 08:30:00,Blogon
2010 336 08:36:19,BUrl
2010 336 12:05:03,CUrl
2010 336 14:13:21,CSendEmail
2010 336 14:16:59,CUrl
2010 336 16:14:09,CSendEmail
2010 336 16:26:24,CUrl
2010 336 16:35:47,CSendEmail
2010 336 16:36:15,CUrl
2010 336 16:45:00,CNologon
2010 337 08:17:00,Blogon
2010 337 08:26:08,BUrl
2010 337 08:27:02,BSendEmail
2010 337 09:28:43,BUrl
2010 337 10:36:11,BSendEmail
2010 337 10:57:05,BSendEmail
2010 337 11:00:34,BUrl
2010 337 13:04:18,CUrl
2010 337 16:43:00,CNologon
2010 340 08:15:00,Blogon
2010 340 08:32:43,BUrl
2010 340 10:44:03,BSendEmail
2010 340 10:59:08,BSendEmail
2010 340 11:15:00,BUrl
2010 340 12:00:45,CUrl
2010 340 13:11:26,CSendEmail
2010 340 14:00:43,CUrl
2010 340 16:31:00,CNologon
2010 341 08:27:00,Blogon
2010 341 09:05:02,BUrl
2010 341 11:50:32,BSendEmail
2010 341 11:50:40,BSendEmail
2010 341 11:54:27,BSendEmail
2010 341 11:54:47,BUrl
2010 341 12:27:04,CUrl
2010 341 16:30:00,CNologon
2010 342 08:29:00,Blogon
2010 342 08:44:02,BUrl
2010 342 12:06:53,CUrl
2010 342 13:41:55,CSendEmail
2010 342 13:43:39,CUrl
2010 342 14:21:35,CSendEmail
2010 342 14:22:42,CUrl
2010 342 14:22:52,CSendEmail
2010 342 14:47:54,CUrl
2010 342 16:36:00,CNologon
2010 343 08:19:00,Blogon
2010 343 08:43:28,BUrl
2010 343 09:07:51,BSendEmail
2010 343 09:10:58,BUrl
2010 343 09:55:16,BSendEmail
2010 343 10:26:30,BUrl
2010 343 13:14:25,CUrl
2010 343 14:24:08,CSendEmail
2010 343 14:47:39,CUrl
2010 343 16:29:00,CNologon
2010 344 08:20:00,Blogon
2010 344 08:39:17,BUrl
2010 344 12:19:35,CUrl
2010 344 13:11:00,CSendEmail
2010 344 13:24:48,CUrl
2010 344 16:09:59,CSendEmail
2010 344 16:11:16,CUrl
2010 344 16:29:32,CSendEmail
2010 344 16:30:58,CUrl
2010 344 16:33:00,CNologon
2010 347 08:26:00,Blogon
2010 347 08:28:57,BUrl
2010 347 12:48:01,CUrl
2010 347 16:22:35,CSendEmail
2010 347 16:22:44,CUrl
2010 347 16:31:29,CSendEmail
2010 347 16:37:37,CUrl
2010 347 16:44:00,CNologon
2010 348 08:16:00,Blogon
2010 348 08:19:37,BUrl
2010 348 12:04:02,CUrl
2010 348 14:10:23,CSendEmail
2010 348 14:12:10,CUrl
2010 348 15:02:15,CSendEmail
2010 348 15:11:52,CUrl
2010 348 15:28:11,CSendEmail
2010 348 15:33:30,CUrl
2010 348 16:28:00,CNologon
2010 349 08:31:00,Blogon
2010 349 08:37:40,BUrl
2010 349 12:23:45,CUrl
2010 349 15:24:55,CSendEmail
2010 349 15:25:18,CSendEmail
2010 349 15:41:12,CUrl
2010 349 16:23:06,CSendEmail
2010 349 16:30:00,CNologon
2010 350 08:30:00,Blogon
2010 350 08:39:29,BUrl
2010 350 12:38:27,CUrl
2010 350 14:24:18,CSendEmail
2010 350 14:24:52,CSendEmail
2010 350 14:25:01,CSendEmail
2010 350 14:25:20,CUrl
2010 350 16:29:00,CNologon
2010 351 08:30:00,Blogon
2010 351 08:32:33,BUrl
2010 351 12:23:23,CUrl
2010 351 14:56:56,CSendEmail
2010 351 14:58:27,CUrl
2010 351 14:59:39,CSendEmail
2010 351 15:02:00,CSendEmail
2010 351 15:29:57,CUrl
2010 351 16:28:00,CNologon
2010 354 08:24:00,Blogon
2010 354 08:44:24,BSendEmail
2010 354 09:01:18,BUrl
2010 354 09:22:55,BSendEmail
2010 354 09:46:29,BUrl
2010 354 12:22:58,CUrl
2010 354 13:11:11,CSendEmail
2010 354 14:55:57,CUrl
2010 354 16:41:00,CNologon
2010 355 08:26:00,Blogon
2010 355 08:27:40,BUrl
2010 355 09:05:00,BSendEmail
2010 355 09:11:14,BSendEmail
2010 355 09:30:25,BUrl
2010 355 12:16:57,CUrl
2010 355 16:05:41,CSendEmail
2010 355 16:10:07,CUrl
2010 355 16:32:00,CNologon
2010 356 08:19:00,Blogon
2010 356 08:35:51,BUrl
2010 356 12:31:56,CUrl
2010 356 15:04:58,CSendEmail
2010 356 15:05:21,CUrl
2010 356 15:19:36,CSendEmail
2010 356 15:29:08,CUrl
2010 356 15:30:10,CSendEmail
2010 356 15:54:42,CUrl
2010 356 16:39:00,CNologon
2010 361 08:31:00,Blogon
2010 361 08:50:32,BSendEmail
2010 361 09:06:41,BUrl
2010 361 09:48:14,BSendEmail
2010 361 09:57:33,BUrl
2010 361 12:12:12,CUrl
2010 361 15:41:26,CSendEmail
2010 361 15:47:23,CUrl
2010 361 16:29:00,CNologon
2010 362 08:18:00,Blogon
2010 362 08:23:39,BUrl
2010 362 11:43:45,BSendEmail
2010 362 11:44:56,BSendEmail
2010 362 12:09:13,CUrl
2010 362 13:09:06,CSendEmail
2010 362 13:11:23,CUrl
2010 362 16:36:00,CNologon
2010 363 08:30:00,Blogon
2010 363 08:31:56,BUrl
2010 363 09:31:35,BSendEmail
2010 363 09:33:16,BUrl
2010 363 10:30:25,BSendEmail
2010 363 10:30:43,BSendEmail
2010 363 10:31:11,BUrl
2010 363 12:42:07,CUrl
2010 363 16:29:00,CNologon
2010 364 08:30:00,Blogon
2010 364 08:31:54,BUrl
2010 364 08:59:21,BSendEmail
2010 364 09:00:04,BSendEmail
2010 364 09:13:06,BUrl
2010 364 12:13:11,CUrl
2010 364 14:03:40,CSendEmail
2010 364 14:08:03,CUrl
2010 364 16:29:00,CNologon
2011 003 08:32:00,Blogon
2011 003 08:33:49,BUrl
2011 003 12:08:16,CUrl
2011 003 15:08:24,CSendEmail
2011 003 15:18:26,CUrl
2011 003 16:29:48,CSendEmail
2011 003 16:30:20,CUrl
2011 003 16:30:54,CSendEmail
2011 003 16:32:00,CNologon
2011 004 08:29:00,Blogon
2011 004 09:03:14,BUrl
2011 004 11:55:38,BSendEmail
2011 004 12:26:31,CUrl
2011 004 12:35:11,CSendEmail
2011 004 12:46:57,CSendEmail
2011 004 12:50:07,CUrl
2011 004 16:29:00,CNologon
2011 005 08:32:00,Blogon
2011 005 08:37:33,BUrl
2011 005 11:56:08,BSendEmail
2011 005 11:56:19,BSendEmail
2011 005 12:00:47,CUrl
2011 005 12:14:14,CSendEmail
2011 005 12:14:43,CUrl
2011 005 16:30:00,CNologon
2011 006 08:30:00,Blogon
2011 006 08:32:52,BUrl
2011 006 11:56:07,BSendEmail
2011 006 11:57:17,BUrl
2011 006 12:02:50,CUrl
2011 006 14:35:22,CSendEmail
2011 006 14:38:28,CSendEmail
2011 006 14:57:36,CUrl
2011 006 16:30:00,CNologon
2011 007 08:27:00,Blogon
2011 007 08:42:39,BUrl
2011 007 12:01:42,CUrl
2011 007 15:30:24,CSendEmail
2011 007 15:31:38,CSendEmail
2011 007 15:32:25,CSendEmail
2011 007 15:55:47,CUrl
2011 007 16:33:00,CNologon
2011 010 08:31:00,Blogon
2011 010 08:40:37,BUrl
2011 010 11:58:56,BSendEmail
2011 010 12:00:09,CSendEmail
2011 010 12:03:09,CSendEmail
2011 010 13:11:49,CUrl
2011 010 16:30:00,CNologon
2011 011 08:30:00,Blogon
2011 011 08:31:50,BUrl
2011 011 13:18:46,CUrl
2011 011 14:09:18,CSendEmail
2011 011 14:31:42,CUrl
2011 011 16:01:35,CSendEmail
2011 011 16:03:06,CUrl
2011 011 16:09:16,CSendEmail
2011 011 16:23:40,CUrl
2011 011 16:29:00,CNologon
2011 012 08:22:00,Blogon
2011 012 08:40:13,BUrl
2011 012 12:05:42,CUrl
2011 012 14:25:21,CSendEmail
2011 012 14:25:22,CSendEmail
2011 012 14:25:29,CSendEmail
2011 012 14:52:12,CUrl
2011 012 16:39:00,CNologon
2011 013 08:32:00,Blogon
2011 013 08:39:13,BUrl
2011 013 11:55:21,BSendEmail
2011 013 11:55:26,BSendEmail
2011 013 11:56:01,BSendEmail
2011 013 12:04:58,CUrl
2011 013 16:28:00,CNologon
2011 014 08:30:00,Blogon
2011 014 08:47:42,BUrl
2011 014 10:02:02,BSendEmail
2011 014 10:12:31,BSendEmail
2011 014 10:26:40,BUrl
2011 014 10:26:52,BSendEmail
2011 014 10:50:32,BUrl
2011 014 12:04:06,CUrl
2011 014 16:34:00,CNologon
2011 017 08:30:00,Blogon
2011 017 08:40:48,BUrl
2011 017 12:19:01,CUrl
2011 017 12:51:03,CSendEmail
2011 017 12:51:25,CUrl
2011 017 13:07:18,CSendEmail
2011 017 13:07:22,CSendEmail
2011 017 13:07:27,CUrl
2011 017 16:29:00,CNologon
2011 018 08:25:00,Blogon
2011 018 08:28:40,BUrl
2011 018 09:53:22,BSendEmail
2011 018 10:01:26,BUrl
2011 018 10:43:55,BSendEmail
2011 018 10:59:01,BSendEmail
2011 018 11:03:22,BUrl
2011 018 12:11:20,CUrl
2011 018 16:41:00,CNologon
2011 019 08:30:00,Blogon
2011 019 08:39:25,BUrl
2011 019 12:17:32,CUrl
2011 019 13:59:33,CSendEmail
2011 019 14:04:33,CUrl
2011 019 14:05:57,CSendEmail
2011 019 14:15:42,CUrl
2011 019 15:21:58,CSendEmail
2011 019 15:25:07,CUrl
2011 019 16:28:00,CNologon
2011 020 08:32:00,Blogon
2011 020 08:35:38,BUrl
2011 020 08:55:05,BSendEmail
2011 020 09:29:20,BUrl
2011 020 11:37:03,BSendEmail
2011 020 11:40:32,BSendEmail
2011 020 11:53:32,BUrl
2011 020 12:02:16,CUrl
2011 020 16:30:00,CNologon
2011 021 08:31:00,Blogon
2011 021 09:50:43,BUrl
2011 021 12:02:35,CSendEmail
2011 021 15:04:19,CUrl
2011 021 16:30:00,CNologon
2011 024 08:32:00,Blogon
2011 024 08:36:25,BUrl
2011 024 09:56:53,BSendEmail
2011 024 10:04:31,BUrl
2011 024 10:48:42,BSendEmail
2011 024 11:02:14,BUrl
2011 024 12:09:09,CUrl
2011 024 14:29:02,CSendEmail
2011 024 14:53:11,CUrl
2011 024 16:29:00,CNologon
2011 025 08:26:00,Blogon
2011 025 08:29:16,BUrl
2011 025 08:29:21,BSendEmail
2011 025 08:36:48,BUrl
2011 025 09:20:36,BSendEmail
2011 025 10:04:47,BUrl
2011 025 10:10:26,BSendEmail
2011 025 10:19:54,BUrl
2011 025 12:59:55,CUrl
2011 025 16:30:00,CNologon
2011 026 08:31:00,Blogon
2011 026 08:44:54,BUrl
2011 026 10:25:14,BSendEmail
2011 026 11:39:53,BUrl
2011 026 12:40:28,CUrl
2011 026 13:26:23,CSendEmail
2011 026 13:30:24,CUrl
2011 026 13:45:28,CSendEmail
2011 026 14:17:39,CUrl
2011 026 16:30:00,CNologon
2011 027 08:29:00,Blogon
2011 027 09:07:56,BUrl
2011 027 10:57:45,BSendEmail
2011 027 11:06:46,BUrl
2011 027 12:02:31,CUrl
2011 027 12:26:50,CSendEmail
2011 027 12:35:05,CUrl
2011 027 14:30:59,CSendEmail
2011 027 14:36:04,CUrl
2011 027 16:35:00,CNologon
2011 028 08:30:00,Blogon
2011 028 08:47:20,BUrl
2011 028 12:07:42,CUrl
2011 028 12:59:06,CSendEmail
2011 028 13:08:10,CUrl
2011 028 15:02:43,CSendEmail
2011 028 15:03:25,CUrl
2011 028 15:30:40,CSendEmail
2011 028 16:29:00,CNologon
2011 031 08:17:00,Blogon
2011 031 08:27:19,BUrl
2011 031 08:56:55,BSendEmail
2011 031 09:02:46,BSendEmail
2011 031 09:02:51,BUrl
2011 031 12:10:11,CUrl
2011 031 15:43:45,CSendEmail
2011 031 16:09:43,CUrl
2011 031 16:34:00,CNologon
2011 032 08:32:00,Blogon
2011 032 08:38:37,BSendEmail
2011 032 08:38:40,BUrl
2011 032 09:46:07,BSendEmail
2011 032 09:51:44,BUrl
2011 032 12:05:44,CUrl
2011 032 13:49:51,CSendEmail
2011 032 14:11:55,CUrl
2011 032 16:44:00,CNologon
2011 033 08:30:00,Blogon
2011 033 08:37:04,BUrl
2011 033 11:55:37,BSendEmail
2011 033 11:57:07,BSendEmail
2011 033 11:57:48,BUrl
2011 033 12:06:39,CSendEmail
2011 033 12:19:16,CUrl
2011 033 16:39:00,CNologon
2011 034 08:15:00,Blogon
2011 034 08:18:58,BUrl
2011 034 12:28:32,CUrl
2011 034 13:20:46,CSendEmail
2011 034 13:23:36,CUrl
2011 034 13:25:01,CSendEmail
2011 034 13:41:56,CUrl
2011 034 16:31:00,CNologon
2011 035 08:19:00,Blogon
2011 035 08:59:38,BUrl
2011 035 10:00:35,BSendEmail
2011 035 10:09:07,BUrl
2011 035 10:51:54,BSendEmail
2011 035 11:22:24,BUrl
2011 035 11:40:32,BSendEmail
2011 035 12:04:25,CUrl
2011 035 16:42:00,CNologon
2011 038 08:19:00,Blogon
2011 038 08:24:21,BUrl
2011 038 09:29:30,BSendEmail
2011 038 09:34:23,BUrl
2011 038 10:53:55,BSendEmail
2011 038 11:03:31,BSendEmail
2011 038 11:05:53,BUrl
2011 038 12:08:52,CUrl
2011 038 16:37:00,CNologon
2011 039 08:26:00,Blogon
2011 039 08:31:41,BUrl
2011 039 11:10:00,BSendEmail
2011 039 11:17:43,BUrl
2011 039 11:25:40,BSendEmail
2011 039 11:38:06,BUrl
2011 039 12:13:38,CUrl
2011 039 16:21:57,CSendEmail
2011 039 16:24:29,CUrl
2011 039 16:30:00,CNologon
2011 040 08:32:00,Blogon
2011 040 08:42:01,BUrl
2011 040 12:18:22,CUrl
2011 040 15:46:31,CSendEmail
2011 040 15:52:22,CSendEmail
2011 040 15:53:11,CSendEmail
2011 040 16:19:47,CUrl
2011 040 16:30:00,CNologon
2011 041 08:17:00,Blogon
2011 041 08:20:25,BUrl
2011 041 10:06:15,BSendEmail
2011 041 10:11:34,BUrl
2011 041 10:12:10,BSendEmail
2011 041 10:17:25,BUrl
2011 041 11:54:01,BSendEmail
2011 041 12:41:54,CUrl
2011 041 16:31:00,CNologon
2011 042 08:15:00,Blogon
2011 042 08:19:04,BSendEmail
2011 042 08:20:45,BUrl
2011 042 12:01:50,CUrl
2011 042 12:32:09,CSendEmail
2011 042 12:55:37,CUrl
2011 042 13:19:25,CSendEmail
2011 042 13:30:08,CUrl
2011 042 16:34:00,CNologon
2011 045 08:26:00,Blogon
2011 045 08:28:58,BUrl
2011 045 12:36:46,CUrl
2011 045 13:30:55,CSendEmail
2011 045 13:36:33,CUrl
2011 045 15:55:28,CSendEmail
2011 045 15:56:25,CUrl
2011 045 16:23:22,CSendEmail
2011 045 16:23:27,CUrl
2011 045 16:33:00,CNologon
2011 046 08:26:00,Blogon
2011 046 08:27:06,BSendEmail
2011 046 08:30:03,BSendEmail
2011 046 08:31:10,BUrl
2011 046 12:26:06,CUrl
2011 046 15:34:23,CSendEmail
2011 046 16:11:02,CUrl
2011 046 16:42:00,CNologon
2011 047 08:30:00,Blogon
2011 047 08:34:30,BUrl
2011 047 12:07:08,CUrl
2011 047 13:19:54,CSendEmail
2011 047 13:32:31,CSendEmail
2011 047 13:40:00,CSendEmail
2011 047 13:40:53,CUrl
2011 047 16:28:00,CNologon
2011 048 08:30:00,Blogon
2011 048 08:35:24,BSendEmail
2011 048 08:40:34,BUrl
2011 048 12:06:26,CUrl
2011 048 15:12:00,CSendEmail
2011 048 15:30:37,CUrl
2011 048 15:38:20,CSendEmail
2011 048 16:01:27,CUrl
2011 048 16:28:00,CNologon
2011 049 08:31:00,Blogon
2011 049 08:39:47,BUrl
2011 049 10:24:52,BSendEmail
2011 049 10:26:37,BUrl
2011 049 12:01:16,CUrl
2011 049 14:01:32,CSendEmail
2011 049 14:01:37,CSendEmail
2011 049 14:13:51,CUrl
2011 049 16:34:00,CNologon
2011 052 08:29:00,Blogon
2011 052 08:35:55,BUrl
2011 052 11:17:54,BSendEmail
2011 052 12:07:24,CUrl
2011 052 14:43:45,CSendEmail
2011 052 14:44:39,CUrl
2011 052 15:47:40,CSendEmail
2011 052 15:52:28,CUrl
2011 052 16:28:00,CNologon
2011 053 08:32:00,Blogon
2011 053 08:58:12,BUrl
2011 053 12:06:12,CUrl
2011 053 15:45:54,CSendEmail
2011 053 15:49:13,CSendEmail
2011 053 15:54:56,CSendEmail
2011 053 15:55:18,CUrl
2011 053 16:35:00,CNologon
2011 054 08:31:00,Blogon
2011 054 08:37:23,BUrl
2011 054 13:28:51,CSendEmail
2011 054 13:32:25,CUrl
2011 054 13:36:56,CSendEmail
2011 054 13:37:01,CUrl
2011 054 13:37:03,CSendEmail
2011 054 13:38:49,CUrl
2011 054 16:28:00,CNologon
2011 055 08:15:00,Blogon
2011 055 08:16:14,BSendEmail
2011 055 08:18:02,BSendEmail
2011 055 08:24:41,BUrl
2011 055 08:30:49,BSendEmail
2011 055 15:13:24,CUrl
2011 055 16:33:00,CNologon
2011 056 08:30:00,Blogon
2011 056 08:40:38,BUrl
2011 056 09:09:28,BSendEmail
2011 056 09:18:40,BSendEmail
2011 056 09:24:44,BUrl
2011 056 12:04:48,CUrl
2011 056 13:05:15,CSendEmail
2011 056 13:38:58,CUrl
2011 056 16:30:00,CNologon
2011 059 08:31:00,Blogon
2011 059 08:32:04,BUrl
2011 059 12:05:28,CUrl
2011 059 14:12:13,CSendEmail
2011 059 14:17:59,CUrl
2011 059 14:59:52,CSendEmail
2011 059 15:06:39,CUrl
2011 059 15:54:53,CSendEmail
2011 059 16:24:00,CUrl
2011 059 16:30:00,CNologon
2011 060 08:32:00,Blogon
2011 060 08:38:18,BUrl
2011 060 12:06:13,CUrl
2011 060 15:37:06,CSendEmail
2011 060 16:00:24,CSendEmail
2011 060 16:01:39,CUrl
2011 060 16:01:45,CSendEmail
2011 060 16:28:00,CNologon
2011 061 08:32:00,Blogon
2011 061 09:12:54,BUrl
2011 061 11:26:50,BSendEmail
2011 061 11:58:54,BUrl
2011 061 12:12:31,CUrl
2011 061 15:44:36,CSendEmail
2011 061 15:48:42,CSendEmail
2011 061 15:50:08,CUrl
2011 061 16:28:00,CNologon
2011 062 08:31:00,Blogon
2011 062 09:03:05,BSendEmail
2011 062 09:06:12,BUrl
2011 062 09:10:33,BSendEmail
2011 062 09:32:22,BUrl
2011 062 11:36:30,BSendEmail
2011 062 11:53:52,BUrl
2011 062 12:07:58,CUrl
2011 062 16:28:00,CNologon
2011 063 08:19:00,Blogon
2011 063 08:20:58,BUrl
2011 063 11:53:24,BSendEmail
2011 063 12:34:55,CSendEmail
2011 063 12:49:22,CUrl
2011 063 15:02:43,CSendEmail
2011 063 15:02:50,CUrl
2011 063 16:44:00,CNologon
2011 066 08:16:00,Blogon
2011 066 08:23:25,BUrl
2011 066 12:05:40,CSendEmail
2011 066 12:22:24,CUrl
2011 066 13:05:00,CSendEmail
2011 066 13:57:13,CUrl
2011 066 14:24:19,CSendEmail
2011 066 14:37:37,CUrl
2011 066 16:35:00,CNologon
2011 067 08:30:00,Blogon
2011 067 08:31:50,BUrl
2011 067 12:03:59,CUrl
2011 067 13:20:58,CSendEmail
2011 067 13:22:03,CSendEmail
2011 067 13:27:54,CUrl
2011 067 14:12:58,CSendEmail
2011 067 14:36:40,CUrl
2011 067 16:30:00,CNologon
2011 068 08:30:00,Blogon
2011 068 08:37:35,BUrl
2011 068 12:09:15,CUrl
2011 068 13:38:33,CSendEmail
2011 068 13:52:51,CUrl
2011 068 15:29:47,CSendEmail
2011 068 15:37:24,CUrl
2011 068 16:19:59,CSendEmail
2011 068 16:21:12,CUrl
2011 068 16:42:00,CNologon
2011 069 08:31:00,Blogon
2011 069 08:41:13,BUrl
2011 069 11:55:22,BSendEmail
2011 069 11:57:49,BSendEmail
2011 069 12:10:25,CSendEmail
2011 069 12:12:13,CUrl
2011 069 16:30:00,CNologon
2011 070 08:17:00,Blogon
2011 070 08:21:31,BUrl
2011 070 12:23:53,CUrl
2011 070 13:58:32,CSendEmail
2011 070 14:08:51,CUrl
2011 070 14:17:17,CSendEmail
2011 070 14:35:18,CUrl
2011 070 15:17:31,CSendEmail
2011 070 15:18:16,CUrl
2011 070 16:38:00,CNologon
2011 073 08:32:00,Blogon
2011 073 08:44:14,BUrl
2011 073 11:33:37,BSendEmail
2011 073 11:57:14,BUrl
2011 073 12:14:48,CUrl
2011 073 16:06:53,CSendEmail
2011 073 16:07:09,CSendEmail
2011 073 16:23:56,CUrl
2011 073 16:28:00,CNologon
2011 074 08:18:00,Blogon
2011 074 08:19:21,BSendEmail
2011 074 08:20:25,BUrl
2011 074 12:04:31,CUrl
2011 074 16:41:00,CNologon
2011 075 08:30:00,Blogon
2011 075 08:39:32,BUrl
2011 075 12:17:03,CUrl
2011 075 14:20:20,CSendEmail
2011 075 14:24:16,CUrl
2011 075 14:28:30,CSendEmail
2011 075 15:16:45,CUrl
2011 075 15:29:01,CSendEmail
2011 075 16:16:21,CUrl
2011 075 16:29:00,CNologon
2011 076 08:29:00,Blogon
2011 076 08:39:25,BUrl
2011 076 11:37:54,BSendEmail
2011 076 11:59:23,BUrl
2011 076 12:07:27,CUrl
2011 076 13:33:30,CSendEmail
2011 076 13:39:20,CUrl
2011 076 13:55:39,CSendEmail
2011 076 14:19:04,CUrl
2011 076 16:45:00,CNologon
2011 077 08:32:00,Blogon
2011 077 08:33:52,BUrl
2011 077 08:45:38,BSendEmail
2011 077 08:46:03,BUrl
2011 077 08:53:26,BSendEmail
2011 077 09:00:51,BUrl
2011 077 12:17:47,CUrl
2011 077 15:04:34,CSendEmail
2011 077 15:08:12,CUrl
2011 077 16:30:00,CNologon
2011 080 08:32:00,Blogon
2011 080 08:38:08,BUrl
2011 080 10:36:49,BSendEmail
2011 080 10:38:13,BUrl
2011 080 10:56:51,BSendEmail
2011 080 12:05:05,CUrl
2011 080 12:10:52,CSendEmail
2011 080 13:33:30,CUrl
2011 080 16:30:00,CNologon
2011 081 08:20:00,Blogon
2011 081 08:39:57,BUrl
2011 081 09:05:24,BSendEmail
2011 081 09:12:02,BUrl
2011 081 10:16:25,BSendEmail
2011 081 10:19:46,BUrl
2011 081 10:31:01,BSendEmail
2011 081 11:09:00,BUrl
2011 081 12:13:29,CUrl
2011 081 16:35:00,CNologon
2011 082 08:18:00,Blogon
2011 082 08:20:42,BUrl
2011 082 10:22:21,BSendEmail
2011 082 10:28:47,BUrl
2011 082 12:04:27,CUrl
2011 082 12:57:55,CSendEmail
2011 082 12:58:04,CUrl
2011 082 14:05:08,CSendEmail
2011 082 14:11:23,CUrl
2011 082 16:28:00,CNologon
2011 083 08:32:00,Blogon
2011 083 08:48:56,BUrl
2011 083 08:58:32,BSendEmail
2011 083 09:02:16,BUrl
2011 083 09:20:24,BSendEmail
2011 083 09:34:37,BUrl
2011 083 12:11:10,CUrl
2011 083 14:28:21,CSendEmail
2011 083 14:32:08,CUrl
2011 083 16:45:00,CNologon
2011 084 08:25:00,Blogon
2011 084 08:29:20,BUrl
2011 084 08:46:27,BSendEmail
2011 084 08:47:37,BUrl
2011 084 09:46:07,BSendEmail
2011 084 09:52:05,BUrl
2011 084 11:35:15,BSendEmail
2011 084 11:40:07,BUrl
2011 084 12:12:25,CUrl
2011 084 16:30:00,CNologon
2011 087 08:18:00,Blogon
2011 087 08:30:04,BUrl
2011 087 08:52:38,BSendEmail
2011 087 08:56:54,BUrl
2011 087 08:57:49,BSendEmail
2011 087 09:21:43,BUrl
2011 087 12:13:26,CUrl
2011 087 16:41:00,CNologon
2011 088 08:30:00,Blogon
2011 088 08:33:36,BUrl
2011 088 08:34:52,BSendEmail
2011 088 08:35:40,BSendEmail
2011 088 08:40:46,BUrl
2011 088 09:47:37,BSendEmail
2011 088 09:50:08,BUrl
2011 088 12:07:44,CUrl
2011 088 16:39:00,CNologon
2011 089 08:23:00,Blogon
2011 089 09:04:30,BUrl
2011 089 11:54:32,BSendEmail
2011 089 11:55:12,BSendEmail
2011 089 12:01:28,CUrl
2011 089 12:05:20,CSendEmail
2011 089 12:12:47,CUrl
2011 089 16:31:00,CNologon
2011 090 08:30:00,Blogon
2011 090 08:32:02,BUrl
2011 090 08:38:09,BSendEmail
2011 090 09:12:24,BUrl
2011 090 09:41:19,BSendEmail
2011 090 10:16:11,BUrl
2011 090 10:16:54,BSendEmail
2011 090 10:19:23,BUrl
2011 090 12:01:51,CUrl
2011 090 16:29:00,CNologon
2011 091 08:30:00,Blogon
2011 091 08:31:40,BUrl
2011 091 12:36:41,CUrl
2011 091 15:04:23,CSendEmail
2011 091 15:13:21,CUrl
2011 091 15:23:48,CSendEmail
2011 091 15:43:54,CUrl
2011 091 16:28:00,CNologon
2011 094 08:30:00,Blogon
2011 094 08:40:43,BUrl
2011 094 12:20:30,CUrl
2011 094 15:47:48,CSendEmail
2011 094 15:51:54,CUrl
2011 094 15:52:32,CSendEmail
2011 094 15:55:43,CUrl
2011 094 16:02:09,CSendEmail
2011 094 16:23:30,CUrl
2011 094 16:36:00,CNologon
2011 095 08:30:00,Blogon
2011 095 08:33:34,BUrl
2011 095 09:24:18,BSendEmail
2011 095 09:32:01,BUrl
2011 095 12:54:09,CUrl
2011 095 14:04:46,CSendEmail
2011 095 14:04:49,CSendEmail
2011 095 14:07:24,CUrl
2011 095 16:38:00,CNologon
2011 096 08:26:00,Blogon
2011 096 08:27:09,BUrl
2011 096 11:59:09,BSendEmail
2011 096 12:05:49,CUrl
2011 096 13:26:40,CSendEmail
2011 096 13:31:11,CUrl
2011 096 13:39:58,CSendEmail
2011 096 13:55:19,CUrl
2011 096 16:33:00,CNologon
2011 097 08:24:00,Blogon
2011 097 08:44:20,BSendEmail
2011 097 09:05:22,BUrl
2011 097 10:11:27,BSendEmail
2011 097 10:12:49,BSendEmail
2011 097 10:20:51,BUrl
2011 097 12:15:53,CUrl
2011 097 16:45:00,CNologon
2011 098 08:31:00,Blogon
2011 098 08:50:00,BUrl
2011 098 12:05:44,CUrl
2011 098 14:32:42,CSendEmail
2011 098 14:34:57,CUrl
2011 098 14:39:31,CSendEmail
2011 098 14:47:40,CUrl
2011 098 14:54:49,CSendEmail
2011 098 15:09:48,CUrl
2011 098 16:28:00,CNologon
2011 101 08:32:00,Blogon
2011 101 08:51:35,BUrl
2011 101 10:25:04,BSendEmail
2011 101 10:27:44,BUrl
2011 101 15:41:25,CUrl
2011 101 15:41:28,CSendEmail
2011 101 15:41:29,CUrl
2011 101 15:41:30,CSendEmail
2011 101 15:41:31,CUrl
2011 101 16:29:00,CNologon
2011 102 08:31:00,Blogon
2011 102 08:33:35,BUrl
2011 102 12:06:57,CUrl
2011 102 14:15:21,CSendEmail
2011 102 14:25:10,CSendEmail
2011 102 14:36:18,CSendEmail
2011 102 14:43:50,CUrl
2011 102 16:30:00,CNologon
2011 103 08:32:00,Blogon
2011 103 08:33:00,BUrl
2011 103 09:19:53,BSendEmail
2011 103 09:20:45,BUrl
2011 103 12:01:04,CUrl
2011 103 14:34:12,CSendEmail
2011 103 14:35:08,CSendEmail
2011 103 15:24:57,CUrl
2011 103 16:30:00,CNologon
2011 104 08:30:00,Blogon
2011 104 08:47:37,BUrl
2011 104 08:52:31,BSendEmail
2011 104 08:57:41,BUrl
2011 104 12:12:06,CUrl
2011 104 12:49:52,CSendEmail
2011 104 13:31:55,CUrl
2011 104 14:27:43,CSendEmail
2011 104 14:50:12,CUrl
2011 104 16:28:00,CNologon
2011 105 08:32:00,Blogon
2011 105 08:34:23,BUrl
2011 105 12:13:55,CUrl
2011 105 12:30:53,CSendEmail
2011 105 12:32:51,CUrl
2011 105 14:32:16,CSendEmail
2011 105 15:10:44,CUrl
2011 105 16:29:00,CNologon
2011 108 08:26:00,Blogon
2011 108 08:28:24,BSendEmail
2011 108 08:29:01,BUrl
2011 108 08:30:39,BSendEmail
2011 108 08:30:50,BSendEmail
2011 108 08:45:26,BUrl
2011 108 12:06:51,CUrl
2011 108 16:37:00,CNologon
2011 109 08:30:00,Blogon
2011 109 08:35:30,BUrl
2011 109 12:00:38,CUrl
2011 109 14:38:16,CSendEmail
2011 109 14:44:27,CUrl
2011 109 14:56:38,CSendEmail
2011 109 14:58:49,CSendEmail
2011 109 15:24:49,CUrl
2011 109 16:30:00,CNologon
2011 110 08:17:00,Blogon
2011 110 08:20:46,BUrl
2011 110 08:26:03,BSendEmail
2011 110 08:35:09,BUrl
2011 110 10:41:30,BSendEmail
2011 110 10:55:17,BSendEmail
2011 110 11:20:59,BUrl
2011 110 12:32:47,CUrl
2011 110 16:35:00,CNologon
2011 111 08:30:00,Blogon
2011 111 09:04:11,BUrl
2011 111 12:08:27,CUrl
2011 111 14:17:57,CSendEmail
2011 111 14:18:00,CSendEmail
2011 111 14:18:03,CSendEmail
2011 111 14:18:07,CUrl
2011 111 16:29:00,CNologon
2011 115 08:30:00,Blogon
2011 115 08:47:12,BUrl
2011 115 09:59:43,BSendEmail
2011 115 10:02:29,BUrl
2011 115 10:06:51,BSendEmail
2011 115 10:19:18,BUrl
2011 115 12:23:47,CUrl
2011 115 15:58:03,CSendEmail
2011 115 16:28:00,CNologon
2011 116 08:23:00,Blogon
2011 116 08:24:51,BUrl
2011 116 12:06:55,CUrl
2011 116 12:33:43,CSendEmail
2011 116 12:43:19,CUrl
2011 116 12:50:21,CSendEmail
2011 116 12:50:59,CUrl
2011 116 15:15:31,CSendEmail
2011 116 15:50:09,CUrl
2011 116 16:32:00,CNologon
2011 117 08:17:00,Blogon
2011 117 08:22:55,BUrl
2011 117 11:54:57,BSendEmail
2011 117 12:23:48,CUrl
2011 117 16:27:33,CSendEmail
2011 117 16:30:35,CSendEmail
2011 117 16:32:24,CUrl
2011 117 16:43:00,CNologon
2011 118 08:32:00,Blogon
2011 118 08:55:22,BUrl
2011 118 12:01:44,CUrl
2011 118 13:36:59,CSendEmail
2011 118 13:39:38,CUrl
2011 118 14:12:53,CSendEmail
2011 118 14:13:30,CUrl
2011 118 14:38:27,CSendEmail
2011 118 14:41:49,CUrl
2011 118 16:30:00,CNologon
2011 119 08:21:00,Blogon
2011 119 08:23:16,BSendEmail
2011 119 08:23:29,BSendEmail
2011 119 08:25:05,BUrl
2011 119 08:25:34,BSendEmail
2011 119 08:25:37,BUrl
2011 119 12:39:56,CUrl
2011 119 16:43:00,CNologon
2011 122 08:31:00,Blogon
2011 122 08:32:36,BUrl
2011 122 11:15:52,BSendEmail
2011 122 11:30:28,BSendEmail
2011 122 11:37:44,BUrl
2011 122 12:08:17,CUrl
2011 122 15:11:01,CSendEmail
2011 122 16:05:19,CUrl
2011 122 16:29:00,CNologon
2011 123 08:30:00,Blogon
2011 123 09:02:33,BUrl
2011 123 09:25:29,BSendEmail
2011 123 10:01:34,BUrl
2011 123 10:10:08,BSendEmail
2011 123 10:10:21,BSendEmail
2011 123 10:33:02,BUrl
2011 123 12:03:40,CUrl
2011 123 16:39:00,CNologon
2011 124 08:20:00,Blogon
2011 124 08:42:55,BUrl
2011 124 10:45:39,BSendEmail
2011 124 10:47:04,BSendEmail
2011 124 10:55:08,BUrl
2011 124 11:15:27,BSendEmail
2011 124 11:20:04,BUrl
2011 124 12:13:00,CUrl
2011 124 16:43:00,CNologon
2011 125 08:32:00,Blogon
2011 125 08:37:37,BUrl
2011 125 12:30:15,CUrl
2011 125 14:50:53,CSendEmail
2011 125 14:52:39,CSendEmail
2011 125 14:57:11,CSendEmail
2011 125 16:05:00,CUrl
2011 125 16:38:00,CNologon
2011 126 08:32:00,Blogon
2011 126 08:33:27,BUrl
2011 126 08:38:58,BSendEmail
2011 126 08:51:22,BUrl
2011 126 12:05:42,CUrl
2011 126 15:22:22,CSendEmail
2011 126 15:24:24,CSendEmail
2011 126 15:41:06,CUrl
2011 126 16:30:00,CNologon
2011 129 08:30:00,Blogon
2011 129 08:42:32,BUrl
2011 129 11:17:59,BSendEmail
2011 129 11:31:22,BUrl
2011 129 11:54:40,BSendEmail
2011 129 11:55:53,BUrl
2011 129 12:07:27,CUrl
2011 129 12:18:01,CSendEmail
2011 129 12:29:11,CUrl
2011 129 16:29:00,CNologon
2011 130 08:16:00,Blogon
2011 130 08:23:52,BUrl
2011 130 09:11:16,BSendEmail
2011 130 09:20:22,BUrl
2011 130 12:12:55,CUrl
2011 130 15:23:06,CSendEmail
2011 130 15:24:02,CSendEmail
2011 130 15:46:05,CUrl
2011 130 16:43:00,CNologon
2011 131 08:32:00,Blogon
2011 131 08:33:54,BUrl
2011 131 09:12:18,BSendEmail
2011 131 09:14:18,BSendEmail
2011 131 09:29:33,BUrl
2011 131 12:00:41,CUrl
2011 131 14:18:55,CSendEmail
2011 131 14:41:12,CUrl
2011 131 16:34:00,CNologon
2011 132 08:20:00,Blogon
2011 132 08:22:37,BUrl
2011 132 09:12:33,BSendEmail
2011 132 09:14:01,BUrl
2011 132 12:18:17,CUrl
2011 132 13:38:57,CSendEmail
2011 132 13:41:38,CSendEmail
2011 132 13:48:30,CUrl
2011 132 16:39:00,CNologon
2011 133 08:32:00,Blogon
2011 133 08:43:13,BUrl
2011 133 10:43:52,BSendEmail
2011 133 11:32:56,BUrl
2011 133 12:11:08,CUrl
2011 133 15:20:36,CSendEmail
2011 133 15:37:23,CUrl
2011 133 15:40:39,CSendEmail
2011 133 15:52:15,CUrl
2011 133 16:29:00,CNologon
2011 136 08:22:00,Blogon
2011 136 08:37:21,BUrl
2011 136 11:13:53,BSendEmail
2011 136 11:31:09,BUrl
2011 136 12:02:18,CUrl
2011 136 12:43:09,CSendEmail
2011 136 13:10:54,CUrl
2011 136 13:34:04,CSendEmail
2011 136 13:51:41,CUrl
2011 136 16:28:00,CNologon
