2010 004 08:24:00,Blogon
2010 004 08:27:51,BUrl
2010 004 13:53:00,CUrl
2010 004 14:51:55,CSendEmail
2010 004 14:53:11,CUrl
2010 004 14:57:11,CSendEmail
2010 004 15:28:57,CUrl
2010 004 16:24:31,CSendEmail
2010 004 16:27:47,CUrl
2010 004 16:31:00,CNologon
2010 005 08:30:00,Blogon
2010 005 08:33:46,BUrl
2010 005 11:17:10,BSendEmail
2010 005 11:23:01,BUrl
2010 005 11:29:50,BSendEmail
2010 005 11:29:59,BSendEmail
2010 005 11:33:24,BUrl
2010 005 12:17:56,CUrl
2010 005 16:28:00,CNologon
2010 006 08:18:00,Blogon
2010 006 08:33:26,BUrl
2010 006 12:19:57,CUrl
2010 006 12:40:16,CSendEmail
2010 006 13:00:50,CUrl
2010 006 15:56:31,CSendEmail
2010 006 16:28:09,CUrl
2010 006 16:34:00,CNologon
2010 007 08:31:00,Blogon
2010 007 08:32:01,BUrl
2010 007 12:12:26,CUrl
2010 007 15:55:21,CSendEmail
2010 007 16:02:20,CUrl
2010 007 16:02:25,CSendEmail
2010 007 16:10:06,CSendEmail
2010 007 16:20:00,CNologon
2010 008 08:40:00,Blogon
2010 008 08:43:08,BUrl
2010 008 11:49:10,BSendEmail
2010 008 11:56:05,BSendEmail
2010 008 12:07:39,CSendEmail
2010 008 12:44:27,CUrl
2010 008 16:45:00,CNologon
2010 011 08:20:00,Blogon
2010 011 08:22:26,BUrl
2010 011 12:05:45,CUrl
2010 011 12:15:56,CSendEmail
2010 011 12:17:12,CSendEmail
2010 011 12:23:06,CSendEmail
2010 011 12:41:53,CUrl
2010 011 16:37:00,CNologon
2010 012 08:23:00,Blogon
2010 012 08:33:31,BUrl
2010 012 12:07:30,CUrl
2010 012 16:33:51,CSendEmail
2010 012 16:34:29,CSendEmail
2010 012 16:34:53,CSendEmail
2010 012 16:36:00,CNologon
2010 013 08:30:00,Blogon
2010 013 08:35:01,BUrl
2010 013 09:03:34,BSendEmail
2010 013 09:10:00,BSendEmail
2010 013 09:11:29,BSendEmail
2010 013 09:33:51,BUrl
2010 013 12:12:01,CUrl
2010 013 16:30:00,CNologon
2010 014 08:28:00,Blogon
2010 014 08:29:07,BUrl
2010 014 08:59:46,BSendEmail
2010 014 09:17:44,BUrl
2010 014 09:28:43,BSendEmail
2010 014 09:49:02,BUrl
2010 014 10:48:16,BSendEmail
2010 014 11:23:25,BUrl
2010 014 12:39:33,CUrl
2010 014 16:44:00,CNologon
2010 015 08:38:00,Blogon
2010 015 09:04:22,BUrl
2010 015 12:15:32,CUrl
2010 015 15:23:18,CSendEmail
2010 015 15:23:32,CSendEmail
2010 015 15:23:35,CSendEmail
2010 015 15:23:41,CUrl
2010 015 16:25:00,CNologon
2010 018 08:15:00,Blogon
2010 018 08:50:56,BUrl
2010 018 12:26:11,CUrl
2010 018 12:58:52,CSendEmail
2010 018 13:37:36,CUrl
2010 018 16:44:00,CNologon
2010 019 08:19:00,Blogon
2010 019 08:20:57,BUrl
2010 019 10:32:13,BSendEmail
2010 019 10:33:47,BUrl
2010 019 10:36:16,BSendEmail
2010 019 10:59:31,BUrl
2010 019 12:32:53,CUrl
2010 019 15:16:48,CSendEmail
2010 019 15:19:11,CUrl
2010 019 16:39:00,CNologon
2010 020 08:29:00,Blogon
2010 020 08:33:17,BUrl
2010 020 12:18:22,CSendEmail
2010 020 12:21:24,CUrl
2010 020 12:40:45,CSendEmail
2010 020 13:02:45,CSendEmail
2010 020 13:06:34,CUrl
2010 020 16:29:00,CNologon
2010 021 08:30:00,Blogon
2010 021 08:46:38,BUrl
2010 021 10:21:26,BSendEmail
2010 021 10:49:49,BUrl
2010 021 12:07:53,CUrl
2010 021 16:08:52,CSendEmail
2010 021 16:12:54,CSendEmail
2010 021 16:15:29,CUrl
2010 021 16:30:00,CNologon
2010 022 08:18:00,Blogon
2010 022 08:37:38,BSendEmail
2010 022 08:41:27,BUrl
2010 022 09:02:49,BSendEmail
2010 022 09:05:57,BSendEmail
2010 022 09:13:04,BUrl
2010 022 12:19:22,CUrl
2010 022 16:30:00,CNologon
2010 025 08:20:00,Blogon
2010 025 09:09:09,BUrl
2010 025 09:51:36,BSendEmail
2010 025 10:14:40,BUrl
2010 025 10:55:05,BSendEmail
2010 025 10:58:35,BUrl
2010 025 12:05:16,CUrl
2010 025 16:39:00,CNologon
2010 026 08:34:00,Blogon
2010 026 09:09:53,BUrl
2010 026 10:39:14,BSendEmail
2010 026 11:06:28,BUrl
2010 026 12:27:06,CUrl
2010 026 14:39:07,CSendEmail
2010 026 14:41:36,CUrl
2010 026 14:59:42,CSendEmail
2010 026 15:34:17,CUrl
2010 026 16:21:00,CNologon
2010 027 08:28:00,Blogon
2010 027 08:59:44,BUrl
2010 027 09:34:31,BSendEmail
2010 027 09:45:45,BUrl
2010 027 10:12:06,BSendEmail
2010 027 10:32:32,BUrl
2010 027 12:30:05,CSendEmail
2010 027 12:30:28,CUrl
2010 027 16:34:00,CNologon
2010 028 08:17:00,Blogon
2010 028 08:18:21,BUrl
2010 028 12:40:13,CUrl
2010 028 16:30:02,CSendEmail
2010 028 16:33:39,CSendEmail
2010 028 16:33:46,CUrl
2010 028 16:41:00,CNologon
2010 029 08:33:00,Blogon
2010 029 08:34:12,BUrl
2010 029 12:39:29,CUrl
2010 029 15:52:59,CSendEmail
2010 029 15:54:31,CUrl
2010 029 16:08:15,CSendEmail
2010 029 16:10:31,CUrl
2010 029 16:21:09,CSendEmail
2010 029 16:29:00,CNologon
2010 032 08:35:00,Blogon
2010 032 08:36:17,BUrl
2010 032 11:13:04,BSendEmail
2010 032 11:25:46,BUrl
2010 032 11:40:57,BSendEmail
2010 032 12:00:06,CUrl
2010 032 15:57:59,CSendEmail
2010 032 15:59:03,CUrl
2010 032 16:36:00,CNologon
2010 033 08:35:00,Blogon
2010 033 09:59:59,BUrl
2010 033 12:24:33,CUrl
2010 033 13:49:15,CSendEmail
2010 033 13:50:35,CSendEmail
2010 033 13:52:46,CUrl
2010 033 13:53:00,CSendEmail
2010 033 13:53:26,CUrl
2010 033 16:23:00,CNologon
2010 034 08:35:00,Blogon
2010 034 08:38:23,BUrl
2010 034 08:55:52,BSendEmail
2010 034 08:55:53,BSendEmail
2010 034 08:55:57,BSendEmail
2010 034 09:06:15,BUrl
2010 034 12:07:56,CUrl
2010 034 16:21:00,CNologon
2010 035 08:38:00,Blogon
2010 035 08:55:06,BUrl
2010 035 12:14:18,CUrl
2010 035 13:57:10,CSendEmail
2010 035 14:05:18,CUrl
2010 035 14:11:03,CSendEmail
2010 035 14:12:16,CSendEmail
2010 035 15:37:42,CUrl
2010 035 16:23:00,CNologon
2010 036 08:35:00,Blogon
2010 036 08:46:54,BUrl
2010 036 09:20:20,BSendEmail
2010 036 09:20:54,BSendEmail
2010 036 09:34:03,BUrl
2010 036 12:26:50,CUrl
2010 036 15:42:42,CSendEmail
2010 036 15:52:44,CUrl
2010 036 16:30:00,CNologon
2010 039 08:29:00,Blogon
2010 039 08:30:53,BSendEmail
2010 039 08:33:03,BSendEmail
2010 039 08:38:34,BSendEmail
2010 039 08:56:13,BUrl
2010 039 12:03:50,CUrl
2010 039 16:38:00,CNologon
2010 040 08:34:00,Blogon
2010 040 08:36:41,BUrl
2010 040 12:10:00,CUrl
2010 040 12:38:17,CSendEmail
2010 040 12:43:58,CUrl
2010 040 12:57:43,CSendEmail
2010 040 13:14:18,CUrl
2010 040 13:20:26,CSendEmail
2010 040 14:10:16,CUrl
2010 040 16:24:00,CNologon
2010 041 08:31:00,Blogon
2010 041 08:44:57,BUrl
2010 041 12:06:42,CUrl
2010 041 12:35:04,CSendEmail
2010 041 12:37:35,CSendEmail
2010 041 12:39:27,CSendEmail
2010 041 13:34:35,CUrl
2010 041 16:20:00,CNologon
2010 042 08:29:00,Blogon
2010 042 08:46:50,BSendEmail
2010 042 08:51:42,BUrl
2010 042 09:12:43,BSendEmail
2010 042 09:30:50,BUrl
2010 042 12:06:22,CUrl
2010 042 16:30:00,CNologon
2010 043 08:32:00,Blogon
2010 043 08:41:15,BUrl
2010 043 11:07:14,BSendEmail
2010 043 11:08:34,BUrl
2010 043 11:09:10,BSendEmail
2010 043 11:10:05,BSendEmail
2010 043 11:37:08,BUrl
2010 043 12:10:12,CUrl
2010 043 16:21:00,CNologon
2010 046 08:22:00,Blogon
2010 046 08:32:35,BUrl
2010 046 09:44:51,BSendEmail
2010 046 09:47:01,BUrl
2010 046 09:56:41,BSendEmail
2010 046 11:45:04,BUrl
2010 046 12:04:37,CUrl
2010 046 16:43:00,CNologon
2010 047 08:40:00,Blogon
2010 047 08:43:42,BUrl
2010 047 12:20:36,CUrl
2010 047 12:54:48,CSendEmail
2010 047 14:14:08,CUrl
2010 047 15:19:11,CSendEmail
2010 047 15:37:25,CUrl
2010 047 15:38:33,CSendEmail
2010 047 15:48:11,CUrl
2010 047 16:28:00,CNologon
2010 048 08:21:00,Blogon
2010 048 08:27:35,BUrl
2010 048 12:17:32,CUrl
2010 048 16:39:00,CNologon
2010 049 08:27:00,Blogon
2010 049 08:28:59,BUrl
2010 049 11:46:43,BSendEmail
2010 049 11:51:20,BSendEmail
2010 049 11:52:00,BUrl
2010 049 11:52:40,BSendEmail
2010 049 12:02:34,CUrl
2010 049 16:42:00,CNologon
2010 050 08:19:00,Blogon
2010 050 08:20:52,BSendEmail
2010 050 08:21:51,BSendEmail
2010 050 08:39:24,BUrl
2010 050 12:59:09,CUrl
2010 050 15:16:08,CSendEmail
2010 050 15:28:20,CUrl
2010 050 16:38:00,CNologon
2010 053 08:15:00,Blogon
2010 053 08:16:14,BUrl
2010 053 12:35:32,CUrl
2010 053 14:02:07,CSendEmail
2010 053 14:14:25,CUrl
2010 053 14:58:44,CSendEmail
2010 053 15:37:46,CUrl
2010 053 15:43:09,CSendEmail
2010 053 15:54:41,CUrl
2010 053 16:36:00,CNologon
2010 054 08:15:00,Blogon
2010 054 08:17:23,BUrl
2010 054 10:46:08,BSendEmail
2010 054 10:48:18,BUrl
2010 054 10:53:00,BSendEmail
2010 054 11:21:05,BUrl
2010 054 13:03:01,CUrl
2010 054 15:47:58,CSendEmail
2010 054 16:10:31,CUrl
2010 054 16:44:00,CNologon
2010 055 08:33:00,Blogon
2010 055 08:58:42,BUrl
2010 055 12:08:36,CUrl
2010 055 14:06:13,CSendEmail
2010 055 14:16:42,CUrl
2010 055 15:17:16,CSendEmail
2010 055 15:29:42,CUrl
2010 055 15:47:00,CSendEmail
2010 055 15:51:48,CUrl
2010 055 16:25:00,CNologon
2010 056 08:36:00,Blogon
2010 056 08:44:51,BUrl
2010 056 08:57:07,BSendEmail
2010 056 09:00:37,BUrl
2010 056 09:13:33,BSendEmail
2010 056 09:14:13,BSendEmail
2010 056 09:28:36,BUrl
2010 056 12:21:48,CUrl
2010 056 16:20:00,CNologon
2010 057 08:30:00,Blogon
2010 057 08:49:27,BUrl
2010 057 12:09:42,CUrl
2010 057 13:37:18,CSendEmail
2010 057 13:44:18,CUrl
2010 057 16:32:58,CSendEmail
2010 057 16:35:00,CNologon
2010 060 08:20:00,Blogon
2010 060 08:24:06,BUrl
2010 060 12:26:41,CUrl
2010 060 14:53:03,CSendEmail
2010 060 14:57:48,CSendEmail
2010 060 15:01:36,CUrl
2010 060 15:06:15,CSendEmail
2010 060 15:07:51,CUrl
2010 060 16:40:00,CNologon
2010 061 08:38:00,Blogon
2010 061 08:41:11,BUrl
2010 061 09:19:39,BSendEmail
2010 061 09:19:57,BSendEmail
2010 061 09:46:11,BUrl
2010 061 12:27:11,CUrl
2010 061 13:41:02,CSendEmail
2010 061 14:16:56,CUrl
2010 061 16:24:00,CNologon
2010 062 08:26:00,Blogon
2010 062 08:53:11,BUrl
2010 062 12:01:09,CUrl
2010 062 14:27:23,CSendEmail
2010 062 14:41:47,CUrl
2010 062 15:33:04,CSendEmail
2010 062 15:34:11,CSendEmail
2010 062 15:43:23,CUrl
2010 062 16:21:00,CNologon
2010 063 08:19:00,Blogon
2010 063 08:36:37,BUrl
2010 063 10:35:08,BSendEmail
2010 063 10:40:05,BUrl
2010 063 12:09:18,CUrl
2010 063 16:37:00,CNologon
2010 064 08:40:00,Blogon
2010 064 08:45:15,BUrl
2010 064 08:59:31,BSendEmail
2010 064 09:09:02,BUrl
2010 064 09:14:25,BSendEmail
2010 064 09:33:36,BUrl
2010 064 12:06:32,CUrl
2010 064 14:41:29,CSendEmail
2010 064 14:52:11,CUrl
2010 064 16:23:00,CNologon
2010 067 08:34:00,Blogon
2010 067 08:35:12,BUrl
2010 067 08:46:15,BSendEmail
2010 067 08:46:23,BUrl
2010 067 12:20:06,CUrl
2010 067 14:06:32,CSendEmail
2010 067 14:08:21,CUrl
2010 067 15:11:40,CSendEmail
2010 067 15:22:26,CUrl
2010 067 16:25:00,CNologon
2010 068 08:22:00,Blogon
2010 068 08:24:55,BUrl
2010 068 12:18:02,CUrl
2010 068 14:24:25,CSendEmail
2010 068 15:15:58,CUrl
2010 068 16:41:00,CNologon
2010 069 08:15:00,Blogon
2010 069 08:22:04,BUrl
2010 069 12:27:41,CUrl
2010 069 12:29:42,CSendEmail
2010 069 12:32:06,CUrl
2010 069 12:33:57,CSendEmail
2010 069 12:36:15,CSendEmail
2010 069 12:39:59,CUrl
2010 069 16:41:00,CNologon
2010 070 08:36:00,Blogon
2010 070 08:51:38,BUrl
2010 070 12:14:55,CSendEmail
2010 070 12:15:32,CUrl
2010 070 12:15:42,CSendEmail
2010 070 12:16:58,CUrl
2010 070 15:47:34,CSendEmail
2010 070 15:49:54,CUrl
2010 070 16:39:00,CNologon
2010 071 08:25:00,Blogon
2010 071 08:27:39,BUrl
2010 071 09:49:33,BSendEmail
2010 071 09:53:28,BSendEmail
2010 071 10:20:04,BUrl
2010 071 10:43:31,BSendEmail
2010 071 11:03:46,BUrl
2010 071 12:14:44,CUrl
2010 071 16:40:00,CNologon
2010 074 08:15:00,Blogon
2010 074 08:26:58,BSendEmail
2010 074 08:32:20,BUrl
2010 074 12:05:28,CUrl
2010 074 15:55:37,CSendEmail
2010 074 16:04:53,CUrl
2010 074 16:17:35,CSendEmail
2010 074 16:24:53,CUrl
2010 074 16:44:00,CNologon
2010 075 08:25:00,Blogon
2010 075 08:26:31,BUrl
2010 075 12:15:30,CUrl
2010 075 13:04:25,CSendEmail
2010 075 13:04:41,CUrl
2010 075 13:13:41,CSendEmail
2010 075 13:36:02,CUrl
2010 075 13:54:04,CSendEmail
2010 075 14:02:24,CUrl
2010 075 16:28:00,CNologon
2010 076 08:28:00,Blogon
2010 076 08:37:43,BUrl
2010 076 12:18:20,CUrl
2010 076 13:52:13,CSendEmail
2010 076 13:53:33,CUrl
2010 076 13:57:14,CSendEmail
2010 076 13:59:23,CSendEmail
2010 076 14:39:04,CUrl
2010 076 16:25:00,CNologon
2010 077 08:17:00,Blogon
2010 077 08:23:24,BUrl
2010 077 08:28:32,BSendEmail
2010 077 08:55:27,BUrl
2010 077 12:10:59,CUrl
2010 077 15:46:10,CSendEmail
2010 077 16:08:49,CUrl
2010 077 16:38:00,CNologon
2010 078 08:26:00,Blogon
2010 078 08:50:54,BUrl
2010 078 12:13:56,CUrl
2010 078 12:16:59,CSendEmail
2010 078 12:24:07,CUrl
2010 078 13:07:00,CSendEmail
2010 078 13:07:01,CUrl
2010 078 13:57:34,CSendEmail
2010 078 14:02:06,CUrl
2010 078 16:28:00,CNologon
2010 081 08:15:00,Blogon
2010 081 08:16:39,BUrl
2010 081 12:07:01,CUrl
2010 081 13:11:23,CSendEmail
2010 081 14:04:06,CUrl
2010 081 14:59:00,CSendEmail
2010 081 15:10:37,CSendEmail
2010 081 16:40:35,CUrl
2010 081 16:42:00,CNologon
2010 082 08:27:00,Blogon
2010 082 08:33:14,BUrl
2010 082 09:27:56,BSendEmail
2010 082 09:28:31,BSendEmail
2010 082 09:42:10,BUrl
2010 082 10:33:34,BSendEmail
2010 082 10:54:49,BUrl
2010 082 12:03:07,CUrl
2010 082 16:30:00,CNologon
2010 083 08:20:00,Blogon
2010 083 08:26:05,BUrl
2010 083 12:01:35,CUrl
2010 083 12:37:17,CSendEmail
2010 083 12:44:29,CSendEmail
2010 083 12:56:16,CSendEmail
2010 083 13:10:13,CUrl
2010 083 16:32:00,CNologon
2010 084 08:34:00,Blogon
2010 084 08:38:24,BUrl
2010 084 10:55:15,BSendEmail
2010 084 10:55:21,BUrl
2010 084 12:33:00,CUrl
2010 084 16:16:34,CSendEmail
2010 084 16:20:00,CNologon
2010 085 08:27:00,Blogon
2010 085 08:52:22,BUrl
2010 085 08:59:00,BSendEmail
2010 085 09:12:33,BUrl
2010 085 09:30:24,BSendEmail
2010 085 09:32:45,BSendEmail
2010 085 09:38:37,BUrl
2010 085 12:03:13,CUrl
2010 085 16:34:00,CNologon
2010 088 08:23:00,Blogon
2010 088 08:45:00,BUrl
2010 088 14:10:43,CSendEmail
2010 088 14:11:52,CSendEmail
2010 088 14:12:01,CUrl
2010 088 14:14:17,CSendEmail
2010 088 14:44:40,CUrl
2010 088 16:41:00,CNologon
2010 089 08:26:00,Blogon
2010 089 08:33:28,BUrl
2010 089 12:10:49,CUrl
2010 089 13:56:32,CSendEmail
2010 089 14:27:04,CUrl
2010 089 14:39:12,CSendEmail
2010 089 15:16:44,CUrl
2010 089 16:15:46,CSendEmail
2010 089 16:18:12,CUrl
2010 089 16:22:00,CNologon
2010 090 08:36:00,Blogon
2010 090 08:48:53,BUrl
2010 090 11:09:12,BSendEmail
2010 090 11:14:46,BUrl
2010 090 11:14:52,BSendEmail
2010 090 11:23:28,BUrl
2010 090 12:06:41,CSendEmail
2010 090 12:11:22,CUrl
2010 090 16:30:00,CNologon
2010 091 08:30:00,Blogon
2010 091 08:48:38,BUrl
2010 091 12:08:33,CUrl
2010 091 12:15:23,CSendEmail
2010 091 12:31:54,CUrl
2010 091 12:38:34,CSendEmail
2010 091 13:02:57,CUrl
2010 091 16:14:14,CSendEmail
2010 091 16:38:00,CNologon
2010 095 08:16:00,Blogon
2010 095 08:28:13,BUrl
2010 095 12:05:48,CUrl
2010 095 13:19:50,CSendEmail
2010 095 13:41:18,CSendEmail
2010 095 13:50:54,CSendEmail
2010 095 14:13:03,CUrl
2010 095 16:33:00,CNologon
2010 096 08:16:00,Blogon
2010 096 08:17:19,BUrl
2010 096 08:17:33,BSendEmail
2010 096 08:27:35,BUrl
2010 096 08:54:47,BSendEmail
2010 096 08:55:51,BUrl
2010 096 09:07:55,BSendEmail
2010 096 09:15:53,BUrl
2010 096 12:11:47,CUrl
2010 096 16:28:00,CNologon
2010 097 08:25:00,Blogon
2010 097 08:30:22,BUrl
2010 097 09:57:20,BSendEmail
2010 097 09:57:57,BUrl
2010 097 12:00:16,CUrl
2010 097 14:15:03,CSendEmail
2010 097 14:16:22,CSendEmail
2010 097 14:24:05,CUrl
2010 097 16:33:00,CNologon
2010 098 08:34:00,Blogon
2010 098 08:42:24,BUrl
2010 098 11:36:49,BSendEmail
2010 098 11:40:09,BUrl
2010 098 12:19:53,CUrl
2010 098 14:12:27,CSendEmail
2010 098 14:15:45,CUrl
2010 098 14:47:04,CSendEmail
2010 098 15:38:06,CUrl
2010 098 16:20:00,CNologon
2010 099 08:40:00,Blogon
2010 099 09:09:55,BUrl
2010 099 12:23:32,CUrl
2010 099 15:48:23,CSendEmail
2010 099 15:50:04,CUrl
2010 099 16:07:49,CSendEmail
2010 099 16:12:51,CUrl
2010 099 16:20:17,CSendEmail
2010 099 16:25:18,CUrl
2010 099 16:29:00,CNologon
2010 102 08:24:00,Blogon
2010 102 08:56:10,BUrl
2010 102 09:51:50,BSendEmail
2010 102 10:03:31,BUrl
2010 102 10:50:47,BSendEmail
2010 102 11:17:53,BUrl
2010 102 12:10:49,CUrl
2010 102 13:18:53,CSendEmail
2010 102 14:02:24,CUrl
2010 102 16:37:00,CNologon
2010 103 08:26:00,Blogon
2010 103 08:39:05,BUrl
2010 103 08:40:07,BSendEmail
2010 103 08:41:00,BUrl
2010 103 08:44:23,BSendEmail
2010 103 08:45:22,BUrl
2010 103 12:08:07,CSendEmail
2010 103 12:09:11,CUrl
2010 103 16:35:00,CNologon
2010 104 08:18:00,Blogon
2010 104 08:32:46,BUrl
2010 104 12:16:47,CUrl
2010 104 12:41:02,CSendEmail
2010 104 12:45:40,CUrl
2010 104 12:59:49,CSendEmail
2010 104 13:01:57,CUrl
2010 104 13:07:31,CSendEmail
2010 104 13:33:04,CUrl
2010 104 16:36:00,CNologon
2010 105 08:36:00,Blogon
2010 105 08:38:53,BUrl
2010 105 10:19:41,BSendEmail
2010 105 10:22:04,BUrl
2010 105 10:22:08,BSendEmail
2010 105 10:22:15,BSendEmail
2010 105 10:43:49,BUrl
2010 105 12:10:15,CUrl
2010 105 16:21:00,CNologon
2010 106 08:29:00,Blogon
2010 106 08:30:50,BUrl
2010 106 12:16:42,CUrl
2010 106 16:31:48,CSendEmail
2010 106 16:34:04,CSendEmail
2010 106 16:36:01,CUrl
2010 106 16:39:28,CSendEmail
2010 106 16:41:00,CNologon
2010 109 08:17:00,Blogon
2010 109 08:29:41,BUrl
2010 109 08:57:57,BSendEmail
2010 109 09:17:35,BUrl
2010 109 09:26:31,BSendEmail
2010 109 09:27:18,BUrl
2010 109 09:57:14,BSendEmail
2010 109 11:00:09,BUrl
2010 109 12:07:19,CUrl
2010 109 16:34:00,CNologon
2010 110 08:15:00,Blogon
2010 110 08:31:16,BUrl
2010 110 09:06:13,BSendEmail
2010 110 09:50:49,BUrl
2010 110 12:29:39,CUrl
2010 110 12:31:40,CSendEmail
2010 110 12:33:54,CUrl
2010 110 16:13:12,CSendEmail
2010 110 16:19:24,CUrl
2010 110 16:23:00,CNologon
2010 111 08:30:00,Blogon
2010 111 08:34:21,BSendEmail
2010 111 08:35:16,BUrl
2010 111 10:01:16,BSendEmail
2010 111 10:01:38,BUrl
2010 111 11:05:26,BSendEmail
2010 111 11:41:58,BUrl
2010 111 12:20:16,CUrl
2010 111 16:31:00,CNologon
2010 112 08:15:00,Blogon
2010 112 08:21:55,BSendEmail
2010 112 08:58:28,BUrl
2010 112 12:28:58,CSendEmail
2010 112 13:01:46,CUrl
2010 112 16:25:47,CSendEmail
2010 112 16:27:00,CNologon
2010 113 08:31:00,Blogon
2010 113 08:50:05,BUrl
2010 113 08:54:42,BSendEmail
2010 113 08:58:11,BUrl
2010 113 12:07:16,CUrl
2010 113 16:06:21,CSendEmail
2010 113 16:06:36,CSendEmail
2010 113 16:26:00,CNologon
2010 116 08:36:00,Blogon
2010 116 08:38:04,BUrl
2010 116 12:27:01,CUrl
2010 116 12:29:51,CSendEmail
2010 116 12:32:32,CUrl
2010 116 16:14:22,CSendEmail
2010 116 16:28:29,CSendEmail
2010 116 16:37:00,CNologon
2010 117 08:27:00,Blogon
2010 117 08:29:17,BUrl
2010 117 12:23:42,CUrl
2010 117 15:38:02,CSendEmail
2010 117 15:46:44,CSendEmail
2010 117 15:47:01,CUrl
2010 117 16:36:14,CSendEmail
2010 117 16:40:00,CNologon
2010 118 08:24:00,Blogon
2010 118 08:26:32,BUrl
2010 118 10:00:23,BSendEmail
2010 118 10:19:03,BUrl
2010 118 12:06:47,CSendEmail
2010 118 12:06:51,CUrl
2010 118 12:06:52,CSendEmail
2010 118 12:21:51,CUrl
2010 118 16:30:00,CNologon
2010 119 08:31:00,Blogon
2010 119 08:43:02,BUrl
2010 119 09:20:33,BSendEmail
2010 119 09:27:22,BSendEmail
2010 119 09:29:56,BSendEmail
2010 119 09:31:33,BUrl
2010 119 12:52:15,CUrl
2010 119 16:25:00,CNologon
2010 120 08:28:00,Blogon
2010 120 08:31:42,BUrl
2010 120 12:09:00,CUrl
2010 120 15:51:04,CSendEmail
2010 120 15:53:53,CUrl
2010 120 15:55:08,CSendEmail
2010 120 15:59:22,CSendEmail
2010 120 16:01:38,CUrl
2010 120 16:34:00,CNologon
2010 123 08:35:00,Blogon
2010 123 09:21:36,BUrl
2010 123 12:38:07,CUrl
2010 123 14:21:52,CSendEmail
2010 123 14:56:22,CUrl
2010 123 15:16:48,CSendEmail
2010 123 15:34:35,CUrl
2010 123 16:16:15,CSendEmail
2010 123 16:23:00,CNologon
2010 124 08:33:00,Blogon
2010 124 08:37:53,BUrl
2010 124 10:49:06,BSendEmail
2010 124 10:49:07,BSendEmail
2010 124 10:51:21,BSendEmail
2010 124 11:01:30,BUrl
2010 124 12:05:28,CUrl
2010 124 16:25:00,CNologon
2010 125 08:31:00,Blogon
2010 125 08:32:36,BUrl
2010 125 12:17:37,CUrl
2010 125 14:29:09,CSendEmail
2010 125 14:30:16,CSendEmail
2010 125 14:31:13,CSendEmail
2010 125 14:45:04,CUrl
2010 125 16:26:00,CNologon
2010 126 08:39:00,Blogon
2010 126 08:41:18,BUrl
2010 126 08:44:22,BSendEmail
2010 126 09:35:57,BUrl
2010 126 09:57:38,BSendEmail
2010 126 10:16:37,BUrl
2010 126 10:35:13,BSendEmail
2010 126 11:27:48,BUrl
2010 126 12:11:15,CUrl
2010 126 16:27:00,CNologon
2010 127 08:30:00,Blogon
2010 127 08:32:39,BUrl
2010 127 12:07:44,CUrl
2010 127 15:25:29,CSendEmail
2010 127 15:38:46,CUrl
2010 127 15:48:04,CSendEmail
2010 127 15:52:24,CSendEmail
2010 127 16:01:00,CUrl
2010 127 16:34:00,CNologon
2010 130 08:36:00,Blogon
2010 130 08:51:26,BUrl
2010 130 12:13:54,CUrl
2010 130 14:05:58,CSendEmail
2010 130 14:06:22,CSendEmail
2010 130 14:30:54,CUrl
2010 130 15:05:21,CSendEmail
2010 130 15:08:51,CUrl
2010 130 16:20:00,CNologon
2010 131 08:22:00,Blogon
2010 131 08:24:51,BUrl
2010 131 12:33:08,CUrl
2010 131 15:28:45,CSendEmail
2010 131 15:42:29,CSendEmail
2010 131 15:43:23,CUrl
2010 131 16:28:03,CSendEmail
2010 131 16:30:00,CUrl
2010 131 16:41:00,CNologon
2010 132 08:16:00,Blogon
2010 132 08:35:42,BUrl
2010 132 09:02:05,BSendEmail
2010 132 09:06:19,BUrl
2010 132 11:54:04,BSendEmail
2010 132 12:16:36,CUrl
2010 132 14:34:00,CSendEmail
2010 132 15:22:32,CUrl
2010 132 16:34:00,CNologon
2010 133 08:25:00,Blogon
2010 133 08:29:38,BUrl
2010 133 09:01:31,BSendEmail
2010 133 09:02:14,BSendEmail
2010 133 09:02:31,BUrl
2010 133 10:02:47,BSendEmail
2010 133 10:18:15,BUrl
2010 133 12:11:34,CUrl
2010 133 16:42:00,CNologon
2010 134 08:22:00,Blogon
2010 134 08:27:32,BUrl
2010 134 11:26:25,BSendEmail
2010 134 11:41:44,BSendEmail
2010 134 13:47:47,CUrl
2010 134 14:19:42,CSendEmail
2010 134 14:38:34,CUrl
2010 134 16:34:00,CNologon
2010 137 08:30:00,Blogon
2010 137 08:39:18,BUrl
2010 137 12:38:29,CUrl
2010 137 13:08:39,CSendEmail
2010 137 13:19:57,CUrl
2010 137 13:22:58,CSendEmail
2010 137 13:30:54,CUrl
2010 137 16:03:28,CSendEmail
2010 137 16:04:07,CUrl
2010 137 16:42:00,CNologon
2010 138 08:22:00,Blogon
2010 138 08:27:45,BUrl
2010 138 12:02:24,CUrl
2010 138 14:32:37,CSendEmail
2010 138 14:40:24,CUrl
2010 138 15:11:16,CSendEmail
2010 138 15:19:54,CSendEmail
2010 138 16:32:11,CUrl
2010 138 16:40:00,CNologon
2010 139 08:18:00,Blogon
2010 139 09:48:25,BUrl
2010 139 13:42:05,CUrl
2010 139 14:34:03,CSendEmail
2010 139 14:34:12,CUrl
2010 139 14:50:04,CSendEmail
2010 139 14:52:21,CSendEmail
2010 139 16:10:50,CUrl
2010 139 16:29:00,CNologon
2010 140 08:40:00,Blogon
2010 140 08:44:56,BUrl
2010 140 09:07:07,BSendEmail
2010 140 09:07:59,BSendEmail
2010 140 09:09:47,BUrl
2010 140 12:09:22,CUrl
2010 140 16:25:07,CSendEmail
2010 140 16:27:06,CUrl
2010 140 16:30:00,CNologon
2010 141 08:27:00,Blogon
2010 141 08:43:13,BUrl
2010 141 12:14:28,CUrl
2010 141 13:28:26,CSendEmail
2010 141 13:44:09,CUrl
2010 141 14:00:04,CSendEmail
2010 141 14:02:05,CUrl
2010 141 14:13:56,CSendEmail
2010 141 14:24:17,CUrl
2010 141 16:35:00,CNologon
2010 144 08:30:00,Blogon
2010 144 08:37:51,BUrl
2010 144 11:40:00,BSendEmail
2010 144 11:40:55,BUrl
2010 144 12:02:32,CUrl
2010 144 14:38:07,CSendEmail
2010 144 14:51:57,CSendEmail
2010 144 14:53:17,CUrl
2010 144 16:37:00,CNologon
2010 145 08:32:00,Blogon
2010 145 08:38:23,BSendEmail
2010 145 08:38:45,BSendEmail
2010 145 08:39:17,BUrl
2010 145 12:14:29,CUrl
2010 145 13:39:13,CSendEmail
2010 145 13:51:24,CUrl
2010 145 16:24:00,CNologon
2010 146 08:38:00,Blogon
2010 146 08:54:55,BUrl
2010 146 09:09:37,BSendEmail
2010 146 09:16:00,BUrl
2010 146 11:11:08,BSendEmail
2010 146 11:13:39,BSendEmail
2010 146 12:10:09,CUrl
2010 146 16:27:00,CNologon
2010 147 08:19:00,Blogon
2010 147 08:22:04,BUrl
2010 147 13:15:15,CUrl
2010 147 13:45:31,CSendEmail
2010 147 14:04:43,CUrl
2010 147 15:26:46,CSendEmail
2010 147 15:28:31,CSendEmail
2010 147 15:35:52,CUrl
2010 147 16:37:00,CNologon
2010 148 08:29:00,Blogon
2010 148 08:46:11,BUrl
2010 148 10:15:40,BSendEmail
2010 148 10:43:15,BUrl
2010 148 11:05:05,BSendEmail
2010 148 11:28:16,BUrl
2010 148 12:05:32,CUrl
2010 148 12:47:27,CSendEmail
2010 148 12:48:32,CUrl
2010 148 16:44:00,CNologon
2010 152 08:31:00,Blogon
2010 152 08:47:01,BUrl
2010 152 09:01:51,BSendEmail
2010 152 09:06:42,BUrl
2010 152 09:31:20,BSendEmail
2010 152 09:50:19,BUrl
2010 152 12:00:48,CUrl
2010 152 16:36:25,CSendEmail
2010 152 16:40:00,CNologon
2010 153 08:38:00,Blogon
2010 153 08:40:42,BUrl
2010 153 08:53:00,BSendEmail
2010 153 09:02:04,BSendEmail
2010 153 09:03:09,BSendEmail
2010 153 09:10:41,BUrl
2010 153 12:47:52,CUrl
2010 153 16:43:00,CNologon
2010 154 08:18:00,Blogon
2010 154 08:19:27,BUrl
2010 154 11:06:56,BSendEmail
2010 154 11:15:09,BUrl
2010 154 11:18:09,BSendEmail
2010 154 11:18:43,BSendEmail
2010 154 11:24:47,BUrl
2010 154 12:00:34,CUrl
2010 154 16:43:00,CNologon
2010 155 08:25:00,Blogon
2010 155 08:47:26,BUrl
2010 155 10:38:26,BSendEmail
2010 155 10:41:32,BUrl
2010 155 10:43:30,BSendEmail
2010 155 10:43:47,BSendEmail
2010 155 10:58:33,BUrl
2010 155 12:38:45,CUrl
2010 155 16:36:00,CNologon
2010 158 08:21:00,Blogon
2010 158 08:27:34,BUrl
2010 158 12:51:29,CUrl
2010 158 14:35:15,CSendEmail
2010 158 14:35:34,CUrl
2010 158 14:42:31,CSendEmail
2010 158 14:47:43,CSendEmail
2010 158 15:13:37,CUrl
2010 158 16:43:00,CNologon
2010 159 08:31:00,Blogon
2010 159 08:35:47,BUrl
2010 159 09:57:53,BSendEmail
2010 159 09:57:56,BUrl
2010 159 11:30:56,BSendEmail
2010 159 11:31:09,BUrl
2010 159 12:18:37,CUrl
2010 159 15:16:33,CSendEmail
2010 159 15:17:42,CUrl
2010 159 16:22:00,CNologon
2010 160 08:27:00,Blogon
2010 160 08:59:46,BUrl
2010 160 09:03:54,BSendEmail
2010 160 09:08:13,BSendEmail
2010 160 09:35:44,BUrl
2010 160 12:16:32,CUrl
2010 160 12:38:01,CSendEmail
2010 160 12:55:48,CUrl
2010 160 16:38:00,CNologon
2010 161 08:21:00,Blogon
2010 161 08:35:19,BUrl
2010 161 10:13:58,BSendEmail
2010 161 10:17:03,BUrl
2010 161 12:09:51,CUrl
2010 161 16:43:00,CNologon
2010 162 08:31:00,Blogon
2010 162 08:32:15,BUrl
2010 162 12:24:56,CUrl
2010 162 14:01:02,CSendEmail
2010 162 14:09:05,CUrl
2010 162 14:09:46,CSendEmail
2010 162 14:14:07,CUrl
2010 162 14:26:10,CSendEmail
2010 162 14:30:43,CUrl
2010 162 16:24:00,CNologon
2010 165 08:21:00,Blogon
2010 165 08:33:18,BUrl
2010 165 08:53:24,BSendEmail
2010 165 09:09:49,BUrl
2010 165 09:53:39,BSendEmail
2010 165 10:04:13,BUrl
2010 165 12:12:59,CUrl
2010 165 15:55:54,CSendEmail
2010 165 16:37:46,CUrl
2010 165 16:42:00,CNologon
2010 166 08:40:00,Blogon
2010 166 08:50:05,BUrl
2010 166 12:18:32,CUrl
2010 166 12:41:09,CSendEmail
2010 166 13:01:16,CSendEmail
2010 166 13:11:32,CUrl
2010 166 13:25:58,CSendEmail
2010 166 13:33:26,CUrl
2010 166 16:32:00,CNologon
2010 167 08:33:00,Blogon
2010 167 08:42:01,BUrl
2010 167 12:07:13,CUrl
2010 167 16:26:22,CSendEmail
2010 167 16:33:26,CUrl
2010 167 16:37:27,CSendEmail
2010 167 16:38:41,CSendEmail
2010 167 16:42:00,CNologon
2010 168 08:31:00,Blogon
2010 168 08:36:12,BUrl
2010 168 10:07:03,BSendEmail
2010 168 10:15:14,BUrl
2010 168 10:30:11,BSendEmail
2010 168 10:30:33,BUrl
2010 168 11:17:58,BSendEmail
2010 168 11:25:16,BUrl
2010 168 12:03:10,CUrl
2010 168 16:25:00,CNologon
2010 169 08:40:00,Blogon
2010 169 08:45:28,BUrl
2010 169 09:55:12,BSendEmail
2010 169 09:59:00,BUrl
2010 169 12:16:44,CUrl
2010 169 12:36:41,CSendEmail
2010 169 12:56:08,CUrl
2010 169 13:04:24,CSendEmail
2010 169 13:20:45,CUrl
2010 169 16:28:00,CNologon
2010 172 08:21:00,Blogon
2010 172 08:22:20,BUrl
2010 172 08:55:55,BSendEmail
2010 172 09:40:02,BSendEmail
2010 172 10:27:20,BUrl
2010 172 11:11:25,BSendEmail
2010 172 11:26:54,BUrl
2010 172 12:32:35,CUrl
2010 172 16:30:00,CNologon
2010 173 08:15:00,Blogon
2010 173 08:39:39,BUrl
2010 173 12:21:58,CUrl
2010 173 15:19:21,CSendEmail
2010 173 15:22:08,CUrl
2010 173 16:35:47,CSendEmail
2010 173 16:36:45,CSendEmail
2010 173 16:40:00,CNologon
2010 174 08:15:00,Blogon
2010 174 08:34:36,BUrl
2010 174 12:07:12,CUrl
2010 174 15:29:09,CSendEmail
2010 174 15:34:03,CSendEmail
2010 174 15:38:27,CSendEmail
2010 174 16:00:02,CUrl
2010 174 16:39:00,CNologon
2010 175 08:20:00,Blogon
2010 175 08:29:36,BUrl
2010 175 11:04:40,BSendEmail
2010 175 11:06:33,BUrl
2010 175 11:14:11,BSendEmail
2010 175 11:19:22,BUrl
2010 175 12:45:35,CUrl
2010 175 15:01:40,CSendEmail
2010 175 15:05:26,CUrl
2010 175 16:44:00,CNologon
2010 176 08:23:00,Blogon
2010 176 08:32:04,BUrl
2010 176 11:57:14,BSendEmail
2010 176 11:57:29,BUrl
2010 176 11:57:47,BSendEmail
2010 176 11:59:30,BSendEmail
2010 176 12:22:02,CUrl
2010 176 16:34:00,CNologon
2010 179 08:17:00,Blogon
2010 179 08:18:44,BSendEmail
2010 179 08:32:26,BSendEmail
2010 179 08:36:26,BUrl
2010 179 10:07:26,BSendEmail
2010 179 10:08:20,BUrl
2010 179 12:51:13,CUrl
2010 179 16:41:00,CNologon
2010 180 08:16:00,Blogon
2010 180 08:17:25,BUrl
2010 180 11:43:36,BSendEmail
2010 180 11:45:28,BSendEmail
2010 180 12:02:08,CUrl
2010 180 14:58:36,CSendEmail
2010 180 15:14:03,CUrl
2010 180 16:29:00,CNologon
2010 181 08:32:00,Blogon
2010 181 08:36:03,BUrl
2010 181 12:22:15,CUrl
2010 181 12:56:26,CSendEmail
2010 181 13:09:04,CUrl
2010 181 15:45:14,CSendEmail
2010 181 15:46:37,CUrl
2010 181 16:02:11,CSendEmail
2010 181 16:24:23,CUrl
2010 181 16:26:00,CNologon
2010 182 08:27:00,Blogon
2010 182 09:03:15,BUrl
2010 182 11:21:42,BSendEmail
2010 182 11:36:31,BUrl
2010 182 12:01:47,CUrl
2010 182 12:12:22,CSendEmail
2010 182 13:18:54,CUrl
2010 182 16:45:00,CNologon
2010 183 08:30:00,Blogon
2010 183 08:35:44,BUrl
2010 183 10:11:23,BSendEmail
2010 183 10:18:17,BUrl
2010 183 12:13:23,CUrl
2010 183 13:56:36,CSendEmail
2010 183 13:56:44,CSendEmail
2010 183 14:05:56,CUrl
2010 183 16:43:00,CNologon
2010 187 08:32:00,Blogon
2010 187 08:36:05,BUrl
2010 187 12:00:25,CUrl
2010 187 15:44:45,CSendEmail
2010 187 15:55:57,CUrl
2010 187 16:14:02,CSendEmail
2010 187 16:14:42,CSendEmail
2010 187 16:29:31,CUrl
2010 187 16:32:00,CNologon
2010 188 08:36:00,Blogon
2010 188 08:43:49,BUrl
2010 188 09:46:51,BSendEmail
2010 188 09:52:19,BSendEmail
2010 188 09:56:48,BUrl
2010 188 12:21:48,CUrl
2010 188 15:54:47,CSendEmail
2010 188 15:57:57,CUrl
2010 188 16:22:00,CNologon
2010 189 08:40:00,Blogon
2010 189 08:41:57,BUrl
2010 189 09:05:23,BSendEmail
2010 189 09:08:07,BSendEmail
2010 189 09:13:13,BUrl
2010 189 12:03:53,CUrl
2010 189 13:22:13,CSendEmail
2010 189 14:02:14,CUrl
2010 189 16:42:00,CNologon
2010 190 08:36:00,Blogon
2010 190 08:38:49,BUrl
2010 190 08:38:58,BSendEmail
2010 190 08:39:12,BSendEmail
2010 190 08:39:42,BSendEmail
2010 190 09:16:31,BUrl
2010 190 12:13:48,CUrl
2010 190 16:23:00,CNologon
2010 193 08:30:00,Blogon
2010 193 08:44:09,BUrl
2010 193 08:50:05,BSendEmail
2010 193 08:52:43,BUrl
2010 193 09:16:09,BSendEmail
2010 193 09:17:35,BUrl
2010 193 11:36:45,BSendEmail
2010 193 11:41:46,BUrl
2010 193 12:34:22,CUrl
2010 193 16:36:00,CNologon
2010 194 08:37:00,Blogon
2010 194 08:38:41,BUrl
2010 194 12:25:02,CSendEmail
2010 194 12:27:08,CUrl
2010 194 12:30:45,CSendEmail
2010 194 12:44:26,CUrl
2010 194 12:46:59,CSendEmail
2010 194 13:25:22,CUrl
2010 194 16:28:00,CNologon
2010 195 08:40:00,Blogon
2010 195 08:58:22,BUrl
2010 195 12:10:01,CUrl
2010 195 14:15:21,CSendEmail
2010 195 14:16:08,CSendEmail
2010 195 14:19:38,CUrl
2010 195 14:20:16,CSendEmail
2010 195 14:44:04,CUrl
2010 195 16:28:00,CNologon
2010 196 08:24:00,Blogon
2010 196 08:26:15,BSendEmail
2010 196 08:26:52,BSendEmail
2010 196 08:34:20,BUrl
2010 196 09:28:34,BSendEmail
2010 196 09:33:57,BUrl
2010 196 12:49:57,CUrl
2010 196 16:20:00,CNologon
2010 197 08:39:00,Blogon
2010 197 08:45:07,BUrl
2010 197 12:12:48,CUrl
2010 197 15:47:51,CSendEmail
2010 197 15:52:25,CSendEmail
2010 197 16:04:26,CSendEmail
2010 197 16:21:42,CUrl
2010 197 16:25:00,CNologon
2010 200 08:35:00,Blogon
2010 200 09:09:14,BUrl
2010 200 12:06:13,CSendEmail
2010 200 12:10:58,CSendEmail
2010 200 12:17:27,CUrl
2010 200 12:33:53,CSendEmail
2010 200 13:50:50,CUrl
2010 200 16:26:00,CNologon
2010 201 08:31:00,Blogon
2010 201 08:42:17,BUrl
2010 201 09:17:22,BSendEmail
2010 201 09:32:02,BUrl
2010 201 10:25:22,BSendEmail
2010 201 11:49:41,BUrl
2010 201 12:14:07,CUrl
2010 201 12:32:23,CSendEmail
2010 201 12:57:31,CUrl
2010 201 16:28:00,CNologon
2010 202 08:27:00,Blogon
2010 202 08:43:01,BUrl
2010 202 08:48:02,BSendEmail
2010 202 08:54:29,BSendEmail
2010 202 08:54:31,BSendEmail
2010 202 09:08:54,BUrl
2010 202 12:28:42,CUrl
2010 202 16:45:00,CNologon
2010 203 08:15:00,Blogon
2010 203 08:17:50,BUrl
2010 203 12:00:38,CUrl
2010 203 13:32:44,CSendEmail
2010 203 13:33:02,CSendEmail
2010 203 13:33:08,CUrl
2010 203 13:33:23,CSendEmail
2010 203 13:52:56,CUrl
2010 203 16:30:00,CNologon
2010 204 08:38:00,Blogon
2010 204 08:40:47,BUrl
2010 204 10:59:35,BSendEmail
2010 204 11:06:31,BUrl
2010 204 11:20:29,BSendEmail
2010 204 11:21:42,BSendEmail
2010 204 11:51:52,BUrl
2010 204 12:02:34,CUrl
2010 204 16:29:00,CNologon
2010 207 08:35:00,Blogon
2010 207 08:54:30,BUrl
2010 207 09:15:40,BSendEmail
2010 207 09:22:36,BUrl
2010 207 09:30:44,BSendEmail
2010 207 09:53:56,BUrl
2010 207 12:05:10,CUrl
2010 207 16:09:03,CSendEmail
2010 207 16:14:47,CUrl
2010 207 16:25:00,CNologon
2010 208 08:32:00,Blogon
2010 208 08:50:46,BUrl
2010 208 10:31:35,BSendEmail
2010 208 11:44:31,BUrl
2010 208 12:01:54,CUrl
2010 208 15:13:03,CSendEmail
2010 208 15:13:49,CUrl
2010 208 16:12:05,CSendEmail
2010 208 16:21:00,CNologon
2010 209 08:39:00,Blogon
2010 209 08:53:35,BUrl
2010 209 12:58:05,CUrl
2010 209 14:22:36,CSendEmail
2010 209 14:58:49,CUrl
2010 209 16:24:54,CSendEmail
2010 209 16:25:02,CSendEmail
2010 209 16:25:30,CUrl
2010 209 16:28:00,CNologon
2010 210 08:19:00,Blogon
2010 210 08:20:56,BUrl
2010 210 10:38:45,BSendEmail
2010 210 10:49:13,BUrl
2010 210 12:01:54,CUrl
2010 210 12:12:52,CSendEmail
2010 210 12:29:40,CUrl
2010 210 13:32:53,CSendEmail
2010 210 14:00:09,CUrl
2010 210 16:24:00,CNologon
2010 211 08:39:00,Blogon
2010 211 08:43:35,BUrl
2010 211 11:15:22,BSendEmail
2010 211 11:15:29,BUrl
2010 211 12:13:52,CUrl
2010 211 16:01:44,CSendEmail
2010 211 16:02:47,CUrl
2010 211 16:12:25,CSendEmail
2010 211 16:13:08,CUrl
2010 211 16:28:00,CNologon
2010 214 08:31:00,Blogon
2010 214 08:47:43,BUrl
2010 214 12:02:43,CUrl
2010 214 12:32:42,CSendEmail
2010 214 12:41:39,CUrl
2010 214 16:09:53,CSendEmail
2010 214 16:11:10,CSendEmail
2010 214 16:21:18,CUrl
2010 214 16:27:00,CNologon
2010 215 08:21:00,Blogon
2010 215 08:24:12,BUrl
2010 215 12:21:39,CSendEmail
2010 215 12:30:52,CUrl
2010 215 12:58:48,CSendEmail
2010 215 13:03:40,CSendEmail
2010 215 13:13:55,CUrl
2010 215 16:24:00,CNologon
2010 216 08:28:00,Blogon
2010 216 08:32:06,BUrl
2010 216 10:49:34,BSendEmail
2010 216 10:52:16,BSendEmail
2010 216 10:52:34,BUrl
2010 216 13:17:31,CUrl
2010 216 13:34:40,CSendEmail
2010 216 13:37:06,CUrl
2010 216 16:33:00,CNologon
2010 217 08:39:00,Blogon
2010 217 08:45:26,BUrl
2010 217 12:01:58,CSendEmail
2010 217 12:08:37,CUrl
2010 217 12:11:46,CSendEmail
2010 217 12:16:19,CUrl
2010 217 12:31:19,CSendEmail
2010 217 12:44:05,CUrl
2010 217 16:25:00,CNologon
2010 218 08:31:00,Blogon
2010 218 08:35:20,BUrl
2010 218 08:42:31,BSendEmail
2010 218 08:44:56,BSendEmail
2010 218 08:45:33,BUrl
2010 218 08:50:40,BSendEmail
2010 218 09:22:42,BUrl
2010 218 12:13:58,CUrl
2010 218 16:27:00,CNologon
2010 221 08:29:00,Blogon
2010 221 08:46:27,BUrl
2010 221 11:10:25,BSendEmail
2010 221 11:12:44,BUrl
2010 221 12:28:15,CUrl
2010 221 14:39:14,CSendEmail
2010 221 14:58:51,CUrl
2010 221 15:40:17,CSendEmail
2010 221 15:42:12,CUrl
2010 221 16:30:00,CNologon
2010 222 08:32:00,Blogon
2010 222 08:55:43,BUrl
2010 222 09:39:35,BSendEmail
2010 222 09:45:46,BUrl
2010 222 10:16:34,BSendEmail
2010 222 10:18:35,BUrl
2010 222 10:19:38,BSendEmail
2010 222 10:24:45,BUrl
2010 222 12:06:20,CUrl
2010 222 16:27:00,CNologon
2010 223 08:31:00,Blogon
2010 223 08:32:12,BUrl
2010 223 13:01:30,CUrl
2010 223 14:30:59,CSendEmail
2010 223 14:43:20,CUrl
2010 223 16:27:20,CSendEmail
2010 223 16:28:44,CSendEmail
2010 223 16:30:00,CNologon
2010 224 08:29:00,Blogon
2010 224 08:32:48,BUrl
2010 224 10:36:50,BSendEmail
2010 224 10:37:56,BSendEmail
2010 224 10:52:18,BUrl
2010 224 12:34:02,CUrl
2010 224 16:03:01,CSendEmail
2010 224 16:23:21,CUrl
2010 224 16:43:00,CNologon
2010 225 08:34:00,Blogon
2010 225 09:27:46,BUrl
2010 225 12:15:29,CUrl
2010 225 12:51:41,CSendEmail
2010 225 12:58:26,CSendEmail
2010 225 13:25:36,CUrl
2010 225 14:14:21,CSendEmail
2010 225 15:04:59,CUrl
2010 225 16:29:00,CNologon
2010 228 08:37:00,Blogon
2010 228 08:48:18,BUrl
2010 228 10:31:33,BSendEmail
2010 228 10:32:00,BSendEmail
2010 228 10:32:06,BUrl
2010 228 12:04:15,CUrl
2010 228 16:41:00,CNologon
2010 229 08:33:00,Blogon
2010 229 08:37:59,BUrl
2010 229 08:43:51,BSendEmail
2010 229 08:44:30,BSendEmail
2010 229 08:45:13,BUrl
2010 229 12:08:22,CUrl
2010 229 13:35:57,CSendEmail
2010 229 13:36:35,CUrl
2010 229 16:28:00,CNologon
2010 230 08:15:00,Blogon
2010 230 08:28:08,BUrl
2010 230 09:04:26,BSendEmail
2010 230 09:10:32,BUrl
2010 230 09:23:19,BSendEmail
2010 230 09:31:23,BUrl
2010 230 09:31:47,BSendEmail
2010 230 09:44:51,BUrl
2010 230 13:08:51,CUrl
2010 230 16:44:00,CNologon
2010 231 08:19:00,Blogon
2010 231 08:55:35,BUrl
2010 231 10:30:05,BSendEmail
2010 231 10:30:42,BSendEmail
2010 231 10:37:44,BSendEmail
2010 231 10:56:02,BUrl
2010 231 12:00:22,CUrl
2010 231 16:44:00,CNologon
2010 232 08:38:00,Blogon
2010 232 08:44:14,BUrl
2010 232 09:11:53,BSendEmail
2010 232 09:18:10,BUrl
2010 232 09:28:39,BSendEmail
2010 232 09:34:16,BUrl
2010 232 12:17:30,CUrl
2010 232 12:53:07,CSendEmail
2010 232 13:09:07,CUrl
2010 232 16:25:00,CNologon
2010 235 08:23:00,Blogon
2010 235 08:57:01,BUrl
2010 235 11:38:53,BSendEmail
2010 235 11:49:15,BUrl
2010 235 11:51:53,BSendEmail
2010 235 11:52:33,BUrl
2010 235 11:54:25,BSendEmail
2010 235 12:06:26,CUrl
2010 235 16:35:00,CNologon
2010 236 08:39:00,Blogon
2010 236 08:50:38,BUrl
2010 236 12:07:27,CUrl
2010 236 15:16:39,CSendEmail
2010 236 15:33:22,CUrl
2010 236 16:06:54,CSendEmail
2010 236 16:13:49,CUrl
2010 236 16:28:00,CNologon
2010 237 08:32:00,Blogon
2010 237 08:40:04,BUrl
2010 237 09:35:44,BSendEmail
2010 237 09:51:49,BUrl
2010 237 12:02:35,CUrl
2010 237 13:41:45,CSendEmail
2010 237 14:12:02,CUrl
2010 237 15:27:50,CSendEmail
2010 237 15:28:07,CUrl
2010 237 16:21:00,CNologon
2010 238 08:39:00,Blogon
2010 238 08:45:26,BUrl
2010 238 08:59:21,BSendEmail
2010 238 09:02:39,BUrl
2010 238 12:06:41,CUrl
2010 238 14:49:56,CSendEmail
2010 238 15:05:48,CUrl
2010 238 16:29:00,CNologon
2010 239 08:31:00,Blogon
2010 239 08:41:06,BUrl
2010 239 12:38:24,CUrl
2010 239 16:16:57,CSendEmail
2010 239 16:22:02,CUrl
2010 239 16:25:00,CNologon
2010 242 08:38:00,Blogon
2010 242 08:56:25,BUrl
2010 242 12:00:48,CUrl
2010 242 13:36:00,CSendEmail
2010 242 13:38:53,CSendEmail
2010 242 13:38:57,CUrl
2010 242 13:42:23,CSendEmail
2010 242 14:28:31,CUrl
2010 242 16:20:00,CNologon
2010 243 08:34:00,Blogon
2010 243 08:35:53,BUrl
2010 243 09:05:07,BSendEmail
2010 243 09:06:33,BUrl
2010 243 12:12:23,CUrl
2010 243 15:50:58,CSendEmail
2010 243 15:52:45,CUrl
2010 243 16:13:16,CSendEmail
2010 243 16:21:00,CNologon
2010 244 08:35:00,Blogon
2010 244 08:39:27,BSendEmail
2010 244 09:07:48,BUrl
2010 244 11:47:52,BSendEmail
2010 244 12:06:14,CUrl
2010 244 12:20:02,CSendEmail
2010 244 12:33:19,CUrl
2010 244 16:25:00,CNologon
2010 245 08:39:00,Blogon
2010 245 08:40:16,BUrl
2010 245 11:41:05,BSendEmail
2010 245 11:41:20,BUrl
2010 245 11:46:34,BSendEmail
2010 245 12:34:42,CUrl
2010 245 16:27:00,CNologon
2010 246 08:21:00,Blogon
2010 246 08:26:29,BUrl
2010 246 12:22:25,CUrl
2010 246 14:51:05,CSendEmail
2010 246 14:51:24,CUrl
2010 246 14:52:18,CSendEmail
2010 246 15:17:21,CUrl
2010 246 15:43:31,CSendEmail
2010 246 16:00:02,CUrl
2010 246 16:23:00,CNologon
2010 250 08:17:00,Blogon
2010 250 08:28:59,BUrl
2010 250 12:01:43,CUrl
2010 250 13:36:41,CSendEmail
2010 250 13:39:44,CUrl
2010 250 15:37:07,CSendEmail
2010 250 16:12:17,CSendEmail
2010 250 16:33:15,CUrl
2010 250 16:36:00,CNologon
2010 251 08:31:00,Blogon
2010 251 08:35:29,BUrl
2010 251 08:41:43,BSendEmail
2010 251 08:46:24,BSendEmail
2010 251 09:06:10,BUrl
2010 251 12:00:18,CUrl
2010 251 12:38:19,CSendEmail
2010 251 12:48:44,CUrl
2010 251 16:28:00,CNologon
2010 252 08:27:00,Blogon
2010 252 08:28:52,BUrl
2010 252 09:49:19,BSendEmail
2010 252 11:29:05,BUrl
2010 252 12:10:45,CUrl
2010 252 13:47:00,CSendEmail
2010 252 13:48:44,CUrl
2010 252 13:53:47,CSendEmail
2010 252 13:57:10,CUrl
2010 252 16:33:00,CNologon
2010 253 08:38:00,Blogon
2010 253 09:03:48,BUrl
2010 253 09:26:33,BSendEmail
2010 253 09:39:24,BUrl
2010 253 13:05:01,CUrl
2010 253 13:57:32,CSendEmail
2010 253 14:08:49,CUrl
2010 253 14:28:21,CSendEmail
2010 253 15:53:01,CUrl
2010 253 16:22:00,CNologon
2010 256 08:16:00,Blogon
2010 256 08:25:14,BUrl
2010 256 12:05:39,CUrl
2010 256 13:28:55,CSendEmail
2010 256 13:39:38,CSendEmail
2010 256 13:41:32,CUrl
2010 256 14:13:56,CSendEmail
2010 256 14:58:45,CUrl
2010 256 16:39:00,CNologon
2010 257 08:27:00,Blogon
2010 257 08:30:15,BUrl
2010 257 12:17:42,CUrl
2010 257 16:42:00,CNologon
2010 258 08:25:00,Blogon
2010 258 09:51:24,BUrl
2010 258 12:18:42,CUrl
2010 258 16:12:25,CSendEmail
2010 258 16:17:53,CSendEmail
2010 258 16:21:13,CSendEmail
2010 258 16:31:00,CNologon
2010 259 08:39:00,Blogon
2010 259 08:54:38,BUrl
2010 259 12:07:04,CUrl
2010 259 12:44:55,CSendEmail
2010 259 12:45:19,CUrl
2010 259 12:58:14,CSendEmail
2010 259 13:01:02,CUrl
2010 259 13:01:27,CSendEmail
2010 259 13:01:49,CUrl
2010 259 16:20:00,CNologon
2010 260 08:15:00,Blogon
2010 260 08:17:37,BUrl
2010 260 12:03:01,CUrl
2010 260 14:14:20,CSendEmail
2010 260 14:32:42,CUrl
2010 260 15:04:50,CSendEmail
2010 260 15:44:13,CUrl
2010 260 16:15:00,CSendEmail
2010 260 16:16:33,CUrl
2010 260 16:29:00,CNologon
2010 263 08:30:00,Blogon
2010 263 08:37:37,BUrl
2010 263 10:37:02,BSendEmail
2010 263 11:40:25,BUrl
2010 263 12:00:49,CUrl
2010 263 12:23:21,CSendEmail
2010 263 12:50:24,CSendEmail
2010 263 12:54:06,CUrl
2010 263 16:43:00,CNologon
2010 264 08:27:00,Blogon
2010 264 08:31:56,BUrl
2010 264 10:00:46,BSendEmail
2010 264 10:08:33,BUrl
2010 264 10:32:56,BSendEmail
2010 264 10:54:57,BUrl
2010 264 12:10:37,CUrl
2010 264 16:36:00,CNologon
2010 265 08:37:00,Blogon
2010 265 08:55:20,BUrl
2010 265 09:56:57,BSendEmail
2010 265 10:01:37,BSendEmail
2010 265 10:09:13,BUrl
2010 265 10:13:39,BSendEmail
2010 265 10:16:39,BUrl
2010 265 12:10:40,CUrl
2010 265 16:29:00,CNologon
2010 266 08:40:00,Blogon
2010 266 08:46:27,BSendEmail
2010 266 08:47:47,BUrl
2010 266 08:57:59,BSendEmail
2010 266 08:59:23,BUrl
2010 266 10:48:03,BSendEmail
2010 266 10:58:05,BUrl
2010 266 12:28:04,CUrl
2010 266 16:22:00,CNologon
2010 267 08:32:00,Blogon
2010 267 08:46:06,BUrl
2010 267 10:25:47,BSendEmail
2010 267 10:28:24,BSendEmail
2010 267 10:42:40,BUrl
2010 267 12:12:03,CUrl
2010 267 13:13:29,CSendEmail
2010 267 13:13:46,CUrl
2010 267 16:29:00,CNologon
2010 270 08:32:00,Blogon
2010 270 08:42:39,BUrl
2010 270 09:27:40,BSendEmail
2010 270 09:44:07,BSendEmail
2010 270 09:46:40,BUrl
2010 270 11:06:25,BSendEmail
2010 270 12:04:03,CUrl
2010 270 16:20:00,CNologon
2010 271 08:16:00,Blogon
2010 271 09:15:49,BUrl
2010 271 10:01:20,BSendEmail
2010 271 10:04:26,BUrl
2010 271 10:07:23,BSendEmail
2010 271 10:12:28,BSendEmail
2010 271 10:13:06,BUrl
2010 271 14:07:30,CUrl
2010 271 16:40:00,CNologon
2010 272 08:17:00,Blogon
2010 272 08:24:26,BUrl
2010 272 09:00:25,BSendEmail
2010 272 09:07:03,BUrl
2010 272 09:40:08,BSendEmail
2010 272 09:41:50,BUrl
2010 272 09:46:30,BSendEmail
2010 272 10:16:09,BUrl
2010 272 12:57:14,CUrl
2010 272 16:42:00,CNologon
2010 273 08:40:00,Blogon
2010 273 09:17:31,BUrl
2010 273 10:45:26,BSendEmail
2010 273 10:45:45,BUrl
2010 273 12:11:24,CUrl
2010 273 16:33:00,CNologon
2010 274 08:17:00,Blogon
2010 274 08:35:07,BUrl
2010 274 12:52:00,CUrl
2010 274 14:24:27,CSendEmail
2010 274 14:24:52,CSendEmail
2010 274 14:25:18,CSendEmail
2010 274 14:54:42,CUrl
2010 274 16:33:00,CNologon
2010 277 08:24:00,Blogon
2010 277 08:32:02,BUrl
2010 277 10:17:29,BSendEmail
2010 277 10:29:55,BSendEmail
2010 277 10:36:06,BUrl
2010 277 12:12:20,CUrl
2010 277 16:28:30,CSendEmail
2010 277 16:31:00,CNologon
2010 278 08:21:00,Blogon
2010 278 08:42:51,BUrl
2010 278 09:59:23,BSendEmail
2010 278 10:01:06,BUrl
2010 278 10:03:36,BSendEmail
2010 278 11:05:55,BUrl
2010 278 12:24:05,CUrl
2010 278 16:17:47,CSendEmail
2010 278 16:18:28,CUrl
2010 278 16:45:00,CNologon
2010 279 08:32:00,Blogon
2010 279 08:35:25,BUrl
2010 279 12:03:13,CUrl
2010 279 14:54:25,CSendEmail
2010 279 14:58:55,CSendEmail
2010 279 15:04:36,CSendEmail
2010 279 15:08:24,CUrl
2010 279 16:23:00,CNologon
2010 280 08:23:00,Blogon
2010 280 08:24:56,BUrl
2010 280 09:09:16,BSendEmail
2010 280 09:17:36,BSendEmail
2010 280 09:25:07,BSendEmail
2010 280 09:30:27,BUrl
2010 280 12:09:31,CUrl
2010 280 16:44:00,CNologon
2010 281 08:33:00,Blogon
2010 281 08:48:33,BUrl
2010 281 12:12:13,CUrl
2010 281 12:13:25,CSendEmail
2010 281 12:31:50,CUrl
2010 281 12:46:28,CSendEmail
2010 281 12:50:45,CUrl
2010 281 13:34:10,CSendEmail
2010 281 13:34:30,CUrl
2010 281 16:25:00,CNologon
2010 284 08:34:00,Blogon
2010 284 08:59:15,BUrl
2010 284 12:02:20,CUrl
2010 284 12:53:23,CSendEmail
2010 284 12:56:43,CSendEmail
2010 284 12:57:41,CSendEmail
2010 284 13:16:04,CUrl
2010 284 16:24:00,CNologon
2010 285 08:30:00,Blogon
2010 285 08:31:35,BUrl
2010 285 09:13:22,BSendEmail
2010 285 09:22:29,BUrl
2010 285 09:45:26,BSendEmail
2010 285 10:08:13,BUrl
2010 285 11:49:53,BSendEmail
2010 285 11:50:26,BUrl
2010 285 12:04:44,CUrl
2010 285 16:22:00,CNologon
2010 286 08:35:00,Blogon
2010 286 08:40:49,BUrl
2010 286 11:18:26,BSendEmail
2010 286 11:26:14,BUrl
2010 286 12:00:35,CUrl
2010 286 12:23:25,CSendEmail
2010 286 12:24:03,CUrl
2010 286 15:52:20,CSendEmail
2010 286 15:52:28,CUrl
2010 286 16:39:00,CNologon
2010 287 08:17:00,Blogon
2010 287 08:22:28,BUrl
2010 287 09:59:53,BSendEmail
2010 287 10:07:20,BUrl
2010 287 12:43:22,CUrl
2010 287 13:08:09,CSendEmail
2010 287 13:22:17,CSendEmail
2010 287 13:35:29,CUrl
2010 287 16:40:00,CNologon
2010 288 08:22:00,Blogon
2010 288 08:27:26,BUrl
2010 288 12:09:39,CSendEmail
2010 288 12:14:53,CSendEmail
2010 288 12:27:43,CUrl
2010 288 14:44:02,CSendEmail
2010 288 15:28:33,CUrl
2010 288 16:34:00,CNologon
2010 291 08:22:00,Blogon
2010 291 09:03:23,BUrl
2010 291 09:18:59,BSendEmail
2010 291 09:22:49,BUrl
2010 291 09:33:12,BSendEmail
2010 291 09:54:05,BUrl
2010 291 12:11:09,CUrl
2010 291 16:34:43,CSendEmail
2010 291 16:37:00,CNologon
2010 292 08:23:00,Blogon
2010 292 08:32:22,BSendEmail
2010 292 08:35:34,BUrl
2010 292 11:08:07,BSendEmail
2010 292 11:23:23,BUrl
2010 292 12:37:45,CUrl
2010 292 15:10:53,CSendEmail
2010 292 15:28:28,CUrl
2010 292 16:34:00,CNologon
2010 293 08:36:00,Blogon
2010 293 08:40:30,BUrl
2010 293 10:57:13,BSendEmail
2010 293 10:58:01,BUrl
2010 293 10:58:05,BSendEmail
2010 293 10:59:22,BSendEmail
2010 293 11:07:20,BUrl
2010 293 12:35:06,CUrl
2010 293 16:35:00,CNologon
2010 294 08:28:00,Blogon
2010 294 08:39:38,BUrl
2010 294 12:26:18,CUrl
2010 294 12:28:09,CSendEmail
2010 294 12:28:15,CSendEmail
2010 294 12:29:07,CSendEmail
2010 294 12:35:37,CUrl
2010 294 16:43:00,CNologon
2010 295 08:33:00,Blogon
2010 295 08:50:43,BUrl
2010 295 11:18:35,BSendEmail
2010 295 11:22:13,BSendEmail
2010 295 12:09:02,CUrl
2010 295 15:48:15,CSendEmail
2010 295 16:17:43,CUrl
2010 295 16:29:00,CNologon
2010 298 08:30:00,Blogon
2010 298 09:15:20,BUrl
2010 298 11:22:52,BSendEmail
2010 298 11:26:59,BUrl
2010 298 11:27:51,BSendEmail
2010 298 12:02:50,CUrl
2010 298 12:06:46,CSendEmail
2010 298 12:18:00,CUrl
2010 298 16:26:00,CNologon
2010 299 08:15:00,Blogon
2010 299 08:16:41,BUrl
2010 299 12:48:40,CUrl
2010 299 16:43:00,CNologon
2010 300 08:38:00,Blogon
2010 300 08:42:03,BUrl
2010 300 12:05:24,CSendEmail
2010 300 12:05:45,CUrl
2010 300 12:07:18,CSendEmail
2010 300 12:09:59,CUrl
2010 300 12:20:49,CSendEmail
2010 300 12:30:38,CUrl
2010 300 16:28:00,CNologon
2010 301 08:27:00,Blogon
2010 301 08:40:28,BUrl
2010 301 12:06:40,CUrl
2010 301 14:28:42,CSendEmail
2010 301 14:40:17,CSendEmail
2010 301 14:58:19,CUrl
2010 301 15:13:33,CSendEmail
2010 301 15:17:52,CUrl
2010 301 16:44:00,CNologon
2010 302 08:23:00,Blogon
2010 302 08:24:03,BUrl
2010 302 08:58:44,BSendEmail
2010 302 09:13:10,BUrl
2010 302 09:30:50,BSendEmail
2010 302 09:41:24,BSendEmail
2010 302 10:10:12,BUrl
2010 302 12:42:33,CUrl
2010 302 16:27:00,CNologon
2010 305 08:34:00,Blogon
2010 305 08:35:51,BUrl
2010 305 12:10:17,CUrl
2010 305 13:17:46,CSendEmail
2010 305 13:44:59,CUrl
2010 305 15:55:45,CSendEmail
2010 305 16:05:44,CSendEmail
2010 305 16:07:05,CUrl
2010 305 16:28:00,CNologon
2010 306 08:17:00,Blogon
2010 306 08:18:19,BUrl
2010 306 11:55:54,BSendEmail
2010 306 11:56:09,BSendEmail
2010 306 11:59:19,BSendEmail
2010 306 11:59:31,BUrl
2010 306 12:00:05,CUrl
2010 306 16:32:00,CNologon
2010 307 08:22:00,Blogon
2010 307 08:29:21,BUrl
2010 307 09:24:26,BSendEmail
2010 307 09:37:12,BUrl
2010 307 09:43:57,BSendEmail
2010 307 09:59:56,BUrl
2010 307 11:49:24,BSendEmail
2010 307 11:53:33,BUrl
2010 307 12:03:41,CUrl
2010 307 16:40:00,CNologon
2010 308 08:37:00,Blogon
2010 308 08:38:51,BUrl
2010 308 12:04:40,CUrl
2010 308 15:19:12,CSendEmail
2010 308 15:32:36,CSendEmail
2010 308 15:48:17,CUrl
2010 308 15:50:02,CSendEmail
2010 308 16:07:03,CUrl
2010 308 16:30:00,CNologon
2010 309 08:17:00,Blogon
2010 309 08:35:18,BUrl
2010 309 12:04:03,CSendEmail
2010 309 12:07:36,CUrl
2010 309 12:18:59,CSendEmail
2010 309 12:41:21,CUrl
2010 309 13:27:14,CSendEmail
2010 309 14:57:16,CUrl
2010 309 16:25:00,CNologon
2010 312 08:39:00,Blogon
2010 312 08:41:10,BUrl
2010 312 08:59:16,BSendEmail
2010 312 09:18:35,BUrl
2010 312 12:06:39,CUrl
2010 312 12:35:32,CSendEmail
2010 312 12:42:13,CSendEmail
2010 312 13:07:48,CUrl
2010 312 16:34:00,CNologon
2010 313 08:39:00,Blogon
2010 313 08:53:43,BUrl
2010 313 09:23:09,BSendEmail
2010 313 09:25:39,BSendEmail
2010 313 09:51:55,BUrl
2010 313 12:01:10,CUrl
2010 313 12:36:51,CSendEmail
2010 313 12:58:31,CUrl
2010 313 16:25:00,CNologon
2010 314 08:27:00,Blogon
2010 314 08:29:58,BUrl
2010 314 09:27:30,BSendEmail
2010 314 09:35:21,BUrl
2010 314 11:30:27,BSendEmail
2010 314 11:36:51,BUrl
2010 314 12:04:04,CUrl
2010 314 15:22:13,CSendEmail
2010 314 15:37:13,CUrl
2010 314 16:33:00,CNologon
2010 315 08:32:00,Blogon
2010 315 08:54:08,BSendEmail
2010 315 09:15:46,BUrl
2010 315 09:28:21,BSendEmail
2010 315 09:29:55,BUrl
2010 315 10:11:45,BSendEmail
2010 315 11:06:47,BUrl
2010 315 14:08:30,CUrl
2010 315 16:38:00,CNologon
2010 316 08:33:00,Blogon
2010 316 08:46:14,BUrl
2010 316 11:21:11,BSendEmail
2010 316 11:33:08,BUrl
2010 316 12:11:47,CUrl
2010 316 13:12:26,CSendEmail
2010 316 13:28:33,CUrl
2010 316 13:41:47,CSendEmail
2010 316 14:39:54,CUrl
2010 316 16:36:00,CNologon
2010 319 08:17:00,Blogon
2010 319 08:19:48,BUrl
2010 319 12:32:28,CUrl
2010 319 13:29:44,CSendEmail
2010 319 14:15:14,CUrl
2010 319 16:07:52,CSendEmail
2010 319 16:12:50,CUrl
2010 319 16:19:34,CSendEmail
2010 319 16:20:29,CUrl
2010 319 16:24:00,CNologon
2010 320 08:23:00,Blogon
2010 320 08:29:19,BUrl
2010 320 11:40:55,BSendEmail
2010 320 12:13:55,CUrl
2010 320 15:09:07,CSendEmail
2010 320 15:49:26,CSendEmail
2010 320 15:55:38,CUrl
2010 320 16:44:00,CNologon
2010 321 08:38:00,Blogon
2010 321 08:54:54,BUrl
2010 321 10:16:26,BSendEmail
2010 321 10:18:01,BUrl
2010 321 11:32:42,BSendEmail
2010 321 11:50:14,BUrl
2010 321 12:09:34,CUrl
2010 321 12:14:45,CSendEmail
2010 321 12:17:57,CUrl
2010 321 16:38:00,CNologon
2010 322 08:30:00,Blogon
2010 322 08:32:18,BUrl
2010 322 11:37:23,BSendEmail
2010 322 11:52:12,BUrl
2010 322 12:11:30,CSendEmail
2010 322 12:15:57,CUrl
2010 322 16:36:00,CNologon
2010 323 08:19:00,Blogon
2010 323 08:38:43,BUrl
2010 323 08:41:57,BSendEmail
2010 323 09:22:50,BUrl
2010 323 12:03:53,CUrl
2010 323 12:50:36,CSendEmail
2010 323 12:58:33,CSendEmail
2010 323 13:09:45,CUrl
2010 323 16:23:00,CNologon
2010 326 08:25:00,Blogon
2010 326 08:31:50,BUrl
2010 326 09:32:57,BSendEmail
2010 326 09:51:24,BUrl
2010 326 09:54:51,BSendEmail
2010 326 10:04:32,BUrl
2010 326 10:07:30,BSendEmail
2010 326 10:33:15,BUrl
2010 326 12:27:16,CUrl
2010 326 16:27:00,CNologon
2010 327 08:23:00,Blogon
2010 327 08:24:40,BUrl
2010 327 09:00:46,BSendEmail
2010 327 09:05:18,BUrl
2010 327 09:20:52,BSendEmail
2010 327 09:28:04,BSendEmail
2010 327 11:24:00,BUrl
2010 327 12:03:13,CUrl
2010 327 16:40:00,CNologon
2010 328 08:29:00,Blogon
2010 328 08:39:06,BUrl
2010 328 10:16:04,BSendEmail
2010 328 10:18:08,BUrl
2010 328 12:15:31,CUrl
2010 328 13:41:19,CSendEmail
2010 328 14:04:21,CUrl
2010 328 15:43:16,CSendEmail
2010 328 15:48:53,CUrl
2010 328 16:32:00,CNologon
2010 333 08:36:00,Blogon
2010 333 08:41:49,BUrl
2010 333 12:23:32,CUrl
2010 333 14:29:02,CSendEmail
2010 333 14:40:20,CUrl
2010 333 14:41:52,CSendEmail
2010 333 14:49:02,CSendEmail
2010 333 15:29:32,CUrl
2010 333 16:29:00,CNologon
2010 334 08:39:00,Blogon
2010 334 09:01:57,BUrl
2010 334 11:43:26,BSendEmail
2010 334 11:46:09,BSendEmail
2010 334 11:47:04,BUrl
2010 334 12:09:35,CUrl
2010 334 12:14:03,CSendEmail
2010 334 12:29:25,CUrl
2010 334 16:30:00,CNologon
2010 335 08:36:00,Blogon
2010 335 08:54:28,BSendEmail
2010 335 08:57:50,BUrl
2010 335 09:35:28,BSendEmail
2010 335 09:49:11,BUrl
2010 335 10:50:57,BSendEmail
2010 335 11:44:12,BUrl
2010 335 12:12:28,CUrl
2010 335 16:26:00,CNologon
2010 336 08:30:00,Blogon
2010 336 08:31:58,BUrl
2010 336 12:39:46,CUrl
2010 336 13:33:47,CSendEmail
2010 336 13:55:50,CUrl
2010 336 14:58:19,CSendEmail
2010 336 14:58:20,CUrl
2010 336 15:19:47,CSendEmail
2010 336 15:46:54,CUrl
2010 336 16:26:00,CNologon
2010 337 08:27:00,Blogon
2010 337 08:30:57,BUrl
2010 337 11:48:15,BSendEmail
2010 337 11:48:48,BSendEmail
2010 337 11:51:29,BSendEmail
2010 337 12:04:59,CUrl
2010 337 16:43:00,CNologon
2010 340 08:20:00,Blogon
2010 340 08:29:32,BUrl
2010 340 12:01:39,CUrl
2010 340 15:46:43,CSendEmail
2010 340 15:57:24,CUrl
2010 340 16:02:36,CSendEmail
2010 340 16:21:06,CSendEmail
2010 340 16:39:00,CNologon
2010 341 08:34:00,Blogon
2010 341 08:43:25,BSendEmail
2010 341 08:45:57,BSendEmail
2010 341 08:46:41,BSendEmail
2010 341 09:05:25,BUrl
2010 341 12:14:08,CUrl
2010 341 16:21:00,CNologon
2010 342 08:28:00,Blogon
2010 342 08:35:37,BUrl
2010 342 12:06:44,CUrl
2010 342 13:56:32,CSendEmail
2010 342 13:57:33,CSendEmail
2010 342 14:29:15,CUrl
2010 342 16:06:54,CSendEmail
2010 342 16:12:53,CUrl
2010 342 16:34:00,CNologon
2010 343 08:17:00,Blogon
2010 343 08:22:39,BUrl
2010 343 09:44:15,BSendEmail
2010 343 10:08:10,BUrl
2010 343 12:28:24,CUrl
2010 343 14:13:06,CSendEmail
2010 343 14:19:34,CSendEmail
2010 343 14:23:14,CUrl
2010 343 16:22:00,CNologon
2010 344 08:17:00,Blogon
2010 344 08:20:04,BUrl
2010 344 12:02:56,CUrl
2010 344 14:07:42,CSendEmail
2010 344 14:17:57,CSendEmail
2010 344 14:20:23,CSendEmail
2010 344 14:25:53,CUrl
2010 344 16:39:00,CNologon
2010 347 08:32:00,Blogon
2010 347 08:40:03,BUrl
2010 347 12:24:02,CUrl
2010 347 13:16:15,CSendEmail
2010 347 13:37:23,CUrl
2010 347 14:41:39,CSendEmail
2010 347 15:51:26,CSendEmail
2010 347 16:02:22,CUrl
2010 347 16:43:00,CNologon
2010 348 08:25:00,Blogon
2010 348 08:31:58,BSendEmail
2010 348 08:32:25,BUrl
2010 348 10:25:53,BSendEmail
2010 348 10:39:53,BUrl
2010 348 12:48:15,CUrl
2010 348 15:00:08,CSendEmail
2010 348 15:37:36,CUrl
2010 348 16:31:00,CNologon
2010 349 08:38:00,Blogon
2010 349 08:43:32,BUrl
2010 349 12:03:22,CUrl
2010 349 13:10:15,CSendEmail
2010 349 13:10:48,CSendEmail
2010 349 13:14:12,CUrl
2010 349 13:19:13,CSendEmail
2010 349 13:27:08,CUrl
2010 349 16:30:00,CNologon
2010 350 08:36:00,Blogon
2010 350 08:49:19,BUrl
2010 350 11:06:19,BSendEmail
2010 350 11:34:32,BUrl
2010 350 12:11:10,CUrl
2010 350 15:16:21,CSendEmail
2010 350 15:51:35,CUrl
2010 350 16:23:00,CNologon
2010 351 08:39:00,Blogon
2010 351 08:48:45,BUrl
2010 351 09:31:37,BSendEmail
2010 351 09:37:38,BSendEmail
2010 351 09:46:29,BSendEmail
2010 351 09:56:40,BUrl
2010 351 13:16:31,CUrl
2010 351 16:30:00,CNologon
2010 354 08:27:00,Blogon
2010 354 08:40:53,BUrl
2010 354 09:19:42,BSendEmail
2010 354 09:37:07,BUrl
2010 354 12:21:28,CUrl
2010 354 15:50:35,CSendEmail
2010 354 15:52:55,CUrl
2010 354 16:05:36,CSendEmail
2010 354 16:06:05,CUrl
2010 354 16:33:00,CNologon
2010 355 08:23:00,Blogon
2010 355 08:41:59,BUrl
2010 355 12:05:31,CUrl
2010 355 13:24:00,CSendEmail
2010 355 13:24:42,CSendEmail
2010 355 13:25:19,CUrl
2010 355 13:26:34,CSendEmail
2010 355 13:42:22,CUrl
2010 355 16:29:00,CNologon
2010 356 08:19:00,Blogon
2010 356 08:34:46,BUrl
2010 356 12:48:13,CUrl
2010 356 15:26:34,CSendEmail
2010 356 15:27:18,CUrl
2010 356 16:20:33,CSendEmail
2010 356 16:22:33,CSendEmail
2010 356 16:25:00,CNologon
2010 361 08:32:00,Blogon
2010 361 08:38:40,BUrl
2010 361 12:00:22,CUrl
2010 361 12:14:24,CSendEmail
2010 361 12:26:59,CUrl
2010 361 12:38:44,CSendEmail
2010 361 13:00:06,CUrl
2010 361 13:24:12,CSendEmail
2010 361 13:29:09,CUrl
2010 361 16:22:00,CNologon
2010 362 08:29:00,Blogon
2010 362 08:31:09,BUrl
2010 362 09:06:46,BSendEmail
2010 362 09:13:19,BUrl
2010 362 12:28:31,CUrl
2010 362 12:51:00,CSendEmail
2010 362 12:54:27,CSendEmail
2010 362 13:06:48,CUrl
2010 362 16:43:00,CNologon
2010 363 08:30:00,Blogon
2010 363 08:32:22,BUrl
2010 363 12:24:10,CUrl
2010 363 12:35:44,CSendEmail
2010 363 13:35:17,CUrl
2010 363 14:47:11,CSendEmail
2010 363 14:49:13,CUrl
2010 363 15:34:03,CSendEmail
2010 363 15:52:04,CUrl
2010 363 16:21:00,CNologon
2010 364 08:33:00,Blogon
2010 364 08:35:20,BUrl
2010 364 12:03:24,CUrl
2010 364 14:48:28,CSendEmail
2010 364 15:02:02,CUrl
2010 364 15:12:24,CSendEmail
2010 364 15:14:52,CUrl
2010 364 15:17:48,CSendEmail
2010 364 15:41:43,CUrl
2010 364 16:25:00,CNologon
2011 003 08:25:00,Blogon
2011 003 08:30:51,BUrl
2011 003 10:09:08,BSendEmail
2011 003 10:09:28,BSendEmail
2011 003 10:09:41,BSendEmail
2011 003 10:11:06,BUrl
2011 003 12:06:17,CUrl
2011 003 16:45:00,CNologon
2011 004 08:30:00,Blogon
2011 004 08:39:54,BUrl
2011 004 10:41:25,BSendEmail
2011 004 10:44:08,BUrl
2011 004 10:49:54,BSendEmail
2011 004 10:54:29,BSendEmail
2011 004 10:56:29,BUrl
2011 004 12:04:56,CUrl
2011 004 16:26:00,CNologon
2011 005 08:32:00,Blogon
2011 005 08:45:15,BUrl
2011 005 09:21:18,BSendEmail
2011 005 09:22:12,BUrl
2011 005 09:22:15,BSendEmail
2011 005 09:22:26,BUrl
2011 005 09:22:27,BSendEmail
2011 005 10:02:45,BUrl
2011 005 12:31:54,CUrl
2011 005 16:29:00,CNologon
2011 006 08:32:00,Blogon
2011 006 08:33:06,BUrl
2011 006 09:05:04,BSendEmail
2011 006 09:05:14,BUrl
2011 006 09:46:36,BSendEmail
2011 006 09:54:16,BUrl
2011 006 12:53:58,CUrl
2011 006 15:01:47,CSendEmail
2011 006 15:26:28,CUrl
2011 006 16:27:00,CNologon
2011 007 08:19:00,Blogon
2011 007 09:15:56,BUrl
2011 007 12:27:53,CUrl
2011 007 15:29:23,CSendEmail
2011 007 15:36:07,CUrl
2011 007 16:05:08,CSendEmail
2011 007 16:06:47,CUrl
2011 007 16:10:20,CSendEmail
2011 007 16:14:56,CUrl
2011 007 16:33:00,CNologon
2011 010 08:35:00,Blogon
2011 010 08:50:45,BUrl
2011 010 12:12:37,CUrl
2011 010 16:27:00,CNologon
2011 011 08:37:00,Blogon
2011 011 08:40:05,BUrl
2011 011 12:06:38,CUrl
2011 011 15:49:52,CSendEmail
2011 011 15:58:12,CSendEmail
2011 011 15:58:55,CSendEmail
2011 011 15:59:58,CUrl
2011 011 16:24:00,CNologon
2011 012 08:34:00,Blogon
2011 012 08:37:12,BUrl
2011 012 11:17:55,BSendEmail
2011 012 11:20:20,BUrl
2011 012 11:54:25,BSendEmail
2011 012 12:06:17,CUrl
2011 012 12:43:30,CSendEmail
2011 012 13:33:34,CUrl
2011 012 16:40:00,CNologon
2011 013 08:38:00,Blogon
2011 013 08:41:32,BUrl
2011 013 10:27:48,BSendEmail
2011 013 10:42:35,BUrl
2011 013 12:00:57,CUrl
2011 013 14:36:37,CSendEmail
2011 013 14:39:08,CUrl
2011 013 16:20:24,CSendEmail
2011 013 16:21:45,CUrl
2011 013 16:25:00,CNologon
2011 014 08:40:00,Blogon
2011 014 08:43:43,BUrl
2011 014 12:13:52,CUrl
2011 014 13:20:32,CSendEmail
2011 014 13:22:32,CUrl
2011 014 13:24:57,CSendEmail
2011 014 13:26:09,CUrl
2011 014 13:28:12,CSendEmail
2011 014 14:23:44,CUrl
2011 014 16:29:00,CNologon
2011 017 08:34:00,Blogon
2011 017 09:28:20,BUrl
2011 017 09:46:25,BSendEmail
2011 017 10:24:33,BUrl
2011 017 11:27:42,BSendEmail
2011 017 11:43:37,BUrl
2011 017 12:06:48,CUrl
2011 017 12:14:22,CSendEmail
2011 017 12:17:13,CUrl
2011 017 16:43:00,CNologon
2011 018 08:16:00,Blogon
2011 018 08:28:01,BUrl
2011 018 12:13:49,CUrl
2011 018 12:19:48,CSendEmail
2011 018 12:28:38,CUrl
2011 018 12:36:27,CSendEmail
2011 018 13:25:27,CUrl
2011 018 13:54:17,CSendEmail
2011 018 14:17:37,CUrl
2011 018 16:33:00,CNologon
2011 019 08:38:00,Blogon
2011 019 08:45:02,BUrl
2011 019 12:55:15,CUrl
2011 019 12:55:54,CSendEmail
2011 019 12:56:47,CSendEmail
2011 019 13:14:54,CUrl
2011 019 13:34:25,CSendEmail
2011 019 13:35:59,CUrl
2011 019 16:28:00,CNologon
2011 020 08:19:00,Blogon
2011 020 08:37:57,BUrl
2011 020 12:03:05,CUrl
2011 020 14:35:04,CSendEmail
2011 020 14:48:21,CUrl
2011 020 16:20:20,CSendEmail
2011 020 16:25:00,CUrl
2011 020 16:25:40,CSendEmail
2011 020 16:27:22,CUrl
2011 020 16:37:00,CNologon
2011 021 08:39:00,Blogon
2011 021 09:05:08,BSendEmail
2011 021 09:25:00,BUrl
2011 021 12:20:17,CUrl
2011 021 14:58:15,CSendEmail
2011 021 14:59:16,CSendEmail
2011 021 15:05:56,CUrl
2011 021 16:25:00,CNologon
2011 024 08:25:00,Blogon
2011 024 08:28:32,BSendEmail
2011 024 08:38:24,BUrl
2011 024 09:32:59,BSendEmail
2011 024 09:51:37,BUrl
2011 024 12:02:24,CUrl
2011 024 16:22:00,CNologon
2011 025 08:34:00,Blogon
2011 025 08:39:46,BSendEmail
2011 025 08:40:03,BUrl
2011 025 08:41:51,BSendEmail
2011 025 09:44:35,BUrl
2011 025 12:39:03,CUrl
2011 025 14:01:33,CSendEmail
2011 025 14:03:37,CUrl
2011 025 16:22:00,CNologon
2011 026 08:38:00,Blogon
2011 026 08:48:03,BUrl
2011 026 12:00:02,CUrl
2011 026 13:23:15,CSendEmail
2011 026 13:36:43,CUrl
2011 026 15:57:20,CSendEmail
2011 026 16:00:29,CUrl
2011 026 16:01:11,CSendEmail
2011 026 16:07:53,CUrl
2011 026 16:22:00,CNologon
2011 027 08:40:00,Blogon
2011 027 09:00:33,BSendEmail
2011 027 09:01:13,BUrl
2011 027 10:55:00,BSendEmail
2011 027 12:20:06,CUrl
2011 027 14:07:18,CSendEmail
2011 027 14:13:15,CUrl
2011 027 16:26:00,CNologon
2011 028 08:34:00,Blogon
2011 028 08:50:04,BUrl
2011 028 08:50:47,BSendEmail
2011 028 08:51:52,BSendEmail
2011 028 08:55:43,BUrl
2011 028 09:06:12,BSendEmail
2011 028 09:45:38,BUrl
2011 028 12:01:10,CUrl
2011 028 16:25:00,CNologon
2011 031 08:28:00,Blogon
2011 031 08:33:55,BSendEmail
2011 031 08:36:14,BSendEmail
2011 031 08:41:22,BSendEmail
2011 031 08:53:37,BUrl
2011 031 12:08:35,CUrl
2011 031 16:33:00,CNologon
2011 032 08:19:00,Blogon
2011 032 08:51:31,BUrl
2011 032 12:02:22,CUrl
2011 032 14:58:10,CSendEmail
2011 032 16:08:55,CUrl
2011 032 16:12:51,CSendEmail
2011 032 16:13:45,CUrl
2011 032 16:15:31,CSendEmail
2011 032 16:20:00,CNologon
2011 033 08:15:00,Blogon
2011 033 08:21:28,BSendEmail
2011 033 08:22:33,BUrl
2011 033 08:24:24,BSendEmail
2011 033 08:29:20,BSendEmail
2011 033 08:33:34,BUrl
2011 033 12:17:46,CUrl
2011 033 16:30:00,CNologon
2011 034 08:39:00,Blogon
2011 034 08:41:05,BUrl
2011 034 09:10:49,BSendEmail
2011 034 09:22:34,BUrl
2011 034 09:29:16,BSendEmail
2011 034 09:35:00,BUrl
2011 034 10:18:23,BSendEmail
2011 034 10:24:34,BUrl
2011 034 12:02:48,CUrl
2011 034 16:30:00,CNologon
2011 035 08:22:00,Blogon
2011 035 08:26:03,BUrl
2011 035 10:12:14,BSendEmail
2011 035 10:33:49,BUrl
2011 035 11:29:18,BSendEmail
2011 035 11:30:44,BUrl
2011 035 12:28:28,CUrl
2011 035 13:46:48,CSendEmail
2011 035 13:51:53,CUrl
2011 035 16:43:00,CNologon
2011 038 08:26:00,Blogon
2011 038 08:53:27,BUrl
2011 038 09:26:12,BSendEmail
2011 038 09:45:52,BUrl
2011 038 12:06:35,CUrl
2011 038 15:50:59,CSendEmail
2011 038 15:53:46,CSendEmail
2011 038 16:09:14,CUrl
2011 038 16:41:00,CNologon
2011 039 08:29:00,Blogon
2011 039 08:37:02,BUrl
2011 039 12:02:20,CUrl
2011 039 15:07:02,CSendEmail
2011 039 15:07:21,CSendEmail
2011 039 15:27:50,CSendEmail
2011 039 15:27:52,CUrl
2011 039 16:36:00,CNologon
2011 040 08:23:00,Blogon
2011 040 08:42:08,BUrl
2011 040 11:00:02,BSendEmail
2011 040 11:00:49,BSendEmail
2011 040 11:02:32,BSendEmail
2011 040 11:55:41,BUrl
2011 040 12:04:06,CUrl
2011 040 16:25:00,CNologon
2011 041 08:17:00,Blogon
2011 041 08:51:39,BUrl
2011 041 09:09:05,BSendEmail
2011 041 09:10:52,BSendEmail
2011 041 12:38:14,CUrl
2011 041 16:31:33,CSendEmail
2011 041 16:38:00,CNologon
2011 042 08:24:00,Blogon
2011 042 09:34:37,BUrl
2011 042 12:03:21,CUrl
2011 042 12:08:51,CSendEmail
2011 042 12:10:40,CUrl
2011 042 12:13:57,CSendEmail
2011 042 13:16:17,CUrl
2011 042 14:13:36,CSendEmail
2011 042 15:11:22,CUrl
2011 042 16:30:00,CNologon
2011 045 08:16:00,Blogon
2011 045 08:19:21,BUrl
2011 045 10:21:39,BSendEmail
2011 045 10:30:09,BUrl
2011 045 10:57:13,BSendEmail
2011 045 10:58:11,BSendEmail
2011 045 11:10:11,BUrl
2011 045 12:06:53,CUrl
2011 045 16:35:00,CNologon
2011 046 08:19:00,Blogon
2011 046 09:01:39,BUrl
2011 046 09:24:36,BSendEmail
2011 046 09:45:27,BUrl
2011 046 10:51:39,BSendEmail
2011 046 11:42:33,BUrl
2011 046 12:07:05,CUrl
2011 046 14:05:09,CSendEmail
2011 046 14:06:01,CUrl
2011 046 16:38:00,CNologon
2011 047 08:30:00,Blogon
2011 047 08:36:54,BUrl
2011 047 12:08:27,CSendEmail
2011 047 12:17:11,CUrl
2011 047 12:45:33,CSendEmail
2011 047 12:54:56,CUrl
2011 047 13:22:22,CSendEmail
2011 047 13:22:33,CUrl
2011 047 16:24:00,CNologon
2011 048 08:37:00,Blogon
2011 048 08:45:37,BUrl
2011 048 12:01:16,CSendEmail
2011 048 12:02:04,CSendEmail
2011 048 12:05:26,CUrl
2011 048 12:08:15,CSendEmail
2011 048 12:25:44,CUrl
2011 048 16:27:00,CNologon
2011 049 08:23:00,Blogon
2011 049 08:25:09,BUrl
2011 049 12:09:15,CUrl
2011 049 14:45:27,CSendEmail
2011 049 15:01:11,CUrl
2011 049 15:44:42,CSendEmail
2011 049 15:52:37,CUrl
2011 049 16:45:00,CNologon
2011 052 08:31:00,Blogon
2011 052 08:39:56,BUrl
2011 052 09:00:42,BSendEmail
2011 052 09:36:48,BUrl
2011 052 09:56:58,BSendEmail
2011 052 10:03:56,BUrl
2011 052 13:07:59,CSendEmail
2011 052 13:09:21,CUrl
2011 052 16:36:00,CNologon
2011 053 08:16:00,Blogon
2011 053 08:21:43,BUrl
2011 053 08:36:26,BSendEmail
2011 053 08:36:37,BSendEmail
2011 053 08:40:23,BUrl
2011 053 12:11:10,CUrl
2011 053 16:20:00,CNologon
2011 054 08:36:00,Blogon
2011 054 08:37:06,BUrl
2011 054 12:09:35,CUrl
2011 054 12:30:41,CSendEmail
2011 054 12:34:04,CSendEmail
2011 054 12:41:47,CUrl
2011 054 13:03:18,CSendEmail
2011 054 13:04:41,CUrl
2011 054 16:21:00,CNologon
2011 055 08:32:00,Blogon
2011 055 08:37:45,BUrl
2011 055 12:48:34,CUrl
2011 055 15:12:11,CSendEmail
2011 055 15:15:47,CUrl
2011 055 16:18:19,CSendEmail
2011 055 16:20:33,CUrl
2011 055 16:23:47,CSendEmail
2011 055 16:25:00,CNologon
2011 056 08:31:00,Blogon
2011 056 08:39:48,BUrl
2011 056 12:08:37,CUrl
2011 056 15:07:37,CSendEmail
2011 056 15:31:54,CUrl
2011 056 15:39:17,CSendEmail
2011 056 16:04:28,CUrl
2011 056 16:18:24,CSendEmail
2011 056 16:22:00,CNologon
2011 059 08:30:00,Blogon
2011 059 08:38:32,BUrl
2011 059 10:07:26,BSendEmail
2011 059 10:19:50,BUrl
2011 059 11:36:21,BSendEmail
2011 059 11:38:25,BUrl
2011 059 12:33:48,CUrl
2011 059 16:12:27,CSendEmail
2011 059 16:14:13,CUrl
2011 059 16:26:00,CNologon
2011 060 08:31:00,Blogon
2011 060 09:02:27,BSendEmail
2011 060 09:08:42,BUrl
2011 060 09:09:13,BSendEmail
2011 060 09:56:46,BUrl
2011 060 11:19:53,BSendEmail
2011 060 11:28:18,BUrl
2011 060 12:08:51,CUrl
2011 060 16:38:00,CNologon
2011 061 08:31:00,Blogon
2011 061 09:18:34,BUrl
2011 061 11:36:53,BSendEmail
2011 061 11:53:59,BUrl
2011 061 12:07:13,CSendEmail
2011 061 12:07:31,CUrl
2011 061 13:22:46,CSendEmail
2011 061 13:23:11,CUrl
2011 061 16:29:00,CNologon
2011 062 08:39:00,Blogon
2011 062 08:43:32,BUrl
2011 062 12:09:08,CUrl
2011 062 14:13:20,CSendEmail
2011 062 14:39:35,CUrl
2011 062 16:15:21,CSendEmail
2011 062 16:16:01,CUrl
2011 062 16:21:44,CSendEmail
2011 062 16:28:30,CUrl
2011 062 16:30:00,CNologon
2011 063 08:23:00,Blogon
2011 063 08:24:45,BUrl
2011 063 08:25:27,BSendEmail
2011 063 08:29:25,BSendEmail
2011 063 08:36:43,BUrl
2011 063 12:15:14,CUrl
2011 063 15:26:14,CSendEmail
2011 063 15:29:44,CUrl
2011 063 16:21:00,CNologon
2011 066 08:23:00,Blogon
2011 066 08:26:12,BSendEmail
2011 066 08:27:01,BUrl
2011 066 08:32:45,BSendEmail
2011 066 08:39:30,BUrl
2011 066 09:25:47,BSendEmail
2011 066 09:27:59,BUrl
2011 066 12:09:24,CUrl
2011 066 16:34:00,CNologon
2011 067 08:39:00,Blogon
2011 067 08:58:46,BUrl
2011 067 10:00:23,BSendEmail
2011 067 10:02:26,BUrl
2011 067 10:25:09,BSendEmail
2011 067 10:25:56,BUrl
2011 067 12:36:18,CUrl
2011 067 16:27:00,CNologon
2011 068 08:15:00,Blogon
2011 068 08:16:22,BSendEmail
2011 068 08:16:30,BSendEmail
2011 068 08:41:40,BUrl
2011 068 09:29:29,BSendEmail
2011 068 09:43:19,BUrl
2011 068 12:31:09,CUrl
2011 068 16:33:00,CNologon
2011 069 08:33:00,Blogon
2011 069 08:34:23,BUrl
2011 069 08:42:19,BSendEmail
2011 069 08:54:19,BUrl
2011 069 11:40:21,BSendEmail
2011 069 11:45:34,BSendEmail
2011 069 11:50:17,BUrl
2011 069 12:02:18,CUrl
2011 069 16:25:00,CNologon
2011 070 08:16:00,Blogon
2011 070 08:26:59,BUrl
2011 070 12:26:28,CUrl
2011 070 15:56:23,CSendEmail
2011 070 16:03:38,CSendEmail
2011 070 16:20:57,CUrl
2011 070 16:28:22,CSendEmail
2011 070 16:33:56,CUrl
2011 070 16:41:00,CNologon
2011 073 08:35:00,Blogon
2011 073 08:36:22,BSendEmail
2011 073 08:58:06,BUrl
2011 073 09:14:19,BSendEmail
2011 073 09:20:50,BUrl
2011 073 12:58:25,CUrl
2011 073 14:42:11,CSendEmail
2011 073 15:06:32,CUrl
2011 073 16:27:00,CNologon
2011 074 08:23:00,Blogon
2011 074 08:36:55,BUrl
2011 074 09:23:06,BSendEmail
2011 074 09:39:20,BUrl
2011 074 12:16:26,CUrl
2011 074 15:31:26,CSendEmail
2011 074 15:31:36,CSendEmail
2011 074 15:57:44,CUrl
2011 074 16:44:00,CNologon
2011 075 08:31:00,Blogon
2011 075 08:37:06,BUrl
2011 075 08:52:50,BSendEmail
2011 075 08:55:05,BUrl
2011 075 09:12:17,BSendEmail
2011 075 09:21:34,BSendEmail
2011 075 09:26:25,BUrl
2011 075 12:23:46,CUrl
2011 075 16:23:00,CNologon
2011 076 08:27:00,Blogon
2011 076 08:33:41,BUrl
2011 076 09:24:21,BSendEmail
2011 076 09:31:12,BUrl
2011 076 09:40:49,BSendEmail
2011 076 10:02:18,BUrl
2011 076 12:00:18,CUrl
2011 076 16:19:26,CSendEmail
2011 076 16:23:04,CUrl
2011 076 16:33:00,CNologon
2011 077 08:35:00,Blogon
2011 077 08:36:10,BUrl
2011 077 09:38:39,BSendEmail
2011 077 09:51:54,BSendEmail
2011 077 10:05:59,BUrl
2011 077 10:07:59,BSendEmail
2011 077 10:25:39,BUrl
2011 077 12:02:15,CUrl
2011 077 16:32:00,CNologon
2011 080 08:34:00,Blogon
2011 080 12:48:50,CUrl
2011 080 14:49:05,CSendEmail
2011 080 14:49:18,CUrl
2011 080 16:02:48,CSendEmail
2011 080 16:20:27,CSendEmail
2011 080 16:23:00,CNologon
2011 081 08:17:00,Blogon
2011 081 08:20:07,BUrl
2011 081 12:09:17,CUrl
2011 081 12:13:31,CSendEmail
2011 081 12:15:55,CSendEmail
2011 081 12:16:43,CSendEmail
2011 081 12:36:57,CUrl
2011 081 16:40:00,CNologon
2011 082 08:33:00,Blogon
2011 082 08:56:00,BUrl
2011 082 09:41:22,BSendEmail
2011 082 09:45:29,BSendEmail
2011 082 09:57:18,BUrl
2011 082 12:00:26,CUrl
2011 082 13:15:30,CSendEmail
2011 082 13:29:37,CUrl
2011 082 16:24:00,CNologon
2011 083 08:37:00,Blogon
2011 083 08:47:03,BUrl
2011 083 12:30:52,CUrl
2011 083 13:56:29,CSendEmail
2011 083 14:22:00,CUrl
2011 083 14:28:00,CSendEmail
2011 083 14:31:29,CUrl
2011 083 14:50:29,CSendEmail
2011 083 14:53:56,CUrl
2011 083 16:22:00,CNologon
2011 084 08:19:00,Blogon
2011 084 08:41:48,BUrl
2011 084 12:31:26,CUrl
2011 084 14:29:43,CSendEmail
2011 084 14:41:02,CSendEmail
2011 084 14:43:19,CUrl
2011 084 14:45:56,CSendEmail
2011 084 15:09:01,CUrl
2011 084 16:22:00,CNologon
2011 087 08:16:00,Blogon
2011 087 08:18:32,BSendEmail
2011 087 08:19:05,BSendEmail
2011 087 08:19:09,BSendEmail
2011 087 08:26:38,BUrl
2011 087 12:20:39,CUrl
2011 087 16:31:00,CNologon
2011 088 08:27:00,Blogon
2011 088 08:29:04,BUrl
2011 088 12:12:35,CUrl
2011 088 14:28:48,CSendEmail
2011 088 14:28:52,CSendEmail
2011 088 14:29:02,CUrl
2011 088 15:23:27,CSendEmail
2011 088 15:24:28,CUrl
2011 088 16:27:00,CNologon
2011 089 08:15:00,Blogon
2011 089 08:35:52,BUrl
2011 089 11:14:31,BSendEmail
2011 089 11:15:07,BSendEmail
2011 089 11:39:49,BUrl
2011 089 11:57:24,BSendEmail
2011 089 12:12:30,CUrl
2011 089 16:30:00,CNologon
2011 090 08:32:00,Blogon
2011 090 08:33:32,BSendEmail
2011 090 08:34:05,BSendEmail
2011 090 08:34:40,BUrl
2011 090 08:35:04,BSendEmail
2011 090 08:36:53,BUrl
2011 090 12:27:35,CUrl
2011 090 16:26:00,CNologon
2011 091 08:34:00,Blogon
2011 091 08:42:13,BUrl
2011 091 12:04:53,CUrl
2011 091 13:38:55,CSendEmail
2011 091 13:41:01,CSendEmail
2011 091 13:43:06,CSendEmail
2011 091 13:45:36,CUrl
2011 091 16:41:00,CNologon
2011 094 08:29:00,Blogon
2011 094 08:34:26,BUrl
2011 094 12:37:01,CSendEmail
2011 094 12:37:41,CUrl
2011 094 12:40:58,CSendEmail
2011 094 12:41:23,CUrl
2011 094 14:41:28,CSendEmail
2011 094 15:02:19,CUrl
2011 094 16:27:00,CNologon
2011 095 08:18:00,Blogon
2011 095 08:21:58,BUrl
2011 095 10:17:28,BSendEmail
2011 095 10:21:40,BUrl
2011 095 11:26:02,BSendEmail
2011 095 13:03:54,CUrl
2011 095 13:28:00,CSendEmail
2011 095 13:29:44,CUrl
2011 095 16:27:00,CNologon
2011 096 08:15:00,Blogon
2011 096 09:01:11,BUrl
2011 096 11:33:49,BSendEmail
2011 096 11:42:55,BUrl
2011 096 11:52:29,BSendEmail
2011 096 12:07:34,CUrl
2011 096 12:15:24,CSendEmail
2011 096 12:20:47,CUrl
2011 096 16:44:00,CNologon
2011 097 08:23:00,Blogon
2011 097 08:27:47,BSendEmail
2011 097 08:38:37,BUrl
2011 097 10:29:05,BSendEmail
2011 097 10:29:25,BSendEmail
2011 097 11:24:10,BUrl
2011 097 12:48:40,CUrl
2011 097 16:41:00,CNologon
2011 098 08:38:00,Blogon
2011 098 08:42:56,BUrl
2011 098 12:05:04,CUrl
2011 098 14:11:22,CSendEmail
2011 098 14:35:19,CSendEmail
2011 098 14:38:55,CSendEmail
2011 098 14:48:59,CUrl
2011 098 16:24:00,CNologon
2011 101 08:36:00,Blogon
2011 101 09:12:14,BUrl
2011 101 09:35:04,BSendEmail
2011 101 09:51:36,BUrl
2011 101 11:24:16,BSendEmail
2011 101 11:24:54,BSendEmail
2011 101 11:28:19,BUrl
2011 101 12:09:57,CUrl
2011 101 16:24:00,CNologon
2011 102 08:35:00,Blogon
2011 102 08:38:33,BSendEmail
2011 102 08:42:00,BUrl
2011 102 12:18:04,CUrl
2011 102 14:00:28,CSendEmail
2011 102 14:03:54,CSendEmail
2011 102 14:10:42,CUrl
2011 102 16:27:00,CNologon
2011 103 08:30:00,Blogon
2011 103 08:38:37,BUrl
2011 103 10:39:46,BSendEmail
2011 103 10:42:45,BUrl
2011 103 12:30:53,CUrl
2011 103 13:05:04,CSendEmail
2011 103 13:16:47,CSendEmail
2011 103 13:21:44,CUrl
2011 103 16:27:00,CNologon
2011 104 08:26:00,Blogon
2011 104 08:28:36,BUrl
2011 104 09:43:09,BSendEmail
2011 104 09:58:22,BUrl
2011 104 10:01:55,BSendEmail
2011 104 10:07:27,BSendEmail
2011 104 11:10:39,BUrl
2011 104 12:25:24,CUrl
2011 104 16:30:00,CNologon
2011 105 08:30:00,Blogon
2011 105 08:33:27,BUrl
2011 105 09:25:56,BSendEmail
2011 105 09:27:44,BUrl
2011 105 12:10:03,CUrl
2011 105 12:15:11,CSendEmail
2011 105 12:41:04,CUrl
2011 105 16:23:36,CSendEmail
2011 105 16:29:00,CNologon
2011 108 08:17:00,Blogon
2011 108 08:58:03,BUrl
2011 108 14:52:12,CUrl
2011 108 16:06:43,CSendEmail
2011 108 16:09:17,CUrl
2011 108 16:36:00,CNologon
2011 109 08:38:00,Blogon
2011 109 09:08:15,BUrl
2011 109 14:41:36,CUrl
2011 109 15:25:37,CSendEmail
2011 109 15:28:06,CUrl
2011 109 15:31:24,CSendEmail
2011 109 15:33:58,CUrl
2011 109 16:23:06,CSendEmail
2011 109 16:27:00,CNologon
2011 110 08:16:00,Blogon
2011 110 08:38:49,BUrl
2011 110 12:23:46,CUrl
2011 110 14:01:47,CSendEmail
2011 110 14:04:07,CSendEmail
2011 110 14:05:24,CSendEmail
2011 110 14:52:03,CUrl
2011 110 16:38:00,CNologon
2011 111 08:40:00,Blogon
2011 111 09:02:21,BUrl
2011 111 10:08:03,BSendEmail
2011 111 10:12:31,BSendEmail
2011 111 10:37:27,BUrl
2011 111 12:53:25,CUrl
2011 111 13:45:39,CSendEmail
2011 111 13:46:59,CUrl
2011 111 16:24:00,CNologon
2011 115 08:34:00,Blogon
2011 115 08:42:42,BUrl
2011 115 12:17:26,CUrl
2011 115 15:23:26,CSendEmail
2011 115 15:32:26,CUrl
2011 115 15:40:17,CSendEmail
2011 115 15:55:06,CSendEmail
2011 115 15:57:53,CUrl
2011 115 16:21:00,CNologon
2011 116 08:16:00,Blogon
2011 116 08:21:13,BUrl
2011 116 11:13:03,BSendEmail
2011 116 11:18:07,BSendEmail
2011 116 11:19:05,BSendEmail
2011 116 11:30:05,BUrl
2011 116 12:05:30,CUrl
2011 116 16:39:00,CNologon
2011 117 08:26:00,Blogon
2011 117 08:27:20,BUrl
2011 117 09:17:28,BSendEmail
2011 117 09:26:22,BUrl
2011 117 12:15:46,CUrl
2011 117 12:46:32,CSendEmail
2011 117 12:59:49,CUrl
2011 117 13:57:04,CSendEmail
2011 117 14:23:02,CUrl
2011 117 16:39:00,CNologon
2011 118 08:18:00,Blogon
2011 118 08:19:56,BUrl
2011 118 12:04:19,CUrl
2011 118 13:00:25,CSendEmail
2011 118 13:05:11,CUrl
2011 118 13:07:39,CSendEmail
2011 118 13:09:06,CSendEmail
2011 118 13:57:18,CUrl
2011 118 16:30:00,CNologon
2011 119 08:17:00,Blogon
2011 119 08:42:49,BUrl
2011 119 12:27:00,CUrl
2011 119 14:59:45,CSendEmail
2011 119 15:03:06,CUrl
2011 119 16:07:37,CSendEmail
2011 119 16:09:02,CSendEmail
2011 119 16:09:58,CUrl
2011 119 16:38:00,CNologon
2011 122 08:35:00,Blogon
2011 122 08:39:42,BUrl
2011 122 12:13:47,CUrl
2011 122 13:10:08,CSendEmail
2011 122 13:47:04,CUrl
2011 122 15:30:07,CSendEmail
2011 122 15:31:05,CUrl
2011 122 16:18:01,CSendEmail
2011 122 16:20:57,CUrl
2011 122 16:28:00,CNologon
2011 123 08:21:00,Blogon
2011 123 08:23:51,BUrl
2011 123 09:14:55,BSendEmail
2011 123 09:27:51,BUrl
2011 123 12:18:30,CUrl
2011 123 16:01:13,CSendEmail
2011 123 16:01:23,CSendEmail
2011 123 16:10:24,CUrl
2011 123 16:45:00,CNologon
2011 124 08:30:00,Blogon
2011 124 08:55:40,BUrl
2011 124 11:53:13,BSendEmail
2011 124 11:55:07,BUrl
2011 124 12:22:40,CUrl
2011 124 13:14:51,CSendEmail
2011 124 14:39:18,CUrl
2011 124 16:07:53,CSendEmail
2011 124 16:08:02,CUrl
2011 124 16:43:00,CNologon
2011 125 08:25:00,Blogon
2011 125 08:49:17,BUrl
2011 125 11:43:41,BSendEmail
2011 125 11:49:37,BSendEmail
2011 125 11:53:32,BUrl
2011 125 12:01:05,CUrl
2011 125 12:10:51,CSendEmail
2011 125 12:52:12,CUrl
2011 125 16:33:00,CNologon
2011 126 08:37:00,Blogon
2011 126 08:41:34,BUrl
2011 126 08:41:57,BSendEmail
2011 126 08:53:39,BUrl
2011 126 09:39:41,BSendEmail
2011 126 09:46:25,BUrl
2011 126 12:01:09,CUrl
2011 126 13:51:02,CSendEmail
2011 126 13:52:22,CUrl
2011 126 16:28:00,CNologon
2011 129 08:40:00,Blogon
2011 129 09:01:57,BUrl
2011 129 11:08:39,BSendEmail
2011 129 11:10:02,BSendEmail
2011 129 11:11:15,BUrl
2011 129 11:12:31,BSendEmail
2011 129 11:14:53,BUrl
2011 129 12:06:07,CUrl
2011 129 16:22:00,CNologon
2011 130 08:16:00,Blogon
2011 130 08:33:46,BUrl
2011 130 09:35:11,BSendEmail
2011 130 09:38:19,BUrl
2011 130 09:40:41,BSendEmail
2011 130 09:42:12,BSendEmail
2011 130 09:44:54,BUrl
2011 130 12:03:05,CUrl
2011 130 16:38:00,CNologon
2011 131 08:28:00,Blogon
2011 131 08:31:38,BUrl
2011 131 11:52:49,BSendEmail
2011 131 11:54:52,BSendEmail
2011 131 12:05:57,CUrl
2011 131 14:32:39,CSendEmail
2011 131 14:50:28,CUrl
2011 131 16:41:00,CNologon
2011 132 08:21:00,Blogon
2011 132 08:29:46,BSendEmail
2011 132 08:43:47,BUrl
2011 132 09:51:21,BSendEmail
2011 132 09:57:50,BUrl
2011 132 11:34:07,BSendEmail
2011 132 11:41:27,BUrl
2011 132 12:13:02,CUrl
2011 132 16:20:00,CNologon
2011 133 08:17:00,Blogon
2011 133 08:50:14,BUrl
2011 133 11:54:07,BSendEmail
2011 133 12:02:56,CUrl
2011 133 12:34:40,CSendEmail
2011 133 12:35:35,CUrl
2011 133 13:11:17,CSendEmail
2011 133 13:25:51,CUrl
2011 133 16:23:00,CNologon
2011 136 08:38:00,Blogon
2011 136 08:48:25,BUrl
2011 136 12:21:28,CUrl
2011 136 15:12:11,CSendEmail
2011 136 15:28:31,CSendEmail
2011 136 15:31:05,CUrl
2011 136 15:41:18,CSendEmail
2011 136 15:48:24,CUrl
2011 136 16:31:00,CNologon
