2010 004 07:10:00,Blogon
2010 004 07:26:24,BSendEmail
2010 004 08:14:25,BUrl
2010 004 08:53:57,BSendEmail
2010 004 08:58:57,BUrl
2010 004 10:39:45,BSendEmail
2010 004 10:40:28,BUrl
2010 004 12:07:50,CUrl
2010 004 16:25:00,CNologon
2010 005 07:28:00,Blogon
2010 005 07:34:54,BUrl
2010 005 12:28:26,CUrl
2010 005 15:11:52,CSendEmail
2010 005 15:13:13,CSendEmail
2010 005 15:14:23,CSendEmail
2010 005 15:19:40,CUrl
2010 005 16:15:00,CNologon
2010 006 07:05:00,Blogon
2010 006 07:15:17,BUrl
2010 006 12:08:58,CUrl
2010 006 13:32:37,CSendEmail
2010 006 13:32:58,CUrl
2010 006 15:06:32,CSendEmail
2010 006 15:10:06,CUrl
2010 006 15:16:10,CSendEmail
2010 006 15:27:53,CUrl
2010 006 16:26:00,CNologon
2010 007 07:23:00,Blogon
2010 007 07:29:55,BUrl
2010 007 09:39:58,BSendEmail
2010 007 09:54:01,BSendEmail
2010 007 10:08:13,BUrl
2010 007 13:06:30,CUrl
2010 007 13:52:23,CSendEmail
2010 007 14:21:13,CUrl
2010 007 16:15:00,CNologon
2010 008 07:23:00,Blogon
2010 008 07:36:24,BUrl
2010 008 09:19:04,BSendEmail
2010 008 09:20:19,BUrl
2010 008 09:35:33,BSendEmail
2010 008 10:15:17,BUrl
2010 008 12:09:58,CUrl
2010 008 12:44:13,CSendEmail
2010 008 13:37:15,CUrl
2010 008 16:13:00,CNologon
2010 011 07:12:00,Blogon
2010 011 07:17:26,BUrl
2010 011 09:57:03,BSendEmail
2010 011 10:07:08,BUrl
2010 011 10:58:54,BSendEmail
2010 011 11:08:45,BSendEmail
2010 011 11:41:06,BUrl
2010 011 12:42:05,CUrl
2010 011 16:26:00,CNologon
2010 012 07:07:00,Blogon
2010 012 07:11:36,BUrl
2010 012 07:42:15,BSendEmail
2010 012 07:43:21,BUrl
2010 012 12:16:06,CUrl
2010 012 14:16:24,CSendEmail
2010 012 14:45:15,CUrl
2010 012 15:26:15,CSendEmail
2010 012 15:32:25,CUrl
2010 012 16:16:00,CNologon
2010 013 07:27:00,Blogon
2010 013 07:37:09,BUrl
2010 013 08:43:21,BSendEmail
2010 013 08:58:23,BUrl
2010 013 12:04:31,CUrl
2010 013 12:30:06,CSendEmail
2010 013 12:44:28,CUrl
2010 013 13:01:11,CSendEmail
2010 013 14:15:46,CUrl
2010 013 16:10:00,CNologon
2010 014 07:04:00,Blogon
2010 014 07:07:40,BUrl
2010 014 08:09:52,BSendEmail
2010 014 08:10:18,BUrl
2010 014 12:04:48,CUrl
2010 014 14:18:10,CSendEmail
2010 014 14:42:47,CUrl
2010 014 16:25:00,CNologon
2010 015 07:20:00,Blogon
2010 015 07:24:22,BUrl
2010 015 12:08:57,CUrl
2010 015 13:22:25,CSendEmail
2010 015 13:24:41,CSendEmail
2010 015 13:33:51,CSendEmail
2010 015 13:41:03,CUrl
2010 015 16:12:00,CNologon
2010 018 07:24:00,Blogon
2010 018 07:50:18,BUrl
2010 018 09:28:42,BSendEmail
2010 018 09:29:42,BSendEmail
2010 018 09:31:25,BSendEmail
2010 018 09:35:44,BUrl
2010 018 12:23:08,CUrl
2010 018 16:10:00,CNologon
2010 019 07:05:00,Blogon
2010 019 09:43:46,BSendEmail
2010 019 09:47:09,BUrl
2010 019 10:14:10,BSendEmail
2010 019 10:14:11,BUrl
2010 019 10:14:12,BSendEmail
2010 019 10:14:13,BUrl
2010 019 13:33:46,CUrl
2010 019 16:23:00,CNologon
2010 020 07:04:00,Blogon
2010 020 07:08:46,BUrl
2010 020 12:27:40,CUrl
2010 020 15:11:43,CSendEmail
2010 020 15:13:39,CSendEmail
2010 020 15:15:06,CUrl
2010 020 15:27:21,CSendEmail
2010 020 15:50:58,CUrl
2010 020 16:24:00,CNologon
2010 021 07:16:00,Blogon
2010 021 07:17:09,BUrl
2010 021 09:32:31,BSendEmail
2010 021 09:36:16,BSendEmail
2010 021 09:50:07,BUrl
2010 021 13:11:55,CUrl
2010 021 15:34:17,CSendEmail
2010 021 16:12:00,CNologon
2010 022 07:12:00,Blogon
2010 022 07:15:02,BUrl
2010 022 10:39:36,BSendEmail
2010 022 10:47:21,BUrl
2010 022 10:48:10,BSendEmail
2010 022 10:56:23,BSendEmail
2010 022 12:02:09,CUrl
2010 022 16:19:00,CNologon
2010 025 07:02:00,Blogon
2010 025 07:04:36,BUrl
2010 025 12:00:01,CSendEmail
2010 025 12:07:55,CSendEmail
2010 025 12:08:04,CSendEmail
2010 025 12:32:33,CUrl
2010 025 16:23:00,CNologon
2010 026 07:23:00,Blogon
2010 026 08:51:04,BUrl
2010 026 12:01:26,CSendEmail
2010 026 12:18:24,CUrl
2010 026 13:10:01,CSendEmail
2010 026 13:45:34,CUrl
2010 026 16:07:45,CSendEmail
2010 026 16:14:47,CUrl
2010 026 16:20:00,CNologon
2010 027 07:07:00,Blogon
2010 027 07:17:01,BSendEmail
2010 027 07:23:02,BUrl
2010 027 10:55:10,BSendEmail
2010 027 11:01:41,BUrl
2010 027 11:04:15,BSendEmail
2010 027 11:19:29,BUrl
2010 027 12:28:09,CUrl
2010 027 16:30:00,CNologon
2010 028 07:26:00,Blogon
2010 028 07:32:14,BUrl
2010 028 11:39:25,BSendEmail
2010 028 11:40:10,BUrl
2010 028 12:19:43,CUrl
2010 028 13:19:41,CSendEmail
2010 028 13:20:29,CSendEmail
2010 028 13:23:57,CUrl
2010 028 16:13:00,CNologon
2010 029 07:22:00,Blogon
2010 029 07:28:28,BUrl
2010 029 12:31:27,CUrl
2010 029 13:23:47,CSendEmail
2010 029 13:27:08,CUrl
2010 029 13:46:48,CSendEmail
2010 029 13:48:02,CSendEmail
2010 029 13:52:27,CUrl
2010 029 16:06:00,CNologon
2010 032 07:25:00,Blogon
2010 032 07:32:42,BUrl
2010 032 10:31:24,BSendEmail
2010 032 10:34:12,BUrl
2010 032 10:50:11,BSendEmail
2010 032 10:54:54,BUrl
2010 032 10:57:50,BSendEmail
2010 032 10:59:10,BUrl
2010 032 12:01:55,CUrl
2010 032 16:28:00,CNologon
2010 033 07:21:00,Blogon
2010 033 07:25:59,BUrl
2010 033 10:45:28,BSendEmail
2010 033 11:03:30,BUrl
2010 033 12:19:55,CUrl
2010 033 12:42:16,CSendEmail
2010 033 12:45:11,CUrl
2010 033 14:52:29,CSendEmail
2010 033 15:09:19,CUrl
2010 033 16:12:00,CNologon
2010 034 07:21:00,Blogon
2010 034 07:23:33,BUrl
2010 034 12:05:56,CUrl
2010 034 15:00:38,CSendEmail
2010 034 15:05:41,CUrl
2010 034 15:15:20,CSendEmail
2010 034 15:17:12,CUrl
2010 034 15:27:31,CSendEmail
2010 034 15:27:53,CUrl
2010 034 16:12:00,CNologon
2010 035 07:19:00,Blogon
2010 035 07:55:39,BSendEmail
2010 035 07:59:34,BUrl
2010 035 09:01:01,BSendEmail
2010 035 09:02:01,BUrl
2010 035 12:42:32,CUrl
2010 035 13:15:54,CSendEmail
2010 035 13:54:39,CUrl
2010 035 16:07:00,CNologon
2010 036 07:18:00,Blogon
2010 036 08:02:42,BUrl
2010 036 12:22:34,CUrl
2010 036 14:25:36,CSendEmail
2010 036 14:25:53,CSendEmail
2010 036 14:26:02,CUrl
2010 036 14:26:29,CSendEmail
2010 036 14:55:40,CUrl
2010 036 16:10:00,CNologon
2010 039 07:11:00,Blogon
2010 039 07:24:17,BUrl
2010 039 11:39:00,BSendEmail
2010 039 11:39:39,BUrl
2010 039 11:42:04,BSendEmail
2010 039 11:42:52,BSendEmail
2010 039 12:15:34,CUrl
2010 039 16:09:00,CNologon
2010 040 07:23:00,Blogon
2010 040 07:38:37,BUrl
2010 040 12:12:34,CUrl
2010 040 15:58:52,CSendEmail
2010 040 16:03:18,CSendEmail
2010 040 16:03:24,CSendEmail
2010 040 16:08:00,CNologon
2010 041 07:19:00,Blogon
2010 041 07:37:48,BUrl
2010 041 09:01:57,BSendEmail
2010 041 09:08:33,BUrl
2010 041 09:25:13,BSendEmail
2010 041 09:56:50,BUrl
2010 041 11:44:21,BSendEmail
2010 041 12:36:36,CUrl
2010 041 16:02:00,CNologon
2010 042 07:22:00,Blogon
2010 042 07:28:04,BUrl
2010 042 08:56:30,BSendEmail
2010 042 09:12:50,BUrl
2010 042 11:08:05,BSendEmail
2010 042 11:12:27,BUrl
2010 042 12:18:29,CUrl
2010 042 13:17:23,CSendEmail
2010 042 13:44:45,CUrl
2010 042 16:07:00,CNologon
2010 043 07:17:00,Blogon
2010 043 07:25:57,BUrl
2010 043 11:21:41,BSendEmail
2010 043 11:36:16,BUrl
2010 043 12:43:04,CSendEmail
2010 043 12:45:33,CSendEmail
2010 043 12:54:54,CUrl
2010 043 16:11:00,CNologon
2010 046 07:01:00,Blogon
2010 046 07:18:51,BUrl
2010 046 08:52:31,BSendEmail
2010 046 08:53:37,BUrl
2010 046 08:54:33,BSendEmail
2010 046 08:55:51,BSendEmail
2010 046 08:57:58,BUrl
2010 046 12:06:50,CUrl
2010 046 16:29:00,CNologon
2010 047 07:24:00,Blogon
2010 047 07:41:55,BUrl
2010 047 13:07:10,CUrl
2010 047 13:15:32,CSendEmail
2010 047 13:16:00,CUrl
2010 047 13:16:43,CSendEmail
2010 047 13:20:44,CUrl
2010 047 16:11:00,CNologon
2010 048 07:03:00,Blogon
2010 048 07:21:59,BUrl
2010 048 10:57:17,BSendEmail
2010 048 10:57:18,BSendEmail
2010 048 10:59:03,BSendEmail
2010 048 11:22:46,BUrl
2010 048 12:03:50,CUrl
2010 048 16:28:00,CNologon
2010 049 07:23:00,Blogon
2010 049 07:42:18,BUrl
2010 049 13:29:29,CUrl
2010 049 13:35:28,CSendEmail
2010 049 13:44:14,CUrl
2010 049 14:58:51,CSendEmail
2010 049 15:02:15,CUrl
2010 049 15:04:07,CSendEmail
2010 049 15:04:11,CUrl
2010 049 16:25:00,CNologon
2010 050 07:14:00,Blogon
2010 050 07:16:20,BUrl
2010 050 09:56:21,BSendEmail
2010 050 09:56:44,BUrl
2010 050 10:10:55,BSendEmail
2010 050 10:11:21,BSendEmail
2010 050 10:13:58,BUrl
2010 050 12:20:58,CUrl
2010 050 16:19:00,CNologon
2010 053 07:14:00,Blogon
2010 053 07:15:44,BUrl
2010 053 07:35:05,BSendEmail
2010 053 07:38:45,BUrl
2010 053 07:38:59,BSendEmail
2010 053 07:51:53,BUrl
2010 053 11:59:04,BSendEmail
2010 053 12:01:20,CUrl
2010 053 16:23:00,CNologon
2010 054 07:04:00,Blogon
2010 054 07:16:07,BUrl
2010 054 12:02:57,CUrl
2010 054 13:33:24,CSendEmail
2010 054 13:42:58,CUrl
2010 054 14:03:56,CSendEmail
2010 054 14:14:33,CUrl
2010 054 14:43:19,CSendEmail
2010 054 15:25:38,CUrl
2010 054 16:18:00,CNologon
2010 055 07:24:00,Blogon
2010 055 07:33:29,BUrl
2010 055 09:26:00,BSendEmail
2010 055 09:32:51,BUrl
2010 055 10:16:54,BSendEmail
2010 055 10:37:12,BSendEmail
2010 055 10:49:46,BUrl
2010 055 12:00:57,CUrl
2010 055 16:11:00,CNologon
2010 056 07:23:00,Blogon
2010 056 07:49:10,BUrl
2010 056 08:31:02,BSendEmail
2010 056 08:31:10,BUrl
2010 056 08:32:34,BSendEmail
2010 056 08:38:59,BUrl
2010 056 12:08:03,CUrl
2010 056 13:55:24,CSendEmail
2010 056 15:03:17,CUrl
2010 056 16:07:00,CNologon
2010 057 07:03:00,Blogon
2010 057 07:12:42,BUrl
2010 057 08:09:11,BSendEmail
2010 057 08:10:56,BSendEmail
2010 057 08:15:46,BUrl
2010 057 08:58:13,BSendEmail
2010 057 09:02:57,BUrl
2010 057 12:15:57,CUrl
2010 057 16:28:00,CNologon
2010 060 07:12:00,Blogon
2010 060 07:13:50,BSendEmail
2010 060 07:14:53,BSendEmail
2010 060 07:15:26,BUrl
2010 060 07:17:38,BSendEmail
2010 060 07:33:46,BUrl
2010 060 12:21:04,CUrl
2010 060 16:16:00,CNologon
2010 061 07:21:00,Blogon
2010 061 07:22:52,BUrl
2010 061 12:02:04,CUrl
2010 061 14:13:30,CSendEmail
2010 061 14:33:11,CUrl
2010 061 14:46:47,CSendEmail
2010 061 14:56:39,CUrl
2010 061 16:13:27,CSendEmail
2010 061 16:23:48,CUrl
2010 061 16:29:00,CNologon
2010 062 07:03:00,Blogon
2010 062 07:05:04,BUrl
2010 062 07:23:03,BSendEmail
2010 062 08:01:09,BUrl
2010 062 10:38:58,BSendEmail
2010 062 11:02:08,BUrl
2010 062 13:00:46,CUrl
2010 062 14:20:08,CSendEmail
2010 062 14:46:10,CUrl
2010 062 16:11:00,CNologon
2010 063 07:03:00,Blogon
2010 063 07:27:23,BUrl
2010 063 12:10:37,CUrl
2010 063 14:39:46,CSendEmail
2010 063 14:48:48,CUrl
2010 063 14:51:03,CSendEmail
2010 063 14:53:41,CUrl
2010 063 15:08:07,CSendEmail
2010 063 15:11:11,CUrl
2010 063 16:25:00,CNologon
2010 064 07:14:00,Blogon
2010 064 07:20:52,BUrl
2010 064 12:32:57,CUrl
2010 064 14:38:06,CSendEmail
2010 064 14:40:32,CSendEmail
2010 064 14:40:52,CSendEmail
2010 064 14:44:05,CUrl
2010 064 16:16:00,CNologon
2010 067 07:04:00,Blogon
2010 067 07:12:14,BUrl
2010 067 11:24:04,BSendEmail
2010 067 11:50:11,BUrl
2010 067 12:43:12,CSendEmail
2010 067 13:44:49,CSendEmail
2010 067 15:43:19,CUrl
2010 067 16:03:00,CNologon
2010 068 07:03:00,Blogon
2010 068 07:13:54,BUrl
2010 068 09:33:19,BSendEmail
2010 068 09:37:49,BUrl
2010 068 12:06:03,CUrl
2010 068 15:54:18,CSendEmail
2010 068 16:01:36,CSendEmail
2010 068 16:26:00,CNologon
2010 069 07:01:00,Blogon
2010 069 07:10:16,BUrl
2010 069 12:45:46,CUrl
2010 069 13:36:58,CSendEmail
2010 069 13:39:02,CUrl
2010 069 16:15:00,CNologon
2010 070 07:00:00,Blogon
2010 070 07:14:12,BUrl
2010 070 08:00:47,BSendEmail
2010 070 08:49:43,BUrl
2010 070 12:12:26,CUrl
2010 070 16:15:00,CNologon
2010 071 07:10:00,Blogon
2010 071 07:14:05,BSendEmail
2010 071 07:18:12,BUrl
2010 071 08:13:48,BSendEmail
2010 071 08:33:18,BUrl
2010 071 12:04:29,CUrl
2010 071 16:19:03,CSendEmail
2010 071 16:21:00,CNologon
2010 074 07:10:00,Blogon
2010 074 07:12:26,BUrl
2010 074 12:05:32,CSendEmail
2010 074 12:23:50,CUrl
2010 074 12:24:30,CSendEmail
2010 074 12:26:28,CSendEmail
2010 074 13:06:31,CUrl
2010 074 16:18:00,CNologon
2010 075 07:22:00,Blogon
2010 075 07:57:19,BUrl
2010 075 11:51:36,BSendEmail
2010 075 12:07:37,CUrl
2010 075 14:18:33,CSendEmail
2010 075 14:21:29,CUrl
2010 075 16:02:30,CSendEmail
2010 075 16:03:22,CUrl
2010 075 16:13:00,CNologon
2010 076 07:24:00,Blogon
2010 076 07:33:57,BUrl
2010 076 12:43:09,CUrl
2010 076 13:14:00,CSendEmail
2010 076 14:39:38,CUrl
2010 076 14:57:26,CSendEmail
2010 076 15:01:30,CUrl
2010 076 15:12:20,CSendEmail
2010 076 15:48:09,CUrl
2010 076 16:06:00,CNologon
2010 077 07:05:00,Blogon
2010 077 07:06:15,BUrl
2010 077 07:06:53,BSendEmail
2010 077 07:07:28,BUrl
2010 077 08:04:39,BSendEmail
2010 077 08:07:54,BUrl
2010 077 09:36:15,BSendEmail
2010 077 09:39:32,BUrl
2010 077 12:01:34,CUrl
2010 077 16:29:00,CNologon
2010 078 07:06:00,Blogon
2010 078 07:08:35,BUrl
2010 078 11:14:05,BSendEmail
2010 078 11:15:01,BSendEmail
2010 078 11:18:13,BSendEmail
2010 078 11:45:11,BUrl
2010 078 12:07:53,CUrl
2010 078 16:20:00,CNologon
2010 081 07:09:00,Blogon
2010 081 07:38:04,BUrl
2010 081 10:32:37,BSendEmail
2010 081 10:32:57,BUrl
2010 081 12:15:57,CUrl
2010 081 13:27:43,CSendEmail
2010 081 13:56:04,CUrl
2010 081 14:35:53,CSendEmail
2010 081 15:00:24,CUrl
2010 081 16:25:00,CNologon
2010 082 07:12:00,Blogon
2010 082 07:13:27,BUrl
2010 082 12:14:24,CUrl
2010 082 13:41:43,CSendEmail
2010 082 13:57:35,CSendEmail
2010 082 14:48:26,CSendEmail
2010 082 14:58:33,CUrl
2010 082 16:08:00,CNologon
2010 083 07:02:00,Blogon
2010 083 07:03:55,BUrl
2010 083 12:37:14,CUrl
2010 083 16:09:48,CSendEmail
2010 083 16:15:34,CUrl
2010 083 16:16:58,CSendEmail
2010 083 16:19:28,CSendEmail
2010 083 16:29:00,CNologon
2010 084 07:24:00,Blogon
2010 084 07:41:08,BUrl
2010 084 12:09:19,CUrl
2010 084 13:05:29,CSendEmail
2010 084 13:32:44,CUrl
2010 084 15:52:59,CSendEmail
2010 084 15:53:18,CUrl
2010 084 15:54:28,CSendEmail
2010 084 16:03:00,CNologon
2010 085 07:09:00,Blogon
2010 085 07:11:51,BUrl
2010 085 12:24:17,CUrl
2010 085 14:04:18,CSendEmail
2010 085 14:08:15,CSendEmail
2010 085 14:20:45,CSendEmail
2010 085 14:38:11,CUrl
2010 085 16:19:00,CNologon
2010 088 07:05:00,Blogon
2010 088 07:07:27,BSendEmail
2010 088 07:30:13,BSendEmail
2010 088 07:37:06,BSendEmail
2010 088 07:47:34,BUrl
2010 088 12:13:06,CUrl
2010 088 16:27:00,CNologon
2010 089 07:20:00,Blogon
2010 089 07:30:35,BSendEmail
2010 089 07:33:10,BUrl
2010 089 10:20:23,BSendEmail
2010 089 10:23:45,BUrl
2010 089 12:20:05,CUrl
2010 089 13:05:40,CSendEmail
2010 089 13:06:19,CUrl
2010 089 16:11:00,CNologon
2010 090 07:14:00,Blogon
2010 090 07:24:20,BUrl
2010 090 12:18:37,CSendEmail
2010 090 12:34:23,CUrl
2010 090 14:15:01,CSendEmail
2010 090 14:19:13,CUrl
2010 090 14:24:18,CSendEmail
2010 090 15:06:39,CUrl
2010 090 16:19:00,CNologon
2010 091 07:00:00,Blogon
2010 091 07:02:22,BUrl
2010 091 12:21:01,CUrl
2010 091 16:21:00,CNologon
2010 095 07:15:00,Blogon
2010 095 07:20:36,BUrl
2010 095 08:25:43,BSendEmail
2010 095 10:02:38,BUrl
2010 095 11:00:21,BSendEmail
2010 095 11:37:58,BUrl
2010 095 11:53:08,BSendEmail
2010 095 12:18:20,CUrl
2010 095 16:25:00,CNologon
2010 096 07:08:00,Blogon
2010 096 07:17:24,BUrl
2010 096 07:21:44,BSendEmail
2010 096 07:31:57,BUrl
2010 096 07:41:02,BSendEmail
2010 096 08:01:13,BUrl
2010 096 09:08:57,BSendEmail
2010 096 09:09:10,BUrl
2010 096 12:10:35,CUrl
2010 096 16:08:00,CNologon
2010 097 07:10:00,Blogon
2010 097 07:32:36,BUrl
2010 097 09:49:00,BSendEmail
2010 097 09:56:09,BUrl
2010 097 12:03:11,CSendEmail
2010 097 12:32:55,CSendEmail
2010 097 12:39:08,CUrl
2010 097 16:24:00,CNologon
2010 098 07:28:00,Blogon
2010 098 07:35:32,BUrl
2010 098 11:39:59,BSendEmail
2010 098 12:18:02,CUrl
2010 098 16:14:00,CNologon
2010 099 07:10:00,Blogon
2010 099 07:13:21,BUrl
2010 099 09:05:33,BSendEmail
2010 099 09:47:20,BUrl
2010 099 12:04:19,CUrl
2010 099 12:08:24,CSendEmail
2010 099 12:14:01,CSendEmail
2010 099 12:36:20,CUrl
2010 099 16:28:00,CNologon
2010 102 07:11:00,Blogon
2010 102 07:13:04,BUrl
2010 102 12:05:34,CUrl
2010 102 14:37:47,CSendEmail
2010 102 14:40:06,CUrl
2010 102 14:53:06,CSendEmail
2010 102 15:18:37,CSendEmail
2010 102 15:30:28,CUrl
2010 102 16:19:00,CNologon
2010 103 07:09:00,Blogon
2010 103 07:20:06,BUrl
2010 103 12:33:29,CUrl
2010 103 14:50:08,CSendEmail
2010 103 14:59:32,CSendEmail
2010 103 15:03:03,CSendEmail
2010 103 15:05:23,CUrl
2010 103 16:27:00,CNologon
2010 104 07:09:00,Blogon
2010 104 07:17:06,BUrl
2010 104 12:04:17,CUrl
2010 104 12:14:43,CSendEmail
2010 104 12:20:08,CSendEmail
2010 104 12:21:26,CUrl
2010 104 13:09:27,CSendEmail
2010 104 13:09:32,CUrl
2010 104 16:30:00,CNologon
2010 105 07:20:00,Blogon
2010 105 07:51:44,BUrl
2010 105 09:51:20,BSendEmail
2010 105 11:04:50,BUrl
2010 105 12:02:57,CUrl
2010 105 13:49:19,CSendEmail
2010 105 13:51:01,CSendEmail
2010 105 14:27:17,CUrl
2010 105 16:07:00,CNologon
2010 106 07:10:00,Blogon
2010 106 07:46:35,BUrl
2010 106 08:22:53,BSendEmail
2010 106 08:34:29,BSendEmail
2010 106 08:55:22,BUrl
2010 106 09:17:01,BSendEmail
2010 106 09:30:43,BUrl
2010 106 12:08:44,CUrl
2010 106 16:27:00,CNologon
2010 109 07:03:00,Blogon
2010 109 07:14:00,BUrl
2010 109 08:06:05,BSendEmail
2010 109 08:31:29,BUrl
2010 109 10:44:22,BSendEmail
2010 109 11:38:39,BSendEmail
2010 109 11:45:33,BUrl
2010 109 12:12:30,CUrl
2010 109 16:27:00,CNologon
2010 110 07:21:00,Blogon
2010 110 07:41:15,BUrl
2010 110 12:56:18,CUrl
2010 110 12:59:30,CSendEmail
2010 110 13:08:13,CSendEmail
2010 110 13:10:46,CUrl
2010 110 13:11:54,CSendEmail
2010 110 13:28:16,CUrl
2010 110 16:14:00,CNologon
2010 111 07:00:00,Blogon
2010 111 07:12:21,BSendEmail
2010 111 07:12:59,BSendEmail
2010 111 07:13:45,BSendEmail
2010 111 07:17:06,BUrl
2010 111 12:27:43,CUrl
2010 111 16:19:00,CNologon
2010 112 07:03:00,Blogon
2010 112 07:47:46,BUrl
2010 112 09:10:06,BSendEmail
2010 112 09:19:14,BUrl
2010 112 12:09:41,CSendEmail
2010 112 12:10:49,CSendEmail
2010 112 13:07:19,CUrl
2010 112 16:10:00,CNologon
2010 113 07:22:00,Blogon
2010 113 07:28:48,BUrl
2010 113 09:03:00,BSendEmail
2010 113 09:06:08,BSendEmail
2010 113 09:15:11,BUrl
2010 113 11:50:02,BSendEmail
2010 113 13:13:48,CUrl
2010 113 16:13:00,CNologon
2010 116 07:03:00,Blogon
2010 116 07:11:40,BUrl
2010 116 09:00:50,BSendEmail
2010 116 09:19:20,BUrl
2010 116 10:31:13,BSendEmail
2010 116 10:39:40,BUrl
2010 116 12:09:10,CUrl
2010 116 12:41:50,CSendEmail
2010 116 13:23:37,CUrl
2010 116 16:06:00,CNologon
2010 117 07:15:00,Blogon
2010 117 07:30:23,BUrl
2010 117 09:46:08,BSendEmail
2010 117 10:20:17,BUrl
2010 117 10:22:40,BSendEmail
2010 117 10:27:02,BSendEmail
2010 117 10:48:21,BUrl
2010 117 12:25:41,CUrl
2010 117 16:28:00,CNologon
2010 118 07:09:00,Blogon
2010 118 07:11:26,BUrl
2010 118 08:52:28,BSendEmail
2010 118 09:05:12,BUrl
2010 118 10:26:50,BSendEmail
2010 118 10:28:07,BUrl
2010 118 11:16:02,BSendEmail
2010 118 11:23:10,BUrl
2010 118 12:09:11,CUrl
2010 118 16:02:00,CNologon
2010 119 07:22:00,Blogon
2010 119 07:27:51,BUrl
2010 119 08:14:01,BSendEmail
2010 119 08:24:45,BUrl
2010 119 12:02:05,CUrl
2010 119 14:55:05,CSendEmail
2010 119 14:57:09,CUrl
2010 119 15:15:24,CSendEmail
2010 119 15:41:15,CUrl
2010 119 16:13:00,CNologon
2010 120 07:05:00,Blogon
2010 120 07:07:43,BUrl
2010 120 12:12:55,CUrl
2010 120 13:38:55,CSendEmail
2010 120 13:41:31,CUrl
2010 120 13:43:00,CSendEmail
2010 120 13:46:16,CSendEmail
2010 120 13:59:38,CUrl
2010 120 16:23:00,CNologon
2010 123 07:25:00,Blogon
2010 123 07:40:39,BUrl
2010 123 08:59:51,BSendEmail
2010 123 09:00:42,BUrl
2010 123 12:56:38,CUrl
2010 123 13:47:46,CSendEmail
2010 123 13:59:39,CSendEmail
2010 123 14:08:29,CUrl
2010 123 16:06:00,CNologon
2010 124 07:04:00,Blogon
2010 124 07:29:14,BUrl
2010 124 09:53:49,BSendEmail
2010 124 10:39:10,BUrl
2010 124 11:29:13,BSendEmail
2010 124 11:31:21,BSendEmail
2010 124 11:33:50,BUrl
2010 124 12:00:07,CUrl
2010 124 16:17:00,CNologon
2010 125 07:24:00,Blogon
2010 125 07:26:43,BUrl
2010 125 08:28:28,BSendEmail
2010 125 08:52:47,BSendEmail
2010 125 08:54:47,BSendEmail
2010 125 08:57:09,BUrl
2010 125 12:57:37,CUrl
2010 125 16:06:00,CNologon
2010 126 07:19:00,Blogon
2010 126 07:28:13,BUrl
2010 126 08:06:49,BSendEmail
2010 126 08:11:24,BUrl
2010 126 08:16:13,BSendEmail
2010 126 09:00:46,BUrl
2010 126 09:58:52,BSendEmail
2010 126 10:15:27,BUrl
2010 126 12:07:58,CUrl
2010 126 16:11:00,CNologon
2010 127 07:10:00,Blogon
2010 127 07:32:55,BUrl
2010 127 09:11:40,BSendEmail
2010 127 09:19:28,BUrl
2010 127 09:19:47,BSendEmail
2010 127 09:22:02,BUrl
2010 127 12:24:06,CUrl
2010 127 15:13:04,CSendEmail
2010 127 15:44:50,CUrl
2010 127 16:15:00,CNologon
2010 130 07:19:00,Blogon
2010 130 07:30:06,BSendEmail
2010 130 07:34:40,BUrl
2010 130 07:40:20,BSendEmail
2010 130 08:00:59,BUrl
2010 130 12:04:50,CUrl
2010 130 15:06:27,CSendEmail
2010 130 15:07:23,CUrl
2010 130 16:08:00,CNologon
2010 131 07:09:00,Blogon
2010 131 07:18:25,BUrl
2010 131 12:07:27,CUrl
2010 131 13:56:10,CSendEmail
2010 131 14:29:36,CSendEmail
2010 131 14:29:44,CUrl
2010 131 14:29:46,CSendEmail
2010 131 16:05:04,CUrl
2010 131 16:28:00,CNologon
2010 132 07:08:00,Blogon
2010 132 07:12:55,BSendEmail
2010 132 07:16:02,BUrl
2010 132 12:11:16,CUrl
2010 132 12:25:53,CSendEmail
2010 132 12:44:56,CUrl
2010 132 12:46:49,CSendEmail
2010 132 13:34:56,CUrl
2010 132 16:15:00,CNologon
2010 133 07:00:00,Blogon
2010 133 07:09:57,BSendEmail
2010 133 07:10:45,BUrl
2010 133 08:05:07,BSendEmail
2010 133 08:46:23,BUrl
2010 133 12:28:00,CUrl
2010 133 16:30:00,CNologon
2010 134 07:04:00,Blogon
2010 134 07:10:09,BUrl
2010 134 09:44:10,BSendEmail
2010 134 10:28:08,BSendEmail
2010 134 10:31:50,BSendEmail
2010 134 11:05:27,BUrl
2010 134 12:04:36,CUrl
2010 134 16:19:00,CNologon
2010 137 07:24:00,Blogon
2010 137 07:30:59,BUrl
2010 137 10:59:42,BSendEmail
2010 137 11:11:19,BUrl
2010 137 12:16:05,CUrl
2010 137 13:57:55,CSendEmail
2010 137 14:07:03,CUrl
2010 137 16:20:00,CNologon
2010 138 07:07:00,Blogon
2010 138 07:29:51,BUrl
2010 138 11:14:48,BSendEmail
2010 138 11:22:34,BSendEmail
2010 138 11:27:36,BUrl
2010 138 11:37:41,BSendEmail
2010 138 12:35:28,CUrl
2010 138 16:04:00,CNologon
2010 139 07:12:00,Blogon
2010 139 07:13:04,BUrl
2010 139 09:07:20,BSendEmail
2010 139 09:27:36,BSendEmail
2010 139 09:29:45,BSendEmail
2010 139 10:20:37,BUrl
2010 139 12:02:20,CUrl
2010 139 16:03:00,CNologon
2010 140 07:11:00,Blogon
2010 140 07:14:03,BUrl
2010 140 07:16:44,BSendEmail
2010 140 07:16:59,BSendEmail
2010 140 07:17:59,BUrl
2010 140 07:20:58,BSendEmail
2010 140 07:33:56,BUrl
2010 140 12:08:34,CUrl
2010 140 16:20:00,CNologon
2010 141 07:10:00,Blogon
2010 141 07:14:54,BUrl
2010 141 07:15:43,BSendEmail
2010 141 07:16:06,BUrl
2010 141 07:22:47,BSendEmail
2010 141 07:23:54,BSendEmail
2010 141 10:17:14,BUrl
2010 141 12:42:01,CUrl
2010 141 16:27:00,CNologon
2010 144 07:11:00,Blogon
2010 144 07:18:16,BUrl
2010 144 07:57:40,BSendEmail
2010 144 07:57:47,BUrl
2010 144 11:38:04,BSendEmail
2010 144 11:40:53,BSendEmail
2010 144 11:42:01,BUrl
2010 144 12:58:19,CUrl
2010 144 16:02:00,CNologon
2010 145 07:23:00,Blogon
2010 145 07:26:44,BSendEmail
2010 145 07:27:07,BUrl
2010 145 07:46:39,BSendEmail
2010 145 08:07:58,BUrl
2010 145 12:20:30,CUrl
2010 145 15:06:41,CSendEmail
2010 145 15:34:49,CUrl
2010 145 16:15:00,CNologon
2010 146 07:22:00,Blogon
2010 146 07:23:32,BUrl
2010 146 08:50:22,BSendEmail
2010 146 09:29:06,BUrl
2010 146 12:03:22,CSendEmail
2010 146 12:09:21,CUrl
2010 146 12:32:02,CSendEmail
2010 146 13:22:36,CUrl
2010 146 16:03:00,CNologon
2010 147 07:12:00,Blogon
2010 147 07:13:41,BUrl
2010 147 08:37:11,BSendEmail
2010 147 08:38:04,BSendEmail
2010 147 08:38:15,BSendEmail
2010 147 09:02:33,BUrl
2010 147 12:09:50,CUrl
2010 147 16:16:00,CNologon
2010 148 07:00:00,Blogon
2010 148 07:54:45,BUrl
2010 148 12:02:27,CUrl
2010 148 13:11:01,CSendEmail
2010 148 13:33:21,CSendEmail
2010 148 13:34:20,CUrl
2010 148 14:15:42,CSendEmail
2010 148 14:45:29,CUrl
2010 148 16:23:00,CNologon
2010 152 07:09:00,Blogon
2010 152 07:10:50,BUrl
2010 152 12:33:08,CSendEmail
2010 152 12:33:52,CSendEmail
2010 152 12:34:16,CSendEmail
2010 152 12:48:20,CUrl
2010 152 16:28:00,CNologon
2010 153 07:25:00,Blogon
2010 153 07:29:34,BUrl
2010 153 12:05:58,CUrl
2010 153 13:16:30,CSendEmail
2010 153 13:48:13,CSendEmail
2010 153 13:49:38,CUrl
2010 153 14:07:29,CSendEmail
2010 153 14:56:39,CUrl
2010 153 16:15:00,CNologon
2010 154 07:12:00,Blogon
2010 154 07:13:24,BUrl
2010 154 11:31:40,BSendEmail
2010 154 11:31:45,BSendEmail
2010 154 11:31:47,BUrl
2010 154 12:02:23,CUrl
2010 154 14:10:09,CSendEmail
2010 154 14:10:19,CUrl
2010 154 16:29:00,CNologon
2010 155 07:13:00,Blogon
2010 155 07:25:11,BUrl
2010 155 09:10:36,BSendEmail
2010 155 09:22:38,BSendEmail
2010 155 09:22:42,BUrl
2010 155 12:08:09,CUrl
2010 155 14:48:11,CSendEmail
2010 155 15:42:23,CUrl
2010 155 16:17:00,CNologon
2010 158 07:06:00,Blogon
2010 158 07:09:41,BUrl
2010 158 12:01:06,CUrl
2010 158 15:55:20,CSendEmail
2010 158 16:01:01,CUrl
2010 158 16:06:20,CSendEmail
2010 158 16:14:54,CSendEmail
2010 158 16:17:00,CNologon
2010 159 07:28:00,Blogon
2010 159 07:48:40,BUrl
2010 159 12:48:25,CUrl
2010 159 14:54:31,CSendEmail
2010 159 14:58:39,CUrl
2010 159 15:25:04,CSendEmail
2010 159 15:25:25,CUrl
2010 159 15:33:37,CSendEmail
2010 159 15:33:48,CUrl
2010 159 16:08:00,CNologon
2010 160 07:11:00,Blogon
2010 160 07:16:24,BSendEmail
2010 160 07:38:32,BUrl
2010 160 07:49:17,BSendEmail
2010 160 07:49:31,BSendEmail
2010 160 08:15:04,BUrl
2010 160 12:17:47,CUrl
2010 160 16:30:00,CNologon
2010 161 07:02:00,Blogon
2010 161 07:13:30,BUrl
2010 161 12:09:05,CUrl
2010 161 13:12:33,CSendEmail
2010 161 13:13:27,CSendEmail
2010 161 13:29:07,CSendEmail
2010 161 13:38:32,CUrl
2010 161 16:27:00,CNologon
2010 162 07:17:00,Blogon
2010 162 07:27:22,BUrl
2010 162 12:02:22,CUrl
2010 162 12:07:08,CSendEmail
2010 162 12:15:47,CUrl
2010 162 12:18:30,CSendEmail
2010 162 12:23:50,CUrl
2010 162 15:00:26,CSendEmail
2010 162 15:08:23,CUrl
2010 162 16:28:00,CNologon
2010 165 07:14:00,Blogon
2010 165 07:50:02,BUrl
2010 165 08:46:35,BSendEmail
2010 165 08:50:51,BUrl
2010 165 09:46:16,BSendEmail
2010 165 09:47:29,BUrl
2010 165 11:05:24,BSendEmail
2010 165 11:24:09,BUrl
2010 165 12:49:22,CUrl
2010 165 16:17:00,CNologon
2010 166 07:21:00,Blogon
2010 166 07:50:39,BUrl
2010 166 12:09:57,CUrl
2010 166 15:02:32,CSendEmail
2010 166 15:10:25,CSendEmail
2010 166 15:28:27,CSendEmail
2010 166 15:28:44,CUrl
2010 166 16:13:00,CNologon
2010 167 07:28:00,Blogon
2010 167 08:09:29,BUrl
2010 167 12:02:34,CUrl
2010 167 13:18:57,CSendEmail
2010 167 13:40:11,CSendEmail
2010 167 13:40:54,CUrl
2010 167 14:00:54,CSendEmail
2010 167 14:07:43,CUrl
2010 167 16:07:00,CNologon
2010 168 07:19:00,Blogon
2010 168 08:02:33,BUrl
2010 168 08:11:34,BSendEmail
2010 168 08:14:51,BUrl
2010 168 12:08:56,CUrl
2010 168 15:43:48,CSendEmail
2010 168 15:45:27,CUrl
2010 168 15:49:23,CSendEmail
2010 168 16:03:00,CNologon
2010 169 07:22:00,Blogon
2010 169 07:36:09,BUrl
2010 169 08:18:30,BSendEmail
2010 169 08:24:59,BSendEmail
2010 169 08:26:48,BUrl
2010 169 08:36:36,BSendEmail
2010 169 08:38:20,BUrl
2010 169 12:56:40,CUrl
2010 169 16:03:00,CNologon
2010 172 07:09:00,Blogon
2010 172 07:15:13,BUrl
2010 172 09:29:19,BSendEmail
2010 172 09:52:23,BUrl
2010 172 10:59:59,BSendEmail
2010 172 11:28:19,BUrl
2010 172 12:25:02,CUrl
2010 172 15:12:10,CSendEmail
2010 172 15:13:41,CUrl
2010 172 16:29:00,CNologon
2010 173 07:05:00,Blogon
2010 173 07:09:13,BUrl
2010 173 08:39:45,BSendEmail
2010 173 08:44:12,BSendEmail
2010 173 08:45:20,BUrl
2010 173 08:50:12,BSendEmail
2010 173 09:58:33,BUrl
2010 173 12:15:05,CUrl
2010 173 16:15:00,CNologon
2010 174 07:14:00,Blogon
2010 174 07:30:48,BUrl
2010 174 07:52:21,BSendEmail
2010 174 07:53:02,BUrl
2010 174 07:59:23,BSendEmail
2010 174 08:06:08,BUrl
2010 174 12:10:31,CUrl
2010 174 16:27:00,CNologon
2010 175 07:23:00,Blogon
2010 175 07:24:59,BUrl
2010 175 09:55:40,BSendEmail
2010 175 10:02:55,BSendEmail
2010 175 10:06:34,BUrl
2010 175 12:05:03,CUrl
2010 175 12:50:53,CSendEmail
2010 175 12:56:18,CUrl
2010 175 16:02:00,CNologon
2010 176 07:01:00,Blogon
2010 176 07:28:31,BUrl
2010 176 13:03:44,CUrl
2010 176 13:51:02,CSendEmail
2010 176 14:21:48,CUrl
2010 176 14:25:33,CSendEmail
2010 176 14:35:46,CUrl
2010 176 14:46:38,CSendEmail
2010 176 15:40:27,CUrl
2010 176 16:15:00,CNologon
2010 179 07:12:00,Blogon
2010 179 07:40:29,BUrl
2010 179 12:34:42,CUrl
2010 179 12:41:43,CSendEmail
2010 179 12:41:49,CSendEmail
2010 179 12:41:55,CUrl
2010 179 16:07:19,CSendEmail
2010 179 16:24:00,CNologon
2010 180 07:18:00,Blogon
2010 180 07:26:18,BSendEmail
2010 180 07:28:45,BUrl
2010 180 07:37:04,BSendEmail
2010 180 07:51:30,BUrl
2010 180 09:30:56,BSendEmail
2010 180 10:46:06,BUrl
2010 180 12:29:53,CUrl
2010 180 16:08:00,CNologon
2010 181 07:21:00,Blogon
2010 181 07:26:44,BUrl
2010 181 08:17:43,BSendEmail
2010 181 08:50:12,BUrl
2010 181 09:20:41,BSendEmail
2010 181 09:20:42,BUrl
2010 181 09:20:44,BSendEmail
2010 181 09:42:47,BUrl
2010 181 12:28:01,CUrl
2010 181 16:09:00,CNologon
2010 182 07:14:00,Blogon
2010 182 07:17:29,BUrl
2010 182 10:30:08,BSendEmail
2010 182 10:34:18,BSendEmail
2010 182 11:07:54,BSendEmail
2010 182 11:27:14,BUrl
2010 182 12:52:37,CUrl
2010 182 16:25:00,CNologon
2010 183 07:04:00,Blogon
2010 183 07:05:29,BUrl
2010 183 12:07:56,CUrl
2010 183 16:14:23,CSendEmail
2010 183 16:14:54,CUrl
2010 183 16:16:05,CSendEmail
2010 183 16:17:23,CUrl
2010 183 16:20:19,CSendEmail
2010 183 16:22:00,CNologon
2010 187 07:04:00,Blogon
2010 187 07:16:52,BUrl
2010 187 09:38:47,BSendEmail
2010 187 09:41:17,BUrl
2010 187 09:46:05,BSendEmail
2010 187 09:47:22,BUrl
2010 187 12:22:49,CSendEmail
2010 187 12:32:02,CUrl
2010 187 16:28:00,CNologon
2010 188 07:22:00,Blogon
2010 188 07:30:00,BUrl
2010 188 08:16:38,BSendEmail
2010 188 08:17:11,BUrl
2010 188 08:45:13,BSendEmail
2010 188 08:53:56,BSendEmail
2010 188 09:23:08,BUrl
2010 188 12:17:51,CUrl
2010 188 16:03:00,CNologon
2010 189 07:27:00,Blogon
2010 189 07:28:40,BUrl
2010 189 10:50:35,BSendEmail
2010 189 10:56:38,BUrl
2010 189 12:16:46,CSendEmail
2010 189 12:22:39,CUrl
2010 189 16:12:00,CNologon
2010 190 07:26:00,Blogon
2010 190 07:31:43,BUrl
2010 190 08:18:57,BSendEmail
2010 190 08:18:58,BUrl
2010 190 08:19:31,BSendEmail
2010 190 08:19:57,BUrl
2010 190 12:00:22,CUrl
2010 190 13:08:43,CSendEmail
2010 190 13:44:45,CUrl
2010 190 16:03:00,CNologon
2010 193 07:00:00,Blogon
2010 193 08:02:23,BUrl
2010 193 10:30:55,BSendEmail
2010 193 10:37:57,BSendEmail
2010 193 10:43:55,BUrl
2010 193 12:02:45,CUrl
2010 193 12:42:06,CSendEmail
2010 193 13:46:49,CUrl
2010 193 16:24:00,CNologon
2010 194 07:25:00,Blogon
2010 194 07:29:56,BUrl
2010 194 12:47:30,CUrl
2010 194 14:21:14,CSendEmail
2010 194 14:25:49,CUrl
2010 194 15:17:03,CSendEmail
2010 194 15:29:00,CUrl
2010 194 16:00:05,CSendEmail
2010 194 16:05:00,CNologon
2010 195 07:17:00,Blogon
2010 195 07:19:11,BUrl
2010 195 11:35:10,BSendEmail
2010 195 11:37:40,BSendEmail
2010 195 11:39:12,BSendEmail
2010 195 11:40:04,BUrl
2010 195 12:16:00,CUrl
2010 195 16:09:00,CNologon
2010 196 07:20:00,Blogon
2010 196 07:43:03,BUrl
2010 196 12:01:00,CUrl
2010 196 12:39:22,CSendEmail
2010 196 12:39:26,CUrl
2010 196 12:40:02,CSendEmail
2010 196 12:48:03,CUrl
2010 196 14:49:25,CSendEmail
2010 196 15:14:26,CUrl
2010 196 16:08:00,CNologon
2010 197 07:21:00,Blogon
2010 197 07:40:37,BSendEmail
2010 197 07:46:08,BUrl
2010 197 08:13:30,BSendEmail
2010 197 10:53:29,BUrl
2010 197 13:54:10,CUrl
2010 197 16:04:38,CSendEmail
2010 197 16:05:09,CUrl
2010 197 16:10:00,CNologon
2010 200 07:24:00,Blogon
2010 200 13:03:24,CUrl
2010 200 13:05:41,CSendEmail
2010 200 15:31:26,CSendEmail
2010 200 15:31:51,CSendEmail
2010 200 15:32:24,CUrl
2010 200 16:15:00,CNologon
2010 201 07:27:00,Blogon
2010 201 07:47:40,BUrl
2010 201 12:01:30,CUrl
2010 201 16:07:32,CSendEmail
2010 201 16:10:17,CUrl
2010 201 16:13:08,CSendEmail
2010 201 16:15:26,CUrl
2010 201 16:23:12,CSendEmail
2010 201 16:27:00,CNologon
2010 202 07:23:00,Blogon
2010 202 07:29:34,BUrl
2010 202 12:08:52,CUrl
2010 202 12:30:42,CSendEmail
2010 202 12:34:09,CUrl
2010 202 12:37:06,CSendEmail
2010 202 12:53:34,CUrl
2010 202 16:13:00,CNologon
2010 203 07:09:00,Blogon
2010 203 07:31:42,BUrl
2010 203 08:14:53,BSendEmail
2010 203 08:25:57,BUrl
2010 203 11:49:15,BSendEmail
2010 203 12:09:32,CUrl
2010 203 15:09:54,CSendEmail
2010 203 15:11:23,CUrl
2010 203 16:21:00,CNologon
2010 204 07:28:00,Blogon
2010 204 07:34:53,BUrl
2010 204 07:36:41,BSendEmail
2010 204 07:39:28,BUrl
2010 204 07:48:57,BSendEmail
2010 204 07:50:15,BUrl
2010 204 12:02:21,CUrl
2010 204 14:25:03,CSendEmail
2010 204 15:07:15,CUrl
2010 204 16:07:00,CNologon
2010 207 07:18:00,Blogon
2010 207 07:25:00,BUrl
2010 207 12:17:31,CUrl
2010 207 16:05:44,CSendEmail
2010 207 16:05:49,CSendEmail
2010 207 16:06:47,CSendEmail
2010 207 16:10:00,CNologon
2010 208 07:24:00,Blogon
2010 208 07:25:01,BUrl
2010 208 09:40:20,BSendEmail
2010 208 09:43:43,BUrl
2010 208 11:19:24,BSendEmail
2010 208 11:54:03,BUrl
2010 208 12:03:28,CUrl
2010 208 13:35:15,CSendEmail
2010 208 13:42:04,CUrl
2010 208 16:05:00,CNologon
2010 209 07:27:00,Blogon
2010 209 07:28:59,BSendEmail
2010 209 07:30:22,BSendEmail
2010 209 07:34:45,BSendEmail
2010 209 07:35:55,BUrl
2010 209 12:07:33,CUrl
2010 209 16:13:00,CNologon
2010 210 07:25:00,Blogon
2010 210 07:35:56,BUrl
2010 210 08:23:53,BSendEmail
2010 210 08:39:25,BUrl
2010 210 10:00:56,BSendEmail
2010 210 10:01:49,BUrl
2010 210 10:09:03,BSendEmail
2010 210 10:50:35,BUrl
2010 210 12:03:53,CUrl
2010 210 16:10:00,CNologon
2010 211 07:25:00,Blogon
2010 211 07:35:12,BUrl
2010 211 10:52:03,BSendEmail
2010 211 10:53:44,BUrl
2010 211 12:29:40,CUrl
2010 211 14:24:46,CSendEmail
2010 211 14:30:07,CUrl
2010 211 15:03:35,CSendEmail
2010 211 15:25:01,CUrl
2010 211 16:06:00,CNologon
2010 214 07:18:00,Blogon
2010 214 07:27:50,BUrl
2010 214 12:13:31,CUrl
2010 214 14:50:45,CSendEmail
2010 214 14:53:34,CSendEmail
2010 214 15:01:49,CUrl
2010 214 15:38:49,CSendEmail
2010 214 15:49:49,CUrl
2010 214 16:06:00,CNologon
2010 215 07:19:00,Blogon
2010 215 07:24:16,BUrl
2010 215 11:05:06,BSendEmail
2010 215 11:18:12,BUrl
2010 215 12:08:10,CSendEmail
2010 215 12:21:12,CUrl
2010 215 14:24:42,CSendEmail
2010 215 14:27:40,CUrl
2010 215 16:11:00,CNologon
2010 216 07:14:00,Blogon
2010 216 07:29:39,BUrl
2010 216 12:08:30,CUrl
2010 216 12:27:51,CSendEmail
2010 216 12:33:00,CUrl
2010 216 12:33:41,CSendEmail
2010 216 12:34:07,CUrl
2010 216 13:07:32,CSendEmail
2010 216 13:39:20,CUrl
2010 216 16:29:00,CNologon
2010 217 07:13:00,Blogon
2010 217 07:14:33,BUrl
2010 217 11:24:56,BSendEmail
2010 217 11:25:09,BSendEmail
2010 217 12:10:59,CUrl
2010 217 15:41:48,CSendEmail
2010 217 16:11:15,CUrl
2010 217 16:15:00,CNologon
2010 218 07:26:00,Blogon
2010 218 07:38:54,BUrl
2010 218 12:26:04,CUrl
2010 218 12:43:20,CSendEmail
2010 218 12:52:15,CUrl
2010 218 15:24:19,CSendEmail
2010 218 15:28:33,CUrl
2010 218 15:30:28,CSendEmail
2010 218 15:41:16,CUrl
2010 218 16:06:00,CNologon
2010 221 07:08:00,Blogon
2010 221 07:12:22,BUrl
2010 221 12:19:23,CUrl
2010 221 14:30:05,CSendEmail
2010 221 14:45:06,CSendEmail
2010 221 15:07:33,CUrl
2010 221 16:02:14,CSendEmail
2010 221 16:03:27,CUrl
2010 221 16:10:00,CNologon
2010 222 07:27:00,Blogon
2010 222 07:37:31,BUrl
2010 222 09:31:06,BSendEmail
2010 222 09:48:18,BUrl
2010 222 11:35:53,BSendEmail
2010 222 11:59:11,BUrl
2010 222 12:04:15,CUrl
2010 222 12:23:45,CSendEmail
2010 222 12:36:58,CUrl
2010 222 16:12:00,CNologon
2010 223 07:21:00,Blogon
2010 223 07:22:43,BUrl
2010 223 09:17:11,BSendEmail
2010 223 09:19:29,BUrl
2010 223 09:21:46,BSendEmail
2010 223 09:32:40,BSendEmail
2010 223 09:32:52,BUrl
2010 223 12:07:37,CUrl
2010 223 16:04:00,CNologon
2010 224 07:07:00,Blogon
2010 224 07:20:38,BUrl
2010 224 08:53:29,BSendEmail
2010 224 09:00:32,BSendEmail
2010 224 09:01:43,BSendEmail
2010 224 09:38:02,BUrl
2010 224 12:02:08,CUrl
2010 224 16:17:00,CNologon
2010 225 07:17:00,Blogon
2010 225 07:27:28,BSendEmail
2010 225 07:42:31,BUrl
2010 225 07:56:43,BSendEmail
2010 225 08:00:18,BUrl
2010 225 08:11:06,BSendEmail
2010 225 09:19:17,BUrl
2010 225 13:18:03,CUrl
2010 225 16:23:00,CNologon
2010 228 07:19:00,Blogon
2010 228 07:26:09,BUrl
2010 228 08:37:04,BSendEmail
2010 228 08:50:02,BUrl
2010 228 12:06:43,CUrl
2010 228 13:20:46,CSendEmail
2010 228 13:22:13,CUrl
2010 228 13:24:59,CSendEmail
2010 228 13:43:46,CUrl
2010 228 16:28:00,CNologon
2010 229 07:23:00,Blogon
2010 229 07:30:22,BSendEmail
2010 229 07:37:22,BUrl
2010 229 07:40:59,BSendEmail
2010 229 07:44:14,BUrl
2010 229 12:02:44,CUrl
2010 229 12:13:58,CSendEmail
2010 229 12:15:42,CUrl
2010 229 16:04:00,CNologon
2010 230 07:09:00,Blogon
2010 230 07:25:38,BUrl
2010 230 12:01:29,CUrl
2010 230 15:07:38,CSendEmail
2010 230 15:12:51,CSendEmail
2010 230 15:32:13,CUrl
2010 230 16:21:00,CNologon
2010 231 07:08:00,Blogon
2010 231 07:24:17,BSendEmail
2010 231 07:34:15,BUrl
2010 231 08:02:01,BSendEmail
2010 231 08:07:00,BSendEmail
2010 231 09:11:14,BUrl
2010 231 12:00:30,CUrl
2010 231 16:23:00,CNologon
2010 232 07:04:00,Blogon
2010 232 07:36:23,BSendEmail
2010 232 07:38:41,BSendEmail
2010 232 07:40:49,BUrl
2010 232 12:12:00,CUrl
2010 232 12:30:10,CSendEmail
2010 232 12:51:11,CUrl
2010 232 16:11:00,CNologon
2010 235 07:10:00,Blogon
2010 235 07:30:53,BUrl
2010 235 09:59:54,BSendEmail
2010 235 10:13:54,BUrl
2010 235 12:37:07,CUrl
2010 235 16:19:00,CNologon
2010 236 07:17:00,Blogon
2010 236 07:51:47,BUrl
2010 236 08:46:39,BSendEmail
2010 236 08:51:50,BUrl
2010 236 10:27:09,BSendEmail
2010 236 10:49:41,BUrl
2010 236 12:05:53,CUrl
2010 236 14:43:40,CSendEmail
2010 236 14:52:07,CUrl
2010 236 16:02:00,CNologon
2010 237 07:23:00,Blogon
2010 237 07:30:33,BUrl
2010 237 07:34:33,BSendEmail
2010 237 07:35:01,BUrl
2010 237 08:04:16,BSendEmail
2010 237 08:07:09,BUrl
2010 237 12:14:06,CUrl
2010 237 12:42:28,CSendEmail
2010 237 13:24:03,CUrl
2010 237 16:06:00,CNologon
2010 238 07:16:00,Blogon
2010 238 07:21:40,BUrl
2010 238 12:06:46,CUrl
2010 238 13:15:59,CSendEmail
2010 238 13:19:27,CUrl
2010 238 15:58:56,CSendEmail
2010 238 15:59:39,CUrl
2010 238 16:00:12,CSendEmail
2010 238 16:02:00,CNologon
2010 239 07:24:00,Blogon
2010 239 07:49:05,BUrl
2010 239 12:39:26,CUrl
2010 239 12:55:15,CSendEmail
2010 239 13:21:13,CUrl
2010 239 14:44:57,CSendEmail
2010 239 14:46:11,CSendEmail
2010 239 14:49:51,CUrl
2010 239 16:09:00,CNologon
2010 242 07:19:00,Blogon
2010 242 07:27:08,BUrl
2010 242 11:08:38,BSendEmail
2010 242 11:16:59,BUrl
2010 242 12:16:16,CUrl
2010 242 12:31:54,CSendEmail
2010 242 13:21:36,CSendEmail
2010 242 13:37:12,CUrl
2010 242 16:13:00,CNologon
2010 243 07:21:00,Blogon
2010 243 07:28:19,BUrl
2010 243 09:15:00,BSendEmail
2010 243 09:16:51,BUrl
2010 243 12:00:30,CUrl
2010 243 13:14:26,CSendEmail
2010 243 13:43:17,CSendEmail
2010 243 13:53:01,CUrl
2010 243 16:07:00,CNologon
2010 244 07:17:00,Blogon
2010 244 07:29:51,BUrl
2010 244 12:33:37,CUrl
2010 244 14:57:47,CSendEmail
2010 244 15:12:36,CUrl
2010 244 15:47:31,CSendEmail
2010 244 15:53:45,CSendEmail
2010 244 15:56:40,CUrl
2010 244 16:08:00,CNologon
2010 245 07:26:00,Blogon
2010 245 07:39:47,BUrl
2010 245 08:05:07,BSendEmail
2010 245 08:06:44,BUrl
2010 245 08:37:49,BSendEmail
2010 245 08:40:40,BSendEmail
2010 245 08:49:36,BUrl
2010 245 12:12:39,CUrl
2010 245 16:24:00,CNologon
2010 246 07:19:00,Blogon
2010 246 07:22:47,BUrl
2010 246 07:48:49,BSendEmail
2010 246 09:21:05,BUrl
2010 246 12:08:32,CUrl
2010 246 12:34:54,CSendEmail
2010 246 12:59:29,CUrl
2010 246 14:08:39,CSendEmail
2010 246 14:20:41,CUrl
2010 246 16:25:00,CNologon
2010 250 07:00:00,Blogon
2010 250 07:21:15,BUrl
2010 250 10:51:53,BSendEmail
2010 250 11:06:09,BUrl
2010 250 11:08:21,BSendEmail
2010 250 11:21:29,BSendEmail
2010 250 11:31:03,BUrl
2010 250 12:01:20,CUrl
2010 250 16:25:00,CNologon
2010 251 07:28:00,Blogon
2010 251 07:36:38,BUrl
2010 251 10:00:01,BSendEmail
2010 251 10:13:56,BSendEmail
2010 251 10:39:19,BUrl
2010 251 12:39:59,CUrl
2010 251 14:41:32,CSendEmail
2010 251 14:59:27,CUrl
2010 251 16:04:00,CNologon
2010 252 07:02:00,Blogon
2010 252 07:06:02,BUrl
2010 252 07:25:15,BSendEmail
2010 252 07:46:22,BUrl
2010 252 08:45:13,BSendEmail
2010 252 08:45:19,BUrl
2010 252 11:09:37,BSendEmail
2010 252 11:32:15,BUrl
2010 252 12:05:02,CUrl
2010 252 16:22:00,CNologon
2010 253 07:19:00,Blogon
2010 253 07:32:25,BUrl
2010 253 11:40:40,BSendEmail
2010 253 11:48:55,BUrl
2010 253 11:51:29,BSendEmail
2010 253 11:53:04,BSendEmail
2010 253 11:53:12,BUrl
2010 253 12:29:57,CUrl
2010 253 16:04:00,CNologon
2010 256 07:12:00,Blogon
2010 256 07:29:08,BUrl
2010 256 07:39:05,BSendEmail
2010 256 07:40:33,BSendEmail
2010 256 07:42:17,BSendEmail
2010 256 08:38:39,BUrl
2010 256 12:57:05,CUrl
2010 256 16:18:00,CNologon
2010 257 07:04:00,Blogon
2010 257 07:11:38,BUrl
2010 257 10:39:48,BSendEmail
2010 257 10:44:53,BUrl
2010 257 12:13:31,CUrl
2010 257 15:37:36,CSendEmail
2010 257 15:55:38,CUrl
2010 257 16:12:56,CSendEmail
2010 257 16:21:00,CNologon
2010 258 07:18:00,Blogon
2010 258 07:26:13,BUrl
2010 258 09:27:59,BSendEmail
2010 258 10:20:38,BSendEmail
2010 258 10:40:22,BUrl
2010 258 12:13:45,CUrl
2010 258 13:41:06,CSendEmail
2010 258 13:44:11,CUrl
2010 258 16:05:00,CNologon
2010 259 07:16:00,Blogon
2010 259 07:24:40,BUrl
2010 259 12:25:23,CUrl
2010 259 15:57:59,CSendEmail
2010 259 15:58:41,CSendEmail
2010 259 16:01:03,CSendEmail
2010 259 16:03:00,CNologon
2010 260 07:09:00,Blogon
2010 260 07:45:10,BUrl
2010 260 12:27:56,CUrl
2010 260 15:01:46,CSendEmail
2010 260 15:05:04,CUrl
2010 260 15:13:56,CSendEmail
2010 260 15:40:17,CUrl
2010 260 16:06:45,CSendEmail
2010 260 16:07:24,CUrl
2010 260 16:23:00,CNologon
2010 263 07:08:00,Blogon
2010 263 07:11:58,BUrl
2010 263 11:52:43,BSendEmail
2010 263 11:55:56,BUrl
2010 263 12:04:36,CUrl
2010 263 12:19:02,CSendEmail
2010 263 12:24:33,CUrl
2010 263 12:29:19,CSendEmail
2010 263 12:36:42,CUrl
2010 263 16:19:00,CNologon
2010 264 07:06:00,Blogon
2010 264 07:07:30,BUrl
2010 264 12:12:39,CSendEmail
2010 264 12:19:26,CUrl
2010 264 12:33:32,CSendEmail
2010 264 13:08:35,CUrl
2010 264 14:00:34,CSendEmail
2010 264 14:36:14,CUrl
2010 264 16:26:00,CNologon
2010 265 07:16:00,Blogon
2010 265 07:32:42,BUrl
2010 265 11:26:13,BSendEmail
2010 265 11:29:25,BSendEmail
2010 265 11:58:02,BUrl
2010 265 12:52:01,CUrl
2010 265 14:23:51,CSendEmail
2010 265 14:23:57,CUrl
2010 265 16:07:00,CNologon
2010 266 07:28:00,Blogon
2010 266 07:33:29,BUrl
2010 266 08:38:29,BSendEmail
2010 266 08:47:54,BSendEmail
2010 266 09:14:41,BSendEmail
2010 266 09:15:10,BUrl
2010 266 12:04:06,CUrl
2010 266 16:08:00,CNologon
2010 267 07:24:00,Blogon
2010 267 07:27:09,BUrl
2010 267 08:48:51,BSendEmail
2010 267 08:49:06,BUrl
2010 267 08:50:07,BSendEmail
2010 267 08:52:35,BSendEmail
2010 267 08:53:50,BUrl
2010 267 12:06:48,CUrl
2010 267 16:08:00,CNologon
2010 270 07:16:00,Blogon
2010 270 07:22:46,BUrl
2010 270 12:49:40,CUrl
2010 270 14:17:11,CSendEmail
2010 270 14:33:46,CUrl
2010 270 14:51:28,CSendEmail
2010 270 15:09:31,CSendEmail
2010 270 15:41:26,CUrl
2010 270 16:21:00,CNologon
2010 271 07:15:00,Blogon
2010 271 07:29:02,BUrl
2010 271 09:31:17,BSendEmail
2010 271 09:34:36,BUrl
2010 271 09:47:36,BSendEmail
2010 271 09:48:52,BSendEmail
2010 271 10:00:23,BUrl
2010 271 12:13:58,CUrl
2010 271 16:25:00,CNologon
2010 272 07:07:00,Blogon
2010 272 07:12:40,BUrl
2010 272 09:59:55,BSendEmail
2010 272 10:02:20,BSendEmail
2010 272 10:06:54,BUrl
2010 272 12:00:57,CUrl
2010 272 16:22:00,CNologon
2010 273 07:07:00,Blogon
2010 273 07:18:50,BUrl
2010 273 10:17:59,BSendEmail
2010 273 10:27:13,BUrl
2010 273 10:43:14,BSendEmail
2010 273 10:55:09,BUrl
2010 273 11:11:28,BSendEmail
2010 273 11:27:04,BUrl
2010 273 12:17:43,CUrl
2010 273 16:30:00,CNologon
2010 274 07:13:00,Blogon
2010 274 07:25:20,BUrl
2010 274 09:33:10,BSendEmail
2010 274 09:40:48,BUrl
2010 274 10:11:56,BSendEmail
2010 274 10:22:05,BSendEmail
2010 274 10:31:35,BUrl
2010 274 13:30:59,CUrl
2010 274 16:21:00,CNologon
2010 277 07:03:00,Blogon
2010 277 07:07:54,BUrl
2010 277 12:07:29,CUrl
2010 277 16:01:10,CSendEmail
2010 277 16:05:45,CUrl
2010 277 16:06:45,CSendEmail
2010 277 16:12:08,CSendEmail
2010 277 16:23:00,CNologon
2010 278 07:04:00,Blogon
2010 278 07:13:42,BUrl
2010 278 12:01:08,CUrl
2010 278 13:29:44,CSendEmail
2010 278 13:41:46,CUrl
2010 278 13:49:57,CSendEmail
2010 278 13:53:11,CUrl
2010 278 15:09:45,CSendEmail
2010 278 15:14:33,CUrl
2010 278 16:19:00,CNologon
2010 279 07:20:00,Blogon
2010 279 07:23:50,BUrl
2010 279 08:51:35,BSendEmail
2010 279 09:17:18,BUrl
2010 279 12:09:08,CUrl
2010 279 13:35:09,CSendEmail
2010 279 13:47:34,CUrl
2010 279 13:57:18,CSendEmail
2010 279 14:16:14,CUrl
2010 279 16:13:00,CNologon
2010 280 07:02:00,Blogon
2010 280 07:27:15,BUrl
2010 280 07:53:20,BSendEmail
2010 280 07:55:00,BUrl
2010 280 07:55:11,BSendEmail
2010 280 08:05:25,BUrl
2010 280 12:34:44,CUrl
2010 280 16:06:08,CSendEmail
2010 280 16:06:36,CUrl
2010 280 16:21:00,CNologon
2010 281 07:15:00,Blogon
2010 281 07:33:09,BUrl
2010 281 11:02:43,BSendEmail
2010 281 11:08:53,BSendEmail
2010 281 11:09:53,BUrl
2010 281 12:14:22,CSendEmail
2010 281 12:37:13,CUrl
2010 281 16:11:00,CNologon
2010 284 07:20:00,Blogon
2010 284 07:24:05,BUrl
2010 284 10:40:47,BSendEmail
2010 284 10:43:45,BSendEmail
2010 284 11:10:55,BUrl
2010 284 12:03:07,CUrl
2010 284 15:23:35,CSendEmail
2010 284 15:31:46,CUrl
2010 284 16:09:00,CNologon
2010 285 07:16:00,Blogon
2010 285 08:53:19,BUrl
2010 285 10:47:02,BSendEmail
2010 285 10:50:25,BSendEmail
2010 285 11:13:38,BUrl
2010 285 12:07:04,CUrl
2010 285 14:40:46,CSendEmail
2010 285 14:54:23,CUrl
2010 285 16:03:00,CNologon
2010 286 07:21:00,Blogon
2010 286 07:23:19,BUrl
2010 286 09:40:59,BSendEmail
2010 286 09:42:54,BUrl
2010 286 12:19:54,CUrl
2010 286 15:24:28,CSendEmail
2010 286 15:26:17,CUrl
2010 286 15:28:09,CSendEmail
2010 286 16:12:41,CUrl
2010 286 16:27:00,CNologon
2010 287 07:11:00,Blogon
2010 287 07:13:18,BSendEmail
2010 287 07:14:36,BUrl
2010 287 07:53:35,BSendEmail
2010 287 07:55:28,BUrl
2010 287 12:08:51,CUrl
2010 287 16:19:30,CSendEmail
2010 287 16:22:00,CNologon
2010 288 07:16:00,Blogon
2010 288 07:27:35,BUrl
2010 288 07:59:15,BSendEmail
2010 288 08:09:08,BSendEmail
2010 288 08:15:18,BUrl
2010 288 12:00:48,CUrl
2010 288 15:45:00,CSendEmail
2010 288 16:19:00,CNologon
2010 291 07:03:00,Blogon
2010 291 07:06:55,BSendEmail
2010 291 07:11:26,BSendEmail
2010 291 07:14:55,BUrl
2010 291 11:41:37,BSendEmail
2010 291 11:58:28,BUrl
2010 291 12:04:18,CUrl
2010 291 16:18:00,CNologon
2010 292 07:09:00,Blogon
2010 292 07:23:03,BUrl
2010 292 08:19:32,BSendEmail
2010 292 08:34:23,BSendEmail
2010 292 08:51:27,BUrl
2010 292 12:08:25,CUrl
2010 292 16:07:59,CSendEmail
2010 292 16:28:00,CNologon
2010 293 07:11:00,Blogon
2010 293 07:22:44,BUrl
2010 293 10:52:30,BSendEmail
2010 293 11:18:16,BUrl
2010 293 12:25:02,CUrl
2010 293 12:51:48,CSendEmail
2010 293 13:06:07,CUrl
2010 293 14:22:41,CSendEmail
2010 293 14:36:45,CUrl
2010 293 16:26:00,CNologon
2010 294 07:24:00,Blogon
2010 294 07:30:01,BUrl
2010 294 09:16:28,BSendEmail
2010 294 09:32:48,BUrl
2010 294 10:36:08,BSendEmail
2010 294 10:40:12,BUrl
2010 294 12:15:46,CUrl
2010 294 12:16:13,CSendEmail
2010 294 12:24:11,CUrl
2010 294 16:13:00,CNologon
2010 295 07:24:00,Blogon
2010 295 07:38:31,BUrl
2010 295 07:42:28,BSendEmail
2010 295 07:47:47,BUrl
2010 295 10:33:34,BSendEmail
2010 295 10:45:38,BUrl
2010 295 12:03:55,CUrl
2010 295 14:40:14,CSendEmail
2010 295 14:53:43,CUrl
2010 295 16:03:00,CNologon
2010 298 07:18:00,Blogon
2010 298 07:23:30,BUrl
2010 298 12:06:50,CUrl
2010 298 16:10:00,CNologon
2010 299 07:02:00,Blogon
2010 299 07:08:34,BUrl
2010 299 08:45:32,BSendEmail
2010 299 08:46:36,BUrl
2010 299 10:16:58,BSendEmail
2010 299 10:17:39,BUrl
2010 299 11:19:26,BSendEmail
2010 299 13:34:03,CUrl
2010 299 16:21:00,CNologon
2010 300 07:21:00,Blogon
2010 300 07:55:34,BUrl
2010 300 09:46:00,BSendEmail
2010 300 10:07:17,BUrl
2010 300 12:00:34,CUrl
2010 300 14:28:42,CSendEmail
2010 300 14:39:09,CUrl
2010 300 14:44:30,CSendEmail
2010 300 15:02:04,CUrl
2010 300 16:18:00,CNologon
2010 301 07:13:00,Blogon
2010 301 07:19:25,BUrl
2010 301 08:35:47,BSendEmail
2010 301 08:36:00,BUrl
2010 301 11:41:44,BSendEmail
2010 301 11:41:52,BUrl
2010 301 12:48:08,CUrl
2010 301 16:19:00,CNologon
2010 302 07:00:00,Blogon
2010 302 07:04:58,BUrl
2010 302 11:07:54,BSendEmail
2010 302 11:20:06,BUrl
2010 302 12:18:35,CUrl
2010 302 16:01:32,CSendEmail
2010 302 16:06:05,CUrl
2010 302 16:18:00,CNologon
2010 305 07:16:00,Blogon
2010 305 07:33:58,BUrl
2010 305 08:05:37,BSendEmail
2010 305 08:13:24,BUrl
2010 305 08:19:47,BSendEmail
2010 305 08:20:33,BUrl
2010 305 09:34:03,BSendEmail
2010 305 09:36:43,BUrl
2010 305 12:24:23,CUrl
2010 305 16:06:00,CNologon
2010 306 07:06:00,Blogon
2010 306 07:11:20,BUrl
2010 306 10:19:33,BSendEmail
2010 306 10:38:13,BSendEmail
2010 306 10:39:48,BSendEmail
2010 306 11:05:26,BUrl
2010 306 12:00:21,CUrl
2010 306 16:26:00,CNologon
2010 307 07:28:00,Blogon
2010 307 07:55:46,BUrl
2010 307 09:42:52,BSendEmail
2010 307 09:55:04,BUrl
2010 307 12:04:14,CUrl
2010 307 14:48:50,CSendEmail
2010 307 14:49:28,CSendEmail
2010 307 15:10:53,CUrl
2010 307 16:06:00,CNologon
2010 308 07:25:00,Blogon
2010 308 07:27:33,BUrl
2010 308 07:32:03,BSendEmail
2010 308 07:39:12,BSendEmail
2010 308 08:17:20,BUrl
2010 308 13:02:10,CUrl
2010 308 15:43:01,CSendEmail
2010 308 15:50:13,CUrl
2010 308 16:04:00,CNologon
2010 309 07:28:00,Blogon
2010 309 07:30:54,BSendEmail
2010 309 07:31:29,BUrl
2010 309 12:07:47,CUrl
2010 309 14:10:19,CSendEmail
2010 309 14:31:24,CUrl
2010 309 15:33:46,CSendEmail
2010 309 15:34:49,CUrl
2010 309 16:18:00,CNologon
2010 312 07:10:00,Blogon
2010 312 07:12:00,BUrl
2010 312 07:16:57,BSendEmail
2010 312 07:28:05,BUrl
2010 312 07:40:42,BSendEmail
2010 312 07:44:30,BSendEmail
2010 312 08:05:39,BUrl
2010 312 12:07:29,CUrl
2010 312 16:30:00,CNologon
2010 313 07:17:00,Blogon
2010 313 07:32:42,BUrl
2010 313 09:03:00,BSendEmail
2010 313 09:15:38,BUrl
2010 313 09:37:17,BSendEmail
2010 313 09:37:26,BUrl
2010 313 12:05:58,CUrl
2010 313 13:28:14,CSendEmail
2010 313 14:25:31,CUrl
2010 313 16:15:00,CNologon
2010 314 07:06:00,Blogon
2010 314 07:10:24,BUrl
2010 314 07:48:52,BSendEmail
2010 314 08:01:51,BUrl
2010 314 11:30:52,BSendEmail
2010 314 11:31:16,BSendEmail
2010 314 11:38:50,BUrl
2010 314 12:04:56,CUrl
2010 314 16:17:00,CNologon
2010 315 07:02:00,Blogon
2010 315 07:39:10,BUrl
2010 315 12:15:08,CUrl
2010 315 12:24:39,CSendEmail
2010 315 12:25:20,CUrl
2010 315 12:25:50,CSendEmail
2010 315 12:26:06,CSendEmail
2010 315 12:33:55,CUrl
2010 315 16:25:00,CNologon
2010 316 07:12:00,Blogon
2010 316 07:16:47,BUrl
2010 316 11:38:54,BSendEmail
2010 316 11:50:47,BUrl
2010 316 12:14:12,CUrl
2010 316 12:31:35,CSendEmail
2010 316 12:37:56,CUrl
2010 316 15:31:54,CSendEmail
2010 316 15:37:34,CUrl
2010 316 16:15:00,CNologon
2010 319 07:15:00,Blogon
2010 319 07:29:47,BUrl
2010 319 07:54:39,BSendEmail
2010 319 07:56:36,BUrl
2010 319 12:01:59,CUrl
2010 319 16:17:38,CSendEmail
2010 319 16:18:06,CUrl
2010 319 16:24:00,CNologon
2010 320 07:11:00,Blogon
2010 320 07:21:47,BUrl
2010 320 11:41:46,BSendEmail
2010 320 11:53:42,BUrl
2010 320 12:51:58,CUrl
2010 320 15:46:16,CSendEmail
2010 320 15:46:45,CUrl
2010 320 15:48:37,CSendEmail
2010 320 15:52:38,CUrl
2010 320 16:21:00,CNologon
2010 321 07:09:00,Blogon
2010 321 07:18:30,BUrl
2010 321 11:23:09,BSendEmail
2010 321 11:27:18,BUrl
2010 321 11:33:23,BSendEmail
2010 321 11:47:45,BUrl
2010 321 12:02:42,CUrl
2010 321 15:32:31,CSendEmail
2010 321 15:34:37,CUrl
2010 321 16:16:00,CNologon
2010 322 07:09:00,Blogon
2010 322 07:16:17,BUrl
2010 322 12:05:37,CUrl
2010 322 13:25:50,CSendEmail
2010 322 13:44:33,CSendEmail
2010 322 13:50:28,CSendEmail
2010 322 14:35:42,CUrl
2010 322 16:02:00,CNologon
2010 323 07:04:00,Blogon
2010 323 07:20:31,BUrl
2010 323 08:40:01,BSendEmail
2010 323 09:18:52,BUrl
2010 323 12:12:51,CUrl
2010 323 15:45:35,CSendEmail
2010 323 15:48:46,CUrl
2010 323 16:11:00,CNologon
2010 326 07:07:00,Blogon
2010 326 07:08:34,BUrl
2010 326 10:31:20,BSendEmail
2010 326 11:01:29,BUrl
2010 326 12:17:58,CUrl
2010 326 13:58:42,CSendEmail
2010 326 14:03:24,CUrl
2010 326 14:16:28,CSendEmail
2010 326 14:18:48,CUrl
2010 326 16:28:00,CNologon
2010 327 07:01:00,Blogon
2010 327 07:04:10,BUrl
2010 327 07:06:03,BSendEmail
2010 327 07:06:12,BSendEmail
2010 327 07:07:08,BUrl
2010 327 12:07:08,CUrl
2010 327 16:15:00,CNologon
2010 328 07:01:00,Blogon
2010 328 07:06:13,BUrl
2010 328 10:34:11,BSendEmail
2010 328 10:34:56,BUrl
2010 328 10:57:31,BSendEmail
2010 328 11:43:47,BUrl
2010 328 12:10:32,CUrl
2010 328 14:48:22,CSendEmail
2010 328 14:53:18,CUrl
2010 328 16:16:00,CNologon
2010 333 07:25:00,Blogon
2010 333 08:04:51,BUrl
2010 333 11:58:26,BSendEmail
2010 333 12:00:43,CUrl
2010 333 14:58:46,CSendEmail
2010 333 15:43:21,CSendEmail
2010 333 15:44:59,CUrl
2010 333 16:27:00,CNologon
2010 334 07:19:00,Blogon
2010 334 07:39:57,BUrl
2010 334 12:54:05,CUrl
2010 334 13:14:29,CSendEmail
2010 334 13:16:36,CUrl
2010 334 13:19:11,CSendEmail
2010 334 13:20:54,CUrl
2010 334 13:36:17,CSendEmail
2010 334 13:57:56,CUrl
2010 334 16:05:00,CNologon
2010 335 07:27:00,Blogon
2010 335 07:31:03,BUrl
2010 335 08:20:05,BSendEmail
2010 335 09:12:45,BUrl
2010 335 12:24:45,CUrl
2010 335 15:38:30,CSendEmail
2010 335 15:46:01,CUrl
2010 335 16:07:38,CSendEmail
2010 335 16:08:35,CUrl
2010 335 16:15:00,CNologon
2010 336 07:21:00,Blogon
2010 336 07:42:13,BUrl
2010 336 10:00:10,BSendEmail
2010 336 10:01:40,BUrl
2010 336 13:38:43,CUrl
2010 336 15:41:13,CSendEmail
2010 336 15:44:30,CUrl
2010 336 16:04:15,CSendEmail
2010 336 16:09:00,CNologon
2010 337 07:10:00,Blogon
2010 337 07:20:33,BUrl
2010 337 12:22:05,CSendEmail
2010 337 12:33:17,CSendEmail
2010 337 13:11:03,CUrl
2010 337 15:50:28,CSendEmail
2010 337 15:54:08,CUrl
2010 337 16:17:00,CNologon
2010 340 07:09:00,Blogon
2010 340 08:20:00,BUrl
2010 340 12:06:34,CUrl
2010 340 12:24:11,CSendEmail
2010 340 12:39:09,CUrl
2010 340 12:45:04,CSendEmail
2010 340 12:49:48,CSendEmail
2010 340 14:18:42,CUrl
2010 340 16:30:00,CNologon
2010 341 07:19:00,Blogon
2010 341 08:00:01,BUrl
2010 341 12:03:05,CUrl
2010 341 14:11:58,CSendEmail
2010 341 14:12:03,CSendEmail
2010 341 14:40:15,CUrl
2010 341 16:13:34,CSendEmail
2010 341 16:26:07,CUrl
2010 341 16:30:00,CNologon
2010 342 07:06:00,Blogon
2010 342 07:31:16,BUrl
2010 342 07:50:28,BSendEmail
2010 342 08:20:33,BUrl
2010 342 11:06:00,BSendEmail
2010 342 11:08:35,BUrl
2010 342 12:05:25,CUrl
2010 342 15:24:19,CSendEmail
2010 342 15:37:03,CUrl
2010 342 16:21:00,CNologon
2010 343 07:00:00,Blogon
2010 343 08:06:41,BUrl
2010 343 14:22:32,CUrl
2010 343 15:34:28,CSendEmail
2010 343 16:13:47,CSendEmail
2010 343 16:22:00,CNologon
2010 344 07:14:00,Blogon
2010 344 07:21:10,BUrl
2010 344 11:26:21,BSendEmail
2010 344 11:39:44,BSendEmail
2010 344 11:44:59,BSendEmail
2010 344 12:25:21,CUrl
2010 344 16:09:00,CNologon
2010 347 07:12:00,Blogon
2010 347 07:32:06,BUrl
2010 347 12:02:54,CUrl
2010 347 16:01:52,CSendEmail
2010 347 16:04:38,CSendEmail
2010 347 16:09:18,CSendEmail
2010 347 16:12:00,CNologon
2010 348 07:13:00,Blogon
2010 348 07:58:25,BUrl
2010 348 12:01:43,CUrl
2010 348 14:16:02,CSendEmail
2010 348 14:16:41,CSendEmail
2010 348 14:17:43,CUrl
2010 348 14:18:34,CSendEmail
2010 348 14:40:48,CUrl
2010 348 16:23:00,CNologon
2010 349 07:22:00,Blogon
2010 349 07:36:57,BUrl
2010 349 07:43:07,BSendEmail
2010 349 07:47:09,BUrl
2010 349 07:49:26,BSendEmail
2010 349 07:50:09,BSendEmail
2010 349 07:51:03,BUrl
2010 349 12:00:22,CUrl
2010 349 16:09:00,CNologon
2010 350 07:27:00,Blogon
2010 350 07:38:52,BUrl
2010 350 10:54:56,BSendEmail
2010 350 11:13:31,BUrl
2010 350 11:28:13,BSendEmail
2010 350 11:44:03,BUrl
2010 350 11:51:29,BSendEmail
2010 350 12:27:21,CUrl
2010 350 16:15:00,CNologon
2010 351 07:21:00,Blogon
2010 351 08:05:53,BUrl
2010 351 12:40:30,CUrl
2010 351 13:31:05,CSendEmail
2010 351 13:48:56,CUrl
2010 351 15:15:51,CSendEmail
2010 351 15:22:10,CSendEmail
2010 351 15:44:52,CUrl
2010 351 16:11:00,CNologon
2010 354 07:02:00,Blogon
2010 354 07:03:45,BSendEmail
2010 354 07:07:26,BUrl
2010 354 07:10:20,BSendEmail
2010 354 07:26:13,BUrl
2010 354 12:32:17,CUrl
2010 354 16:03:37,CSendEmail
2010 354 16:18:51,CUrl
2010 354 16:24:00,CNologon
2010 355 07:13:00,Blogon
2010 355 07:15:39,BUrl
2010 355 07:52:12,BSendEmail
2010 355 07:52:34,BSendEmail
2010 355 07:52:35,BSendEmail
2010 355 09:33:49,BUrl
2010 355 12:19:33,CUrl
2010 355 16:04:00,CNologon
2010 356 07:01:00,Blogon
2010 356 07:04:19,BUrl
2010 356 07:09:22,BSendEmail
2010 356 07:11:18,BUrl
2010 356 07:26:53,BSendEmail
2010 356 07:31:48,BUrl
2010 356 10:50:08,BSendEmail
2010 356 10:52:56,BUrl
2010 356 12:02:19,CUrl
2010 356 16:04:00,CNologon
2010 361 07:21:00,Blogon
2010 361 07:37:42,BUrl
2010 361 09:54:15,BSendEmail
2010 361 10:04:16,BUrl
2010 361 12:11:25,CSendEmail
2010 361 12:14:31,CUrl
2010 361 12:18:14,CSendEmail
2010 361 12:21:42,CUrl
2010 361 16:15:00,CNologon
2010 362 07:09:00,Blogon
2010 362 07:10:01,BSendEmail
2010 362 07:10:57,BUrl
2010 362 07:12:19,BSendEmail
2010 362 07:20:03,BUrl
2010 362 11:22:11,BSendEmail
2010 362 11:36:02,BUrl
2010 362 12:40:38,CUrl
2010 362 16:15:00,CNologon
2010 363 07:23:00,Blogon
2010 363 07:29:31,BUrl
2010 363 07:56:09,BSendEmail
2010 363 07:56:18,BSendEmail
2010 363 09:04:38,BSendEmail
2010 363 09:06:43,BUrl
2010 363 12:22:21,CUrl
2010 363 16:03:00,CNologon
2010 364 07:16:00,Blogon
2010 364 07:23:14,BUrl
2010 364 07:53:28,BSendEmail
2010 364 08:08:38,BUrl
2010 364 08:38:07,BSendEmail
2010 364 08:39:47,BSendEmail
2010 364 09:05:12,BUrl
2010 364 12:14:34,CUrl
2010 364 16:05:00,CNologon
2011 003 07:03:00,Blogon
2011 003 07:38:44,BUrl
2011 003 12:11:22,CSendEmail
2011 003 13:00:29,CUrl
2011 003 16:24:00,CNologon
2011 004 07:17:00,Blogon
2011 004 07:21:00,BUrl
2011 004 12:11:49,CUrl
2011 004 14:53:31,CSendEmail
2011 004 14:58:32,CSendEmail
2011 004 15:00:07,CSendEmail
2011 004 15:35:35,CUrl
2011 004 16:02:00,CNologon
2011 005 07:19:00,Blogon
2011 005 07:32:22,BUrl
2011 005 08:05:27,BSendEmail
2011 005 08:09:12,BUrl
2011 005 13:20:26,CUrl
2011 005 15:55:28,CSendEmail
2011 005 16:06:00,CNologon
2011 006 07:03:00,Blogon
2011 006 07:12:52,BUrl
2011 006 09:35:33,BSendEmail
2011 006 09:40:54,BUrl
2011 006 09:42:51,BSendEmail
2011 006 09:47:58,BSendEmail
2011 006 10:23:28,BUrl
2011 006 12:02:55,CUrl
2011 006 16:14:00,CNologon
2011 007 07:00:00,Blogon
2011 007 07:08:56,BUrl
2011 007 11:25:29,BSendEmail
2011 007 11:44:57,BUrl
2011 007 11:52:28,BSendEmail
2011 007 11:57:11,BUrl
2011 007 12:29:21,CSendEmail
2011 007 12:30:13,CUrl
2011 007 16:16:00,CNologon
2011 010 07:16:00,Blogon
2011 010 07:28:25,BUrl
2011 010 07:38:27,BSendEmail
2011 010 07:54:51,BUrl
2011 010 12:18:27,CUrl
2011 010 14:39:03,CSendEmail
2011 010 14:55:20,CSendEmail
2011 010 15:06:57,CUrl
2011 010 16:05:00,CNologon
2011 011 07:26:00,Blogon
2011 011 07:37:21,BUrl
2011 011 07:44:42,BSendEmail
2011 011 07:56:30,BUrl
2011 011 11:43:16,BSendEmail
2011 011 11:57:15,BUrl
2011 011 12:04:54,CUrl
2011 011 12:33:25,CSendEmail
2011 011 13:01:03,CUrl
2011 011 16:04:00,CNologon
2011 012 07:16:00,Blogon
2011 012 07:24:30,BUrl
2011 012 09:00:16,BSendEmail
2011 012 09:21:09,BUrl
2011 012 09:30:56,BSendEmail
2011 012 09:50:28,BUrl
2011 012 09:54:31,BSendEmail
2011 012 10:17:54,BUrl
2011 012 12:33:12,CUrl
2011 012 16:11:00,CNologon
2011 013 07:22:00,Blogon
2011 013 07:25:30,BUrl
2011 013 08:16:27,BSendEmail
2011 013 08:17:40,BUrl
2011 013 12:19:02,CUrl
2011 013 14:24:38,CSendEmail
2011 013 14:28:57,CUrl
2011 013 14:46:15,CSendEmail
2011 013 15:16:47,CUrl
2011 013 16:12:00,CNologon
2011 014 07:21:00,Blogon
2011 014 07:50:27,BUrl
2011 014 12:13:03,CUrl
2011 014 13:31:55,CSendEmail
2011 014 13:33:33,CSendEmail
2011 014 13:35:27,CSendEmail
2011 014 13:48:47,CUrl
2011 014 16:07:00,CNologon
2011 017 07:03:00,Blogon
2011 017 07:16:58,BUrl
2011 017 07:26:24,BSendEmail
2011 017 07:51:41,BUrl
2011 017 08:03:00,BSendEmail
2011 017 08:03:27,BUrl
2011 017 12:06:32,CUrl
2011 017 15:55:31,CSendEmail
2011 017 15:58:37,CUrl
2011 017 16:05:00,CNologon
2011 018 07:04:00,Blogon
2011 018 07:13:07,BUrl
2011 018 07:52:45,BSendEmail
2011 018 08:28:15,BUrl
2011 018 09:46:49,BSendEmail
2011 018 10:00:58,BUrl
2011 018 10:14:10,BSendEmail
2011 018 10:16:01,BUrl
2011 018 12:02:31,CUrl
2011 018 16:28:00,CNologon
2011 019 07:22:00,Blogon
2011 019 08:24:35,BUrl
2011 019 11:38:27,BSendEmail
2011 019 11:55:28,BSendEmail
2011 019 12:13:33,CUrl
2011 019 12:48:14,CSendEmail
2011 019 13:38:19,CUrl
2011 019 16:02:00,CNologon
2011 020 07:01:00,Blogon
2011 020 07:02:54,BUrl
2011 020 07:23:33,BSendEmail
2011 020 07:48:57,BUrl
2011 020 11:47:42,BSendEmail
2011 020 11:56:20,BUrl
2011 020 12:13:36,CSendEmail
2011 020 12:33:34,CUrl
2011 020 16:15:00,CNologon
2011 021 07:25:00,Blogon
2011 021 07:39:26,BUrl
2011 021 09:57:04,BSendEmail
2011 021 10:18:35,BUrl
2011 021 10:25:58,BSendEmail
2011 021 10:46:45,BUrl
2011 021 13:24:17,CUrl
2011 021 14:14:49,CSendEmail
2011 021 14:18:12,CUrl
2011 021 16:04:00,CNologon
2011 024 07:00:00,Blogon
2011 024 07:02:14,BSendEmail
2011 024 07:05:42,BUrl
2011 024 07:41:27,BSendEmail
2011 024 08:00:20,BUrl
2011 024 08:24:55,BSendEmail
2011 024 08:36:06,BUrl
2011 024 12:00:03,CUrl
2011 024 16:02:00,CNologon
2011 025 07:05:00,Blogon
2011 025 07:14:35,BUrl
2011 025 07:17:34,BSendEmail
2011 025 07:32:41,BUrl
2011 025 07:35:52,BSendEmail
2011 025 07:46:13,BSendEmail
2011 025 08:03:24,BUrl
2011 025 12:04:49,CUrl
2011 025 16:21:00,CNologon
2011 026 07:12:00,Blogon
2011 026 07:13:10,BUrl
2011 026 07:35:20,BSendEmail
2011 026 07:35:25,BUrl
2011 026 07:40:48,BSendEmail
2011 026 08:09:17,BUrl
2011 026 09:44:00,BSendEmail
2011 026 09:46:51,BUrl
2011 026 12:50:48,CUrl
2011 026 16:11:00,CNologon
2011 027 07:19:00,Blogon
2011 027 07:27:44,BUrl
2011 027 09:21:12,BSendEmail
2011 027 09:24:52,BSendEmail
2011 027 10:04:57,BUrl
2011 027 12:03:40,CUrl
2011 027 15:50:27,CSendEmail
2011 027 15:55:28,CUrl
2011 027 16:04:00,CNologon
2011 028 07:28:00,Blogon
2011 028 07:38:27,BUrl
2011 028 12:12:01,CUrl
2011 028 15:24:25,CSendEmail
2011 028 15:28:36,CUrl
2011 028 15:46:56,CSendEmail
2011 028 15:47:14,CUrl
2011 028 15:52:11,CSendEmail
2011 028 15:52:21,CUrl
2011 028 16:02:00,CNologon
2011 031 07:06:00,Blogon
2011 031 07:07:23,BSendEmail
2011 031 07:08:23,BUrl
2011 031 07:32:36,BSendEmail
2011 031 07:33:40,BUrl
2011 031 08:21:55,BSendEmail
2011 031 08:29:29,BUrl
2011 031 12:00:03,CUrl
2011 031 16:25:00,CNologon
2011 032 07:16:00,Blogon
2011 032 07:22:22,BSendEmail
2011 032 07:40:03,BUrl
2011 032 07:43:47,BSendEmail
2011 032 08:09:52,BUrl
2011 032 08:30:31,BSendEmail
2011 032 08:39:31,BUrl
2011 032 12:29:30,CUrl
2011 032 16:27:00,CNologon
2011 033 07:14:00,Blogon
2011 033 07:17:11,BUrl
2011 033 09:04:31,BSendEmail
2011 033 09:06:36,BUrl
2011 033 09:55:57,BSendEmail
2011 033 10:30:54,BUrl
2011 033 12:53:11,CUrl
2011 033 16:02:09,CSendEmail
2011 033 16:17:13,CUrl
2011 033 16:29:00,CNologon
2011 034 07:22:00,Blogon
2011 034 07:30:49,BUrl
2011 034 12:20:40,CUrl
2011 034 15:23:37,CSendEmail
2011 034 15:38:28,CSendEmail
2011 034 15:59:30,CSendEmail
2011 034 16:01:23,CUrl
2011 034 16:23:00,CNologon
2011 035 07:14:00,Blogon
2011 035 07:24:22,BUrl
2011 035 10:24:57,BSendEmail
2011 035 10:55:22,BUrl
2011 035 12:01:46,CUrl
2011 035 15:53:59,CSendEmail
2011 035 15:54:01,CUrl
2011 035 15:54:02,CSendEmail
2011 035 16:10:05,CUrl
2011 035 16:25:00,CNologon
2011 038 07:13:00,Blogon
2011 038 07:24:12,BUrl
2011 038 12:40:56,CUrl
2011 038 15:08:59,CSendEmail
2011 038 15:10:58,CSendEmail
2011 038 15:11:04,CSendEmail
2011 038 15:14:44,CUrl
2011 038 16:19:00,CNologon
2011 039 07:07:00,Blogon
2011 039 07:13:05,BUrl
2011 039 12:18:56,CSendEmail
2011 039 12:47:14,CUrl
2011 039 13:29:04,CSendEmail
2011 039 13:48:05,CSendEmail
2011 039 13:50:27,CUrl
2011 039 16:23:00,CNologon
2011 040 07:15:00,Blogon
2011 040 07:54:09,BUrl
2011 040 12:57:32,CSendEmail
2011 040 13:25:33,CUrl
2011 040 13:52:56,CSendEmail
2011 040 14:01:44,CUrl
2011 040 14:48:00,CSendEmail
2011 040 14:57:16,CUrl
2011 040 16:08:00,CNologon
2011 041 07:07:00,Blogon
2011 041 07:16:06,BUrl
2011 041 11:53:24,BSendEmail
2011 041 12:52:01,CUrl
2011 041 12:56:55,CSendEmail
2011 041 12:59:06,CUrl
2011 041 13:33:42,CSendEmail
2011 041 13:46:02,CUrl
2011 041 16:11:00,CNologon
2011 042 07:13:00,Blogon
2011 042 07:27:06,BUrl
2011 042 11:14:53,BSendEmail
2011 042 11:38:21,BUrl
2011 042 12:06:22,CUrl
2011 042 16:02:33,CSendEmail
2011 042 16:04:05,CSendEmail
2011 042 16:08:00,CNologon
2011 045 07:07:00,Blogon
2011 045 07:13:16,BUrl
2011 045 08:13:16,BSendEmail
2011 045 08:26:05,BSendEmail
2011 045 09:13:24,BUrl
2011 045 12:00:07,CUrl
2011 045 15:00:35,CSendEmail
2011 045 15:12:49,CUrl
2011 045 16:25:00,CNologon
2011 046 07:07:00,Blogon
2011 046 07:37:27,BUrl
2011 046 12:33:03,CUrl
2011 046 12:58:37,CSendEmail
2011 046 13:04:55,CUrl
2011 046 13:05:17,CSendEmail
2011 046 13:47:20,CUrl
2011 046 13:50:04,CSendEmail
2011 046 14:11:19,CUrl
2011 046 16:23:00,CNologon
2011 047 07:26:00,Blogon
2011 047 07:49:29,BUrl
2011 047 08:17:34,BSendEmail
2011 047 08:36:52,BSendEmail
2011 047 09:00:37,BUrl
2011 047 09:26:22,BSendEmail
2011 047 09:43:19,BUrl
2011 047 12:05:51,CUrl
2011 047 16:10:00,CNologon
2011 048 07:21:00,Blogon
2011 048 07:27:41,BUrl
2011 048 08:04:52,BSendEmail
2011 048 08:06:44,BSendEmail
2011 048 08:09:03,BSendEmail
2011 048 08:23:17,BUrl
2011 048 12:18:10,CUrl
2011 048 16:12:00,CNologon
2011 049 07:02:00,Blogon
2011 049 07:12:09,BUrl
2011 049 11:39:20,BSendEmail
2011 049 11:43:16,BUrl
2011 049 11:44:30,BSendEmail
2011 049 11:48:31,BUrl
2011 049 11:48:55,BSendEmail
2011 049 11:55:42,BUrl
2011 049 13:12:15,CUrl
2011 049 16:29:00,CNologon
2011 052 07:08:00,Blogon
2011 052 07:16:03,BSendEmail
2011 052 07:20:33,BUrl
2011 052 08:45:53,BSendEmail
2011 052 08:53:16,BSendEmail
2011 052 09:01:19,BUrl
2011 052 12:25:37,CUrl
2011 052 16:10:00,CNologon
2011 053 07:00:00,Blogon
2011 053 07:10:57,BUrl
2011 053 10:15:33,BSendEmail
2011 053 10:15:43,BSendEmail
2011 053 10:19:20,BSendEmail
2011 053 10:19:28,BUrl
2011 053 12:49:30,CUrl
2011 053 16:02:00,CNologon
2011 054 07:22:00,Blogon
2011 054 07:40:05,BUrl
2011 054 08:16:16,BSendEmail
2011 054 08:21:36,BUrl
2011 054 12:25:53,CUrl
2011 054 13:47:37,CSendEmail
2011 054 13:51:04,CUrl
2011 054 14:28:15,CSendEmail
2011 054 14:38:26,CUrl
2011 054 16:03:00,CNologon
2011 055 07:09:00,Blogon
2011 055 07:15:47,BUrl
2011 055 08:37:26,BSendEmail
2011 055 08:42:18,BUrl
2011 055 08:55:34,BSendEmail
2011 055 09:05:11,BUrl
2011 055 09:10:47,BSendEmail
2011 055 09:23:17,BUrl
2011 055 12:13:52,CUrl
2011 055 16:18:00,CNologon
2011 056 07:14:00,Blogon
2011 056 07:19:21,BUrl
2011 056 10:39:48,BSendEmail
2011 056 10:50:54,BUrl
2011 056 10:55:14,BSendEmail
2011 056 11:43:02,BUrl
2011 056 12:46:42,CUrl
2011 056 13:15:30,CSendEmail
2011 056 13:25:42,CUrl
2011 056 16:09:00,CNologon
2011 059 07:20:00,Blogon
2011 059 07:23:54,BUrl
2011 059 12:01:48,CUrl
2011 059 13:36:53,CSendEmail
2011 059 14:47:04,CUrl
2011 059 15:59:32,CSendEmail
2011 059 16:01:34,CSendEmail
2011 059 16:03:00,CNologon
2011 060 07:07:00,Blogon
2011 060 07:19:52,BUrl
2011 060 08:11:19,BSendEmail
2011 060 08:13:59,BUrl
2011 060 10:43:52,BSendEmail
2011 060 11:03:25,BUrl
2011 060 12:23:13,CUrl
2011 060 13:28:51,CSendEmail
2011 060 13:34:29,CUrl
2011 060 16:14:00,CNologon
2011 061 07:24:00,Blogon
2011 061 07:25:00,BUrl
2011 061 11:22:44,BSendEmail
2011 061 11:39:50,BUrl
2011 061 12:19:59,CUrl
2011 061 15:01:41,CSendEmail
2011 061 15:10:44,CSendEmail
2011 061 15:26:49,CUrl
2011 061 16:03:00,CNologon
2011 062 07:21:00,Blogon
2011 062 07:37:27,BUrl
2011 062 09:38:08,BSendEmail
2011 062 09:38:28,BUrl
2011 062 09:51:35,BSendEmail
2011 062 09:57:50,BUrl
2011 062 11:48:31,BSendEmail
2011 062 11:49:09,BUrl
2011 062 12:14:20,CUrl
2011 062 16:14:00,CNologon
2011 063 07:13:00,Blogon
2011 063 07:16:19,BUrl
2011 063 10:44:14,BSendEmail
2011 063 10:47:24,BSendEmail
2011 063 10:55:22,BSendEmail
2011 063 11:03:28,BUrl
2011 063 12:16:10,CUrl
2011 063 16:04:00,CNologon
2011 066 07:01:00,Blogon
2011 066 07:50:08,BUrl
2011 066 08:33:52,BSendEmail
2011 066 08:53:29,BUrl
2011 066 08:54:01,BSendEmail
2011 066 08:57:03,BUrl
2011 066 09:04:04,BSendEmail
2011 066 09:15:51,BUrl
2011 066 12:04:32,CUrl
2011 066 16:30:00,CNologon
2011 067 07:28:00,Blogon
2011 067 07:35:03,BUrl
2011 067 08:30:37,BSendEmail
2011 067 08:39:53,BSendEmail
2011 067 08:42:45,BSendEmail
2011 067 08:45:27,BUrl
2011 067 12:03:04,CUrl
2011 067 16:13:00,CNologon
2011 068 07:02:00,Blogon
2011 068 07:07:15,BUrl
2011 068 09:09:08,BSendEmail
2011 068 09:54:03,BUrl
2011 068 12:08:03,CUrl
2011 068 14:35:27,CSendEmail
2011 068 14:36:51,CUrl
2011 068 15:10:04,CSendEmail
2011 068 15:28:00,CUrl
2011 068 16:03:00,CNologon
2011 069 07:03:00,Blogon
2011 069 07:07:52,BUrl
2011 069 12:02:42,CUrl
2011 069 13:11:56,CSendEmail
2011 069 14:47:12,CUrl
2011 069 15:40:19,CSendEmail
2011 069 15:46:52,CSendEmail
2011 069 16:22:00,CNologon
2011 070 07:01:00,Blogon
2011 070 07:12:26,BUrl
2011 070 09:30:21,BSendEmail
2011 070 09:45:37,BUrl
2011 070 11:43:36,BSendEmail
2011 070 11:44:37,BSendEmail
2011 070 11:52:30,BUrl
2011 070 12:02:42,CUrl
2011 070 16:18:00,CNologon
2011 073 07:17:00,Blogon
2011 073 07:24:20,BUrl
2011 073 10:11:16,BSendEmail
2011 073 10:17:25,BUrl
2011 073 10:27:23,BSendEmail
2011 073 10:28:59,BUrl
2011 073 12:50:12,CUrl
2011 073 14:04:39,CSendEmail
2011 073 14:20:40,CUrl
2011 073 16:10:00,CNologon
2011 074 07:07:00,Blogon
2011 074 07:11:45,BUrl
2011 074 07:23:58,BSendEmail
2011 074 07:24:14,BSendEmail
2011 074 07:31:22,BUrl
2011 074 12:17:30,CUrl
2011 074 14:51:41,CSendEmail
2011 074 15:10:14,CUrl
2011 074 16:17:00,CNologon
2011 075 07:21:00,Blogon
2011 075 07:33:13,BUrl
2011 075 08:01:00,BSendEmail
2011 075 08:04:19,BUrl
2011 075 09:34:30,BSendEmail
2011 075 09:41:03,BSendEmail
2011 075 09:55:35,BUrl
2011 075 12:14:21,CUrl
2011 075 16:05:00,CNologon
2011 076 07:11:00,Blogon
2011 076 07:29:13,BUrl
2011 076 11:49:35,BSendEmail
2011 076 12:52:43,CUrl
2011 076 14:29:40,CSendEmail
2011 076 15:06:39,CUrl
2011 076 15:21:24,CSendEmail
2011 076 15:27:48,CUrl
2011 076 16:21:00,CNologon
2011 077 07:26:00,Blogon
2011 077 07:35:21,BUrl
2011 077 10:14:54,BSendEmail
2011 077 10:16:00,BUrl
2011 077 12:26:32,CUrl
2011 077 13:35:08,CSendEmail
2011 077 13:40:02,CUrl
2011 077 14:55:12,CSendEmail
2011 077 15:26:16,CUrl
2011 077 16:14:00,CNologon
2011 080 07:22:00,Blogon
2011 080 07:33:49,BUrl
2011 080 08:15:52,BSendEmail
2011 080 08:18:43,BSendEmail
2011 080 08:46:42,BUrl
2011 080 12:25:07,CUrl
2011 080 15:59:02,CSendEmail
2011 080 16:00:51,CUrl
2011 080 16:08:00,CNologon
2011 081 07:21:00,Blogon
2011 081 07:22:20,BUrl
2011 081 08:04:58,BSendEmail
2011 081 08:27:34,BSendEmail
2011 081 08:29:46,BSendEmail
2011 081 08:52:49,BUrl
2011 081 12:09:29,CUrl
2011 081 16:19:00,CNologon
2011 082 07:04:00,Blogon
2011 082 07:31:31,BUrl
2011 082 10:42:23,BSendEmail
2011 082 11:06:34,BUrl
2011 082 11:08:40,BSendEmail
2011 082 11:11:27,BUrl
2011 082 12:17:35,CUrl
2011 082 14:56:09,CSendEmail
2011 082 14:57:58,CUrl
2011 082 16:05:00,CNologon
2011 083 07:26:00,Blogon
2011 083 07:38:52,BUrl
2011 083 11:13:43,BSendEmail
2011 083 11:15:20,BUrl
2011 083 11:26:56,BSendEmail
2011 083 11:37:40,BUrl
2011 083 13:03:26,CUrl
2011 083 15:56:10,CSendEmail
2011 083 16:06:00,CNologon
2011 084 07:12:00,Blogon
2011 084 07:14:14,BUrl
2011 084 07:35:04,BSendEmail
2011 084 07:52:33,BUrl
2011 084 09:31:27,BSendEmail
2011 084 10:01:57,BUrl
2011 084 12:28:58,CUrl
2011 084 13:01:21,CSendEmail
2011 084 13:46:57,CUrl
2011 084 16:21:00,CNologon
2011 087 07:03:00,Blogon
2011 087 07:41:10,BUrl
2011 087 09:30:09,BSendEmail
2011 087 09:39:36,BUrl
2011 087 09:46:11,BSendEmail
2011 087 09:55:52,BUrl
2011 087 12:41:26,CUrl
2011 087 16:17:35,CSendEmail
2011 087 16:24:00,CNologon
2011 088 07:04:00,Blogon
2011 088 07:13:17,BUrl
2011 088 10:08:40,BSendEmail
2011 088 10:13:51,BUrl
2011 088 10:20:36,BSendEmail
2011 088 10:30:43,BUrl
2011 088 12:30:58,CUrl
2011 088 13:16:22,CSendEmail
2011 088 13:29:43,CUrl
2011 088 16:26:00,CNologon
2011 089 07:27:00,Blogon
2011 089 07:47:10,BUrl
2011 089 11:21:32,BSendEmail
2011 089 11:48:43,BUrl
2011 089 12:00:45,CUrl
2011 089 13:35:16,CSendEmail
2011 089 13:37:00,CSendEmail
2011 089 13:39:09,CUrl
2011 089 16:21:00,CNologon
2011 090 07:16:00,Blogon
2011 090 07:19:27,BUrl
2011 090 10:28:26,BSendEmail
2011 090 10:51:20,BUrl
2011 090 11:17:08,BSendEmail
2011 090 11:28:52,BUrl
2011 090 12:22:10,CUrl
2011 090 14:19:27,CSendEmail
2011 090 14:55:27,CUrl
2011 090 16:12:00,CNologon
2011 091 07:22:00,Blogon
2011 091 07:40:52,BUrl
2011 091 09:08:40,BSendEmail
2011 091 09:12:32,BUrl
2011 091 12:22:22,CUrl
2011 091 14:39:16,CSendEmail
2011 091 14:40:27,CUrl
2011 091 14:41:20,CSendEmail
2011 091 14:59:55,CUrl
2011 091 16:12:00,CNologon
2011 094 07:26:00,Blogon
2011 094 07:32:34,BUrl
2011 094 11:12:15,BSendEmail
2011 094 11:24:33,BUrl
2011 094 12:11:28,CUrl
2011 094 12:42:26,CSendEmail
2011 094 13:13:12,CUrl
2011 094 16:25:00,CNologon
2011 095 07:05:00,Blogon
2011 095 07:08:22,BUrl
2011 095 08:31:02,BSendEmail
2011 095 08:35:47,BUrl
2011 095 11:23:32,BSendEmail
2011 095 12:01:39,CUrl
2011 095 12:07:18,CSendEmail
2011 095 12:24:03,CUrl
2011 095 16:21:00,CNologon
2011 096 07:07:00,Blogon
2011 096 07:22:55,BSendEmail
2011 096 07:23:54,BUrl
2011 096 11:18:22,BSendEmail
2011 096 11:49:37,BUrl
2011 096 12:27:37,CUrl
2011 096 12:38:51,CSendEmail
2011 096 13:04:27,CUrl
2011 096 16:29:00,CNologon
2011 097 07:14:00,Blogon
2011 097 07:24:14,BUrl
2011 097 07:39:08,BSendEmail
2011 097 07:39:14,BUrl
2011 097 11:02:55,BSendEmail
2011 097 12:12:23,CUrl
2011 097 15:59:10,CSendEmail
2011 097 16:01:05,CUrl
2011 097 16:23:00,CNologon
2011 098 07:28:00,Blogon
2011 098 07:57:00,BUrl
2011 098 12:01:02,CUrl
2011 098 12:37:29,CSendEmail
2011 098 12:38:08,CSendEmail
2011 098 12:39:32,CUrl
2011 098 13:33:36,CSendEmail
2011 098 14:06:41,CUrl
2011 098 16:10:00,CNologon
2011 101 07:19:00,Blogon
2011 101 07:23:44,BUrl
2011 101 11:37:15,BSendEmail
2011 101 12:30:52,CUrl
2011 101 14:42:56,CSendEmail
2011 101 14:56:10,CUrl
2011 101 16:06:00,CNologon
2011 102 07:15:00,Blogon
2011 102 07:26:04,BUrl
2011 102 10:33:12,BSendEmail
2011 102 10:38:23,BSendEmail
2011 102 10:43:34,BUrl
2011 102 12:04:34,CUrl
2011 102 16:03:33,CSendEmail
2011 102 16:07:00,CNologon
2011 103 07:17:00,Blogon
2011 103 07:20:38,BUrl
2011 103 07:33:21,BSendEmail
2011 103 07:36:20,BUrl
2011 103 08:01:11,BSendEmail
2011 103 08:16:01,BUrl
2011 103 12:23:20,CUrl
2011 103 15:19:07,CSendEmail
2011 103 15:32:42,CUrl
2011 103 16:14:00,CNologon
2011 104 07:03:00,Blogon
2011 104 07:06:25,BUrl
2011 104 09:24:14,BSendEmail
2011 104 09:29:57,BUrl
2011 104 10:45:51,BSendEmail
2011 104 10:47:52,BSendEmail
2011 104 11:02:14,BUrl
2011 104 12:01:02,CUrl
2011 104 16:05:00,CNologon
2011 105 07:23:00,Blogon
2011 105 07:32:31,BUrl
2011 105 10:31:33,BSendEmail
2011 105 10:38:42,BUrl
2011 105 12:09:28,CUrl
2011 105 13:12:08,CSendEmail
2011 105 13:15:34,CUrl
2011 105 14:01:27,CSendEmail
2011 105 14:28:24,CUrl
2011 105 15:50:37,CSendEmail
2011 105 15:58:42,CUrl
2011 105 16:02:00,CNologon
2011 108 07:26:00,Blogon
2011 108 07:28:45,BUrl
2011 108 12:02:11,CSendEmail
2011 108 12:10:03,CSendEmail
2011 108 12:11:44,CSendEmail
2011 108 12:30:29,CUrl
2011 108 16:17:00,CNologon
2011 109 07:19:00,Blogon
2011 109 07:36:46,BUrl
2011 109 07:42:21,BSendEmail
2011 109 07:47:43,BUrl
2011 109 11:26:24,BSendEmail
2011 109 11:29:16,BUrl
2011 109 12:37:28,CUrl
2011 109 14:02:01,CSendEmail
2011 109 14:04:01,CUrl
2011 109 14:04:52,CSendEmail
2011 109 14:58:02,CUrl
2011 109 16:04:00,CNologon
2011 110 07:05:00,Blogon
2011 110 07:12:03,BSendEmail
2011 110 07:15:13,BUrl
2011 110 07:22:45,BSendEmail
2011 110 07:31:27,BUrl
2011 110 12:24:04,CUrl
2011 110 14:35:39,CSendEmail
2011 110 15:03:48,CUrl
2011 110 16:28:00,CNologon
2011 111 07:19:00,Blogon
2011 111 07:36:55,BUrl
2011 111 12:28:52,CUrl
2011 111 14:38:19,CSendEmail
2011 111 14:40:08,CUrl
2011 111 14:43:54,CSendEmail
2011 111 15:06:30,CSendEmail
2011 111 15:24:00,CUrl
2011 111 16:13:00,CNologon
2011 115 07:25:00,Blogon
2011 115 07:50:10,BUrl
2011 115 08:18:04,BSendEmail
2011 115 08:32:23,BUrl
2011 115 12:32:44,CUrl
2011 115 13:55:56,CSendEmail
2011 115 14:25:26,CUrl
2011 115 14:48:35,CSendEmail
2011 115 15:07:17,CUrl
2011 115 16:10:00,CNologon
2011 116 07:00:00,Blogon
2011 116 07:27:27,BUrl
2011 116 11:45:57,BSendEmail
2011 116 11:45:58,BSendEmail
2011 116 12:18:56,CUrl
2011 116 13:17:04,CSendEmail
2011 116 13:23:49,CUrl
2011 116 16:22:00,CNologon
2011 117 07:15:00,Blogon
2011 117 07:16:03,BSendEmail
2011 117 07:16:08,BUrl
2011 117 12:38:44,CUrl
2011 117 13:29:34,CSendEmail
2011 117 13:35:00,CUrl
2011 117 16:17:13,CSendEmail
2011 117 16:19:50,CUrl
2011 117 16:28:00,CNologon
2011 118 07:09:00,Blogon
2011 118 07:20:36,BUrl
2011 118 09:03:24,BSendEmail
2011 118 09:06:05,BUrl
2011 118 09:12:18,BSendEmail
2011 118 09:22:08,BUrl
2011 118 09:27:49,BSendEmail
2011 118 09:34:28,BUrl
2011 118 12:18:51,CUrl
2011 118 16:12:00,CNologon
2011 119 07:15:00,Blogon
2011 119 07:41:24,BUrl
2011 119 10:58:54,BSendEmail
2011 119 11:03:57,BSendEmail
2011 119 13:00:07,CUrl
2011 119 15:47:12,CSendEmail
2011 119 15:57:48,CUrl
2011 119 16:05:00,CNologon
2011 122 07:15:00,Blogon
2011 122 07:29:56,BUrl
2011 122 10:17:50,BSendEmail
2011 122 10:25:49,BUrl
2011 122 10:49:45,BSendEmail
2011 122 12:42:35,CUrl
2011 122 13:13:34,CSendEmail
2011 122 14:46:46,CUrl
2011 122 16:14:00,CNologon
2011 123 07:17:00,Blogon
2011 123 07:33:07,BUrl
2011 123 08:28:01,BSendEmail
2011 123 08:33:28,BSendEmail
2011 123 08:36:55,BUrl
2011 123 12:05:20,CUrl
2011 123 13:15:10,CSendEmail
2011 123 13:55:15,CUrl
2011 123 16:28:00,CNologon
2011 124 07:11:00,Blogon
2011 124 07:22:18,BSendEmail
2011 124 07:22:55,BUrl
2011 124 08:07:32,BSendEmail
2011 124 08:10:17,BSendEmail
2011 124 08:12:02,BUrl
2011 124 12:06:01,CUrl
2011 124 16:24:00,CNologon
2011 125 07:19:00,Blogon
2011 125 07:46:01,BUrl
2011 125 10:06:22,BSendEmail
2011 125 10:10:23,BSendEmail
2011 125 10:11:40,BUrl
2011 125 10:11:51,BSendEmail
2011 125 10:16:46,BUrl
2011 125 10:40:05,BSendEmail
2011 125 10:43:42,BUrl
2011 125 12:33:12,CUrl
2011 125 16:28:00,CNologon
2011 126 07:18:00,Blogon
2011 126 08:21:25,BUrl
2011 126 12:52:29,CUrl
2011 126 12:53:34,CSendEmail
2011 126 12:53:37,CUrl
2011 126 13:14:47,CSendEmail
2011 126 13:15:01,CUrl
2011 126 13:16:51,CSendEmail
2011 126 13:50:21,CUrl
2011 126 16:14:00,CNologon
2011 129 07:16:00,Blogon
2011 129 07:36:04,BUrl
2011 129 10:22:29,BSendEmail
2011 129 10:23:16,BUrl
2011 129 10:23:48,BSendEmail
2011 129 10:45:59,BUrl
2011 129 12:18:37,CUrl
2011 129 13:23:35,CSendEmail
2011 129 13:29:59,CUrl
2011 129 16:12:00,CNologon
2011 130 07:07:00,Blogon
2011 130 07:37:37,BUrl
2011 130 12:19:38,CSendEmail
2011 130 13:09:47,CUrl
2011 130 13:30:00,CSendEmail
2011 130 13:30:27,CSendEmail
2011 130 13:35:18,CUrl
2011 130 14:14:15,CSendEmail
2011 130 15:06:15,CUrl
2011 130 16:27:00,CNologon
2011 131 07:01:00,Blogon
2011 131 07:07:46,BUrl
2011 131 13:25:32,CUrl
2011 131 14:43:00,CSendEmail
2011 131 14:52:21,CSendEmail
2011 131 15:47:57,CUrl
2011 131 15:57:34,CSendEmail
2011 131 16:03:58,CUrl
2011 131 16:12:00,CNologon
2011 132 07:01:00,Blogon
2011 132 07:02:51,BUrl
2011 132 12:08:59,CUrl
2011 132 14:28:27,CSendEmail
2011 132 14:36:16,CSendEmail
2011 132 14:39:31,CUrl
2011 132 16:08:00,CNologon
2011 133 07:27:00,Blogon
2011 133 07:35:42,BUrl
2011 133 07:40:15,BSendEmail
2011 133 07:42:09,BSendEmail
2011 133 13:00:24,CUrl
2011 133 16:02:00,CNologon
2011 136 07:24:00,Blogon
2011 136 07:32:54,BUrl
2011 136 10:12:47,BSendEmail
2011 136 10:20:56,BSendEmail
2011 136 11:08:14,BUrl
2011 136 12:06:23,CUrl
2011 136 15:50:25,CSendEmail
2011 136 15:54:28,CUrl
2011 136 16:11:00,CNologon
