2010 004 07:06:00,Blogon
2010 004 07:08:04,BSendEmail
2010 004 07:11:47,BUrl
2010 004 12:03:19,CUrl
2010 004 14:36:11,CSendEmail
2010 004 14:41:39,CUrl
2010 004 15:37:23,Clogon
2010 004 15:45:51,CNologon
2010 004 15:59:06,CUrl
2010 004 16:12:40,CSendEmail
2010 004 16:53:26,CUrl
2010 004 18:03:44,DUrl
2010 004 18:15:00,DNologon
2010 005 07:17:00,Blogon
2010 005 07:21:11,BUrl
2010 005 08:16:20,BSendEmail
2010 005 08:20:22,BSendEmail
2010 005 08:20:49,BSendEmail
2010 005 09:16:23,BUrl
2010 005 12:03:07,CUrl
2010 005 18:15:00,DNologon
2010 006 07:03:00,Blogon
2010 006 07:30:38,BUrl
2010 006 08:45:16,Blogon
2010 006 08:50:00,BUrl
2010 006 08:51:49,BNologon
2010 006 09:03:10,BUrl
2010 006 12:32:51,CUrl
2010 006 14:01:57,CSendEmail
2010 006 14:02:19,CSendEmail
2010 006 14:03:19,CUrl
2010 006 14:03:50,CSendEmail
2010 006 14:09:04,CUrl
2010 006 18:18:23,DUrl
2010 006 18:23:00,DNologon
2010 007 07:16:00,Blogon
2010 007 09:52:27,BUrl
2010 007 10:32:14,BSendEmail
2010 007 10:49:05,BSendEmail
2010 007 12:22:13,CUrl
2010 007 17:52:05,CSendEmail
2010 007 17:52:15,CUrl
2010 007 18:02:28,DUrl
2010 007 18:12:00,DNologon
2010 008 07:09:00,Blogon
2010 008 07:33:32,BSendEmail
2010 008 07:40:29,BUrl
2010 008 13:00:53,CSendEmail
2010 008 13:02:56,CUrl
2010 008 13:38:15,CSendEmail
2010 008 13:54:24,CUrl
2010 008 18:06:22,DUrl
2010 008 18:21:00,DNologon
2010 011 07:06:00,Blogon
2010 011 07:27:56,BUrl
2010 011 12:48:57,CUrl
2010 011 15:38:40,Clogon
2010 011 15:39:44,CNologon
2010 011 17:15:57,CUrl
2010 011 17:37:34,CSendEmail
2010 011 17:38:19,CSendEmail
2010 011 17:39:35,CSendEmail
2010 011 18:02:25,DUrl
2010 011 18:17:00,DNologon
2010 012 07:02:00,Blogon
2010 012 08:03:10,BSendEmail
2010 012 09:01:15,BSendEmail
2010 012 09:17:29,BUrl
2010 012 12:03:13,CUrl
2010 012 18:17:00,DNologon
2010 013 07:19:00,Blogon
2010 013 07:25:24,BUrl
2010 013 12:08:53,CUrl
2010 013 13:48:09,CSendEmail
2010 013 13:49:12,CSendEmail
2010 013 14:07:43,CUrl
2010 013 18:11:00,DNologon
2010 014 07:09:00,Blogon
2010 014 07:10:45,BUrl
2010 014 07:12:37,BSendEmail
2010 014 07:15:58,BSendEmail
2010 014 07:40:34,BUrl
2010 014 09:00:34,Blogon
2010 014 09:01:45,BNologon
2010 014 09:15:21,BUrl
2010 014 12:46:06,CUrl
2010 014 16:19:28,CSendEmail
2010 014 16:52:44,CUrl
2010 014 18:19:04,DUrl
2010 014 18:23:00,DNologon
2010 015 07:17:00,Blogon
2010 015 07:30:24,BSendEmail
2010 015 07:37:03,BUrl
2010 015 07:42:06,BSendEmail
2010 015 07:46:10,BUrl
2010 015 12:14:41,CUrl
2010 015 15:19:39,CSendEmail
2010 015 16:18:40,CUrl
2010 015 18:09:16,DUrl
2010 015 18:11:00,DNologon
2010 018 07:01:00,Blogon
2010 018 07:12:29,BUrl
2010 018 08:41:05,BSendEmail
2010 018 08:41:25,BUrl
2010 018 09:44:15,Blogon
2010 018 10:02:44,BUrl
2010 018 10:30:00,BNologon
2010 018 10:42:39,BUrl
2010 018 12:03:13,CUrl
2010 018 13:42:31,CSendEmail
2010 018 14:06:05,CUrl
2010 018 17:55:45,CSendEmail
2010 018 18:03:27,DUrl
2010 018 18:26:00,DNologon
2010 019 07:12:00,Blogon
2010 019 07:25:12,BUrl
2010 019 13:01:05,CUrl
2010 019 14:38:38,CSendEmail
2010 019 14:42:16,CSendEmail
2010 019 14:44:11,CUrl
2010 019 16:22:02,CSendEmail
2010 019 16:49:20,CUrl
2010 019 17:42:46,Clogon
2010 019 17:56:15,CUrl
2010 019 18:11:52,DNologon
2010 019 18:25:00,DNologon
2010 020 07:04:00,Blogon
2010 020 07:18:11,BUrl
2010 020 07:20:51,BSendEmail
2010 020 07:24:27,BUrl
2010 020 07:28:07,BSendEmail
2010 020 08:03:17,BUrl
2010 020 08:53:23,BSendEmail
2010 020 09:18:17,BUrl
2010 020 12:08:02,CUrl
2010 020 18:05:54,DUrl
2010 020 18:16:00,DNologon
2010 021 07:01:00,Blogon
2010 021 07:02:13,BSendEmail
2010 021 07:02:25,BSendEmail
2010 021 07:09:12,BUrl
2010 021 10:24:20,BSendEmail
2010 021 10:25:46,BUrl
2010 021 12:37:48,CUrl
2010 021 18:04:39,DUrl
2010 021 18:12:00,DNologon
2010 022 07:03:00,Blogon
2010 022 07:04:38,BUrl
2010 022 07:05:51,BSendEmail
2010 022 07:05:58,BUrl
2010 022 10:56:26,BSendEmail
2010 022 10:57:19,BUrl
2010 022 12:10:19,CUrl
2010 022 12:41:10,CSendEmail
2010 022 13:21:30,CUrl
2010 022 16:57:37,Clogon
2010 022 17:09:58,CUrl
2010 022 17:20:16,CNologon
2010 022 17:38:16,CUrl
2010 022 18:07:06,DUrl
2010 022 18:19:00,DNologon
2010 025 07:14:00,Blogon
2010 025 07:36:56,BUrl
2010 025 09:50:46,BSendEmail
2010 025 09:54:51,BSendEmail
2010 025 09:56:29,BUrl
2010 025 09:57:26,BSendEmail
2010 025 10:11:55,BUrl
2010 025 12:15:47,Clogon
2010 025 12:33:06,CNologon
2010 025 12:34:40,CUrl
2010 025 18:01:51,DUrl
2010 025 18:25:00,DNologon
2010 026 07:17:00,Blogon
2010 026 07:23:20,BUrl
2010 026 12:20:44,CSendEmail
2010 026 12:34:49,CUrl
2010 026 17:06:24,CSendEmail
2010 026 17:09:20,CSendEmail
2010 026 17:24:45,CUrl
2010 026 18:01:48,DUrl
2010 026 18:12:00,DNologon
2010 027 07:15:00,Blogon
2010 027 07:16:34,BUrl
2010 027 12:07:07,CUrl
2010 027 17:40:21,Clogon
2010 027 18:01:54,DNologon
2010 027 18:07:41,DUrl
2010 027 18:25:00,DNologon
2010 028 07:15:00,Blogon
2010 028 07:18:53,BUrl
2010 028 08:05:22,BSendEmail
2010 028 08:24:16,BUrl
2010 028 09:50:07,BSendEmail
2010 028 11:19:03,BUrl
2010 028 12:25:46,CUrl
2010 028 18:24:00,DNologon
2010 029 07:15:00,Blogon
2010 029 07:29:12,BUrl
2010 029 12:11:06,CUrl
2010 029 16:39:40,CSendEmail
2010 029 17:00:16,CSendEmail
2010 029 17:08:28,CSendEmail
2010 029 17:31:13,CUrl
2010 029 18:06:50,DUrl
2010 029 18:12:00,DNologon
2010 032 07:15:00,Blogon
2010 032 07:23:20,BUrl
2010 032 11:14:54,BSendEmail
2010 032 11:21:57,BUrl
2010 032 12:02:56,CUrl
2010 032 12:18:29,CSendEmail
2010 032 12:19:38,CUrl
2010 032 16:12:29,CSendEmail
2010 032 16:16:58,CUrl
2010 032 18:02:47,DUrl
2010 032 18:17:00,DNologon
2010 033 07:17:00,Blogon
2010 033 07:26:12,BUrl
2010 033 10:07:59,BSendEmail
2010 033 10:17:46,BUrl
2010 033 11:35:01,BSendEmail
2010 033 11:36:35,BUrl
2010 033 12:02:11,CUrl
2010 033 15:49:44,CSendEmail
2010 033 16:06:15,CUrl
2010 033 18:04:57,DUrl
2010 033 18:15:00,DNologon
2010 034 07:15:00,Blogon
2010 034 07:16:23,BUrl
2010 034 09:54:38,BSendEmail
2010 034 10:08:41,BSendEmail
2010 034 10:11:14,BSendEmail
2010 034 10:48:28,BUrl
2010 034 12:11:46,CUrl
2010 034 18:08:14,DUrl
2010 034 18:11:00,DNologon
2010 035 07:15:00,Blogon
2010 035 07:27:34,BUrl
2010 035 07:30:35,BSendEmail
2010 035 08:03:03,BUrl
2010 035 12:46:51,CUrl
2010 035 18:12:13,DSendEmail
2010 035 18:12:39,DSendEmail
2010 035 18:14:00,DNologon
2010 036 07:18:00,Blogon
2010 036 07:43:59,BUrl
2010 036 10:23:45,BSendEmail
2010 036 10:34:22,BUrl
2010 036 12:09:05,CUrl
2010 036 12:25:43,CSendEmail
2010 036 12:51:54,CUrl
2010 036 13:12:13,CSendEmail
2010 036 13:41:04,CUrl
2010 036 17:54:57,Clogon
2010 036 18:09:48,DNologon
2010 036 18:12:18,DUrl
2010 036 18:29:00,DNologon
2010 039 07:12:00,Blogon
2010 039 07:37:40,BUrl
2010 039 10:19:46,BSendEmail
2010 039 10:36:58,BSendEmail
2010 039 10:41:51,BUrl
2010 039 10:55:26,BSendEmail
2010 039 11:19:52,BUrl
2010 039 12:18:16,CUrl
2010 039 18:06:51,DUrl
2010 039 18:14:00,DNologon
2010 040 07:19:00,Blogon
2010 040 07:25:01,BUrl
2010 040 09:16:12,BSendEmail
2010 040 09:21:10,BSendEmail
2010 040 09:38:12,BUrl
2010 040 12:17:58,CUrl
2010 040 13:13:04,CSendEmail
2010 040 13:24:09,CUrl
2010 040 18:07:18,DUrl
2010 040 18:14:00,DNologon
2010 041 07:16:00,Blogon
2010 041 07:17:48,BSendEmail
2010 041 07:20:39,BUrl
2010 041 07:21:18,BSendEmail
2010 041 07:23:27,BSendEmail
2010 041 09:12:45,BUrl
2010 041 12:31:02,CUrl
2010 041 18:12:00,DNologon
2010 042 07:16:00,Blogon
2010 042 07:17:42,BUrl
2010 042 07:54:12,BSendEmail
2010 042 07:55:45,BSendEmail
2010 042 07:56:35,BSendEmail
2010 042 08:35:42,BUrl
2010 042 12:12:30,CUrl
2010 042 18:11:22,DUrl
2010 042 18:28:00,DNologon
2010 043 07:16:00,Blogon
2010 043 07:24:56,BSendEmail
2010 043 07:29:35,BUrl
2010 043 07:30:43,BSendEmail
2010 043 07:34:54,BSendEmail
2010 043 07:51:57,BUrl
2010 043 12:04:26,CUrl
2010 043 18:07:37,DUrl
2010 043 18:11:00,DNologon
2010 046 07:04:00,Blogon
2010 046 07:44:06,BUrl
2010 046 08:32:28,BSendEmail
2010 046 09:29:24,BUrl
2010 046 12:21:36,CSendEmail
2010 046 12:27:57,CSendEmail
2010 046 12:35:35,CUrl
2010 046 14:31:22,Clogon
2010 046 14:32:18,CUrl
2010 046 14:32:22,CNologon
2010 046 14:36:12,CUrl
2010 046 18:15:00,DUrl
2010 046 18:24:00,DNologon
2010 047 07:16:00,Blogon
2010 047 07:29:09,BUrl
2010 047 12:24:56,CUrl
2010 047 14:06:45,CSendEmail
2010 047 14:11:01,CSendEmail
2010 047 14:29:33,CUrl
2010 047 15:05:10,CSendEmail
2010 047 15:30:33,CUrl
2010 047 18:14:00,DNologon
2010 048 07:11:00,Blogon
2010 048 07:12:38,BUrl
2010 048 07:48:42,Blogon
2010 048 08:03:20,BUrl
2010 048 08:14:00,BNologon
2010 048 08:57:45,BUrl
2010 048 12:16:34,CUrl
2010 048 14:31:25,CSendEmail
2010 048 14:53:20,CUrl
2010 048 16:42:15,CSendEmail
2010 048 16:47:24,CSendEmail
2010 048 17:06:18,CUrl
2010 048 18:09:16,DUrl
2010 048 18:22:00,DNologon
2010 049 07:04:00,Blogon
2010 049 07:24:11,BUrl
2010 049 12:04:34,CUrl
2010 049 13:05:35,CSendEmail
2010 049 13:09:46,CSendEmail
2010 049 13:10:18,CUrl
2010 049 14:29:42,CSendEmail
2010 049 14:38:21,CUrl
2010 049 18:04:02,DUrl
2010 049 18:11:00,DNologon
2010 050 07:10:00,Blogon
2010 050 07:15:01,BUrl
2010 050 11:00:45,BSendEmail
2010 050 11:09:48,BUrl
2010 050 12:20:32,CSendEmail
2010 050 12:21:56,CUrl
2010 050 12:23:36,CSendEmail
2010 050 13:16:25,CUrl
2010 050 18:16:00,DNologon
2010 053 07:01:00,Blogon
2010 053 07:05:30,BUrl
2010 053 07:29:33,BSendEmail
2010 053 07:32:40,BSendEmail
2010 053 08:00:46,BUrl
2010 053 12:09:35,CUrl
2010 053 17:16:32,CSendEmail
2010 053 18:12:14,DUrl
2010 053 18:26:00,DNologon
2010 054 07:04:00,Blogon
2010 054 07:05:58,BUrl
2010 054 11:31:05,BSendEmail
2010 054 11:33:55,BSendEmail
2010 054 12:12:24,CUrl
2010 054 12:26:01,CSendEmail
2010 054 12:45:02,CUrl
2010 054 18:01:58,DUrl
2010 054 18:24:00,DNologon
2010 055 07:19:00,Blogon
2010 055 08:02:17,BUrl
2010 055 12:25:32,CUrl
2010 055 12:27:10,CSendEmail
2010 055 12:58:27,CSendEmail
2010 055 13:11:39,CUrl
2010 055 13:27:09,CSendEmail
2010 055 15:03:02,CUrl
2010 055 18:12:00,DNologon
2010 056 07:19:00,Blogon
2010 056 07:39:59,BUrl
2010 056 11:02:41,BSendEmail
2010 056 11:04:22,BUrl
2010 056 11:12:40,BSendEmail
2010 056 11:20:14,BSendEmail
2010 056 13:05:17,CUrl
2010 056 18:08:17,DUrl
2010 056 18:11:00,DNologon
2010 057 07:03:00,Blogon
2010 057 07:10:09,BUrl
2010 057 12:01:24,CUrl
2010 057 13:20:44,CSendEmail
2010 057 13:33:51,CUrl
2010 057 13:40:11,CSendEmail
2010 057 14:32:36,CUrl
2010 057 18:03:39,DUrl
2010 057 18:07:30,DSendEmail
2010 057 18:12:00,DNologon
2010 060 07:10:00,Blogon
2010 060 07:13:27,BUrl
2010 060 10:02:13,Blogon
2010 060 10:03:13,BNologon
2010 060 10:14:14,BUrl
2010 060 12:25:08,CSendEmail
2010 060 12:32:20,CSendEmail
2010 060 12:36:35,CUrl
2010 060 17:51:38,CSendEmail
2010 060 18:02:00,DUrl
2010 060 18:30:00,DNologon
2010 061 07:18:00,Blogon
2010 061 07:19:27,BSendEmail
2010 061 07:19:49,BSendEmail
2010 061 07:23:19,BUrl
2010 061 07:48:19,BSendEmail
2010 061 07:50:10,BUrl
2010 061 12:05:13,CUrl
2010 061 18:03:44,DUrl
2010 061 18:15:00,DNologon
2010 062 07:19:00,Blogon
2010 062 07:20:55,BUrl
2010 062 12:10:13,CSendEmail
2010 062 12:20:56,CUrl
2010 062 18:09:04,DSendEmail
2010 062 18:10:27,DUrl
2010 062 18:12:37,DSendEmail
2010 062 18:16:00,DNologon
2010 063 07:08:00,Blogon
2010 063 07:10:16,BUrl
2010 063 08:31:48,Blogon
2010 063 08:48:46,BSendEmail
2010 063 08:51:53,BNologon
2010 063 08:54:16,BUrl
2010 063 09:11:59,BSendEmail
2010 063 09:29:26,BUrl
2010 063 10:25:04,BSendEmail
2010 063 11:29:24,BUrl
2010 063 13:09:10,CUrl
2010 063 18:16:00,DNologon
2010 064 07:18:00,Blogon
2010 064 07:19:06,BUrl
2010 064 10:48:20,BSendEmail
2010 064 10:54:28,BSendEmail
2010 064 11:24:15,BUrl
2010 064 12:04:35,CUrl
2010 064 17:23:47,CSendEmail
2010 064 18:12:00,DNologon
2010 067 07:15:00,Blogon
2010 067 07:22:21,BUrl
2010 067 07:24:37,BSendEmail
2010 067 07:26:08,BSendEmail
2010 067 07:51:35,BUrl
2010 067 08:17:43,BSendEmail
2010 067 08:35:39,BUrl
2010 067 12:07:00,CUrl
2010 067 18:07:16,DUrl
2010 067 18:15:00,DNologon
2010 068 07:13:00,Blogon
2010 068 08:10:13,BUrl
2010 068 08:28:18,BSendEmail
2010 068 09:08:32,BUrl
2010 068 12:44:34,CSendEmail
2010 068 12:46:50,CSendEmail
2010 068 12:54:30,CUrl
2010 068 15:39:23,Clogon
2010 068 15:40:27,CNologon
2010 068 15:47:46,CUrl
2010 068 18:20:00,DNologon
2010 069 07:08:00,Blogon
2010 069 07:11:37,BUrl
2010 069 08:10:51,BSendEmail
2010 069 08:35:17,BUrl
2010 069 13:16:07,CUrl
2010 069 16:19:03,CSendEmail
2010 069 16:36:06,CUrl
2010 069 16:50:24,Clogon
2010 069 16:51:48,CNologon
2010 069 16:59:25,CUrl
2010 069 17:50:51,CSendEmail
2010 069 17:54:34,CUrl
2010 069 18:00:51,DUrl
2010 069 18:16:00,DNologon
2010 070 07:02:00,Blogon
2010 070 07:03:13,BSendEmail
2010 070 07:03:18,BSendEmail
2010 070 07:03:24,BUrl
2010 070 09:58:44,BSendEmail
2010 070 11:09:23,BUrl
2010 070 12:30:52,CUrl
2010 070 18:00:17,DUrl
2010 070 18:18:00,DNologon
2010 071 07:09:00,Blogon
2010 071 07:30:44,BUrl
2010 071 08:00:24,Blogon
2010 071 08:06:46,BUrl
2010 071 08:45:26,BNologon
2010 071 09:21:07,BUrl
2010 071 12:02:09,CUrl
2010 071 13:58:34,CSendEmail
2010 071 13:59:39,CSendEmail
2010 071 14:10:25,CUrl
2010 071 14:22:01,CSendEmail
2010 071 14:53:33,CUrl
2010 071 18:23:00,DNologon
2010 074 07:14:00,Blogon
2010 074 07:21:55,BUrl
2010 074 07:52:17,BSendEmail
2010 074 08:18:45,BSendEmail
2010 074 08:21:33,BUrl
2010 074 12:14:38,CUrl
2010 074 18:15:36,DUrl
2010 074 18:17:00,DNologon
2010 075 07:17:00,Blogon
2010 075 07:18:10,BSendEmail
2010 075 07:19:48,BSendEmail
2010 075 07:21:57,BUrl
2010 075 12:42:03,CUrl
2010 075 17:14:57,CSendEmail
2010 075 17:29:49,CUrl
2010 075 18:07:14,DUrl
2010 075 18:11:00,DNologon
2010 076 07:19:00,Blogon
2010 076 07:20:44,BUrl
2010 076 08:53:00,BSendEmail
2010 076 08:54:20,BUrl
2010 076 12:03:10,CUrl
2010 076 15:40:41,CSendEmail
2010 076 16:29:48,CUrl
2010 076 17:19:39,CSendEmail
2010 076 17:49:19,CUrl
2010 076 18:14:21,DUrl
2010 076 18:23:00,DNologon
2010 077 07:06:00,Blogon
2010 077 07:07:02,Blogon
2010 077 07:09:03,BNologon
2010 077 07:22:51,BUrl
2010 077 13:26:51,CUrl
2010 077 13:36:17,CSendEmail
2010 077 13:48:06,CUrl
2010 077 13:58:03,CSendEmail
2010 077 14:59:19,CUrl
2010 077 16:53:16,CSendEmail
2010 077 18:05:39,DUrl
2010 077 18:26:00,DNologon
2010 078 07:17:00,Blogon
2010 078 07:19:56,BSendEmail
2010 078 07:21:29,BSendEmail
2010 078 07:28:33,BSendEmail
2010 078 07:31:45,BUrl
2010 078 12:53:24,CUrl
2010 078 18:03:27,DUrl
2010 078 18:15:00,DNologon
2010 081 07:14:00,Blogon
2010 081 07:17:09,BUrl
2010 081 11:59:39,BSendEmail
2010 081 12:04:39,CUrl
2010 081 12:24:17,CSendEmail
2010 081 12:26:09,CUrl
2010 081 18:02:43,DUrl
2010 081 18:14:41,Dlogon
2010 081 18:15:39,DUrl
2010 081 18:25:52,DNologon
2010 081 18:29:00,DNologon
2010 082 07:12:00,Blogon
2010 082 07:16:28,BUrl
2010 082 10:13:02,BSendEmail
2010 082 10:15:13,BUrl
2010 082 12:18:02,CUrl
2010 082 17:12:36,CSendEmail
2010 082 17:15:25,CUrl
2010 082 17:15:52,CSendEmail
2010 082 17:49:48,CUrl
2010 082 18:13:10,DUrl
2010 082 18:28:00,DNologon
2010 083 07:13:00,Blogon
2010 083 07:32:00,BUrl
2010 083 10:29:59,BSendEmail
2010 083 10:44:06,BSendEmail
2010 083 11:10:42,BUrl
2010 083 12:08:00,CUrl
2010 083 17:55:07,Clogon
2010 083 18:05:37,DUrl
2010 083 18:11:04,DSendEmail
2010 083 18:12:50,DNologon
2010 083 18:14:39,DUrl
2010 083 18:20:00,DNologon
2010 084 07:16:00,Blogon
2010 084 08:05:52,BUrl
2010 084 11:17:20,BSendEmail
2010 084 11:25:44,BSendEmail
2010 084 11:34:07,BUrl
2010 084 12:23:10,CUrl
2010 084 16:49:48,CSendEmail
2010 084 17:14:49,CUrl
2010 084 18:11:47,DUrl
2010 084 18:15:00,DNologon
2010 085 07:02:00,Blogon
2010 085 07:13:19,BUrl
2010 085 07:20:47,BSendEmail
2010 085 07:24:04,BSendEmail
2010 085 07:29:04,BUrl
2010 085 07:39:06,BSendEmail
2010 085 07:59:49,BUrl
2010 085 11:40:42,Blogon
2010 085 11:49:54,BNologon
2010 085 12:04:28,CUrl
2010 085 18:04:38,DUrl
2010 085 18:15:00,DNologon
2010 088 07:14:00,Blogon
2010 088 07:44:37,BUrl
2010 088 08:04:33,Blogon
2010 088 08:14:33,BUrl
2010 088 08:27:56,BNologon
2010 088 08:28:46,BSendEmail
2010 088 08:29:34,BUrl
2010 088 12:00:31,CUrl
2010 088 12:54:08,CSendEmail
2010 088 13:10:44,CSendEmail
2010 088 13:12:00,CUrl
2010 088 18:11:28,DUrl
2010 088 18:18:00,DNologon
2010 089 07:18:00,Blogon
2010 089 07:27:13,BUrl
2010 089 12:27:58,CUrl
2010 089 16:44:29,CSendEmail
2010 089 16:45:20,CSendEmail
2010 089 16:45:27,CSendEmail
2010 089 16:49:44,CUrl
2010 089 18:11:24,DUrl
2010 089 18:22:00,DNologon
2010 090 07:15:00,Blogon
2010 090 07:19:36,BUrl
2010 090 11:56:19,BSendEmail
2010 090 12:12:02,CSendEmail
2010 090 12:13:20,CSendEmail
2010 090 12:40:35,CUrl
2010 090 18:19:00,DNologon
2010 091 07:11:00,Blogon
2010 091 07:16:23,BUrl
2010 091 12:02:35,CSendEmail
2010 091 12:13:12,CUrl
2010 091 12:39:29,CSendEmail
2010 091 13:04:21,CUrl
2010 091 14:05:39,CSendEmail
2010 091 14:47:06,CUrl
2010 091 18:22:29,DUrl
2010 091 18:28:00,DNologon
2010 095 07:11:00,Blogon
2010 095 07:13:16,BUrl
2010 095 08:44:49,Blogon
2010 095 08:50:12,BNologon
2010 095 09:30:27,BUrl
2010 095 10:16:08,BSendEmail
2010 095 10:22:53,BUrl
2010 095 12:05:20,CUrl
2010 095 16:54:55,CSendEmail
2010 095 17:03:44,CSendEmail
2010 095 17:15:18,CUrl
2010 095 18:12:41,DUrl
2010 095 18:23:00,DNologon
2010 096 07:05:00,Blogon
2010 096 10:21:12,BSendEmail
2010 096 10:50:06,BUrl
2010 096 12:59:52,CUrl
2010 096 17:01:08,CSendEmail
2010 096 17:03:03,Clogon
2010 096 17:03:58,CSendEmail
2010 096 17:04:55,CUrl
2010 096 17:27:46,CNologon
2010 096 17:41:30,CUrl
2010 096 18:23:00,DNologon
2010 097 07:05:00,Blogon
2010 097 08:42:21,BUrl
2010 097 09:12:24,BSendEmail
2010 097 09:14:26,BUrl
2010 097 12:01:39,CUrl
2010 097 15:07:04,Clogon
2010 097 15:08:23,CNologon
2010 097 15:08:30,CSendEmail
2010 097 15:21:45,CUrl
2010 097 15:31:25,CSendEmail
2010 097 16:23:32,CUrl
2010 097 18:18:00,DNologon
2010 098 07:15:00,Blogon
2010 098 07:32:46,BUrl
2010 098 09:53:25,BSendEmail
2010 098 09:53:37,BSendEmail
2010 098 09:53:46,BUrl
2010 098 12:04:45,CUrl
2010 098 13:00:26,CSendEmail
2010 098 13:10:54,CUrl
2010 098 18:15:00,DNologon
2010 099 07:00:00,Blogon
2010 099 07:44:21,BUrl
2010 099 12:00:35,CUrl
2010 099 17:55:24,CSendEmail
2010 099 17:56:51,CSendEmail
2010 099 17:59:32,CSendEmail
2010 099 18:18:48,DUrl
2010 099 18:21:00,DNologon
2010 102 07:09:00,Blogon
2010 102 07:10:24,BSendEmail
2010 102 07:11:26,BSendEmail
2010 102 07:30:02,BUrl
2010 102 07:31:00,BSendEmail
2010 102 07:52:41,BUrl
2010 102 11:04:39,Blogon
2010 102 11:10:54,BNologon
2010 102 11:30:25,BUrl
2010 102 12:42:59,CUrl
2010 102 18:03:18,DUrl
2010 102 18:20:00,DNologon
2010 103 07:03:00,Blogon
2010 103 07:38:45,BUrl
2010 103 12:10:06,CUrl
2010 103 13:22:12,CSendEmail
2010 103 13:27:39,CSendEmail
2010 103 13:29:50,CSendEmail
2010 103 13:30:51,CUrl
2010 103 18:29:00,DNologon
2010 104 07:08:00,Blogon
2010 104 07:14:15,BUrl
2010 104 12:08:41,CUrl
2010 104 18:07:17,DUrl
2010 104 18:11:04,DSendEmail
2010 104 18:12:15,DSendEmail
2010 104 18:12:35,DUrl
2010 104 18:13:14,DSendEmail
2010 104 18:16:37,DUrl
2010 104 18:20:00,DNologon
2010 105 07:16:00,Blogon
2010 105 07:35:15,BUrl
2010 105 07:41:43,BSendEmail
2010 105 07:44:59,BUrl
2010 105 07:46:22,BSendEmail
2010 105 07:58:53,BUrl
2010 105 10:04:01,BSendEmail
2010 105 10:13:10,BUrl
2010 105 12:15:55,CUrl
2010 105 18:05:34,DUrl
2010 105 18:11:00,DNologon
2010 106 07:03:00,Blogon
2010 106 07:12:50,BUrl
2010 106 08:49:19,BSendEmail
2010 106 08:56:23,BUrl
2010 106 11:11:14,Blogon
2010 106 11:12:44,BNologon
2010 106 11:22:51,BUrl
2010 106 12:15:35,CUrl
2010 106 17:09:05,CSendEmail
2010 106 17:13:14,CUrl
2010 106 17:39:46,CSendEmail
2010 106 17:45:17,CUrl
2010 106 18:08:02,DUrl
2010 106 18:30:00,DNologon
2010 109 07:14:00,Blogon
2010 109 07:27:14,BUrl
2010 109 10:20:09,Blogon
2010 109 10:27:46,BNologon
2010 109 11:06:58,BUrl
2010 109 12:21:07,CSendEmail
2010 109 12:23:18,CSendEmail
2010 109 12:27:20,CUrl
2010 109 17:18:57,CSendEmail
2010 109 17:29:12,CUrl
2010 109 18:13:30,DUrl
2010 109 18:15:00,DNologon
2010 110 07:19:00,Blogon
2010 110 07:25:06,BUrl
2010 110 10:50:55,BSendEmail
2010 110 11:13:11,BUrl
2010 110 12:20:52,CUrl
2010 110 14:02:24,CSendEmail
2010 110 14:31:28,CUrl
2010 110 16:43:20,CSendEmail
2010 110 16:52:25,CUrl
2010 110 18:10:08,DUrl
2010 110 18:25:00,DNologon
2010 111 07:14:00,Blogon
2010 111 07:19:54,BUrl
2010 111 12:07:49,CUrl
2010 111 14:04:26,CSendEmail
2010 111 14:05:01,CSendEmail
2010 111 14:22:07,CUrl
2010 111 17:18:51,CSendEmail
2010 111 17:19:02,CUrl
2010 111 18:10:53,DUrl
2010 111 18:20:00,DNologon
2010 112 07:09:00,Blogon
2010 112 08:28:11,BUrl
2010 112 09:11:29,BSendEmail
2010 112 10:18:02,BSendEmail
2010 112 11:06:42,BUrl
2010 112 11:55:52,BSendEmail
2010 112 12:13:41,CUrl
2010 112 18:11:00,DNologon
2010 113 07:17:00,Blogon
2010 113 07:59:41,BUrl
2010 113 12:18:18,CUrl
2010 113 18:04:56,DUrl
2010 113 18:12:00,DNologon
2010 116 07:19:00,Blogon
2010 116 07:26:17,BUrl
2010 116 09:21:36,BSendEmail
2010 116 09:35:23,BUrl
2010 116 12:35:30,CUrl
2010 116 18:02:15,DSendEmail
2010 116 18:06:47,DUrl
2010 116 18:11:43,DSendEmail
2010 116 18:15:00,DNologon
2010 117 07:15:00,Blogon
2010 117 07:20:14,BUrl
2010 117 09:21:19,BSendEmail
2010 117 09:55:47,BUrl
2010 117 10:12:16,Blogon
2010 117 10:17:31,BSendEmail
2010 117 10:18:19,BUrl
2010 117 10:18:54,BSendEmail
2010 117 10:23:58,BNologon
2010 117 10:43:44,BUrl
2010 117 12:03:15,CUrl
2010 117 18:29:00,DNologon
2010 118 07:14:00,Blogon
2010 118 08:18:11,BUrl
2010 118 08:54:59,BSendEmail
2010 118 08:57:43,BUrl
2010 118 11:15:55,BSendEmail
2010 118 11:17:05,BSendEmail
2010 118 11:42:04,BUrl
2010 118 12:04:20,CUrl
2010 118 18:09:03,DUrl
2010 118 18:20:00,DNologon
2010 119 07:15:00,Blogon
2010 119 07:25:53,BUrl
2010 119 09:15:51,BSendEmail
2010 119 09:19:06,BUrl
2010 119 11:33:56,BSendEmail
2010 119 11:43:27,BSendEmail
2010 119 12:01:07,CUrl
2010 119 18:12:00,DNologon
2010 120 07:11:00,Blogon
2010 120 07:17:34,BUrl
2010 120 09:42:16,Blogon
2010 120 09:45:36,BNologon
2010 120 10:01:22,BUrl
2010 120 11:25:32,BSendEmail
2010 120 11:29:37,BSendEmail
2010 120 11:33:14,BUrl
2010 120 11:43:27,BSendEmail
2010 120 12:05:39,CUrl
2010 120 18:06:16,DUrl
2010 120 18:26:00,DNologon
2010 123 07:16:00,Blogon
2010 123 07:18:58,BUrl
2010 123 07:25:36,BSendEmail
2010 123 08:13:27,BUrl
2010 123 12:09:33,CUrl
2010 123 16:56:40,CSendEmail
2010 123 16:57:46,CUrl
2010 123 17:13:33,CSendEmail
2010 123 17:29:00,CUrl
2010 123 18:13:00,DNologon
2010 124 07:18:00,Blogon
2010 124 07:21:37,BUrl
2010 124 12:03:58,CUrl
2010 124 12:47:52,CSendEmail
2010 124 12:59:26,CUrl
2010 124 13:08:31,CSendEmail
2010 124 13:17:54,CUrl
2010 124 14:40:21,CSendEmail
2010 124 15:11:11,CUrl
2010 124 18:14:00,DNologon
2010 125 07:16:00,Blogon
2010 125 07:41:05,BSendEmail
2010 125 07:54:51,BUrl
2010 125 08:00:33,BSendEmail
2010 125 08:02:32,BUrl
2010 125 08:14:45,BSendEmail
2010 125 09:04:18,BUrl
2010 125 15:04:03,CUrl
2010 125 18:05:05,DUrl
2010 125 18:13:00,DNologon
2010 126 07:16:00,Blogon
2010 126 07:18:01,BUrl
2010 126 08:14:57,BSendEmail
2010 126 08:39:48,BUrl
2010 126 12:31:39,CUrl
2010 126 13:32:21,CSendEmail
2010 126 14:37:47,CUrl
2010 126 15:40:28,CSendEmail
2010 126 15:40:44,CUrl
2010 126 18:11:00,DNologon
2010 127 07:17:00,Blogon
2010 127 07:27:37,BUrl
2010 127 12:19:19,CUrl
2010 127 18:15:53,DUrl
2010 127 18:30:00,DNologon
2010 130 07:16:00,Blogon
2010 130 07:39:39,BUrl
2010 130 12:01:05,CUrl
2010 130 18:09:07,DUrl
2010 130 18:09:54,DSendEmail
2010 130 18:11:25,DSendEmail
2010 130 18:11:38,DSendEmail
2010 130 18:11:52,DUrl
2010 130 18:13:00,DNologon
2010 131 07:03:00,Blogon
2010 131 07:04:00,BUrl
2010 131 12:13:48,CUrl
2010 131 14:22:23,CSendEmail
2010 131 15:23:05,CUrl
2010 131 16:51:20,CSendEmail
2010 131 16:52:55,CSendEmail
2010 131 16:58:23,CUrl
2010 131 18:00:09,DUrl
2010 131 18:20:00,DNologon
2010 132 07:18:00,Blogon
2010 132 07:27:43,BUrl
2010 132 10:02:02,BSendEmail
2010 132 10:05:27,BSendEmail
2010 132 10:08:37,BSendEmail
2010 132 10:34:36,BUrl
2010 132 12:12:05,CUrl
2010 132 18:26:00,DNologon
2010 133 07:01:00,Blogon
2010 133 07:03:35,BUrl
2010 133 09:13:46,Blogon
2010 133 09:19:01,BNologon
2010 133 10:07:34,BUrl
2010 133 13:06:18,CUrl
2010 133 13:10:10,CSendEmail
2010 133 13:15:59,CSendEmail
2010 133 13:17:16,CSendEmail
2010 133 13:19:11,CUrl
2010 133 18:12:00,DUrl
2010 133 18:21:00,DNologon
2010 134 07:07:00,Blogon
2010 134 07:22:05,BUrl
2010 134 07:55:56,BSendEmail
2010 134 07:56:26,BUrl
2010 134 11:28:03,BSendEmail
2010 134 11:33:24,BSendEmail
2010 134 12:04:51,CUrl
2010 134 18:04:25,DUrl
2010 134 18:22:00,DNologon
2010 137 07:16:00,Blogon
2010 137 07:31:24,BUrl
2010 137 11:53:40,BSendEmail
2010 137 12:14:37,CUrl
2010 137 15:43:25,CSendEmail
2010 137 15:51:16,CUrl
2010 137 15:51:32,CSendEmail
2010 137 16:18:41,CUrl
2010 137 18:14:00,DNologon
2010 138 07:00:00,Blogon
2010 138 07:01:07,BUrl
2010 138 08:08:27,BSendEmail
2010 138 08:37:12,BSendEmail
2010 138 08:38:22,BSendEmail
2010 138 09:27:55,BUrl
2010 138 12:00:16,CUrl
2010 138 18:08:47,DUrl
2010 138 18:20:00,DNologon
2010 139 07:13:00,Blogon
2010 139 07:15:40,BUrl
2010 139 12:02:13,CUrl
2010 139 15:52:04,CSendEmail
2010 139 15:52:41,CUrl
2010 139 16:00:07,CSendEmail
2010 139 16:02:49,CSendEmail
2010 139 16:06:59,CUrl
2010 139 18:12:42,DUrl
2010 139 18:26:00,DNologon
2010 140 07:05:00,Blogon
2010 140 07:14:32,BUrl
2010 140 14:45:36,CUrl
2010 140 15:20:36,CSendEmail
2010 140 15:20:37,CUrl
2010 140 15:20:59,CSendEmail
2010 140 15:21:23,CUrl
2010 140 15:35:30,CSendEmail
2010 140 15:36:39,CUrl
2010 140 16:51:59,Clogon
2010 140 16:53:31,CUrl
2010 140 16:56:08,CNologon
2010 140 16:59:18,CUrl
2010 140 18:20:00,DNologon
2010 141 07:12:00,Blogon
2010 141 07:30:01,BUrl
2010 141 07:39:45,BSendEmail
2010 141 07:45:12,BSendEmail
2010 141 07:48:18,BSendEmail
2010 141 08:08:21,BUrl
2010 141 12:13:13,CUrl
2010 141 14:34:33,Clogon
2010 141 14:36:47,CNologon
2010 141 15:01:51,CUrl
2010 141 18:07:25,DUrl
2010 141 18:24:00,DNologon
2010 144 07:00:00,Blogon
2010 144 07:04:32,BUrl
2010 144 08:20:34,BSendEmail
2010 144 08:33:20,BUrl
2010 144 12:12:57,CUrl
2010 144 16:51:32,CSendEmail
2010 144 17:05:31,CUrl
2010 144 17:38:57,CSendEmail
2010 144 18:03:23,DUrl
2010 144 18:12:00,DNologon
2010 145 07:19:00,Blogon
2010 145 10:45:08,BUrl
2010 145 12:06:46,CUrl
2010 145 13:13:03,CSendEmail
2010 145 13:19:47,CUrl
2010 145 15:06:43,CSendEmail
2010 145 15:11:00,CUrl
2010 145 17:38:38,CSendEmail
2010 145 18:14:00,DNologon
2010 146 07:16:00,Blogon
2010 146 11:43:48,BUrl
2010 146 12:10:22,CUrl
2010 146 18:14:00,DNologon
2010 147 07:03:00,Blogon
2010 147 07:07:32,BUrl
2010 147 12:47:17,CUrl
2010 147 13:39:40,CSendEmail
2010 147 13:48:06,CUrl
2010 147 16:31:17,CSendEmail
2010 147 16:33:42,CUrl
2010 147 16:58:06,Clogon
2010 147 17:39:06,CUrl
2010 147 17:40:47,CNologon
2010 147 17:42:07,CUrl
2010 147 18:08:15,DUrl
2010 147 18:20:00,DNologon
2010 148 07:13:00,Blogon
2010 148 07:37:51,BUrl
2010 148 11:56:44,BSendEmail
2010 148 12:01:11,CSendEmail
2010 148 12:02:57,CSendEmail
2010 148 12:32:51,CUrl
2010 148 18:14:39,DUrl
2010 148 18:18:00,DNologon
2010 152 07:17:00,Blogon
2010 152 07:24:19,BUrl
2010 152 08:47:13,Blogon
2010 152 08:55:37,BUrl
2010 152 09:20:43,BNologon
2010 152 09:37:05,BUrl
2010 152 11:16:43,BSendEmail
2010 152 11:18:31,BUrl
2010 152 11:28:55,BSendEmail
2010 152 11:40:06,BUrl
2010 152 12:38:13,CUrl
2010 152 15:57:46,CSendEmail
2010 152 17:09:13,CUrl
2010 152 18:23:00,DNologon
2010 153 07:15:00,Blogon
2010 153 07:37:36,BUrl
2010 153 12:03:12,CUrl
2010 153 14:19:23,CSendEmail
2010 153 14:27:53,CUrl
2010 153 14:37:51,CSendEmail
2010 153 15:20:48,CUrl
2010 153 15:37:53,Clogon
2010 153 15:42:40,CNologon
2010 153 16:05:50,CUrl
2010 153 17:31:59,CSendEmail
2010 153 18:10:34,DUrl
2010 153 18:12:00,DNologon
2010 154 07:17:00,Blogon
2010 154 07:23:51,BUrl
2010 154 12:18:57,CUrl
2010 154 12:56:00,CSendEmail
2010 154 13:05:26,CSendEmail
2010 154 13:15:12,CUrl
2010 154 17:03:32,CSendEmail
2010 154 17:12:01,CUrl
2010 154 18:15:54,DUrl
2010 154 18:17:00,DNologon
2010 155 07:13:00,Blogon
2010 155 07:16:40,BSendEmail
2010 155 07:17:12,BUrl
2010 155 12:09:41,CUrl
2010 155 12:59:36,Clogon
2010 155 13:13:29,CUrl
2010 155 13:23:05,CNologon
2010 155 13:40:31,CUrl
2010 155 14:24:06,CSendEmail
2010 155 14:26:32,CSendEmail
2010 155 14:41:03,CUrl
2010 155 18:04:32,DUrl
2010 155 18:19:00,DNologon
2010 158 07:06:00,Blogon
2010 158 07:08:18,BUrl
2010 158 09:30:59,Blogon
2010 158 09:34:18,BNologon
2010 158 09:46:22,BUrl
2010 158 12:12:44,CUrl
2010 158 13:43:18,CSendEmail
2010 158 13:46:35,CUrl
2010 158 14:32:27,CSendEmail
2010 158 14:38:05,CSendEmail
2010 158 15:12:23,CUrl
2010 158 18:17:43,DUrl
2010 158 18:29:00,DNologon
2010 159 07:15:00,Blogon
2010 159 07:22:45,BUrl
2010 159 12:47:37,CUrl
2010 159 15:16:44,CSendEmail
2010 159 15:33:59,CUrl
2010 159 16:05:51,CSendEmail
2010 159 16:09:15,CUrl
2010 159 17:08:40,CSendEmail
2010 159 17:40:19,CUrl
2010 159 18:03:47,DUrl
2010 159 18:14:00,DNologon
2010 160 07:01:00,Blogon
2010 160 07:33:44,BUrl
2010 160 09:47:31,Blogon
2010 160 09:49:33,BNologon
2010 160 10:09:21,BUrl
2010 160 12:44:45,CUrl
2010 160 13:24:26,CSendEmail
2010 160 13:33:08,CSendEmail
2010 160 13:33:39,CSendEmail
2010 160 15:08:25,CUrl
2010 160 18:08:52,DUrl
2010 160 18:22:00,DNologon
2010 161 07:10:00,Blogon
2010 161 07:18:21,BUrl
2010 161 09:15:29,BSendEmail
2010 161 09:16:36,BSendEmail
2010 161 09:24:01,BUrl
2010 161 11:20:54,Blogon
2010 161 11:33:35,BNologon
2010 161 12:34:30,CUrl
2010 161 15:57:42,CSendEmail
2010 161 16:13:26,CUrl
2010 161 18:24:00,DNologon
2010 162 07:07:00,Blogon
2010 162 07:09:05,BSendEmail
2010 162 07:11:35,BUrl
2010 162 12:20:13,CUrl
2010 162 17:22:00,CSendEmail
2010 162 17:26:21,CUrl
2010 162 17:31:26,CSendEmail
2010 162 17:45:18,CUrl
2010 162 18:08:44,DUrl
2010 162 18:19:00,DNologon
2010 165 07:09:00,Blogon
2010 165 07:30:53,BUrl
2010 165 07:47:47,BSendEmail
2010 165 07:48:50,BSendEmail
2010 165 07:55:22,BUrl
2010 165 10:09:27,Blogon
2010 165 10:10:32,BNologon
2010 165 10:45:43,BUrl
2010 165 12:59:15,CUrl
2010 165 16:26:42,CSendEmail
2010 165 16:32:32,CUrl
2010 165 18:28:22,DUrl
2010 165 18:30:00,DNologon
2010 166 07:16:00,Blogon
2010 166 08:11:28,BUrl
2010 166 12:05:44,CUrl
2010 166 12:49:24,CSendEmail
2010 166 13:33:41,CUrl
2010 166 14:05:04,CSendEmail
2010 166 14:11:19,CUrl
2010 166 14:59:22,CSendEmail
2010 166 15:00:52,CUrl
2010 166 18:12:00,DNologon
2010 167 07:18:00,Blogon
2010 167 07:28:52,BSendEmail
2010 167 07:45:20,BUrl
2010 167 08:01:06,BSendEmail
2010 167 08:25:43,BUrl
2010 167 12:05:42,CUrl
2010 167 18:04:48,DUrl
2010 167 18:11:00,DNologon
2010 168 07:17:00,Blogon
2010 168 07:18:55,BUrl
2010 168 07:19:11,BSendEmail
2010 168 07:19:36,BSendEmail
2010 168 07:23:03,BUrl
2010 168 10:20:33,BSendEmail
2010 168 11:11:21,BUrl
2010 168 12:28:56,CUrl
2010 168 18:13:00,DNologon
2010 169 07:15:00,Blogon
2010 169 07:23:50,BUrl
2010 169 12:22:51,CUrl
2010 169 14:46:14,CSendEmail
2010 169 14:47:42,CUrl
2010 169 14:48:17,CSendEmail
2010 169 14:52:04,CSendEmail
2010 169 15:28:48,CUrl
2010 169 18:11:06,DUrl
2010 169 18:15:00,DNologon
2010 172 07:08:00,Blogon
2010 172 07:11:47,BUrl
2010 172 09:54:52,BSendEmail
2010 172 10:08:23,BUrl
2010 172 10:22:04,BSendEmail
2010 172 10:48:08,BUrl
2010 172 12:13:59,CUrl
2010 172 12:59:52,CSendEmail
2010 172 13:28:15,CUrl
2010 172 16:31:19,Clogon
2010 172 16:39:00,CUrl
2010 172 16:54:04,CNologon
2010 172 17:06:20,CUrl
2010 172 18:08:42,DUrl
2010 172 18:15:00,DNologon
2010 173 07:05:00,Blogon
2010 173 07:38:16,BUrl
2010 173 11:26:29,BSendEmail
2010 173 11:26:52,BSendEmail
2010 173 11:27:00,BUrl
2010 173 11:27:31,BSendEmail
2010 173 11:53:17,BUrl
2010 173 12:49:14,CUrl
2010 173 18:06:35,DUrl
2010 173 18:28:00,DNologon
2010 174 07:04:00,Blogon
2010 174 07:16:47,BUrl
2010 174 10:57:44,BSendEmail
2010 174 11:10:30,BSendEmail
2010 174 11:16:11,BSendEmail
2010 174 12:16:40,CUrl
2010 174 16:27:32,Clogon
2010 174 16:31:54,CNologon
2010 174 16:36:15,CUrl
2010 174 18:02:09,DUrl
2010 174 18:26:00,DNologon
2010 175 07:15:00,Blogon
2010 175 07:28:10,BUrl
2010 175 10:07:34,BSendEmail
2010 175 10:10:32,BSendEmail
2010 175 10:13:40,BSendEmail
2010 175 10:45:52,BUrl
2010 175 12:16:45,CUrl
2010 175 18:10:58,DUrl
2010 175 18:15:00,DNologon
2010 176 07:05:00,Blogon
2010 176 07:09:33,BUrl
2010 176 09:15:39,BSendEmail
2010 176 09:38:49,BUrl
2010 176 12:23:12,CUrl
2010 176 15:11:27,CSendEmail
2010 176 15:34:03,CUrl
2010 176 15:46:29,CSendEmail
2010 176 15:59:24,CUrl
2010 176 16:23:06,Clogon
2010 176 16:25:39,CNologon
2010 176 16:45:35,CUrl
2010 176 18:01:15,DUrl
2010 176 18:20:00,DNologon
2010 179 07:07:00,Blogon
2010 179 07:11:00,Blogon
2010 179 07:28:02,BUrl
2010 179 07:39:40,BNologon
2010 179 07:46:19,BUrl
2010 179 12:34:21,CUrl
2010 179 17:47:18,CSendEmail
2010 179 17:57:35,CSendEmail
2010 179 17:57:50,CUrl
2010 179 17:59:36,CSendEmail
2010 179 18:25:28,DUrl
2010 179 18:30:00,DNologon
2010 180 07:18:00,Blogon
2010 180 07:29:51,BUrl
2010 180 11:33:06,BSendEmail
2010 180 11:40:51,BSendEmail
2010 180 12:11:55,CUrl
2010 180 12:39:22,CSendEmail
2010 180 13:11:13,CUrl
2010 180 18:05:01,DUrl
2010 180 18:19:00,DNologon
2010 181 07:19:00,Blogon
2010 181 07:21:11,BUrl
2010 181 12:35:54,CUrl
2010 181 16:43:34,CSendEmail
2010 181 16:53:37,CUrl
2010 181 17:04:51,CSendEmail
2010 181 17:13:36,CSendEmail
2010 181 17:36:09,CUrl
2010 181 18:15:00,DNologon
2010 182 07:12:00,Blogon
2010 182 07:22:13,BUrl
2010 182 08:00:20,BSendEmail
2010 182 08:06:07,BSendEmail
2010 182 08:07:34,BUrl
2010 182 12:00:36,CUrl
2010 182 15:10:07,CSendEmail
2010 182 15:18:26,CUrl
2010 182 18:20:00,DNologon
2010 183 07:01:00,Blogon
2010 183 07:05:42,BUrl
2010 183 09:45:51,BSendEmail
2010 183 09:48:22,BSendEmail
2010 183 09:49:41,BSendEmail
2010 183 10:35:27,BUrl
2010 183 12:20:27,CUrl
2010 183 17:07:21,Clogon
2010 183 17:56:19,CUrl
2010 183 18:03:03,DNologon
2010 183 18:07:01,DUrl
2010 183 18:17:00,DNologon
2010 187 07:04:00,Blogon
2010 187 07:09:05,BUrl
2010 187 08:52:36,BSendEmail
2010 187 08:55:07,BSendEmail
2010 187 09:12:28,BUrl
2010 187 12:25:59,CUrl
2010 187 17:50:05,CSendEmail
2010 187 18:04:07,DUrl
2010 187 18:18:00,DNologon
2010 188 07:18:00,Blogon
2010 188 07:27:32,BUrl
2010 188 12:00:22,CUrl
2010 188 12:35:46,CSendEmail
2010 188 12:43:18,CUrl
2010 188 12:54:46,CSendEmail
2010 188 12:56:15,CSendEmail
2010 188 13:25:09,CUrl
2010 188 18:09:28,DUrl
2010 188 18:14:00,DNologon
2010 189 07:16:00,Blogon
2010 189 07:20:41,BUrl
2010 189 12:27:11,CUrl
2010 189 12:36:21,CSendEmail
2010 189 12:37:22,CSendEmail
2010 189 12:38:24,CSendEmail
2010 189 12:39:03,CUrl
2010 189 17:32:13,Clogon
2010 189 17:41:35,CUrl
2010 189 17:45:53,CNologon
2010 189 17:51:07,CUrl
2010 189 18:04:47,DUrl
2010 189 18:13:00,DNologon
2010 190 07:16:00,Blogon
2010 190 07:21:13,BUrl
2010 190 12:01:57,CUrl
2010 190 13:08:00,CSendEmail
2010 190 13:08:08,CSendEmail
2010 190 13:10:52,CUrl
2010 190 13:12:59,CSendEmail
2010 190 13:13:29,CUrl
2010 190 18:01:33,DUrl
2010 190 18:15:00,DNologon
2010 193 07:19:00,Blogon
2010 193 07:23:30,BUrl
2010 193 12:19:27,CUrl
2010 193 13:02:44,CSendEmail
2010 193 13:02:47,CSendEmail
2010 193 13:15:58,CUrl
2010 193 18:10:29,DUrl
2010 193 18:14:00,DNologon
2010 194 07:17:00,Blogon
2010 194 07:20:55,BUrl
2010 194 12:12:28,CUrl
2010 194 12:26:11,CSendEmail
2010 194 12:28:26,CUrl
2010 194 13:09:59,CSendEmail
2010 194 13:31:36,CUrl
2010 194 17:53:02,CSendEmail
2010 194 17:55:19,CUrl
2010 194 18:12:00,DNologon
2010 195 07:17:00,Blogon
2010 195 07:19:54,BUrl
2010 195 07:20:29,BSendEmail
2010 195 07:23:01,BUrl
2010 195 07:48:43,BSendEmail
2010 195 07:53:01,BUrl
2010 195 08:54:11,BSendEmail
2010 195 09:36:48,BUrl
2010 195 12:31:35,CUrl
2010 195 18:05:55,DUrl
2010 195 18:11:00,DNologon
2010 196 07:14:00,Blogon
2010 196 07:18:48,BUrl
2010 196 12:07:50,CSendEmail
2010 196 12:46:03,CUrl
2010 196 12:53:55,CSendEmail
2010 196 12:55:51,CUrl
2010 196 13:17:40,CSendEmail
2010 196 13:57:18,CUrl
2010 196 18:02:41,DUrl
2010 196 18:11:00,DNologon
2010 197 07:19:00,Blogon
2010 197 07:39:12,BUrl
2010 197 12:07:36,CUrl
2010 197 13:36:43,CSendEmail
2010 197 13:37:15,CSendEmail
2010 197 13:57:50,CUrl
2010 197 15:58:39,CSendEmail
2010 197 16:01:15,CUrl
2010 197 18:07:52,DUrl
2010 197 18:14:00,DNologon
2010 200 07:17:00,Blogon
2010 200 07:29:14,BUrl
2010 200 10:06:03,BSendEmail
2010 200 11:15:50,BUrl
2010 200 12:14:10,CUrl
2010 200 16:31:52,CSendEmail
2010 200 16:36:59,CUrl
2010 200 16:44:27,CSendEmail
2010 200 16:45:18,CUrl
2010 200 18:13:00,DNologon
2010 201 07:16:00,Blogon
2010 201 07:43:49,BUrl
2010 201 07:52:24,Blogon
2010 201 07:52:48,BUrl
2010 201 07:53:59,BNologon
2010 201 08:00:06,BUrl
2010 201 12:45:34,CUrl
2010 201 13:45:15,CSendEmail
2010 201 13:45:43,CSendEmail
2010 201 13:45:52,CSendEmail
2010 201 14:05:06,CUrl
2010 201 18:01:15,DUrl
2010 201 18:14:00,DNologon
2010 202 07:15:00,Blogon
2010 202 07:16:19,BUrl
2010 202 10:21:32,BSendEmail
2010 202 10:31:50,BUrl
2010 202 10:36:39,BSendEmail
2010 202 11:08:48,BUrl
2010 202 12:05:42,CUrl
2010 202 15:20:56,CSendEmail
2010 202 15:48:20,CUrl
2010 202 18:03:11,DUrl
2010 202 18:23:00,DNologon
2010 203 07:12:00,Blogon
2010 203 07:34:14,BUrl
2010 203 10:20:28,BSendEmail
2010 203 10:46:09,BSendEmail
2010 203 10:47:28,BSendEmail
2010 203 11:11:42,BUrl
2010 203 12:16:01,CUrl
2010 203 15:21:54,Clogon
2010 203 15:24:48,CNologon
2010 203 15:32:46,CUrl
2010 203 18:19:05,DUrl
2010 203 18:30:00,DNologon
2010 204 07:15:00,Blogon
2010 204 07:23:05,BUrl
2010 204 11:44:46,BSendEmail
2010 204 11:45:01,BUrl
2010 204 11:46:18,BSendEmail
2010 204 11:48:24,BSendEmail
2010 204 12:22:36,CUrl
2010 204 18:01:47,DUrl
2010 204 18:12:00,DNologon
2010 207 07:12:00,Blogon
2010 207 07:23:50,BUrl
2010 207 12:08:19,CSendEmail
2010 207 12:15:57,CSendEmail
2010 207 12:22:07,CUrl
2010 207 13:54:21,CSendEmail
2010 207 14:04:52,CUrl
2010 207 18:12:00,DNologon
2010 208 07:18:00,Blogon
2010 208 07:44:02,BUrl
2010 208 10:22:43,BSendEmail
2010 208 11:05:01,BUrl
2010 208 11:51:39,BSendEmail
2010 208 13:31:06,CUrl
2010 208 18:04:15,DSendEmail
2010 208 18:10:20,DUrl
2010 208 18:15:00,DNologon
2010 209 07:17:00,Blogon
2010 209 07:26:29,BUrl
2010 209 12:09:50,CUrl
2010 209 17:42:53,CSendEmail
2010 209 17:49:43,CUrl
2010 209 17:52:47,CSendEmail
2010 209 17:54:02,CUrl
2010 209 17:54:41,CSendEmail
2010 209 17:55:54,CUrl
2010 209 18:14:00,DNologon
2010 210 07:16:00,Blogon
2010 210 07:32:19,BUrl
2010 210 11:41:43,BSendEmail
2010 210 11:59:45,BUrl
2010 210 12:08:31,CSendEmail
2010 210 12:11:18,CSendEmail
2010 210 12:21:16,CUrl
2010 210 15:46:29,Clogon
2010 210 15:49:27,CNologon
2010 210 15:58:09,CUrl
2010 210 18:17:05,DUrl
2010 210 18:26:00,DNologon
2010 211 07:19:00,Blogon
2010 211 07:39:31,BUrl
2010 211 12:01:20,CUrl
2010 211 13:01:56,CSendEmail
2010 211 13:12:51,CUrl
2010 211 13:15:45,CSendEmail
2010 211 14:59:35,CUrl
2010 211 18:01:28,DUrl
2010 211 18:11:00,DNologon
2010 214 07:16:00,Blogon
2010 214 07:44:03,BUrl
2010 214 09:16:15,BSendEmail
2010 214 09:34:59,BUrl
2010 214 10:18:16,BSendEmail
2010 214 10:42:35,BUrl
2010 214 10:51:21,BSendEmail
2010 214 11:12:40,BUrl
2010 214 12:07:50,CUrl
2010 214 18:05:14,DUrl
2010 214 18:19:00,DNologon
2010 215 07:15:00,Blogon
2010 215 07:21:31,BSendEmail
2010 215 07:23:29,BUrl
2010 215 12:00:55,CUrl
2010 215 12:28:09,CSendEmail
2010 215 12:36:39,CUrl
2010 215 13:08:49,CSendEmail
2010 215 15:30:20,CUrl
2010 215 18:02:51,DUrl
2010 215 18:14:00,DNologon
2010 216 07:11:00,Blogon
2010 216 07:15:24,BUrl
2010 216 07:37:36,Blogon
2010 216 07:53:05,BUrl
2010 216 08:22:33,BNologon
2010 216 08:44:01,BUrl
2010 216 12:27:20,CUrl
2010 216 13:53:06,CSendEmail
2010 216 13:53:21,CUrl
2010 216 14:48:47,CSendEmail
2010 216 15:11:55,CSendEmail
2010 216 15:37:51,CUrl
2010 216 18:13:59,DUrl
2010 216 18:29:00,DNologon
2010 217 07:18:00,Blogon
2010 217 07:40:12,BUrl
2010 217 12:04:29,CUrl
2010 217 14:52:42,CSendEmail
2010 217 15:02:51,CUrl
2010 217 15:09:47,CSendEmail
2010 217 15:13:20,CSendEmail
2010 217 15:30:35,CUrl
2010 217 18:13:00,DNologon
2010 218 07:19:00,Blogon
2010 218 07:33:07,BUrl
2010 218 14:08:10,CUrl
2010 218 14:48:35,CSendEmail
2010 218 14:51:37,CSendEmail
2010 218 14:55:14,CSendEmail
2010 218 15:30:52,CUrl
2010 218 18:03:45,DUrl
2010 218 18:13:00,DNologon
2010 221 07:11:00,Blogon
2010 221 07:21:51,BUrl
2010 221 08:04:14,BSendEmail
2010 221 08:10:45,BUrl
2010 221 08:23:13,BSendEmail
2010 221 08:24:30,BSendEmail
2010 221 08:46:38,BUrl
2010 221 12:19:37,CUrl
2010 221 18:12:00,DNologon
2010 222 07:18:00,Blogon
2010 222 07:24:26,BUrl
2010 222 09:42:12,BSendEmail
2010 222 10:38:03,BUrl
2010 222 12:31:08,CUrl
2010 222 14:17:45,CSendEmail
2010 222 14:34:25,CUrl
2010 222 16:09:52,CSendEmail
2010 222 16:43:51,CUrl
2010 222 18:02:30,DUrl
2010 222 18:13:00,DNologon
2010 223 07:15:00,Blogon
2010 223 07:22:45,BUrl
2010 223 11:32:16,BSendEmail
2010 223 11:44:49,BUrl
2010 223 11:58:01,BSendEmail
2010 223 12:18:26,CSendEmail
2010 223 12:21:26,CUrl
2010 223 18:04:49,DUrl
2010 223 18:16:00,DNologon
2010 224 07:10:00,Blogon
2010 224 07:15:51,BUrl
2010 224 12:11:02,CUrl
2010 224 14:32:24,Clogon
2010 224 14:39:23,CNologon
2010 224 16:00:50,CSendEmail
2010 224 16:11:26,CUrl
2010 224 16:17:31,CSendEmail
2010 224 16:46:13,CSendEmail
2010 224 16:49:05,CUrl
2010 224 18:02:43,DUrl
2010 224 18:23:00,DNologon
2010 225 07:15:00,Blogon
2010 225 07:22:30,BUrl
2010 225 08:01:52,BSendEmail
2010 225 08:48:03,BUrl
2010 225 13:16:34,CUrl
2010 225 18:00:43,DUrl
2010 225 18:01:10,DSendEmail
2010 225 18:01:13,DSendEmail
2010 225 18:04:02,DUrl
2010 225 18:15:00,DNologon
2010 228 07:18:00,Blogon
2010 228 07:20:05,BUrl
2010 228 12:09:39,CSendEmail
2010 228 12:21:28,CUrl
2010 228 12:24:42,CSendEmail
2010 228 12:31:04,CSendEmail
2010 228 13:12:03,CUrl
2010 228 18:02:36,DUrl
2010 228 18:16:00,DNologon
2010 229 07:16:00,Blogon
2010 229 13:32:09,CUrl
2010 229 15:33:44,CSendEmail
2010 229 15:44:49,CUrl
2010 229 17:56:28,CSendEmail
2010 229 18:08:02,DSendEmail
2010 229 18:15:00,DNologon
2010 230 07:15:00,Blogon
2010 230 07:21:10,BUrl
2010 230 09:09:34,BSendEmail
2010 230 09:25:35,BUrl
2010 230 09:50:28,BSendEmail
2010 230 10:04:23,BSendEmail
2010 230 10:07:40,BUrl
2010 230 12:09:06,CUrl
2010 230 17:49:11,Clogon
2010 230 18:11:55,DUrl
2010 230 18:21:30,DNologon
2010 230 18:30:00,DNologon
2010 231 07:05:00,Blogon
2010 231 07:14:33,BUrl
2010 231 10:36:13,BSendEmail
2010 231 11:17:28,BUrl
2010 231 12:16:58,CUrl
2010 231 14:30:17,Clogon
2010 231 14:33:47,CNologon
2010 231 14:35:57,CUrl
2010 231 15:24:15,CSendEmail
2010 231 15:24:27,CSendEmail
2010 231 16:35:37,CUrl
2010 231 18:10:48,DUrl
2010 231 18:25:00,DNologon
2010 232 07:15:00,Blogon
2010 232 07:19:40,BUrl
2010 232 12:14:56,CUrl
2010 232 16:00:14,CSendEmail
2010 232 16:13:29,CUrl
2010 232 16:20:53,CSendEmail
2010 232 16:32:12,CSendEmail
2010 232 16:38:48,CUrl
2010 232 18:11:00,DNologon
2010 235 07:08:00,Blogon
2010 235 07:14:23,BUrl
2010 235 12:04:59,CUrl
2010 235 13:07:06,CSendEmail
2010 235 13:13:31,CUrl
2010 235 16:01:17,CSendEmail
2010 235 16:03:14,CUrl
2010 235 16:19:03,Clogon
2010 235 16:28:41,CNologon
2010 235 16:31:17,CSendEmail
2010 235 17:28:35,CUrl
2010 235 18:20:05,DUrl
2010 235 18:30:00,DNologon
2010 236 07:18:00,Blogon
2010 236 07:41:42,BUrl
2010 236 07:45:11,BSendEmail
2010 236 07:46:24,BSendEmail
2010 236 07:48:20,BUrl
2010 236 08:06:00,BSendEmail
2010 236 08:06:26,BUrl
2010 236 12:10:41,CUrl
2010 236 18:06:52,DUrl
2010 236 18:14:00,DNologon
2010 237 07:18:00,Blogon
2010 237 07:28:30,BUrl
2010 237 12:00:16,CUrl
2010 237 15:29:22,CSendEmail
2010 237 15:43:19,CUrl
2010 237 15:56:39,CSendEmail
2010 237 16:00:27,CUrl
2010 237 16:38:33,CSendEmail
2010 237 17:11:56,CUrl
2010 237 18:04:38,DUrl
2010 237 18:15:00,DNologon
2010 238 07:16:00,Blogon
2010 238 07:37:04,BUrl
2010 238 12:00:12,CUrl
2010 238 16:38:36,CSendEmail
2010 238 16:59:01,CSendEmail
2010 238 17:18:13,CSendEmail
2010 238 17:23:26,CUrl
2010 238 18:05:50,DUrl
2010 238 18:15:00,DNologon
2010 239 07:16:00,Blogon
2010 239 07:20:55,BUrl
2010 239 10:53:00,BSendEmail
2010 239 10:55:56,BSendEmail
2010 239 10:56:03,BUrl
2010 239 11:00:58,BSendEmail
2010 239 11:38:14,BUrl
2010 239 12:14:17,CUrl
2010 239 18:11:00,DNologon
2010 242 07:15:00,Blogon
2010 242 07:45:03,BUrl
2010 242 12:32:39,CSendEmail
2010 242 12:32:43,CSendEmail
2010 242 13:01:08,CUrl
2010 242 18:08:56,DUrl
2010 242 18:11:00,DNologon
2010 243 07:17:00,Blogon
2010 243 07:29:31,BUrl
2010 243 10:33:33,BSendEmail
2010 243 10:33:42,BSendEmail
2010 243 10:43:16,BUrl
2010 243 12:53:27,CUrl
2010 243 17:47:46,CSendEmail
2010 243 18:12:00,DNologon
2010 244 07:15:00,Blogon
2010 244 07:19:41,BUrl
2010 244 07:41:46,BSendEmail
2010 244 07:48:54,BSendEmail
2010 244 08:18:53,BUrl
2010 244 12:52:49,CUrl
2010 244 15:07:14,CSendEmail
2010 244 15:16:27,CUrl
2010 244 18:11:00,DNologon
2010 245 07:19:00,Blogon
2010 245 07:37:35,BUrl
2010 245 12:35:20,CUrl
2010 245 14:26:32,CSendEmail
2010 245 14:55:34,CUrl
2010 245 15:52:34,CSendEmail
2010 245 15:54:55,CUrl
2010 245 16:55:42,CSendEmail
2010 245 17:11:02,CUrl
2010 245 18:11:10,DUrl
2010 245 18:21:00,DNologon
2010 246 07:04:00,Blogon
2010 246 07:10:19,BUrl
2010 246 09:00:38,BSendEmail
2010 246 09:00:44,BUrl
2010 246 10:06:31,BSendEmail
2010 246 10:06:46,BUrl
2010 246 10:07:51,BSendEmail
2010 246 10:31:26,BUrl
2010 246 12:05:27,CUrl
2010 246 18:06:50,DUrl
2010 246 18:15:00,DNologon
2010 250 07:15:00,Blogon
2010 250 07:19:25,BUrl
2010 250 07:35:00,Blogon
2010 250 07:35:55,BUrl
2010 250 07:45:25,BNologon
2010 250 07:47:35,BUrl
2010 250 08:14:27,BSendEmail
2010 250 08:15:00,BSendEmail
2010 250 08:23:40,BUrl
2010 250 12:03:21,CUrl
2010 250 14:34:43,CSendEmail
2010 250 14:39:42,CUrl
2010 250 18:07:42,DUrl
2010 250 18:24:00,DNologon
2010 251 07:04:00,Blogon
2010 251 07:55:08,BUrl
2010 251 08:17:20,BSendEmail
2010 251 08:23:37,BUrl
2010 251 08:32:31,BSendEmail
2010 251 08:37:47,BUrl
2010 251 12:23:41,CUrl
2010 251 14:42:53,CSendEmail
2010 251 15:16:45,CUrl
2010 251 18:12:59,DUrl
2010 251 18:15:00,DNologon
2010 252 07:12:00,Blogon
2010 252 07:18:28,BUrl
2010 252 12:03:56,CUrl
2010 252 17:04:15,CSendEmail
2010 252 17:08:16,CSendEmail
2010 252 17:13:32,CUrl
2010 252 17:18:31,CSendEmail
2010 252 17:31:51,CUrl
2010 252 18:04:58,DUrl
2010 252 18:12:00,DNologon
2010 253 07:16:00,Blogon
2010 253 08:10:23,BUrl
2010 253 08:12:11,BSendEmail
2010 253 08:12:57,BSendEmail
2010 253 08:32:59,BUrl
2010 253 13:07:01,CUrl
2010 253 15:58:29,CSendEmail
2010 253 16:01:13,CUrl
2010 253 18:14:00,DNologon
2010 256 07:05:00,Blogon
2010 256 07:06:00,BUrl
2010 256 07:09:41,BSendEmail
2010 256 07:26:49,BUrl
2010 256 12:06:01,Clogon
2010 256 12:07:53,CNologon
2010 256 12:25:53,CSendEmail
2010 256 12:30:06,CUrl
2010 256 13:15:56,CSendEmail
2010 256 13:28:04,CUrl
2010 256 18:18:00,DNologon
2010 257 07:00:00,Blogon
2010 257 07:05:06,BUrl
2010 257 09:20:00,BSendEmail
2010 257 09:20:04,BUrl
2010 257 09:22:03,BSendEmail
2010 257 09:23:35,BUrl
2010 257 11:16:56,Blogon
2010 257 11:18:50,BNologon
2010 257 12:06:19,CUrl
2010 257 12:08:00,CSendEmail
2010 257 12:33:25,CUrl
2010 257 18:15:23,DUrl
2010 257 18:18:00,DNologon
2010 258 07:11:00,Blogon
2010 258 07:31:55,BUrl
2010 258 07:39:28,BSendEmail
2010 258 07:53:54,BUrl
2010 258 08:17:55,BSendEmail
2010 258 08:22:06,BUrl
2010 258 11:50:42,Blogon
2010 258 11:52:04,BNologon
2010 258 11:58:33,BUrl
2010 258 12:13:56,CUrl
2010 258 16:46:33,CSendEmail
2010 258 17:16:51,CUrl
2010 258 18:04:23,DUrl
2010 258 18:22:00,DNologon
2010 259 07:15:00,Blogon
2010 259 07:38:43,BUrl
2010 259 09:20:51,BSendEmail
2010 259 09:25:44,BUrl
2010 259 09:40:30,BSendEmail
2010 259 13:31:24,CSendEmail
2010 259 13:48:03,CUrl
2010 259 18:04:37,DUrl
2010 259 18:11:00,DNologon
2010 260 07:05:00,Blogon
2010 260 07:07:54,BUrl
2010 260 12:24:41,CUrl
2010 260 15:01:23,CSendEmail
2010 260 15:04:08,CSendEmail
2010 260 16:30:07,CUrl
2010 260 18:02:21,DUrl
2010 260 18:11:00,DNologon
2010 263 07:13:00,Blogon
2010 263 07:24:22,BUrl
2010 263 07:24:27,BSendEmail
2010 263 07:27:45,BUrl
2010 263 07:39:53,BSendEmail
2010 263 07:46:07,BUrl
2010 263 08:51:33,BSendEmail
2010 263 09:28:40,BUrl
2010 263 12:19:29,CUrl
2010 263 12:59:29,Clogon
2010 263 13:07:46,CNologon
2010 263 14:02:16,CUrl
2010 263 18:17:00,DNologon
2010 264 07:03:00,Blogon
2010 264 07:19:49,BUrl
2010 264 12:49:54,CUrl
2010 264 15:12:32,CSendEmail
2010 264 15:13:29,CSendEmail
2010 264 15:13:51,CSendEmail
2010 264 15:56:33,CUrl
2010 264 18:00:45,DUrl
2010 264 18:23:00,DNologon
2010 265 07:15:00,Blogon
2010 265 07:25:41,BSendEmail
2010 265 07:27:21,BUrl
2010 265 07:44:04,BSendEmail
2010 265 07:52:03,BSendEmail
2010 265 08:01:24,BUrl
2010 265 12:42:38,CUrl
2010 265 18:08:20,DUrl
2010 265 18:21:00,DNologon
2010 266 07:19:00,Blogon
2010 266 07:34:48,BUrl
2010 266 12:05:01,CUrl
2010 266 15:25:06,CSendEmail
2010 266 15:35:35,CUrl
2010 266 16:32:03,CSendEmail
2010 266 16:33:57,CSendEmail
2010 266 16:56:25,CUrl
2010 266 18:08:38,DUrl
2010 266 18:13:00,DNologon
2010 267 07:17:00,Blogon
2010 267 07:23:03,BUrl
2010 267 10:35:13,BSendEmail
2010 267 10:41:11,BSendEmail
2010 267 10:45:09,BSendEmail
2010 267 11:03:10,BUrl
2010 267 12:53:22,CUrl
2010 267 18:11:19,DUrl
2010 267 18:13:00,DNologon
2010 270 07:19:00,Blogon
2010 270 07:35:07,BUrl
2010 270 11:06:14,BSendEmail
2010 270 11:27:26,BSendEmail
2010 270 11:59:21,BSendEmail
2010 270 12:12:06,CUrl
2010 270 15:32:50,Clogon
2010 270 15:39:25,CNologon
2010 270 15:51:33,CUrl
2010 270 18:03:37,DUrl
2010 270 18:11:00,DNologon
2010 271 07:12:00,Blogon
2010 271 07:30:35,BUrl
2010 271 10:55:35,BSendEmail
2010 271 11:14:52,BUrl
2010 271 12:18:25,CUrl
2010 271 13:16:25,CSendEmail
2010 271 13:22:43,CUrl
2010 271 16:59:00,CSendEmail
2010 271 17:03:32,CUrl
2010 271 18:18:49,DUrl
2010 271 18:22:00,DNologon
2010 272 07:10:00,Blogon
2010 272 07:11:22,BUrl
2010 272 10:34:25,BSendEmail
2010 272 10:44:47,BSendEmail
2010 272 11:05:53,BUrl
2010 272 12:22:37,CUrl
2010 272 18:12:31,DUrl
2010 272 18:19:23,Dlogon
2010 272 18:20:23,DNologon
2010 272 18:21:08,DSendEmail
2010 272 18:21:20,DUrl
2010 272 18:28:00,DNologon
2010 273 07:14:00,Blogon
2010 273 07:31:36,BUrl
2010 273 08:22:20,BSendEmail
2010 273 08:36:31,BUrl
2010 273 12:41:26,CUrl
2010 273 16:17:48,CSendEmail
2010 273 16:48:54,CUrl
2010 273 17:11:34,CSendEmail
2010 273 17:39:17,CUrl
2010 273 18:03:38,DUrl
2010 273 18:26:00,DNologon
2010 274 07:05:00,Blogon
2010 274 07:11:39,BUrl
2010 274 08:25:28,BSendEmail
2010 274 08:37:49,BSendEmail
2010 274 08:38:54,BSendEmail
2010 274 09:17:44,BUrl
2010 274 12:07:36,CUrl
2010 274 18:00:02,DUrl
2010 274 18:12:00,DNologon
2010 277 07:09:00,Blogon
2010 277 07:37:05,BUrl
2010 277 10:20:14,BSendEmail
2010 277 10:41:09,BUrl
2010 277 10:51:18,BSendEmail
2010 277 10:54:55,BUrl
2010 277 12:38:42,CUrl
2010 277 17:27:48,CSendEmail
2010 277 17:31:25,CUrl
2010 277 18:11:23,DUrl
2010 277 18:23:00,DNologon
2010 278 07:03:00,Blogon
2010 278 07:04:15,BUrl
2010 278 12:21:41,CUrl
2010 278 15:57:15,CSendEmail
2010 278 16:09:53,CSendEmail
2010 278 16:41:12,CUrl
2010 278 16:58:31,CSendEmail
2010 278 17:00:23,CUrl
2010 278 18:02:38,DUrl
2010 278 18:27:00,DNologon
2010 279 07:18:00,Blogon
2010 279 07:24:03,BUrl
2010 279 10:45:32,BSendEmail
2010 279 11:16:12,BUrl
2010 279 12:06:23,CUrl
2010 279 18:09:00,DUrl
2010 279 18:12:38,DSendEmail
2010 279 18:12:42,DSendEmail
2010 279 18:12:54,DUrl
2010 279 18:15:00,DNologon
2010 280 07:04:00,Blogon
2010 280 07:05:06,BUrl
2010 280 10:27:33,BSendEmail
2010 280 10:36:04,BSendEmail
2010 280 10:58:57,BUrl
2010 280 11:54:20,BSendEmail
2010 280 12:14:10,CUrl
2010 280 18:07:38,DUrl
2010 280 18:19:00,DNologon
2010 281 07:16:00,Blogon
2010 281 07:26:06,BUrl
2010 281 12:01:14,CUrl
2010 281 13:16:23,CSendEmail
2010 281 13:18:15,CSendEmail
2010 281 13:19:55,CSendEmail
2010 281 13:30:18,CUrl
2010 281 18:14:00,DNologon
2010 284 07:19:00,Blogon
2010 284 07:28:23,BUrl
2010 284 07:31:21,BSendEmail
2010 284 09:07:45,BUrl
2010 284 12:18:18,CUrl
2010 284 14:57:39,CSendEmail
2010 284 14:58:47,CSendEmail
2010 284 15:44:20,CUrl
2010 284 18:12:00,DNologon
2010 285 07:17:00,Blogon
2010 285 07:27:09,BUrl
2010 285 10:00:07,BSendEmail
2010 285 10:12:12,BUrl
2010 285 12:04:49,CUrl
2010 285 15:02:27,CSendEmail
2010 285 15:06:45,CUrl
2010 285 15:19:34,CSendEmail
2010 285 16:01:38,CUrl
2010 285 18:01:07,DUrl
2010 285 18:15:00,DNologon
2010 286 07:16:00,Blogon
2010 286 07:39:48,BUrl
2010 286 12:02:16,CUrl
2010 286 12:40:07,CSendEmail
2010 286 12:49:07,CUrl
2010 286 13:07:21,CSendEmail
2010 286 13:31:44,CSendEmail
2010 286 13:36:06,CUrl
2010 286 18:09:16,DUrl
2010 286 18:11:00,DNologon
2010 287 07:02:00,Blogon
2010 287 07:10:21,BUrl
2010 287 09:47:28,BSendEmail
2010 287 09:59:44,BSendEmail
2010 287 10:21:09,BUrl
2010 287 12:10:19,CUrl
2010 287 17:23:13,CSendEmail
2010 287 18:24:00,DNologon
2010 288 07:15:00,Blogon
2010 288 07:23:51,BUrl
2010 288 09:09:15,BSendEmail
2010 288 09:21:29,BSendEmail
2010 288 10:33:49,BUrl
2010 288 12:17:18,CUrl
2010 288 18:10:01,DUrl
2010 288 18:18:00,DNologon
2010 291 07:03:00,Blogon
2010 291 07:04:26,BUrl
2010 291 12:05:20,CUrl
2010 291 12:59:26,CSendEmail
2010 291 13:10:22,CUrl
2010 291 13:57:55,Clogon
2010 291 14:00:56,CNologon
2010 291 14:02:02,CUrl
2010 291 14:33:04,CSendEmail
2010 291 14:51:43,CUrl
2010 291 15:10:18,CSendEmail
2010 291 15:24:03,CUrl
2010 291 18:19:00,DNologon
2010 292 07:15:00,Blogon
2010 292 07:28:56,BUrl
2010 292 07:42:30,BSendEmail
2010 292 07:49:30,BSendEmail
2010 292 07:51:26,BUrl
2010 292 07:51:54,BSendEmail
2010 292 08:09:12,BUrl
2010 292 08:35:09,Blogon
2010 292 08:36:21,BNologon
2010 292 08:40:22,BUrl
2010 292 12:01:10,CUrl
2010 292 18:17:00,DNologon
2010 293 07:16:00,Blogon
2010 293 07:50:09,BUrl
2010 293 09:05:44,Blogon
2010 293 09:10:24,BNologon
2010 293 10:28:19,BUrl
2010 293 11:43:00,BSendEmail
2010 293 11:45:27,BSendEmail
2010 293 12:10:37,CSendEmail
2010 293 12:41:58,CUrl
2010 293 18:27:00,DNologon
2010 294 07:18:00,Blogon
2010 294 07:35:05,BUrl
2010 294 08:04:59,BSendEmail
2010 294 08:17:34,BUrl
2010 294 08:54:34,BSendEmail
2010 294 09:00:18,BUrl
2010 294 09:16:40,Blogon
2010 294 09:17:03,BSendEmail
2010 294 09:17:50,BNologon
2010 294 09:44:29,BUrl
2010 294 12:14:20,CUrl
2010 294 18:08:45,DUrl
2010 294 18:13:00,DNologon
2010 295 07:17:00,Blogon
2010 295 07:27:31,BUrl
2010 295 12:28:28,CUrl
2010 295 13:22:45,CSendEmail
2010 295 13:22:46,CSendEmail
2010 295 13:35:12,CUrl
2010 295 17:34:05,CSendEmail
2010 295 17:40:52,CUrl
2010 295 18:11:00,DNologon
2010 298 07:15:00,Blogon
2010 298 07:20:48,BUrl
2010 298 11:20:47,BSendEmail
2010 298 11:40:26,BUrl
2010 298 12:19:01,CUrl
2010 298 16:52:37,CSendEmail
2010 298 17:25:45,CUrl
2010 298 18:12:00,DNologon
2010 299 07:11:00,Blogon
2010 299 07:13:01,BSendEmail
2010 299 07:19:25,BSendEmail
2010 299 07:26:30,BUrl
2010 299 13:20:47,CUrl
2010 299 13:47:52,CSendEmail
2010 299 13:58:03,CUrl
2010 299 18:23:00,DNologon
2010 300 07:17:00,Blogon
2010 300 07:19:16,BUrl
2010 300 08:31:55,BSendEmail
2010 300 09:02:18,BUrl
2010 300 10:45:16,Blogon
2010 300 10:53:33,BUrl
2010 300 11:45:05,BNologon
2010 300 11:47:02,BUrl
2010 300 13:01:16,CUrl
2010 300 13:12:48,CSendEmail
2010 300 13:12:56,CUrl
2010 300 14:31:16,CSendEmail
2010 300 14:33:23,CUrl
2010 300 18:28:19,DUrl
2010 300 18:30:00,DNologon
2010 301 07:02:00,Blogon
2010 301 07:11:11,BUrl
2010 301 10:21:52,BSendEmail
2010 301 10:55:21,BUrl
2010 301 11:39:52,BSendEmail
2010 301 12:25:19,CUrl
2010 301 15:27:58,Clogon
2010 301 15:29:37,CUrl
2010 301 15:30:00,CNologon
2010 301 15:50:36,CUrl
2010 301 17:47:46,CSendEmail
2010 301 17:58:29,CUrl
2010 301 18:04:07,DUrl
2010 301 18:27:00,DNologon
2010 302 07:12:00,Blogon
2010 302 07:14:35,BUrl
2010 302 11:24:44,BSendEmail
2010 302 11:26:02,BUrl
2010 302 12:58:07,CUrl
2010 302 17:35:54,CSendEmail
2010 302 17:42:19,CSendEmail
2010 302 17:45:19,CUrl
2010 302 18:10:19,DUrl
2010 302 18:22:00,DNologon
2010 305 07:19:00,Blogon
2010 305 07:29:59,BUrl
2010 305 08:46:25,BSendEmail
2010 305 08:50:30,BUrl
2010 305 12:15:30,CUrl
2010 305 14:37:35,CSendEmail
2010 305 14:41:37,CUrl
2010 305 14:53:35,CSendEmail
2010 305 15:29:40,CUrl
2010 305 18:00:26,DUrl
2010 305 18:11:00,DNologon
2010 306 07:06:00,Blogon
2010 306 07:48:34,BUrl
2010 306 09:06:29,BSendEmail
2010 306 09:09:25,BUrl
2010 306 09:13:50,BSendEmail
2010 306 09:21:47,BUrl
2010 306 09:22:33,BSendEmail
2010 306 09:47:19,BUrl
2010 306 12:14:00,CUrl
2010 306 18:02:31,DUrl
2010 306 18:19:00,DNologon
2010 307 07:10:00,Blogon
2010 307 07:24:38,BUrl
2010 307 12:17:38,CUrl
2010 307 16:31:15,CSendEmail
2010 307 16:54:16,CUrl
2010 307 16:57:58,CSendEmail
2010 307 17:08:01,CUrl
2010 307 17:35:24,CSendEmail
2010 307 17:55:45,CUrl
2010 307 18:21:00,DNologon
2010 308 07:16:00,Blogon
2010 308 07:34:17,BUrl
2010 308 12:13:41,CUrl
2010 308 13:45:21,CSendEmail
2010 308 13:46:18,CUrl
2010 308 16:11:35,CSendEmail
2010 308 16:24:17,CSendEmail
2010 308 17:01:28,CUrl
2010 308 18:12:00,DNologon
2010 309 07:15:00,Blogon
2010 309 07:17:56,BUrl
2010 309 12:10:32,CUrl
2010 309 17:18:27,CSendEmail
2010 309 17:21:01,CSendEmail
2010 309 17:29:03,CUrl
2010 309 17:32:08,CSendEmail
2010 309 17:32:50,CUrl
2010 309 18:15:00,DNologon
2010 312 07:03:00,Blogon
2010 312 07:17:27,BUrl
2010 312 12:55:19,CUrl
2010 312 16:17:58,Clogon
2010 312 16:24:09,CUrl
2010 312 16:36:21,CNologon
2010 312 16:41:19,CUrl
2010 312 17:28:40,CSendEmail
2010 312 17:29:18,CSendEmail
2010 312 17:29:37,CSendEmail
2010 312 17:46:33,CUrl
2010 312 18:19:27,DUrl
2010 312 18:24:00,DNologon
2010 313 07:16:00,Blogon
2010 313 07:32:26,BSendEmail
2010 313 07:50:27,BSendEmail
2010 313 08:47:45,BUrl
2010 313 12:56:57,CUrl
2010 313 15:31:12,CSendEmail
2010 313 15:49:48,CUrl
2010 313 18:00:56,DUrl
2010 313 18:13:00,DNologon
2010 314 07:09:00,Blogon
2010 314 07:18:21,BSendEmail
2010 314 07:20:23,BUrl
2010 314 07:32:08,BSendEmail
2010 314 07:34:18,BSendEmail
2010 314 07:36:17,BUrl
2010 314 09:51:23,Blogon
2010 314 10:06:22,BUrl
2010 314 10:17:07,BNologon
2010 314 11:28:13,BUrl
2010 314 12:24:17,CUrl
2010 314 18:03:38,DUrl
2010 314 18:25:00,DNologon
2010 315 07:03:00,Blogon
2010 315 07:10:38,BUrl
2010 315 12:03:23,CUrl
2010 315 14:00:09,Clogon
2010 315 14:28:48,CUrl
2010 315 14:34:16,CSendEmail
2010 315 14:55:58,CNologon
2010 315 14:56:14,CUrl
2010 315 17:01:48,CSendEmail
2010 315 17:14:14,CUrl
2010 315 17:14:24,CSendEmail
2010 315 17:32:45,CUrl
2010 315 18:16:00,DNologon
2010 316 07:09:00,Blogon
2010 316 07:11:41,BUrl
2010 316 08:14:54,BSendEmail
2010 316 08:48:23,BUrl
2010 316 12:39:17,CUrl
2010 316 13:52:43,CSendEmail
2010 316 14:05:06,CUrl
2010 316 15:14:13,CSendEmail
2010 316 15:14:38,CUrl
2010 316 18:08:34,DUrl
2010 316 18:12:00,DNologon
2010 319 07:18:00,Blogon
2010 319 07:23:18,BUrl
2010 319 12:56:36,CUrl
2010 319 15:24:06,CSendEmail
2010 319 17:40:26,CUrl
2010 319 17:42:13,CSendEmail
2010 319 17:44:03,CSendEmail
2010 319 17:46:24,CUrl
2010 319 18:15:00,DNologon
2010 320 07:15:00,Blogon
2010 320 07:19:55,BUrl
2010 320 12:16:21,CUrl
2010 320 12:40:56,CSendEmail
2010 320 12:50:22,CUrl
2010 320 13:28:27,Clogon
2010 320 13:45:57,CNologon
2010 320 14:14:23,CUrl
2010 320 18:04:44,DUrl
2010 320 18:10:23,DSendEmail
2010 320 18:11:08,DUrl
2010 320 18:13:33,DSendEmail
2010 320 18:19:00,DNologon
2010 321 07:06:00,Blogon
2010 321 07:16:45,BUrl
2010 321 10:43:01,BSendEmail
2010 321 10:55:52,BUrl
2010 321 11:00:33,BSendEmail
2010 321 12:09:13,CUrl
2010 321 12:34:46,CSendEmail
2010 321 12:35:49,CUrl
2010 321 18:09:16,DUrl
2010 321 18:26:00,DNologon
2010 322 07:15:00,Blogon
2010 322 07:21:23,BUrl
2010 322 08:19:19,BSendEmail
2010 322 08:22:07,BUrl
2010 322 12:05:40,CUrl
2010 322 13:42:51,CSendEmail
2010 322 13:54:37,CSendEmail
2010 322 14:12:28,CUrl
2010 322 16:10:58,Clogon
2010 322 16:16:52,CNologon
2010 322 16:23:12,CUrl
2010 322 18:12:00,DNologon
2010 323 07:19:00,Blogon
2010 323 07:26:39,BUrl
2010 323 08:42:29,BSendEmail
2010 323 09:12:27,BUrl
2010 323 12:10:52,CUrl
2010 323 14:30:39,CSendEmail
2010 323 14:41:42,CUrl
2010 323 14:48:47,CSendEmail
2010 323 14:52:21,CUrl
2010 323 18:07:54,DUrl
2010 323 18:12:00,DNologon
2010 326 07:14:00,Blogon
2010 326 07:24:38,BUrl
2010 326 08:26:10,BSendEmail
2010 326 08:27:07,BUrl
2010 326 12:10:24,CUrl
2010 326 12:25:10,Clogon
2010 326 12:27:37,CNologon
2010 326 12:55:58,CUrl
2010 326 13:32:38,CSendEmail
2010 326 13:40:54,CUrl
2010 326 13:51:56,CSendEmail
2010 326 13:55:44,CUrl
2010 326 18:08:03,DUrl
2010 326 18:21:00,DNologon
2010 327 07:15:00,Blogon
2010 327 07:26:50,BUrl
2010 327 12:07:47,CUrl
2010 327 12:24:07,CSendEmail
2010 327 12:25:34,CUrl
2010 327 12:57:58,CSendEmail
2010 327 13:01:48,CUrl
2010 327 16:37:41,Clogon
2010 327 16:46:08,CUrl
2010 327 16:51:41,CSendEmail
2010 327 16:59:43,CUrl
2010 327 17:23:06,CNologon
2010 327 17:26:19,CUrl
2010 327 18:13:04,DUrl
2010 327 18:27:00,DNologon
2010 328 07:00:00,Blogon
2010 328 07:04:20,BUrl
2010 328 12:13:03,CSendEmail
2010 328 12:14:20,CSendEmail
2010 328 12:17:40,CSendEmail
2010 328 12:47:18,CUrl
2010 328 18:22:24,DUrl
2010 328 18:26:00,DNologon
2010 333 07:19:00,Blogon
2010 333 07:32:40,BUrl
2010 333 08:17:40,BSendEmail
2010 333 08:19:18,BUrl
2010 333 08:27:28,BSendEmail
2010 333 08:36:06,BUrl
2010 333 08:39:35,BSendEmail
2010 333 08:42:22,BUrl
2010 333 12:04:13,CUrl
2010 333 18:12:00,DNologon
2010 334 07:19:00,Blogon
2010 334 07:37:18,BUrl
2010 334 12:15:36,CSendEmail
2010 334 12:18:26,CUrl
2010 334 12:24:04,CSendEmail
2010 334 12:40:36,CUrl
2010 334 15:27:44,CSendEmail
2010 334 15:29:25,CUrl
2010 334 18:08:17,DUrl
2010 334 18:12:00,DNologon
2010 335 07:17:00,Blogon
2010 335 07:38:07,BUrl
2010 335 08:42:46,BSendEmail
2010 335 09:11:14,BUrl
2010 335 12:30:33,CUrl
2010 335 12:37:36,CSendEmail
2010 335 12:38:45,CUrl
2010 335 15:56:30,CSendEmail
2010 335 16:01:57,CUrl
2010 335 18:15:00,DNologon
2010 336 07:18:00,Blogon
2010 336 08:03:46,BUrl
2010 336 12:15:32,CUrl
2010 336 14:26:09,CSendEmail
2010 336 14:47:10,CUrl
2010 336 15:06:18,CSendEmail
2010 336 15:33:27,CSendEmail
2010 336 15:41:24,CUrl
2010 336 18:15:00,DNologon
2010 337 07:01:00,Blogon
2010 337 07:07:46,BUrl
2010 337 09:58:57,BSendEmail
2010 337 09:59:07,BSendEmail
2010 337 09:59:49,BUrl
2010 337 10:00:55,BSendEmail
2010 337 10:51:30,BUrl
2010 337 12:09:25,CUrl
2010 337 18:24:00,DNologon
2010 340 07:07:00,Blogon
2010 340 07:19:29,BUrl
2010 340 07:57:28,BSendEmail
2010 340 07:58:06,BSendEmail
2010 340 09:17:13,BUrl
2010 340 13:30:27,CUrl
2010 340 17:43:39,Clogon
2010 340 18:03:23,DNologon
2010 340 18:12:10,DUrl
2010 340 18:15:00,DNologon
2010 341 07:04:00,Blogon
2010 341 07:34:36,BUrl
2010 341 08:27:17,BSendEmail
2010 341 08:47:18,BUrl
2010 341 12:24:28,CUrl
2010 341 18:05:25,DSendEmail
2010 341 18:06:54,DSendEmail
2010 341 18:27:00,DNologon
2010 342 07:04:00,Blogon
2010 342 08:59:53,BUrl
2010 342 09:24:19,Blogon
2010 342 09:26:50,BNologon
2010 342 09:37:17,BUrl
2010 342 10:56:51,BSendEmail
2010 342 11:24:09,BUrl
2010 342 11:42:08,BSendEmail
2010 342 12:14:51,CSendEmail
2010 342 14:08:59,CUrl
2010 342 18:25:00,DNologon
2010 343 07:10:00,Blogon
2010 343 07:36:41,BUrl
2010 343 08:23:01,BSendEmail
2010 343 08:24:13,BUrl
2010 343 08:49:27,BSendEmail
2010 343 08:55:55,BUrl
2010 343 12:05:35,CUrl
2010 343 13:54:36,CSendEmail
2010 343 13:59:50,CUrl
2010 343 14:41:02,Clogon
2010 343 15:06:36,CUrl
2010 343 15:27:48,CNologon
2010 343 16:05:09,CUrl
2010 343 18:18:34,DUrl
2010 343 18:26:00,DNologon
2010 344 07:01:00,Blogon
2010 344 07:06:24,BUrl
2010 344 10:18:12,BSendEmail
2010 344 10:28:15,BUrl
2010 344 12:05:45,CUrl
2010 344 13:01:21,CSendEmail
2010 344 13:14:25,CUrl
2010 344 14:30:20,CSendEmail
2010 344 14:37:28,CUrl
2010 344 18:11:00,DNologon
2010 347 07:12:00,Blogon
2010 347 07:26:12,Blogon
2010 347 07:46:41,BNologon
2010 347 08:14:32,BUrl
2010 347 12:04:30,CUrl
2010 347 14:18:48,CSendEmail
2010 347 14:28:14,CUrl
2010 347 14:33:00,CSendEmail
2010 347 15:04:34,CUrl
2010 347 17:47:43,CSendEmail
2010 347 17:50:10,CUrl
2010 347 18:02:22,DUrl
2010 347 18:26:00,DNologon
2010 348 07:03:00,Blogon
2010 348 07:12:21,BUrl
2010 348 12:17:05,CUrl
2010 348 12:18:26,CSendEmail
2010 348 12:28:53,CUrl
2010 348 12:44:14,CSendEmail
2010 348 12:47:35,CSendEmail
2010 348 13:16:15,CUrl
2010 348 16:31:29,Clogon
2010 348 16:35:30,CUrl
2010 348 16:39:38,CNologon
2010 348 17:05:39,CUrl
2010 348 18:03:33,DUrl
2010 348 18:29:00,DNologon
2010 349 07:16:00,Blogon
2010 349 07:23:01,BUrl
2010 349 07:24:16,BSendEmail
2010 349 07:27:37,BUrl
2010 349 13:34:03,CSendEmail
2010 349 13:34:19,CUrl
2010 349 14:08:10,CSendEmail
2010 349 14:18:10,CUrl
2010 349 18:13:00,DNologon
2010 350 07:16:00,Blogon
2010 350 07:34:30,BSendEmail
2010 350 07:34:42,BUrl
2010 350 07:36:41,BSendEmail
2010 350 07:39:15,BUrl
2010 350 12:18:17,CUrl
2010 350 16:08:03,CSendEmail
2010 350 16:36:46,CUrl
2010 350 18:10:14,DUrl
2010 350 18:12:00,DNologon
2010 351 07:17:00,Blogon
2010 351 07:24:03,BUrl
2010 351 11:18:43,BSendEmail
2010 351 11:58:14,BSendEmail
2010 351 12:22:31,CUrl
2010 351 14:06:01,CSendEmail
2010 351 14:19:14,CUrl
2010 351 18:11:00,DNologon
2010 354 07:10:00,Blogon
2010 354 07:11:18,Blogon
2010 354 07:12:58,BNologon
2010 354 07:25:17,BUrl
2010 354 12:05:43,CUrl
2010 354 13:37:32,CSendEmail
2010 354 14:14:23,CSendEmail
2010 354 15:43:00,CUrl
2010 354 15:49:59,CSendEmail
2010 354 16:21:35,CUrl
2010 354 18:27:00,DNologon
2010 355 07:00:00,Blogon
2010 355 07:04:06,BUrl
2010 355 10:45:43,BSendEmail
2010 355 10:58:46,BUrl
2010 355 11:19:37,BSendEmail
2010 355 11:30:42,BUrl
2010 355 12:34:54,CUrl
2010 355 15:54:00,CSendEmail
2010 355 16:57:53,CUrl
2010 355 17:58:14,Clogon
2010 355 18:08:40,DUrl
2010 355 18:24:12,DNologon
2010 355 18:28:00,DNologon
2010 356 07:19:00,Blogon
2010 356 07:39:27,BUrl
2010 356 12:05:20,CSendEmail
2010 356 12:37:12,CUrl
2010 356 15:57:21,CSendEmail
2010 356 16:01:00,CUrl
2010 356 16:05:41,CSendEmail
2010 356 16:17:49,CUrl
2010 356 18:04:17,DUrl
2010 356 18:15:00,DNologon
2010 361 07:17:00,Blogon
2010 361 07:19:57,BUrl
2010 361 12:55:40,CUrl
2010 361 13:14:27,CSendEmail
2010 361 13:16:43,CSendEmail
2010 361 13:18:40,CSendEmail
2010 361 14:22:14,CUrl
2010 361 18:14:00,DNologon
2010 362 07:00:00,Blogon
2010 362 07:07:18,BUrl
2010 362 09:38:38,Blogon
2010 362 09:39:42,BSendEmail
2010 362 09:45:34,BNologon
2010 362 09:51:02,BUrl
2010 362 10:11:37,BSendEmail
2010 362 10:31:56,BUrl
2010 362 11:00:05,BSendEmail
2010 362 12:07:36,CUrl
2010 362 18:26:28,DUrl
2010 362 18:28:00,DNologon
2010 363 07:19:00,Blogon
2010 363 07:32:40,BUrl
2010 363 12:16:19,CUrl
2010 363 14:02:00,CSendEmail
2010 363 14:04:24,CSendEmail
2010 363 14:07:43,CSendEmail
2010 363 14:38:28,CUrl
2010 363 18:13:00,DNologon
2010 364 07:16:00,Blogon
2010 364 07:25:36,BSendEmail
2010 364 07:27:42,BUrl
2010 364 07:57:40,BSendEmail
2010 364 08:01:06,BUrl
2010 364 08:34:07,BSendEmail
2010 364 08:44:41,BUrl
2010 364 12:16:59,CUrl
2010 364 18:12:00,DNologon
2011 003 07:03:00,Blogon
2011 003 07:05:25,BUrl
2011 003 09:03:55,BSendEmail
2011 003 09:09:52,BUrl
2011 003 12:45:22,Clogon
2011 003 12:47:33,CUrl
2011 003 13:23:30,CNologon
2011 003 13:28:58,CUrl
2011 003 17:27:41,CSendEmail
2011 003 17:29:16,CUrl
2011 003 17:48:36,CSendEmail
2011 003 17:56:45,CUrl
2011 003 18:11:00,DNologon
2011 004 07:18:00,Blogon
2011 004 07:25:08,BSendEmail
2011 004 07:27:22,BUrl
2011 004 12:32:51,CUrl
2011 004 15:26:58,CSendEmail
2011 004 15:31:45,CSendEmail
2011 004 15:34:01,CUrl
2011 004 18:14:00,DNologon
2011 005 07:17:00,Blogon
2011 005 07:21:29,BUrl
2011 005 12:13:09,CUrl
2011 005 17:18:14,CSendEmail
2011 005 17:33:32,CUrl
2011 005 17:57:06,CSendEmail
2011 005 18:03:46,DUrl
2011 005 18:04:33,DSendEmail
2011 005 18:07:34,DUrl
2011 005 18:15:00,DNologon
2011 006 07:16:00,Blogon
2011 006 07:17:58,BUrl
2011 006 12:13:36,CUrl
2011 006 17:27:20,CSendEmail
2011 006 17:45:55,CUrl
2011 006 17:57:41,CSendEmail
2011 006 17:59:04,CUrl
2011 006 18:01:01,DUrl
2011 006 18:15:00,DNologon
2011 007 07:11:00,Blogon
2011 007 07:33:04,BUrl
2011 007 08:35:53,Blogon
2011 007 08:38:38,BNologon
2011 007 08:49:53,BUrl
2011 007 12:09:17,CUrl
2011 007 15:22:28,CSendEmail
2011 007 15:24:45,CUrl
2011 007 16:00:00,CSendEmail
2011 007 16:47:03,CUrl
2011 007 17:28:17,CSendEmail
2011 007 17:30:00,CUrl
2011 007 18:02:18,DUrl
2011 007 18:16:00,DNologon
2011 010 07:15:00,Blogon
2011 010 07:17:03,BUrl
2011 010 09:27:41,BSendEmail
2011 010 09:30:26,BUrl
2011 010 09:58:57,BSendEmail
2011 010 10:06:52,BUrl
2011 010 10:20:57,BSendEmail
2011 010 10:30:41,BUrl
2011 010 12:09:54,CUrl
2011 010 18:06:20,DUrl
2011 010 18:14:00,DNologon
2011 011 07:17:00,Blogon
2011 011 07:28:30,BUrl
2011 011 07:54:39,BSendEmail
2011 011 08:08:43,BUrl
2011 011 11:39:02,BSendEmail
2011 011 11:39:43,BSendEmail
2011 011 11:52:34,BUrl
2011 011 12:03:52,CUrl
2011 011 18:09:30,DUrl
2011 011 18:15:00,DNologon
2011 012 07:17:00,Blogon
2011 012 07:21:57,BUrl
2011 012 12:09:05,CUrl
2011 012 13:34:54,CSendEmail
2011 012 13:39:41,CSendEmail
2011 012 13:50:18,CUrl
2011 012 18:03:55,DSendEmail
2011 012 18:11:00,DNologon
2011 013 07:17:00,Blogon
2011 013 07:21:33,Blogon
2011 013 07:32:40,BNologon
2011 013 08:46:35,BUrl
2011 013 12:16:53,CUrl
2011 013 14:53:37,CSendEmail
2011 013 14:57:20,CUrl
2011 013 14:57:42,CSendEmail
2011 013 14:58:27,CUrl
2011 013 15:00:30,CSendEmail
2011 013 15:54:05,CUrl
2011 013 18:02:09,DUrl
2011 013 18:30:00,DNologon
2011 014 07:18:00,Blogon
2011 014 07:33:11,BUrl
2011 014 09:31:09,BSendEmail
2011 014 09:31:37,BUrl
2011 014 11:36:22,BSendEmail
2011 014 11:48:10,BSendEmail
2011 014 12:36:19,CUrl
2011 014 18:03:24,DUrl
2011 014 18:18:00,DNologon
2011 017 07:04:00,Blogon
2011 017 07:11:14,BUrl
2011 017 12:05:39,CUrl
2011 017 13:11:54,CSendEmail
2011 017 13:38:44,CSendEmail
2011 017 13:38:56,CSendEmail
2011 017 13:42:07,CUrl
2011 017 18:12:00,DNologon
2011 018 07:09:00,Blogon
2011 018 07:29:49,BUrl
2011 018 12:15:17,CUrl
2011 018 13:08:22,CSendEmail
2011 018 13:09:44,CSendEmail
2011 018 14:00:42,CUrl
2011 018 18:01:43,DSendEmail
2011 018 18:19:41,DUrl
2011 018 18:21:00,DNologon
2011 019 07:18:00,Blogon
2011 019 07:29:57,BUrl
2011 019 09:06:06,BSendEmail
2011 019 09:11:09,BUrl
2011 019 12:19:22,CUrl
2011 019 13:41:44,CSendEmail
2011 019 13:48:03,CUrl
2011 019 13:52:16,CSendEmail
2011 019 14:00:34,CUrl
2011 019 18:02:15,DUrl
2011 019 18:24:00,DNologon
2011 020 07:02:00,Blogon
2011 020 07:04:49,BUrl
2011 020 10:27:38,Blogon
2011 020 10:29:36,BUrl
2011 020 10:49:45,BNologon
2011 020 11:04:21,BUrl
2011 020 12:23:36,CUrl
2011 020 12:45:32,CSendEmail
2011 020 13:23:40,CUrl
2011 020 14:57:45,CSendEmail
2011 020 15:04:41,CSendEmail
2011 020 15:13:35,CUrl
2011 020 18:09:36,DUrl
2011 020 18:18:00,DNologon
2011 021 07:17:00,Blogon
2011 021 07:27:49,BUrl
2011 021 07:38:42,BSendEmail
2011 021 07:42:01,BSendEmail
2011 021 07:42:42,BUrl
2011 021 12:15:54,CUrl
2011 021 16:47:20,CSendEmail
2011 021 16:49:30,CUrl
2011 021 18:06:10,DUrl
2011 021 18:15:00,DNologon
2011 024 07:04:00,Blogon
2011 024 07:05:35,BUrl
2011 024 09:00:10,BSendEmail
2011 024 09:07:54,BUrl
2011 024 12:38:49,CUrl
2011 024 13:10:32,CSendEmail
2011 024 13:18:28,CSendEmail
2011 024 13:20:17,CUrl
2011 024 18:14:00,DNologon
2011 025 07:15:00,Blogon
2011 025 07:28:07,BUrl
2011 025 10:35:44,BSendEmail
2011 025 10:39:24,BUrl
2011 025 12:06:11,CUrl
2011 025 13:02:02,CSendEmail
2011 025 14:46:47,CUrl
2011 025 15:11:14,CSendEmail
2011 025 15:43:19,CUrl
2011 025 18:14:50,DUrl
2011 025 18:30:00,DNologon
2011 026 07:16:00,Blogon
2011 026 07:23:59,BUrl
2011 026 07:29:51,Blogon
2011 026 07:33:15,BNologon
2011 026 07:43:30,BUrl
2011 026 11:21:16,BSendEmail
2011 026 11:24:55,BSendEmail
2011 026 11:25:00,BUrl
2011 026 12:27:44,CUrl
2011 026 17:49:17,CSendEmail
2011 026 17:59:02,CUrl
2011 026 18:05:05,DUrl
2011 026 18:12:00,DNologon
2011 027 07:18:00,Blogon
2011 027 07:46:38,BUrl
2011 027 10:04:10,BSendEmail
2011 027 11:15:29,BUrl
2011 027 12:25:40,CUrl
2011 027 12:43:41,CSendEmail
2011 027 12:56:16,CUrl
2011 027 14:15:38,CSendEmail
2011 027 14:16:27,CUrl
2011 027 18:02:50,DUrl
2011 027 18:13:00,DNologon
2011 028 07:16:00,Blogon
2011 028 07:18:40,BUrl
2011 028 13:06:11,CUrl
2011 028 16:56:26,CSendEmail
2011 028 16:56:30,CUrl
2011 028 17:23:01,CSendEmail
2011 028 17:27:57,CSendEmail
2011 028 17:53:49,CUrl
2011 028 18:06:36,DUrl
2011 028 18:14:00,DNologon
2011 031 07:17:00,Blogon
2011 031 07:31:12,BUrl
2011 031 10:27:03,BSendEmail
2011 031 10:36:39,BSendEmail
2011 031 10:37:19,BSendEmail
2011 031 11:00:10,BUrl
2011 031 12:03:43,CUrl
2011 031 13:17:22,Clogon
2011 031 13:18:30,CUrl
2011 031 13:19:18,CNologon
2011 031 13:38:14,CUrl
2011 031 18:15:18,DUrl
2011 031 18:17:00,DNologon
2011 032 07:15:00,Blogon
2011 032 07:18:38,BUrl
2011 032 08:56:07,BSendEmail
2011 032 08:56:57,BSendEmail
2011 032 08:58:54,BSendEmail
2011 032 09:05:15,BUrl
2011 032 13:09:00,CUrl
2011 032 18:13:11,DUrl
2011 032 18:19:00,DNologon
2011 033 07:14:00,Blogon
2011 033 07:15:14,BUrl
2011 033 09:06:00,BSendEmail
2011 033 09:46:37,BUrl
2011 033 09:49:44,BSendEmail
2011 033 09:51:42,Blogon
2011 033 10:01:03,BSendEmail
2011 033 10:15:06,BUrl
2011 033 10:28:55,BNologon
2011 033 11:38:07,BUrl
2011 033 12:02:50,CUrl
2011 033 18:12:25,DUrl
2011 033 18:19:00,DNologon
2011 034 07:19:00,Blogon
2011 034 09:48:07,BUrl
2011 034 12:19:21,CUrl
2011 034 13:29:50,Clogon
2011 034 13:34:49,CNologon
2011 034 13:41:37,CUrl
2011 034 14:34:18,CSendEmail
2011 034 14:38:32,CUrl
2011 034 17:16:13,CSendEmail
2011 034 17:22:25,CSendEmail
2011 034 17:34:23,CUrl
2011 034 18:21:00,DNologon
2011 035 07:13:00,Blogon
2011 035 07:15:26,BUrl
2011 035 12:02:35,CUrl
2011 035 14:28:32,Clogon
2011 035 14:36:42,CNologon
2011 035 15:17:33,CUrl
2011 035 18:00:15,DSendEmail
2011 035 18:00:43,DUrl
2011 035 18:21:00,DSendEmail
2011 035 18:23:21,DSendEmail
2011 035 18:25:00,DNologon
2011 038 07:10:00,Blogon
2011 038 07:11:48,Blogon
2011 038 07:37:31,BUrl
2011 038 07:51:42,BNologon
2011 038 08:04:07,BUrl
2011 038 10:21:16,BSendEmail
2011 038 10:24:17,BUrl
2011 038 10:27:41,BSendEmail
2011 038 10:33:18,BUrl
2011 038 12:13:14,CUrl
2011 038 17:55:16,CSendEmail
2011 038 18:17:00,DNologon
2011 039 07:06:00,Blogon
2011 039 07:08:17,BUrl
2011 039 12:06:19,CUrl
2011 039 12:14:41,CSendEmail
2011 039 12:15:13,CUrl
2011 039 12:15:58,CSendEmail
2011 039 12:17:08,CUrl
2011 039 12:19:49,CSendEmail
2011 039 12:30:18,CUrl
2011 039 18:01:34,DUrl
2011 039 18:18:00,DNologon
2011 040 07:19:00,Blogon
2011 040 07:35:09,BUrl
2011 040 12:12:25,CUrl
2011 040 12:16:26,CSendEmail
2011 040 12:17:04,CUrl
2011 040 15:13:51,CSendEmail
2011 040 15:32:37,CUrl
2011 040 15:42:21,CSendEmail
2011 040 15:46:44,CUrl
2011 040 18:09:59,DUrl
2011 040 18:15:00,DNologon
2011 041 07:09:00,Blogon
2011 041 07:13:11,BUrl
2011 041 08:55:26,BSendEmail
2011 041 09:15:26,BUrl
2011 041 12:43:22,CUrl
2011 041 13:29:20,Clogon
2011 041 13:32:49,CUrl
2011 041 14:12:42,CSendEmail
2011 041 14:24:14,CUrl
2011 041 14:27:48,CNologon
2011 041 14:29:38,CSendEmail
2011 041 15:44:12,CUrl
2011 041 18:15:35,DUrl
2011 041 18:26:00,DNologon
2011 042 07:17:00,Blogon
2011 042 07:41:21,BUrl
2011 042 07:41:48,BSendEmail
2011 042 07:42:59,BUrl
2011 042 07:47:34,BSendEmail
2011 042 07:48:10,BUrl
2011 042 13:02:19,CUrl
2011 042 16:03:04,CSendEmail
2011 042 16:06:44,CUrl
2011 042 18:06:41,DUrl
2011 042 18:11:00,DNologon
2011 045 07:13:00,Blogon
2011 045 07:25:04,BUrl
2011 045 10:16:25,Blogon
2011 045 10:20:24,BUrl
2011 045 10:33:50,BSendEmail
2011 045 10:43:52,BNologon
2011 045 11:05:20,BUrl
2011 045 12:00:56,CUrl
2011 045 16:10:49,CSendEmail
2011 045 16:20:30,CSendEmail
2011 045 17:04:07,CUrl
2011 045 18:01:34,DUrl
2011 045 18:21:00,DNologon
2011 046 07:08:00,Blogon
2011 046 07:44:31,BUrl
2011 046 11:03:10,Blogon
2011 046 11:04:29,BNologon
2011 046 11:26:35,BUrl
2011 046 12:00:12,CUrl
2011 046 16:23:11,CSendEmail
2011 046 16:33:43,CUrl
2011 046 17:10:04,CSendEmail
2011 046 17:10:35,CSendEmail
2011 046 17:18:34,CUrl
2011 046 18:24:08,DUrl
2011 046 18:26:00,DNologon
2011 047 07:19:00,Blogon
2011 047 07:25:37,BUrl
2011 047 12:30:27,CUrl
2011 047 16:40:05,CSendEmail
2011 047 16:40:45,CSendEmail
2011 047 16:46:18,CSendEmail
2011 047 17:23:15,CUrl
2011 047 18:12:00,DNologon
2011 048 07:18:00,Blogon
2011 048 07:28:47,BUrl
2011 048 07:38:46,BSendEmail
2011 048 07:55:48,BUrl
2011 048 09:42:53,BSendEmail
2011 048 10:04:16,BUrl
2011 048 12:10:40,CUrl
2011 048 17:14:47,CSendEmail
2011 048 17:16:52,CUrl
2011 048 18:11:00,DNologon
2011 049 07:05:00,Blogon
2011 049 07:35:54,BUrl
2011 049 10:36:59,BSendEmail
2011 049 10:50:04,BUrl
2011 049 11:18:51,BSendEmail
2011 049 11:26:40,BUrl
2011 049 12:14:34,CUrl
2011 049 18:02:33,DUrl
2011 049 18:11:32,DSendEmail
2011 049 18:17:00,DNologon
2011 052 07:10:00,Blogon
2011 052 07:19:07,BUrl
2011 052 10:16:11,BSendEmail
2011 052 10:19:58,BUrl
2011 052 12:21:43,CUrl
2011 052 16:23:27,CSendEmail
2011 052 16:23:54,CSendEmail
2011 052 17:14:03,CUrl
2011 052 18:13:00,DNologon
2011 053 07:19:00,Blogon
2011 053 07:26:18,BUrl
2011 053 12:19:05,CUrl
2011 053 13:44:10,CSendEmail
2011 053 13:51:05,CUrl
2011 053 14:45:12,CSendEmail
2011 053 15:12:29,CUrl
2011 053 15:32:02,CSendEmail
2011 053 15:37:23,CUrl
2011 053 18:11:00,DNologon
2011 054 07:02:00,Blogon
2011 054 07:24:54,BSendEmail
2011 054 07:32:19,BSendEmail
2011 054 07:33:45,BUrl
2011 054 12:01:44,CUrl
2011 054 18:15:00,DNologon
2011 055 07:14:00,Blogon
2011 055 07:15:01,BUrl
2011 055 08:54:09,BSendEmail
2011 055 08:56:20,BSendEmail
2011 055 08:57:38,BUrl
2011 055 12:11:57,CUrl
2011 055 17:12:29,CSendEmail
2011 055 17:50:37,CUrl
2011 055 18:08:29,DUrl
2011 055 18:15:00,DNologon
2011 056 07:06:00,Blogon
2011 056 07:34:03,BUrl
2011 056 08:00:48,Blogon
2011 056 08:21:35,BNologon
2011 056 08:35:15,BUrl
2011 056 12:00:48,CUrl
2011 056 12:30:31,CSendEmail
2011 056 13:29:43,CUrl
2011 056 14:59:44,CSendEmail
2011 056 15:36:41,CUrl
2011 056 18:30:00,DNologon
2011 059 07:17:00,Blogon
2011 059 07:29:38,BUrl
2011 059 12:00:29,CUrl
2011 059 18:03:19,DSendEmail
2011 059 18:03:49,DSendEmail
2011 059 18:11:33,DSendEmail
2011 059 18:13:00,DNologon
2011 060 07:17:00,Blogon
2011 060 08:05:59,BUrl
2011 060 08:09:18,BSendEmail
2011 060 08:22:02,BSendEmail
2011 060 08:37:28,BUrl
2011 060 08:50:51,BSendEmail
2011 060 08:53:39,BUrl
2011 060 12:02:39,CUrl
2011 060 18:01:50,DUrl
2011 060 18:26:00,DNologon
2011 061 07:18:00,Blogon
2011 061 07:39:59,BUrl
2011 061 10:01:18,BSendEmail
2011 061 11:04:07,BUrl
2011 061 11:24:49,BSendEmail
2011 061 11:26:32,BSendEmail
2011 061 11:34:57,BUrl
2011 061 12:15:00,CUrl
2011 061 18:15:00,DNologon
2011 062 07:15:00,Blogon
2011 062 07:16:30,BUrl
2011 062 07:58:30,BSendEmail
2011 062 08:04:04,BUrl
2011 062 12:05:30,CUrl
2011 062 13:18:09,CSendEmail
2011 062 13:30:17,CUrl
2011 062 18:13:00,DNologon
2011 063 07:14:00,Blogon
2011 063 07:20:24,BUrl
2011 063 07:28:56,BSendEmail
2011 063 07:33:12,BUrl
2011 063 07:36:25,BSendEmail
2011 063 07:58:49,BUrl
2011 063 12:29:48,CUrl
2011 063 13:02:10,CSendEmail
2011 063 13:48:17,CUrl
2011 063 18:22:00,DNologon
2011 066 07:08:00,Blogon
2011 066 07:33:41,BUrl
2011 066 09:22:02,Blogon
2011 066 09:23:05,BNologon
2011 066 11:03:50,BUrl
2011 066 17:07:32,CSendEmail
2011 066 17:15:30,CUrl
2011 066 17:15:53,CSendEmail
2011 066 17:16:08,CUrl
2011 066 17:17:02,CSendEmail
2011 066 17:40:52,CUrl
2011 066 18:17:00,DNologon
2011 067 07:16:00,Blogon
2011 067 07:19:27,BUrl
2011 067 12:08:39,CUrl
2011 067 14:23:28,CSendEmail
2011 067 14:42:55,CUrl
2011 067 15:31:06,CSendEmail
2011 067 16:03:37,CSendEmail
2011 067 16:07:46,CUrl
2011 067 18:09:15,DUrl
2011 067 18:15:00,DNologon
2011 068 07:17:00,Blogon
2011 068 08:10:32,BUrl
2011 068 13:03:56,CUrl
2011 068 14:20:54,CSendEmail
2011 068 14:25:54,CUrl
2011 068 14:54:11,CSendEmail
2011 068 14:56:54,CSendEmail
2011 068 15:07:51,CUrl
2011 068 18:04:57,DUrl
2011 068 18:12:00,DNologon
2011 069 07:13:00,Blogon
2011 069 07:14:08,BUrl
2011 069 09:58:31,BSendEmail
2011 069 10:34:44,BUrl
2011 069 11:11:13,BSendEmail
2011 069 11:24:09,BUrl
2011 069 12:07:24,CSendEmail
2011 069 12:13:49,CUrl
2011 069 18:01:15,DUrl
2011 069 18:11:00,DNologon
2011 070 07:11:00,Blogon
2011 070 07:25:22,BSendEmail
2011 070 07:26:37,BUrl
2011 070 11:25:02,BSendEmail
2011 070 11:26:07,BUrl
2011 070 11:32:21,BSendEmail
2011 070 15:04:35,CUrl
2011 070 18:16:00,DNologon
2011 073 07:15:00,Blogon
2011 073 07:16:14,BUrl
2011 073 10:19:56,BSendEmail
2011 073 10:29:42,BSendEmail
2011 073 10:40:02,BSendEmail
2011 073 11:45:58,BUrl
2011 073 13:04:59,CUrl
2011 073 18:09:44,DUrl
2011 073 18:14:00,DNologon
2011 074 07:14:00,Blogon
2011 074 07:16:44,BSendEmail
2011 074 07:18:17,BSendEmail
2011 074 07:19:51,BUrl
2011 074 07:29:21,BSendEmail
2011 074 07:38:24,BUrl
2011 074 12:01:20,CUrl
2011 074 14:44:17,Clogon
2011 074 14:55:14,CUrl
2011 074 14:59:46,CNologon
2011 074 15:13:30,CUrl
2011 074 18:00:32,DUrl
2011 074 18:18:00,DNologon
2011 075 07:15:00,Blogon
2011 075 08:04:47,BUrl
2011 075 13:21:41,CSendEmail
2011 075 13:37:21,CUrl
2011 075 14:00:13,CSendEmail
2011 075 14:51:00,CUrl
2011 075 15:43:22,CSendEmail
2011 075 16:07:03,CUrl
2011 075 18:06:02,DUrl
2011 075 18:12:00,DNologon
2011 076 07:15:00,Blogon
2011 076 07:17:02,BSendEmail
2011 076 07:35:40,BUrl
2011 076 12:05:14,CUrl
2011 076 12:32:37,Clogon
2011 076 12:33:52,CUrl
2011 076 12:39:23,CNologon
2011 076 13:22:33,CUrl
2011 076 14:33:27,CSendEmail
2011 076 14:36:38,CSendEmail
2011 076 15:43:03,CUrl
2011 076 18:02:08,DUrl
2011 076 18:17:00,DNologon
2011 077 07:16:00,Blogon
2011 077 07:58:51,BUrl
2011 077 12:52:24,CUrl
2011 077 13:59:53,CSendEmail
2011 077 14:00:42,CUrl
2011 077 14:45:05,CSendEmail
2011 077 14:57:43,CUrl
2011 077 16:35:37,CSendEmail
2011 077 17:37:53,CUrl
2011 077 18:15:26,DUrl
2011 077 18:18:00,DNologon
2011 080 07:15:00,Blogon
2011 080 07:30:35,BUrl
2011 080 09:33:01,BSendEmail
2011 080 09:33:06,BUrl
2011 080 12:21:23,CUrl
2011 080 13:56:54,CSendEmail
2011 080 13:57:06,CUrl
2011 080 13:57:07,CSendEmail
2011 080 14:40:39,CUrl
2011 080 18:06:00,DUrl
2011 080 18:14:00,DNologon
2011 081 07:10:00,Blogon
2011 081 07:22:40,BUrl
2011 081 12:26:33,CUrl
2011 081 13:02:06,CSendEmail
2011 081 13:03:28,CUrl
2011 081 13:12:33,CSendEmail
2011 081 13:28:18,CUrl
2011 081 17:33:32,CSendEmail
2011 081 17:36:22,CUrl
2011 081 18:13:00,DNologon
2011 082 07:16:00,Blogon
2011 082 07:18:03,BUrl
2011 082 07:27:24,Blogon
2011 082 08:12:36,BNologon
2011 082 08:13:06,BUrl
2011 082 10:57:13,BSendEmail
2011 082 11:32:34,BSendEmail
2011 082 11:40:14,BUrl
2011 082 12:56:05,CUrl
2011 082 13:28:19,CSendEmail
2011 082 13:54:58,CUrl
2011 082 18:01:22,DUrl
2011 082 18:20:00,DNologon
2011 083 07:18:00,Blogon
2011 083 07:19:16,BUrl
2011 083 09:06:32,BSendEmail
2011 083 09:07:21,BUrl
2011 083 09:09:47,BSendEmail
2011 083 09:10:31,BSendEmail
2011 083 10:12:41,BUrl
2011 083 12:38:03,CUrl
2011 083 18:25:00,DNologon
2011 084 07:13:00,Blogon
2011 084 07:39:13,BUrl
2011 084 08:00:17,BSendEmail
2011 084 08:42:29,BSendEmail
2011 084 09:03:08,BUrl
2011 084 09:51:43,BSendEmail
2011 084 10:02:32,BUrl
2011 084 12:41:49,CUrl
2011 084 18:11:00,DNologon
2011 087 07:08:00,Blogon
2011 087 08:17:46,BUrl
2011 087 12:00:09,CUrl
2011 087 12:11:04,CSendEmail
2011 087 12:14:46,CUrl
2011 087 12:21:13,CSendEmail
2011 087 12:30:37,CSendEmail
2011 087 12:41:43,CUrl
2011 087 14:49:11,Clogon
2011 087 14:52:09,CNologon
2011 087 15:19:27,CUrl
2011 087 18:14:45,DUrl
2011 087 18:25:00,DNologon
2011 088 07:06:00,Blogon
2011 088 07:14:54,BUrl
2011 088 10:04:16,Blogon
2011 088 10:05:30,BNologon
2011 088 10:36:42,BUrl
2011 088 12:09:33,CUrl
2011 088 14:16:47,CSendEmail
2011 088 14:20:09,CUrl
2011 088 14:30:50,CSendEmail
2011 088 14:43:16,CSendEmail
2011 088 14:45:21,CUrl
2011 088 18:15:00,DNologon
2011 089 07:08:00,Blogon
2011 089 07:10:36,BSendEmail
2011 089 07:17:15,BSendEmail
2011 089 07:25:01,BUrl
2011 089 07:27:26,BSendEmail
2011 089 07:36:28,BUrl
2011 089 12:31:51,CUrl
2011 089 18:06:25,DUrl
2011 089 18:07:42,Dlogon
2011 089 18:08:48,DNologon
2011 089 18:22:17,DUrl
2011 089 18:29:00,DNologon
2011 090 07:15:00,Blogon
2011 090 07:21:51,BSendEmail
2011 090 07:26:07,BUrl
2011 090 12:03:04,CUrl
2011 090 15:44:43,CSendEmail
2011 090 15:52:47,CSendEmail
2011 090 16:10:52,CUrl
2011 090 18:05:45,DUrl
2011 090 18:15:00,DNologon
2011 091 07:16:00,Blogon
2011 091 07:20:41,BUrl
2011 091 10:38:50,BSendEmail
2011 091 10:41:46,BUrl
2011 091 10:44:06,BSendEmail
2011 091 11:14:21,BUrl
2011 091 11:29:01,BSendEmail
2011 091 11:43:30,BUrl
2011 091 12:06:25,CUrl
2011 091 18:07:18,DUrl
2011 091 18:11:00,DNologon
2011 094 07:07:00,Blogon
2011 094 07:20:15,BUrl
2011 094 12:59:08,CUrl
2011 094 13:30:07,Clogon
2011 094 13:30:23,CUrl
2011 094 13:37:21,CNologon
2011 094 14:04:36,CUrl
2011 094 15:51:42,CSendEmail
2011 094 15:51:44,CSendEmail
2011 094 15:51:53,CSendEmail
2011 094 16:03:50,CUrl
2011 094 18:08:58,DUrl
2011 094 18:11:00,DNologon
2011 095 07:04:00,Blogon
2011 095 07:06:10,BUrl
2011 095 09:10:15,BSendEmail
2011 095 09:15:18,BSendEmail
2011 095 09:25:27,BUrl
2011 095 11:15:15,BSendEmail
2011 095 11:20:35,BUrl
2011 095 13:03:56,CUrl
2011 095 14:40:37,Clogon
2011 095 14:51:41,CNologon
2011 095 14:57:58,CUrl
2011 095 18:16:28,DUrl
2011 095 18:22:00,DNologon
2011 096 07:00:00,Blogon
2011 096 07:04:40,BUrl
2011 096 09:09:35,Blogon
2011 096 09:19:48,BUrl
2011 096 09:26:24,BNologon
2011 096 09:55:44,BUrl
2011 096 12:19:49,CUrl
2011 096 16:31:15,CSendEmail
2011 096 16:58:40,CUrl
2011 096 17:19:22,CSendEmail
2011 096 17:27:45,CSendEmail
2011 096 17:37:48,CUrl
2011 096 18:15:00,DNologon
2011 097 07:03:00,Blogon
2011 097 07:06:19,BUrl
2011 097 12:20:20,CUrl
2011 097 14:35:26,CSendEmail
2011 097 14:35:48,CUrl
2011 097 14:47:03,CSendEmail
2011 097 14:54:17,CUrl
2011 097 18:01:58,DSendEmail
2011 097 18:09:58,DUrl
2011 097 18:22:00,DNologon
2011 098 07:15:00,Blogon
2011 098 07:17:43,BUrl
2011 098 10:14:41,BSendEmail
2011 098 10:17:56,BUrl
2011 098 10:26:53,BSendEmail
2011 098 10:30:45,BSendEmail
2011 098 11:27:39,BUrl
2011 098 12:09:59,CUrl
2011 098 18:06:14,DUrl
2011 098 18:14:00,DNologon
2011 101 07:16:00,Blogon
2011 101 07:28:53,BUrl
2011 101 08:21:37,BSendEmail
2011 101 08:22:15,BUrl
2011 101 08:26:33,BSendEmail
2011 101 08:52:43,BUrl
2011 101 09:08:21,BSendEmail
2011 101 09:15:32,BUrl
2011 101 14:25:07,CUrl
2011 101 18:08:34,DUrl
2011 101 18:13:00,DNologon
2011 102 07:19:00,Blogon
2011 102 07:28:14,BUrl
2011 102 11:44:56,BSendEmail
2011 102 11:53:51,BSendEmail
2011 102 12:08:46,CUrl
2011 102 16:52:39,CSendEmail
2011 102 17:13:10,CUrl
2011 102 18:11:50,DUrl
2011 102 18:14:00,DNologon
2011 103 07:17:00,Blogon
2011 103 07:19:03,BUrl
2011 103 13:12:38,CUrl
2011 103 15:48:19,CSendEmail
2011 103 16:05:36,CUrl
2011 103 17:22:30,CSendEmail
2011 103 17:34:15,CSendEmail
2011 103 17:39:02,CUrl
2011 103 18:07:22,DUrl
2011 103 18:23:00,DNologon
2011 104 07:03:00,Blogon
2011 104 07:17:49,BUrl
2011 104 12:15:48,CUrl
2011 104 14:51:05,CSendEmail
2011 104 14:58:50,CSendEmail
2011 104 15:09:20,CUrl
2011 104 16:28:00,CSendEmail
2011 104 16:34:54,CUrl
2011 104 18:02:20,DUrl
2011 104 18:11:00,DNologon
2011 105 07:16:00,Blogon
2011 105 07:32:16,BUrl
2011 105 12:35:44,CUrl
2011 105 13:44:24,CSendEmail
2011 105 13:44:35,CSendEmail
2011 105 13:47:10,CUrl
2011 105 13:48:37,CSendEmail
2011 105 13:49:31,CUrl
2011 105 18:14:00,DNologon
2011 108 07:03:00,Blogon
2011 108 07:34:58,BUrl
2011 108 09:35:40,BSendEmail
2011 108 09:56:38,BUrl
2011 108 10:38:41,BSendEmail
2011 108 11:07:46,BUrl
2011 108 11:42:42,BSendEmail
2011 108 12:03:02,CUrl
2011 108 18:09:52,DUrl
2011 108 18:25:00,DNologon
2011 109 07:18:00,Blogon
2011 109 07:19:47,BUrl
2011 109 10:40:51,BSendEmail
2011 109 11:29:40,BUrl
2011 109 12:15:01,CUrl
2011 109 13:53:18,CSendEmail
2011 109 14:11:09,CUrl
2011 109 14:12:15,CSendEmail
2011 109 14:19:23,CUrl
2011 109 18:07:28,DUrl
2011 109 18:11:00,DNologon
2011 110 07:02:00,Blogon
2011 110 07:48:39,BUrl
2011 110 09:28:49,BSendEmail
2011 110 09:44:25,BUrl
2011 110 09:53:03,BSendEmail
2011 110 10:19:02,BSendEmail
2011 110 12:02:34,CUrl
2011 110 18:19:00,DNologon
2011 111 07:16:00,Blogon
2011 111 07:22:41,BUrl
2011 111 12:04:34,CUrl
2011 111 18:06:08,DSendEmail
2011 111 18:07:23,DSendEmail
2011 111 18:07:33,DSendEmail
2011 111 18:12:00,DNologon
2011 115 07:17:00,Blogon
2011 115 08:08:20,BUrl
2011 115 12:01:43,CUrl
2011 115 12:02:29,CSendEmail
2011 115 12:02:43,CUrl
2011 115 12:03:44,CSendEmail
2011 115 12:04:15,CSendEmail
2011 115 12:40:17,CUrl
2011 115 18:04:55,DUrl
2011 115 18:15:00,DNologon
2011 116 07:02:00,Blogon
2011 116 07:06:48,BUrl
2011 116 12:51:28,CUrl
2011 116 12:53:26,CSendEmail
2011 116 12:55:39,CSendEmail
2011 116 12:56:22,CUrl
2011 116 13:31:29,CSendEmail
2011 116 13:33:41,CUrl
2011 116 17:58:08,Clogon
2011 116 18:13:02,DNologon
2011 116 18:15:09,DUrl
2011 116 18:17:00,DNologon
2011 117 07:09:00,Blogon
2011 117 07:28:15,BUrl
2011 117 11:17:54,BSendEmail
2011 117 11:29:08,BUrl
2011 117 12:28:34,CUrl
2011 117 17:02:15,CSendEmail
2011 117 17:04:07,CUrl
2011 117 17:06:29,CSendEmail
2011 117 17:32:24,CUrl
2011 117 18:00:39,DUrl
2011 117 18:11:00,DNologon
2011 118 07:08:00,Blogon
2011 118 07:23:11,BUrl
2011 118 12:44:04,CUrl
2011 118 13:52:47,CSendEmail
2011 118 13:53:28,CUrl
2011 118 13:58:59,CSendEmail
2011 118 14:00:01,CUrl
2011 118 16:16:17,CSendEmail
2011 118 16:29:47,CUrl
2011 118 18:16:53,DUrl
2011 118 18:22:00,DNologon
2011 119 07:06:00,Blogon
2011 119 07:46:09,BUrl
2011 119 12:07:07,CUrl
2011 119 14:55:47,CSendEmail
2011 119 14:57:24,CSendEmail
2011 119 15:06:02,CUrl
2011 119 15:11:52,CSendEmail
2011 119 15:24:23,CUrl
2011 119 18:13:00,DNologon
2011 122 07:15:00,Blogon
2011 122 07:25:00,BUrl
2011 122 07:36:12,BSendEmail
2011 122 08:03:08,BUrl
2011 122 12:23:00,CUrl
2011 122 17:43:34,CSendEmail
2011 122 17:44:06,CSendEmail
2011 122 17:54:12,CUrl
2011 122 18:03:54,DUrl
2011 122 18:15:00,DNologon
2011 123 07:10:00,Blogon
2011 123 07:19:27,BUrl
2011 123 11:05:23,BSendEmail
2011 123 11:57:16,BUrl
2011 123 12:14:29,CUrl
2011 123 16:23:16,CSendEmail
2011 123 16:25:40,CUrl
2011 123 16:49:38,CSendEmail
2011 123 18:03:03,DUrl
2011 123 18:26:00,DNologon
2011 124 07:06:00,Blogon
2011 124 07:10:28,BUrl
2011 124 08:51:28,BSendEmail
2011 124 09:32:24,BUrl
2011 124 10:27:02,Blogon
2011 124 10:44:27,BUrl
2011 124 11:04:41,BNologon
2011 124 11:07:07,BUrl
2011 124 12:39:51,CUrl
2011 124 15:41:46,CSendEmail
2011 124 15:45:31,CUrl
2011 124 17:02:00,CSendEmail
2011 124 17:19:08,CUrl
2011 124 18:15:13,DUrl
2011 124 18:21:00,DNologon
2011 125 07:03:00,Blogon
2011 125 07:07:38,BUrl
2011 125 10:31:25,Blogon
2011 125 10:33:32,BNologon
2011 125 11:18:15,BUrl
2011 125 12:03:07,CSendEmail
2011 125 12:04:32,CUrl
2011 125 15:53:35,CSendEmail
2011 125 15:57:09,CUrl
2011 125 16:18:57,CSendEmail
2011 125 17:41:24,CUrl
2011 125 18:02:43,DUrl
2011 125 18:18:00,DNologon
2011 126 07:16:00,Blogon
2011 126 07:28:27,BUrl
2011 126 07:45:36,BSendEmail
2011 126 07:59:56,BUrl
2011 126 12:00:44,CUrl
2011 126 15:33:53,CSendEmail
2011 126 15:34:16,CUrl
2011 126 15:36:03,CSendEmail
2011 126 15:50:16,CUrl
2011 126 18:11:00,DNologon
2011 129 07:19:00,Blogon
2011 129 07:20:13,BUrl
2011 129 12:02:32,CUrl
2011 129 16:44:00,CSendEmail
2011 129 16:59:15,CSendEmail
2011 129 17:01:15,CSendEmail
2011 129 17:20:54,CUrl
2011 129 18:15:00,DNologon
2011 130 07:11:00,Blogon
2011 130 07:37:50,BUrl
2011 130 12:50:34,CUrl
2011 130 13:26:47,CSendEmail
2011 130 13:28:46,CSendEmail
2011 130 14:05:39,CUrl
2011 130 17:41:27,CSendEmail
2011 130 17:53:27,CUrl
2011 130 18:08:35,DUrl
2011 130 18:25:00,DNologon
2011 131 07:02:00,Blogon
2011 131 08:11:14,BUrl
2011 131 10:18:27,BSendEmail
2011 131 10:19:56,BSendEmail
2011 131 10:20:13,BSendEmail
2011 131 10:39:10,BUrl
2011 131 12:00:21,CUrl
2011 131 18:02:10,DUrl
2011 131 18:11:00,DNologon
2011 132 07:00:00,Blogon
2011 132 07:50:48,BUrl
2011 132 09:29:48,Blogon
2011 132 09:35:55,BUrl
2011 132 10:26:46,BNologon
2011 132 10:55:58,BUrl
2011 132 12:15:14,CUrl
2011 132 16:34:37,CSendEmail
2011 132 16:59:53,CUrl
2011 132 17:26:55,CSendEmail
2011 132 17:33:02,CUrl
2011 132 17:46:19,CSendEmail
2011 132 17:55:40,CUrl
2011 132 18:12:00,DNologon
2011 133 07:06:00,Blogon
2011 133 07:16:32,BUrl
2011 133 10:44:20,BSendEmail
2011 133 10:45:49,BUrl
2011 133 13:11:46,CUrl
2011 133 13:55:58,CSendEmail
2011 133 14:01:05,CUrl
2011 133 17:06:53,CSendEmail
2011 133 17:25:15,CUrl
2011 133 18:05:09,DUrl
2011 133 18:20:00,DNologon
2011 136 07:11:00,Blogon
2011 136 07:17:35,BUrl
2011 136 07:49:08,BSendEmail
2011 136 07:54:10,BSendEmail
2011 136 08:28:33,BUrl
2011 136 13:03:21,CUrl
2011 136 17:00:51,CSendEmail
2011 136 17:01:06,CUrl
2011 136 18:13:00,DNologon
