2010 004 08:48:00,Blogon
2010 004 09:35:01,BUrl
2010 004 13:47:59,CUrl
2010 004 15:41:47,CSendEmail
2010 004 16:08:50,CUrl
2010 004 18:02:00,DNologon
2010 005 09:11:00,Blogon
2010 005 09:14:17,BUrl
2010 005 11:30:56,BSendEmail
2010 005 11:31:07,BUrl
2010 005 12:19:44,CUrl
2010 005 17:49:00,CNologon
2010 006 09:10:00,Blogon
2010 006 09:31:23,BUrl
2010 006 10:52:06,BSendEmail
2010 006 12:54:22,CUrl
2010 006 17:55:00,CNologon
2010 007 09:00:00,Blogon
2010 007 09:20:30,BUrl
2010 007 10:06:16,BSendEmail
2010 007 10:06:45,BUrl
2010 007 13:11:12,CUrl
2010 007 17:55:00,CNologon
2010 008 09:00:00,Blogon
2010 008 09:08:22,BUrl
2010 008 13:02:02,CUrl
2010 008 17:27:31,CSendEmail
2010 008 17:51:19,CUrl
2010 008 18:10:00,DNologon
2010 011 08:54:00,Blogon
2010 011 09:24:39,BUrl
2010 011 11:22:01,BSendEmail
2010 011 11:59:40,BUrl
2010 011 14:33:52,CUrl
2010 011 18:02:00,DNologon
2010 012 08:57:00,Blogon
2010 012 09:12:54,BUrl
2010 012 12:52:31,CSendEmail
2010 012 13:44:12,CUrl
2010 012 18:13:00,DNologon
2010 013 09:05:00,Blogon
2010 013 09:20:00,BUrl
2010 013 12:06:24,CUrl
2010 013 17:00:14,CSendEmail
2010 013 17:25:45,CUrl
2010 013 17:57:00,CNologon
2010 014 08:55:00,Blogon
2010 014 09:11:15,BUrl
2010 014 10:56:51,BSendEmail
2010 014 11:33:39,BUrl
2010 014 12:45:39,CUrl
2010 014 18:03:00,DNologon
2010 015 09:08:00,Blogon
2010 015 09:26:25,BUrl
2010 015 13:07:19,CUrl
2010 015 17:36:40,CSendEmail
2010 015 17:52:00,CNologon
2010 018 08:51:00,Blogon
2010 018 08:52:57,BUrl
2010 018 12:09:28,CUrl
2010 018 17:51:00,CNologon
2010 019 08:49:00,Blogon
2010 019 09:18:19,BUrl
2010 019 14:15:52,CUrl
2010 019 18:10:00,DNologon
2010 020 08:54:00,Blogon
2010 020 08:57:02,BUrl
2010 020 10:51:37,BSendEmail
2010 020 10:59:05,BUrl
2010 020 14:49:35,CUrl
2010 020 17:50:00,CNologon
2010 021 09:10:00,Blogon
2010 021 09:20:04,BUrl
2010 021 12:22:31,CUrl
2010 021 14:11:27,CSendEmail
2010 021 14:58:25,CUrl
2010 021 17:59:00,CNologon
2010 022 08:51:00,Blogon
2010 022 08:52:26,BUrl
2010 022 12:12:19,CSendEmail
2010 022 13:03:21,CUrl
2010 022 18:00:00,DNologon
2010 025 08:59:00,Blogon
2010 025 09:52:59,BUrl
2010 025 12:13:32,CUrl
2010 025 14:35:12,CSendEmail
2010 025 16:33:47,CUrl
2010 025 18:03:00,DNologon
2010 026 08:57:00,Blogon
2010 026 09:26:16,BUrl
2010 026 12:38:40,CUrl
2010 026 17:46:09,CSendEmail
2010 026 18:01:58,DUrl
2010 026 18:10:00,DNologon
2010 027 08:52:00,Blogon
2010 027 09:02:57,BUrl
2010 027 11:55:32,BSendEmail
2010 027 12:10:40,CUrl
2010 027 18:03:00,DNologon
2010 028 08:59:00,Blogon
2010 028 09:13:39,BUrl
2010 028 13:18:28,CUrl
2010 028 14:23:51,CSendEmail
2010 028 14:48:23,CUrl
2010 028 17:57:00,CNologon
2010 029 09:01:00,Blogon
2010 029 09:10:08,BUrl
2010 029 12:20:51,CUrl
2010 029 13:16:32,CSendEmail
2010 029 15:22:44,CUrl
2010 029 17:53:00,CNologon
2010 032 09:02:00,Blogon
2010 032 09:24:07,BUrl
2010 032 12:26:10,CSendEmail
2010 032 12:40:07,CUrl
2010 032 18:00:00,DNologon
2010 033 09:12:00,Blogon
2010 033 11:39:25,BUrl
2010 033 12:22:08,CUrl
2010 033 13:20:13,CSendEmail
2010 033 13:50:10,CUrl
2010 033 17:51:00,CNologon
2010 034 09:12:00,Blogon
2010 034 10:03:58,BUrl
2010 034 14:24:12,CSendEmail
2010 034 14:55:11,CUrl
2010 034 17:51:00,CNologon
2010 035 09:04:00,Blogon
2010 035 09:21:05,BUrl
2010 035 12:47:03,CUrl
2010 035 13:43:01,CSendEmail
2010 035 13:59:34,CUrl
2010 035 17:55:00,CNologon
2010 036 09:12:00,Blogon
2010 036 09:44:22,BUrl
2010 036 12:01:36,CSendEmail
2010 036 12:55:09,CUrl
2010 036 17:52:00,CNologon
2010 039 09:12:00,Blogon
2010 039 09:37:42,BUrl
2010 039 12:25:36,CSendEmail
2010 039 13:25:48,CUrl
2010 039 17:59:00,CNologon
2010 040 09:10:00,Blogon
2010 040 09:11:28,BUrl
2010 040 14:38:57,CUrl
2010 040 14:57:49,CSendEmail
2010 040 15:07:18,CUrl
2010 040 17:50:00,CNologon
2010 041 09:09:00,Blogon
2010 041 09:12:52,BUrl
2010 041 12:36:04,CUrl
2010 041 17:24:49,CSendEmail
2010 041 17:40:49,CUrl
2010 041 17:53:00,CNologon
2010 042 09:03:00,Blogon
2010 042 09:22:07,BUrl
2010 042 12:57:53,CUrl
2010 042 15:53:06,CSendEmail
2010 042 16:17:31,CUrl
2010 042 17:49:00,CNologon
2010 043 09:03:00,Blogon
2010 043 09:44:27,BUrl
2010 043 12:24:27,CUrl
2010 043 14:56:35,CSendEmail
2010 043 15:54:30,CUrl
2010 043 17:51:00,CNologon
2010 046 08:57:00,Blogon
2010 046 08:58:45,BUrl
2010 046 12:11:58,CSendEmail
2010 046 12:44:53,CUrl
2010 046 18:04:00,DNologon
2010 047 09:00:00,Blogon
2010 047 10:02:51,BUrl
2010 047 12:48:26,CSendEmail
2010 047 12:53:28,CUrl
2010 047 17:55:00,CNologon
2010 048 08:53:00,Blogon
2010 048 10:25:24,BUrl
2010 048 12:29:47,CUrl
2010 048 13:54:02,CSendEmail
2010 048 13:59:22,CUrl
2010 048 18:13:00,DNologon
2010 049 09:01:00,Blogon
2010 049 09:06:01,BUrl
2010 049 12:25:11,CUrl
2010 049 14:32:34,CSendEmail
2010 049 14:42:04,CUrl
2010 049 17:50:00,CNologon
2010 050 08:49:00,Blogon
2010 050 09:02:40,BUrl
2010 050 14:09:03,CUrl
2010 050 17:06:32,CSendEmail
2010 050 17:50:05,CUrl
2010 050 18:01:00,DNologon
2010 053 08:54:00,Blogon
2010 053 10:07:25,BSendEmail
2010 053 10:24:04,BUrl
2010 053 18:12:00,DNologon
2010 054 08:50:00,Blogon
2010 054 08:59:24,BUrl
2010 054 10:48:18,BSendEmail
2010 054 12:59:23,CUrl
2010 054 17:48:00,CNologon
2010 055 09:06:00,Blogon
2010 055 09:09:17,BUrl
2010 055 10:57:48,BSendEmail
2010 055 10:59:17,BUrl
2010 055 12:27:03,CUrl
2010 055 17:54:00,CNologon
2010 056 09:11:00,Blogon
2010 056 10:50:44,BUrl
2010 056 12:02:42,CUrl
2010 056 15:24:51,CSendEmail
2010 056 16:23:06,CUrl
2010 056 17:48:00,CNologon
2010 057 08:56:00,Blogon
2010 057 08:57:47,BUrl
2010 057 12:11:09,CUrl
2010 057 16:03:44,CSendEmail
2010 057 17:37:11,CUrl
2010 057 18:01:00,DNologon
2010 060 08:58:00,Blogon
2010 060 09:21:01,BUrl
2010 060 14:52:09,CUrl
2010 060 16:22:01,CSendEmail
2010 060 17:39:45,CUrl
2010 060 18:10:00,DNologon
2010 061 09:10:00,Blogon
2010 061 11:43:19,BUrl
2010 061 13:03:27,CUrl
2010 061 17:45:59,CSendEmail
2010 061 17:52:00,CNologon
2010 062 09:04:00,Blogon
2010 062 09:16:30,BUrl
2010 062 09:28:48,BSendEmail
2010 062 09:37:56,BUrl
2010 062 13:50:14,CUrl
2010 062 17:51:00,CNologon
2010 063 09:00:00,Blogon
2010 063 09:16:21,BUrl
2010 063 12:39:34,CUrl
2010 063 14:09:11,CSendEmail
2010 063 17:11:04,CUrl
2010 063 18:01:00,DNologon
2010 064 09:11:00,Blogon
2010 064 09:15:45,BUrl
2010 064 10:26:00,BSendEmail
2010 064 12:23:18,CUrl
2010 064 17:55:00,CNologon
2010 067 09:03:00,Blogon
2010 067 09:17:13,BUrl
2010 067 12:58:02,CUrl
2010 067 14:17:13,CSendEmail
2010 067 15:00:41,CUrl
2010 067 17:57:00,CNologon
2010 068 08:45:00,Blogon
2010 068 08:53:13,BUrl
2010 068 12:19:00,CUrl
2010 068 14:00:01,CSendEmail
2010 068 17:01:23,CUrl
2010 068 18:02:00,DNologon
2010 069 08:55:00,Blogon
2010 069 09:02:40,BUrl
2010 069 14:22:48,CUrl
2010 069 14:57:07,CSendEmail
2010 069 15:04:53,CUrl
2010 069 18:06:50,DUrl
2010 069 18:15:00,DNologon
2010 070 08:54:00,Blogon
2010 070 09:02:23,BUrl
2010 070 14:08:30,CUrl
2010 070 15:34:30,CSendEmail
2010 070 16:08:55,CUrl
2010 070 18:00:27,DUrl
2010 070 18:05:00,DNologon
2010 071 08:56:00,Blogon
2010 071 09:01:01,BUrl
2010 071 13:09:13,CUrl
2010 071 15:12:40,CSendEmail
2010 071 15:19:40,CUrl
2010 071 18:02:13,DUrl
2010 071 18:08:00,DNologon
2010 074 08:55:00,Blogon
2010 074 10:22:26,BUrl
2010 074 12:17:09,CUrl
2010 074 14:36:47,CSendEmail
2010 074 16:07:24,CUrl
2010 074 18:07:00,DNologon
2010 075 08:46:00,Blogon
2010 075 08:52:34,BUrl
2010 075 13:27:10,CUrl
2010 075 14:11:10,CSendEmail
2010 075 15:38:40,CUrl
2010 075 18:11:19,DUrl
2010 075 18:14:00,DNologon
2010 076 09:08:00,Blogon
2010 076 09:11:11,BUrl
2010 076 11:38:38,BSendEmail
2010 076 11:41:31,BUrl
2010 076 12:40:49,CUrl
2010 076 17:53:00,CNologon
2010 077 08:52:00,Blogon
2010 077 09:05:08,BSendEmail
2010 077 09:55:41,BUrl
2010 077 14:16:11,CUrl
2010 077 18:07:00,DNologon
2010 078 09:00:00,Blogon
2010 078 09:32:37,BUrl
2010 078 12:21:10,CUrl
2010 078 15:24:40,CSendEmail
2010 078 15:26:16,CUrl
2010 078 17:51:00,CNologon
2010 081 08:49:00,Blogon
2010 081 08:51:01,BUrl
2010 081 12:58:09,CUrl
2010 081 17:41:50,CSendEmail
2010 081 18:10:00,DNologon
2010 082 08:56:00,Blogon
2010 082 09:01:18,BUrl
2010 082 15:21:23,CUrl
2010 082 17:23:47,CSendEmail
2010 082 18:05:00,DNologon
2010 083 08:48:00,Blogon
2010 083 09:28:39,BUrl
2010 083 13:02:00,CUrl
2010 083 15:03:24,CSendEmail
2010 083 15:50:28,CUrl
2010 083 18:15:00,DNologon
2010 084 09:06:00,Blogon
2010 084 11:47:26,BUrl
2010 084 13:23:09,CUrl
2010 084 14:01:06,CSendEmail
2010 084 16:15:42,CUrl
2010 084 17:48:00,CNologon
2010 085 08:49:00,Blogon
2010 085 09:32:21,BUrl
2010 085 12:46:11,CUrl
2010 085 13:21:34,CSendEmail
2010 085 14:41:38,CUrl
2010 085 18:12:00,DNologon
2010 088 08:57:00,Blogon
2010 088 09:02:54,BUrl
2010 088 13:50:08,CUrl
2010 088 13:59:41,CSendEmail
2010 088 14:08:41,CUrl
2010 088 18:08:19,DUrl
2010 088 18:13:00,DNologon
2010 089 09:09:00,Blogon
2010 089 09:10:05,BUrl
2010 089 12:01:51,CUrl
2010 089 13:51:39,CSendEmail
2010 089 14:31:58,CUrl
2010 089 17:48:00,CNologon
2010 090 09:00:00,Blogon
2010 090 09:05:27,BUrl
2010 090 12:37:34,CUrl
2010 090 17:24:38,CSendEmail
2010 090 17:31:17,CUrl
2010 090 18:13:00,DNologon
2010 091 08:53:00,Blogon
2010 091 09:27:30,BUrl
2010 091 12:00:35,CUrl
2010 091 15:22:33,CSendEmail
2010 091 16:30:42,CUrl
2010 091 18:04:00,DNologon
2010 095 08:54:00,Blogon
2010 095 09:05:51,BUrl
2010 095 11:32:44,BSendEmail
2010 095 12:24:23,CUrl
2010 095 18:06:08,DUrl
2010 095 18:14:00,DNologon
2010 096 09:00:00,Blogon
2010 096 09:23:03,BUrl
2010 096 12:43:08,CUrl
2010 096 13:19:21,CSendEmail
2010 096 15:02:07,CUrl
2010 096 18:03:38,DUrl
2010 096 18:05:00,DNologon
2010 097 08:50:00,Blogon
2010 097 09:26:26,BUrl
2010 097 11:13:25,BSendEmail
2010 097 13:02:50,CUrl
2010 097 18:15:00,DNologon
2010 098 09:10:00,Blogon
2010 098 10:19:42,BUrl
2010 098 12:03:52,CSendEmail
2010 098 12:27:43,CUrl
2010 098 17:54:00,CNologon
2010 099 09:11:00,Blogon
2010 099 09:13:04,BUrl
2010 099 12:54:23,CUrl
2010 099 15:21:18,CSendEmail
2010 099 15:32:13,CUrl
2010 099 17:52:00,CNologon
2010 102 08:55:00,Blogon
2010 102 09:09:15,BSendEmail
2010 102 10:08:27,BUrl
2010 102 13:02:51,CUrl
2010 102 18:01:30,DUrl
2010 102 18:11:00,DNologon
2010 103 08:48:00,Blogon
2010 103 08:55:13,BUrl
2010 103 10:21:34,BSendEmail
2010 103 12:19:54,CUrl
2010 103 18:04:00,DNologon
2010 104 08:46:00,Blogon
2010 104 08:58:36,BUrl
2010 104 14:32:55,CUrl
2010 104 15:53:14,CSendEmail
2010 104 16:11:43,CUrl
2010 104 18:00:00,DNologon
2010 105 09:04:00,Blogon
2010 105 09:16:59,BUrl
2010 105 12:34:19,CUrl
2010 105 16:09:41,CSendEmail
2010 105 17:43:09,CUrl
2010 105 17:57:00,CNologon
2010 106 08:46:00,Blogon
2010 106 08:49:28,BUrl
2010 106 12:22:44,CUrl
2010 106 12:43:20,CSendEmail
2010 106 13:41:20,CUrl
2010 106 17:59:00,CNologon
2010 109 08:57:00,Blogon
2010 109 09:28:51,BUrl
2010 109 11:30:47,BSendEmail
2010 109 11:52:21,BUrl
2010 109 12:33:49,CUrl
2010 109 18:05:10,DUrl
2010 109 18:14:00,DNologon
2010 110 09:10:00,Blogon
2010 110 09:14:55,BUrl
2010 110 12:09:37,CSendEmail
2010 110 13:48:49,CUrl
2010 110 17:48:00,CNologon
2010 111 08:59:00,Blogon
2010 111 09:27:07,BUrl
2010 111 10:07:52,BSendEmail
2010 111 10:17:43,BUrl
2010 111 15:03:05,CUrl
2010 111 18:03:07,DUrl
2010 111 18:13:00,DNologon
2010 112 08:58:00,Blogon
2010 112 10:02:43,BUrl
2010 112 13:13:52,CUrl
2010 112 17:12:56,CSendEmail
2010 112 17:18:59,CUrl
2010 112 18:02:00,DNologon
2010 113 09:01:00,Blogon
2010 113 09:13:34,BUrl
2010 113 12:47:42,CSendEmail
2010 113 13:05:08,CUrl
2010 113 17:49:00,CNologon
2010 116 09:05:00,Blogon
2010 116 11:02:47,BUrl
2010 116 12:02:03,CUrl
2010 116 15:56:57,CSendEmail
2010 116 17:27:33,CUrl
2010 116 17:50:00,CNologon
2010 117 09:04:00,Blogon
2010 117 09:29:35,BUrl
2010 117 12:15:43,CUrl
2010 117 18:01:00,DNologon
2010 118 08:45:00,Blogon
2010 118 09:00:03,BUrl
2010 118 12:02:23,CUrl
2010 118 15:35:28,CSendEmail
2010 118 16:31:12,CUrl
2010 118 18:04:03,DUrl
2010 118 18:10:00,DNologon
2010 119 09:07:00,Blogon
2010 119 09:38:03,BUrl
2010 119 12:01:06,CUrl
2010 119 14:45:34,CSendEmail
2010 119 15:22:36,CUrl
2010 119 17:59:00,CNologon
2010 120 08:45:00,Blogon
2010 120 08:52:49,BUrl
2010 120 12:02:11,CUrl
2010 120 15:40:11,CSendEmail
2010 120 15:44:59,CUrl
2010 120 18:02:00,DNologon
2010 123 09:12:00,Blogon
2010 123 09:57:01,BUrl
2010 123 12:48:33,CSendEmail
2010 123 13:41:59,CUrl
2010 123 17:54:00,CNologon
2010 124 08:49:00,Blogon
2010 124 09:07:22,BUrl
2010 124 12:21:52,CUrl
2010 124 13:59:24,CSendEmail
2010 124 15:30:06,CUrl
2010 124 17:58:00,CNologon
2010 125 09:02:00,Blogon
2010 125 09:28:20,BUrl
2010 125 10:59:51,BSendEmail
2010 125 11:15:05,BUrl
2010 125 12:20:06,CUrl
2010 125 17:55:00,CNologon
2010 126 09:05:00,Blogon
2010 126 09:38:20,BUrl
2010 126 12:46:00,CUrl
2010 126 14:53:34,CSendEmail
2010 126 15:13:21,CUrl
2010 126 17:58:00,CNologon
2010 127 09:12:00,Blogon
2010 127 09:54:21,BUrl
2010 127 12:37:25,CUrl
2010 127 18:01:00,DNologon
2010 130 09:05:00,Blogon
2010 130 09:14:03,BUrl
2010 130 12:14:48,CUrl
2010 130 14:46:31,CSendEmail
2010 130 15:17:01,CUrl
2010 130 17:55:00,CNologon
2010 131 08:48:00,Blogon
2010 131 09:38:28,BUrl
2010 131 12:24:28,CUrl
2010 131 13:57:43,CSendEmail
2010 131 14:37:08,CUrl
2010 131 18:05:00,DNologon
2010 132 08:47:00,Blogon
2010 132 09:02:18,BSendEmail
2010 132 09:15:03,BUrl
2010 132 12:59:34,CUrl
2010 132 17:54:00,CNologon
2010 133 08:45:00,Blogon
2010 133 08:59:09,BUrl
2010 133 12:15:41,CUrl
2010 133 12:34:34,CSendEmail
2010 133 13:58:25,CUrl
2010 133 18:02:00,DNologon
2010 134 08:48:00,Blogon
2010 134 09:07:51,BUrl
2010 134 10:11:08,BSendEmail
2010 134 10:28:21,BUrl
2010 134 12:07:08,CUrl
2010 134 18:06:00,DNologon
2010 137 08:47:00,Blogon
2010 137 09:06:44,BUrl
2010 137 11:15:50,BSendEmail
2010 137 11:48:58,BUrl
2010 137 12:16:09,CUrl
2010 137 17:55:00,CNologon
2010 138 09:11:00,Blogon
2010 138 09:34:30,BUrl
2010 138 12:55:11,CUrl
2010 138 18:00:16,DSendEmail
2010 138 18:09:00,DNologon
2010 139 08:56:00,Blogon
2010 139 09:28:18,BUrl
2010 139 13:42:11,CUrl
2010 139 17:09:55,CSendEmail
2010 139 17:47:14,CUrl
2010 139 18:07:00,DNologon
2010 140 08:57:00,Blogon
2010 140 10:09:41,BUrl
2010 140 13:49:07,CUrl
2010 140 15:16:41,CSendEmail
2010 140 16:15:23,CUrl
2010 140 17:58:00,CNologon
2010 141 08:48:00,Blogon
2010 141 09:13:58,BUrl
2010 141 12:37:09,CUrl
2010 141 14:04:33,CSendEmail
2010 141 14:12:45,CUrl
2010 141 18:15:00,DNologon
2010 144 08:57:00,Blogon
2010 144 09:32:37,BUrl
2010 144 12:04:53,CUrl
2010 144 12:47:17,CSendEmail
2010 144 13:41:39,CUrl
2010 144 18:02:00,DNologon
2010 145 09:03:00,Blogon
2010 145 09:45:54,BUrl
2010 145 12:54:32,CUrl
2010 145 17:06:04,CSendEmail
2010 145 17:12:39,CUrl
2010 145 17:53:00,CNologon
2010 146 09:11:00,Blogon
2010 146 09:47:10,BUrl
2010 146 12:01:17,CUrl
2010 146 12:43:47,CSendEmail
2010 146 13:31:35,CUrl
2010 146 17:54:00,CNologon
2010 147 08:49:00,Blogon
2010 147 09:13:15,BUrl
2010 147 10:30:22,BSendEmail
2010 147 10:47:51,BUrl
2010 147 12:09:36,CUrl
2010 147 18:08:00,DNologon
2010 148 08:50:00,Blogon
2010 148 10:36:54,BUrl
2010 148 12:00:22,CUrl
2010 148 15:21:23,CSendEmail
2010 148 15:52:58,CUrl
2010 148 18:09:00,DNologon
2010 152 09:11:00,Blogon
2010 152 09:49:41,BUrl
2010 152 11:14:44,BSendEmail
2010 152 11:24:25,BUrl
2010 152 13:11:18,CUrl
2010 152 18:11:14,DUrl
2010 152 18:15:00,DNologon
2010 153 09:03:00,Blogon
2010 153 09:47:33,BUrl
2010 153 11:51:52,BSendEmail
2010 153 12:40:11,CUrl
2010 153 18:03:00,DNologon
2010 154 08:46:00,Blogon
2010 154 09:22:08,BUrl
2010 154 13:18:22,CUrl
2010 154 14:21:27,CSendEmail
2010 154 14:42:00,CUrl
2010 154 18:03:00,DNologon
2010 155 08:45:00,Blogon
2010 155 09:34:50,BUrl
2010 155 12:02:30,CUrl
2010 155 17:21:26,CSendEmail
2010 155 18:04:00,DNologon
2010 158 08:45:00,Blogon
2010 158 10:00:23,BUrl
2010 158 12:35:36,CUrl
2010 158 17:38:25,CSendEmail
2010 158 17:47:53,CUrl
2010 158 18:05:00,DNologon
2010 159 09:08:00,Blogon
2010 159 09:13:46,BSendEmail
2010 159 10:21:35,BUrl
2010 159 15:12:18,CUrl
2010 159 17:59:00,CNologon
2010 160 08:56:00,Blogon
2010 160 09:01:03,BUrl
2010 160 12:15:32,CSendEmail
2010 160 13:24:05,CUrl
2010 160 18:01:50,DUrl
2010 160 18:12:00,DNologon
2010 161 08:49:00,Blogon
2010 161 09:02:43,BUrl
2010 161 10:27:44,BSendEmail
2010 161 10:28:03,BUrl
2010 161 12:08:30,CUrl
2010 161 18:03:00,DNologon
2010 162 08:59:00,Blogon
2010 162 10:17:37,BUrl
2010 162 12:22:01,CSendEmail
2010 162 13:29:15,CUrl
2010 162 18:09:00,DNologon
2010 165 08:49:00,Blogon
2010 165 08:58:36,BUrl
2010 165 12:26:48,CUrl
2010 165 14:33:08,CSendEmail
2010 165 14:41:11,CUrl
2010 165 18:14:00,DNologon
2010 166 08:59:00,Blogon
2010 166 09:11:17,BUrl
2010 166 12:41:02,CUrl
2010 166 15:38:31,CSendEmail
2010 166 15:40:55,CUrl
2010 166 17:51:00,CNologon
2010 167 09:11:00,Blogon
2010 167 09:47:33,BUrl
2010 167 11:10:49,BSendEmail
2010 167 12:26:00,CUrl
2010 167 17:50:00,CNologon
2010 168 08:58:00,Blogon
2010 168 09:04:25,BUrl
2010 168 12:02:32,CUrl
2010 168 15:54:49,CSendEmail
2010 168 16:15:39,CUrl
2010 168 17:48:00,CNologon
2010 169 09:10:00,Blogon
2010 169 09:50:37,BUrl
2010 169 12:10:01,CUrl
2010 169 14:45:17,CSendEmail
2010 169 14:46:35,CUrl
2010 169 17:59:00,CNologon
2010 172 09:01:00,Blogon
2010 172 09:11:12,BUrl
2010 172 12:27:05,CUrl
2010 172 14:40:03,CSendEmail
2010 172 16:09:48,CUrl
2010 172 18:00:00,DNologon
2010 173 08:56:00,Blogon
2010 173 09:01:45,BUrl
2010 173 12:43:04,CUrl
2010 173 17:11:58,CSendEmail
2010 173 17:14:01,CUrl
2010 173 18:06:00,DNologon
2010 174 08:45:00,Blogon
2010 174 08:46:41,BUrl
2010 174 09:53:00,BSendEmail
2010 174 10:19:11,BUrl
2010 174 13:08:09,CUrl
2010 174 18:11:00,DNologon
2010 175 09:02:00,Blogon
2010 175 09:41:47,BUrl
2010 175 11:07:04,BSendEmail
2010 175 11:49:38,BUrl
2010 175 14:22:38,CUrl
2010 175 18:00:00,DNologon
2010 176 08:55:00,Blogon
2010 176 08:59:09,BUrl
2010 176 09:00:45,BSendEmail
2010 176 09:25:08,BUrl
2010 176 12:41:53,CUrl
2010 176 18:11:00,DNologon
2010 179 08:53:00,Blogon
2010 179 09:03:07,BUrl
2010 179 16:54:26,CUrl
2010 179 17:14:59,CSendEmail
2010 179 18:00:00,DNologon
2010 180 09:04:00,Blogon
2010 180 09:33:14,BUrl
2010 180 13:56:02,CUrl
2010 180 16:39:56,CSendEmail
2010 180 16:46:49,CUrl
2010 180 17:50:00,CNologon
2010 181 09:09:00,Blogon
2010 181 09:11:17,BUrl
2010 181 11:54:00,BSendEmail
2010 181 13:06:34,CUrl
2010 181 17:53:00,CNologon
2010 182 08:54:00,Blogon
2010 182 08:57:08,BUrl
2010 182 09:01:50,BSendEmail
2010 182 09:23:12,BUrl
2010 182 12:49:59,CUrl
2010 182 18:15:00,DNologon
2010 183 08:48:00,Blogon
2010 183 09:06:00,BUrl
2010 183 13:09:09,CUrl
2010 183 15:51:19,CSendEmail
2010 183 16:21:23,CUrl
2010 183 18:10:00,DNologon
2010 187 08:51:00,Blogon
2010 187 09:53:49,BUrl
2010 187 13:10:25,CSendEmail
2010 187 13:45:04,CUrl
2010 187 18:08:00,DNologon
2010 188 09:10:00,Blogon
2010 188 09:35:14,BUrl
2010 188 14:05:30,CUrl
2010 188 15:45:07,CSendEmail
2010 188 17:22:09,CUrl
2010 188 17:59:00,CNologon
2010 189 09:00:00,Blogon
2010 189 10:09:07,BUrl
2010 189 14:07:31,CUrl
2010 189 18:01:22,DSendEmail
2010 189 18:07:00,DNologon
2010 190 09:09:00,Blogon
2010 190 09:29:26,BUrl
2010 190 12:55:37,CSendEmail
2010 190 13:43:13,CUrl
2010 190 17:50:00,CNologon
2010 193 09:03:00,Blogon
2010 193 09:18:35,BUrl
2010 193 12:46:02,CUrl
2010 193 17:38:47,CSendEmail
2010 193 17:54:00,CNologon
2010 194 09:04:00,Blogon
2010 194 09:21:35,BUrl
2010 194 09:27:16,BSendEmail
2010 194 09:50:21,BUrl
2010 194 12:01:49,CUrl
2010 194 18:09:00,DNologon
2010 195 09:05:00,Blogon
2010 195 09:48:35,BUrl
2010 195 11:58:52,BSendEmail
2010 195 12:09:28,CUrl
2010 195 17:49:00,CNologon
2010 196 09:08:00,Blogon
2010 196 09:11:21,BUrl
2010 196 12:54:37,CUrl
2010 196 17:52:00,CNologon
2010 197 09:03:00,Blogon
2010 197 09:34:28,BUrl
2010 197 10:25:53,BSendEmail
2010 197 12:40:25,CUrl
2010 197 17:57:00,CNologon
2010 200 09:10:00,Blogon
2010 200 09:31:20,BUrl
2010 200 12:30:28,CSendEmail
2010 200 12:34:56,CUrl
2010 200 17:52:00,CNologon
2010 201 08:55:00,Blogon
2010 201 09:07:45,BUrl
2010 201 11:33:40,BSendEmail
2010 201 12:36:27,CUrl
2010 201 18:06:00,DUrl
2010 201 18:13:00,DNologon
2010 202 09:00:00,Blogon
2010 202 09:37:10,BUrl
2010 202 11:49:38,BSendEmail
2010 202 12:39:29,CUrl
2010 202 17:50:00,CNologon
2010 203 08:46:00,Blogon
2010 203 08:58:34,BUrl
2010 203 12:08:11,CUrl
2010 203 12:35:51,CSendEmail
2010 203 14:25:04,CUrl
2010 203 18:12:00,DNologon
2010 204 09:10:00,Blogon
2010 204 09:28:09,BUrl
2010 204 10:41:22,BSendEmail
2010 204 11:18:11,BUrl
2010 204 14:23:08,CUrl
2010 204 17:55:00,CNologon
2010 207 08:50:00,Blogon
2010 207 10:05:05,BSendEmail
2010 207 10:46:36,BUrl
2010 207 12:39:23,CUrl
2010 207 18:12:00,DNologon
2010 208 09:04:00,Blogon
2010 208 09:19:31,BUrl
2010 208 12:10:00,CUrl
2010 208 17:01:12,CSendEmail
2010 208 17:55:00,CNologon
2010 209 09:10:00,Blogon
2010 209 10:48:33,BSendEmail
2010 209 11:19:21,BUrl
2010 209 12:04:18,CUrl
2010 209 17:52:00,CNologon
2010 210 08:56:00,Blogon
2010 210 09:40:22,BUrl
2010 210 10:18:04,BSendEmail
2010 210 12:02:27,CUrl
2010 210 18:10:00,DNologon
2010 211 09:01:00,Blogon
2010 211 09:20:47,BUrl
2010 211 13:20:30,CUrl
2010 211 17:22:27,CSendEmail
2010 211 17:30:36,CUrl
2010 211 17:57:00,CNologon
2010 214 08:46:00,Blogon
2010 214 10:27:17,BUrl
2010 214 11:05:30,BSendEmail
2010 214 14:59:18,CUrl
2010 214 18:05:00,DNologon
2010 215 08:48:00,Blogon
2010 215 09:57:49,BUrl
2010 215 13:42:57,CUrl
2010 215 14:54:58,CSendEmail
2010 215 14:55:22,CUrl
2010 215 17:50:00,CNologon
2010 216 08:55:00,Blogon
2010 216 09:25:08,BUrl
2010 216 13:05:48,CUrl
2010 216 17:56:43,CSendEmail
2010 216 18:14:00,DNologon
2010 217 08:49:00,Blogon
2010 217 09:03:40,BUrl
2010 217 13:12:17,CUrl
2010 217 17:50:54,CSendEmail
2010 217 17:57:30,CUrl
2010 217 17:59:00,CNologon
2010 218 09:11:00,Blogon
2010 218 09:33:20,BUrl
2010 218 10:45:27,BSendEmail
2010 218 11:00:59,BUrl
2010 218 12:13:50,CUrl
2010 218 17:56:00,CNologon
2010 221 09:12:00,Blogon
2010 221 10:35:18,BSendEmail
2010 221 11:44:54,BUrl
2010 221 13:20:05,CUrl
2010 221 18:00:00,DNologon
2010 222 09:00:00,Blogon
2010 222 09:08:12,BUrl
2010 222 12:16:24,CUrl
2010 222 15:35:07,CSendEmail
2010 222 15:50:45,CUrl
2010 222 18:06:00,DNologon
2010 223 09:05:00,Blogon
2010 223 09:50:38,BUrl
2010 223 12:09:38,CUrl
2010 223 14:24:19,CSendEmail
2010 223 16:16:15,CUrl
2010 223 17:55:00,CNologon
2010 224 08:49:00,Blogon
2010 224 09:20:02,BUrl
2010 224 12:18:59,CUrl
2010 224 17:52:07,CSendEmail
2010 224 18:14:00,DNologon
2010 225 09:03:00,Blogon
2010 225 09:27:06,BUrl
2010 225 12:02:17,CUrl
2010 225 14:04:34,CSendEmail
2010 225 15:16:17,CUrl
2010 225 17:53:00,CNologon
2010 228 09:11:00,Blogon
2010 228 09:37:53,BUrl
2010 228 12:20:22,CUrl
2010 228 16:52:19,CSendEmail
2010 228 17:39:45,CUrl
2010 228 18:11:08,DUrl
2010 228 18:13:00,DNologon
2010 229 09:09:00,Blogon
2010 229 09:50:09,BSendEmail
2010 229 10:59:04,BUrl
2010 229 15:03:10,CUrl
2010 229 17:59:00,CNologon
2010 230 08:48:00,Blogon
2010 230 08:52:54,BUrl
2010 230 09:59:22,BSendEmail
2010 230 11:22:52,BUrl
2010 230 12:12:25,CUrl
2010 230 18:11:00,DNologon
2010 231 08:50:00,Blogon
2010 231 09:29:30,BUrl
2010 231 12:34:53,CUrl
2010 231 17:53:08,CSendEmail
2010 231 17:57:44,CUrl
2010 231 18:07:35,DUrl
2010 231 18:10:00,DNologon
2010 232 08:53:00,Blogon
2010 232 09:12:06,BSendEmail
2010 232 09:20:55,BUrl
2010 232 12:05:00,CUrl
2010 232 17:58:00,CNologon
2010 235 08:48:00,Blogon
2010 235 08:52:32,BUrl
2010 235 11:27:39,BSendEmail
2010 235 16:00:49,CUrl
2010 235 18:05:00,DNologon
2010 236 09:03:00,Blogon
2010 236 09:22:00,BUrl
2010 236 10:11:05,BSendEmail
2010 236 12:01:20,CUrl
2010 236 17:53:00,CNologon
2010 237 09:03:00,Blogon
2010 237 09:32:52,BUrl
2010 237 13:18:34,CUrl
2010 237 15:58:46,CSendEmail
2010 237 16:24:27,CUrl
2010 237 17:49:00,CNologon
2010 238 09:08:00,Blogon
2010 238 09:16:20,BSendEmail
2010 238 11:23:49,BUrl
2010 238 12:39:46,CUrl
2010 238 17:58:00,CNologon
2010 239 09:03:00,Blogon
2010 239 09:36:23,BUrl
2010 239 13:12:44,CUrl
2010 239 15:05:33,CSendEmail
2010 239 15:26:33,CUrl
2010 239 17:52:00,CNologon
2010 242 09:00:00,Blogon
2010 242 09:10:01,BUrl
2010 242 12:45:39,CUrl
2010 242 16:48:58,CSendEmail
2010 242 17:48:00,CNologon
2010 243 09:11:00,Blogon
2010 243 09:23:11,BUrl
2010 243 12:15:45,CUrl
2010 243 16:52:08,CSendEmail
2010 243 17:53:00,CNologon
2010 244 09:06:00,Blogon
2010 244 09:12:08,BSendEmail
2010 244 10:28:35,BUrl
2010 244 12:33:32,CUrl
2010 244 17:57:00,CNologon
2010 245 09:09:00,Blogon
2010 245 09:33:56,BUrl
2010 245 12:47:43,CSendEmail
2010 245 13:47:08,CUrl
2010 245 17:58:00,CNologon
2010 246 09:07:00,Blogon
2010 246 09:13:34,BUrl
2010 246 13:17:14,CUrl
2010 246 17:38:25,CSendEmail
2010 246 18:00:00,DNologon
2010 250 08:54:00,Blogon
2010 250 08:58:18,BUrl
2010 250 12:45:44,CUrl
2010 250 12:51:14,CSendEmail
2010 250 14:06:01,CUrl
2010 250 18:06:00,DNologon
2010 251 09:01:00,Blogon
2010 251 09:14:38,BUrl
2010 251 11:38:11,BSendEmail
2010 251 12:20:36,CUrl
2010 251 18:08:00,DNologon
2010 252 09:12:00,Blogon
2010 252 09:13:21,BUrl
2010 252 12:44:15,CSendEmail
2010 252 12:59:28,CUrl
2010 252 18:11:00,DNologon
2010 253 09:03:00,Blogon
2010 253 10:18:17,BUrl
2010 253 12:36:49,CUrl
2010 253 17:47:01,CSendEmail
2010 253 17:58:00,CNologon
2010 256 08:56:00,Blogon
2010 256 09:49:40,BUrl
2010 256 10:51:11,BSendEmail
2010 256 12:11:44,CUrl
2010 256 18:10:23,DUrl
2010 256 18:14:00,DNologon
2010 257 08:46:00,Blogon
2010 257 08:49:55,BUrl
2010 257 11:55:46,BSendEmail
2010 257 12:06:41,CUrl
2010 257 18:09:00,DNologon
2010 258 08:49:00,Blogon
2010 258 09:09:58,BUrl
2010 258 12:47:46,CUrl
2010 258 13:34:08,CSendEmail
2010 258 14:13:46,CUrl
2010 258 18:08:00,DNologon
2010 259 09:08:00,Blogon
2010 259 09:12:11,BSendEmail
2010 259 09:18:05,BUrl
2010 259 12:10:24,CUrl
2010 259 17:55:00,CNologon
2010 260 09:09:00,Blogon
2010 260 10:17:40,BUrl
2010 260 13:57:35,CUrl
2010 260 15:38:47,CSendEmail
2010 260 16:54:12,CUrl
2010 260 18:11:00,DNologon
2010 263 08:55:00,Blogon
2010 263 09:03:08,BUrl
2010 263 10:25:52,BSendEmail
2010 263 10:52:50,BUrl
2010 263 12:48:06,CUrl
2010 263 18:08:00,DNologon
2010 264 08:51:00,Blogon
2010 264 09:35:56,BSendEmail
2010 264 09:43:32,BUrl
2010 264 12:35:29,CUrl
2010 264 18:03:00,DNologon
2010 265 09:10:00,Blogon
2010 265 09:17:08,BUrl
2010 265 09:20:11,BSendEmail
2010 265 09:32:16,BUrl
2010 265 12:05:10,CUrl
2010 265 18:06:00,DNologon
2010 266 09:05:00,Blogon
2010 266 09:41:30,BUrl
2010 266 13:49:33,CUrl
2010 266 14:03:06,CSendEmail
2010 266 14:08:21,CUrl
2010 266 17:49:00,CNologon
2010 267 09:02:00,Blogon
2010 267 09:19:18,BUrl
2010 267 09:39:09,BSendEmail
2010 267 09:40:36,BUrl
2010 267 12:24:29,CUrl
2010 267 17:55:00,CNologon
2010 270 08:56:00,Blogon
2010 270 09:58:23,BSendEmail
2010 270 12:32:44,CUrl
2010 270 17:58:00,CNologon
2010 271 08:51:00,Blogon
2010 271 08:54:36,BSendEmail
2010 271 08:58:25,BUrl
2010 271 12:36:27,CUrl
2010 271 18:06:00,DNologon
2010 272 08:50:00,Blogon
2010 272 08:53:10,BUrl
2010 272 10:49:16,BSendEmail
2010 272 10:50:10,BUrl
2010 272 12:40:34,CUrl
2010 272 18:02:00,DNologon
2010 273 08:56:00,Blogon
2010 273 09:36:47,BUrl
2010 273 10:34:46,BSendEmail
2010 273 11:05:05,BUrl
2010 273 12:13:02,CUrl
2010 273 18:12:00,DNologon
2010 274 08:56:00,Blogon
2010 274 09:04:16,BUrl
2010 274 12:06:14,CUrl
2010 274 17:14:55,CSendEmail
2010 274 18:08:00,DNologon
2010 277 09:07:00,Blogon
2010 277 09:10:25,BUrl
2010 277 12:23:39,CUrl
2010 277 14:06:02,CSendEmail
2010 277 15:35:42,CUrl
2010 277 17:48:00,CNologon
2010 278 08:59:00,Blogon
2010 278 09:10:57,BUrl
2010 278 12:32:37,CUrl
2010 278 16:50:04,CSendEmail
2010 278 16:50:36,CUrl
2010 278 18:14:00,DNologon
2010 279 09:10:00,Blogon
2010 279 09:20:51,BUrl
2010 279 10:02:02,BSendEmail
2010 279 10:41:49,BUrl
2010 279 12:19:15,CUrl
2010 279 17:52:00,CNologon
2010 280 08:58:00,Blogon
2010 280 09:13:19,BUrl
2010 280 12:57:38,CUrl
2010 280 15:09:55,CSendEmail
2010 280 15:50:42,CUrl
2010 280 18:05:19,DUrl
2010 280 18:08:00,DNologon
2010 281 09:04:00,Blogon
2010 281 10:17:04,BUrl
2010 281 12:35:03,CSendEmail
2010 281 13:49:13,CUrl
2010 281 17:55:00,CNologon
2010 284 09:10:00,Blogon
2010 284 09:13:30,BUrl
2010 284 12:24:06,CUrl
2010 284 14:20:01,CSendEmail
2010 284 14:24:06,CUrl
2010 284 17:57:00,CNologon
2010 285 09:07:00,Blogon
2010 285 09:13:04,BUrl
2010 285 12:06:24,CSendEmail
2010 285 13:00:01,CUrl
2010 285 17:58:00,CNologon
2010 286 09:04:00,Blogon
2010 286 09:37:29,BUrl
2010 286 13:38:56,CUrl
2010 286 17:13:49,CSendEmail
2010 286 17:33:10,CUrl
2010 286 17:52:00,CNologon
2010 287 08:49:00,Blogon
2010 287 09:35:26,BUrl
2010 287 11:33:23,BSendEmail
2010 287 14:22:28,CUrl
2010 287 18:05:00,DNologon
2010 288 08:52:00,Blogon
2010 288 09:02:33,BUrl
2010 288 10:55:22,BSendEmail
2010 288 11:00:49,BUrl
2010 288 12:35:38,CUrl
2010 288 18:05:31,DUrl
2010 288 18:09:00,DNologon
2010 291 08:51:00,Blogon
2010 291 09:08:07,BUrl
2010 291 13:28:13,CSendEmail
2010 291 14:36:54,CUrl
2010 291 18:09:19,DUrl
2010 291 18:13:00,DNologon
2010 292 08:54:00,Blogon
2010 292 09:11:10,BUrl
2010 292 12:02:39,CUrl
2010 292 12:19:55,CSendEmail
2010 292 12:31:57,CUrl
2010 292 18:02:00,DNologon
2010 293 08:59:00,Blogon
2010 293 09:05:16,BUrl
2010 293 11:39:26,BSendEmail
2010 293 12:41:52,CUrl
2010 293 18:10:00,DNologon
2010 294 09:12:00,Blogon
2010 294 09:23:34,BUrl
2010 294 12:01:55,CSendEmail
2010 294 12:17:11,CUrl
2010 294 18:15:00,DNologon
2010 295 09:08:00,Blogon
2010 295 09:18:09,BUrl
2010 295 13:38:09,CSendEmail
2010 295 14:46:41,CUrl
2010 295 17:52:00,CNologon
2010 298 09:07:00,Blogon
2010 298 09:50:18,BUrl
2010 298 14:58:10,CUrl
2010 298 16:28:56,CSendEmail
2010 298 16:31:55,CUrl
2010 298 17:53:00,CNologon
2010 299 09:00:00,Blogon
2010 299 09:03:29,BUrl
2010 299 14:11:45,CUrl
2010 299 17:55:29,CSendEmail
2010 299 18:01:11,DUrl
2010 299 18:05:00,DNologon
2010 300 09:11:00,Blogon
2010 300 09:31:33,BUrl
2010 300 11:33:04,BSendEmail
2010 300 11:58:12,BUrl
2010 300 12:26:24,CUrl
2010 300 17:50:00,CNologon
2010 301 08:52:00,Blogon
2010 301 10:12:43,BUrl
2010 301 13:06:06,CUrl
2010 301 16:47:16,CSendEmail
2010 301 16:53:07,CUrl
2010 301 18:06:00,DUrl
2010 301 18:13:00,DNologon
2010 302 09:00:00,Blogon
2010 302 09:43:19,BUrl
2010 302 13:59:29,CSendEmail
2010 302 14:16:08,CUrl
2010 302 18:06:00,DNologon
2010 305 09:00:00,Blogon
2010 305 09:18:44,BUrl
2010 305 10:27:36,BSendEmail
2010 305 11:03:03,BUrl
2010 305 13:07:09,CUrl
2010 305 17:58:00,CNologon
2010 306 08:45:00,Blogon
2010 306 09:10:12,BUrl
2010 306 12:33:55,CSendEmail
2010 306 12:35:22,CUrl
2010 306 18:01:00,DNologon
2010 307 08:57:00,Blogon
2010 307 10:27:00,BUrl
2010 307 13:21:54,CUrl
2010 307 14:03:08,CSendEmail
2010 307 14:09:17,CUrl
2010 307 17:52:00,CNologon
2010 308 09:06:00,Blogon
2010 308 10:06:42,BUrl
2010 308 11:31:33,BSendEmail
2010 308 13:19:37,CUrl
2010 308 17:51:00,CNologon
2010 309 09:05:00,Blogon
2010 309 09:44:34,BUrl
2010 309 14:12:08,CUrl
2010 309 14:22:29,CSendEmail
2010 309 15:06:42,CUrl
2010 309 18:04:00,DNologon
2010 312 09:00:00,Blogon
2010 312 09:17:04,BUrl
2010 312 13:45:52,CUrl
2010 312 16:47:36,CSendEmail
2010 312 16:48:23,CUrl
2010 312 18:10:00,DNologon
2010 313 09:00:00,Blogon
2010 313 09:03:35,BUrl
2010 313 12:57:03,CUrl
2010 313 14:09:18,CSendEmail
2010 313 15:44:29,CUrl
2010 313 17:48:00,CNologon
2010 314 08:59:00,Blogon
2010 314 09:19:17,BUrl
2010 314 14:39:34,CUrl
2010 314 16:06:03,CSendEmail
2010 314 16:14:11,CUrl
2010 314 18:04:59,DUrl
2010 314 18:12:00,DNologon
2010 315 09:11:00,Blogon
2010 315 10:18:05,BUrl
2010 315 12:38:22,CUrl
2010 315 13:00:24,CSendEmail
2010 315 13:02:26,CUrl
2010 315 18:03:35,DUrl
2010 315 18:05:00,DNologon
2010 316 09:03:00,Blogon
2010 316 09:43:46,BUrl
2010 316 15:33:57,CUrl
2010 316 16:23:12,CSendEmail
2010 316 17:17:28,CUrl
2010 316 17:58:00,CNologon
2010 319 08:47:00,Blogon
2010 319 09:35:00,BUrl
2010 319 14:34:19,CSendEmail
2010 319 14:45:14,CUrl
2010 319 17:58:00,CNologon
2010 320 08:51:00,Blogon
2010 320 09:02:14,BUrl
2010 320 10:32:38,BSendEmail
2010 320 11:20:13,BUrl
2010 320 13:21:11,CUrl
2010 320 18:00:00,DNologon
2010 321 09:10:00,Blogon
2010 321 09:16:50,BUrl
2010 321 12:06:36,CUrl
2010 321 18:00:04,DSendEmail
2010 321 18:10:00,DNologon
2010 322 08:53:00,Blogon
2010 322 09:02:36,BUrl
2010 322 12:28:54,CUrl
2010 322 14:26:57,CSendEmail
2010 322 15:29:38,CUrl
2010 322 17:52:00,CNologon
2010 323 08:46:00,Blogon
2010 323 09:28:45,BUrl
2010 323 12:04:31,CUrl
2010 323 13:42:54,CSendEmail
2010 323 14:20:15,CUrl
2010 323 18:09:00,DNologon
2010 326 08:55:00,Blogon
2010 326 09:41:36,BUrl
2010 326 10:11:32,BSendEmail
2010 326 10:22:36,BUrl
2010 326 12:20:57,CUrl
2010 326 17:59:00,CNologon
2010 327 08:47:00,Blogon
2010 327 10:09:38,BUrl
2010 327 10:17:55,BSendEmail
2010 327 12:21:06,CUrl
2010 327 18:10:00,DNologon
2010 328 08:51:00,Blogon
2010 328 09:58:01,BUrl
2010 328 12:31:27,CUrl
2010 328 15:11:32,CSendEmail
2010 328 16:01:58,CUrl
2010 328 18:15:00,DNologon
2010 333 08:49:00,Blogon
2010 333 08:54:05,BUrl
2010 333 08:58:56,BSendEmail
2010 333 09:48:39,BUrl
2010 333 12:31:31,CUrl
2010 333 17:49:00,CNologon
2010 334 09:04:00,Blogon
2010 334 09:26:35,BSendEmail
2010 334 10:34:50,BUrl
2010 334 14:48:19,CUrl
2010 334 17:53:00,CNologon
2010 335 09:08:00,Blogon
2010 335 09:55:23,BUrl
2010 335 11:03:53,BSendEmail
2010 335 11:51:47,BUrl
2010 335 13:40:43,CUrl
2010 335 17:49:00,CNologon
2010 336 09:06:00,Blogon
2010 336 09:08:31,BUrl
2010 336 10:27:08,BSendEmail
2010 336 11:11:06,BUrl
2010 336 14:30:41,CUrl
2010 336 17:59:00,CNologon
2010 337 08:56:00,Blogon
2010 337 09:00:17,BUrl
2010 337 10:44:40,BSendEmail
2010 337 11:58:39,BUrl
2010 337 12:35:27,CUrl
2010 337 18:03:00,DNologon
2010 340 08:45:00,Blogon
2010 340 09:23:45,BUrl
2010 340 12:46:54,CUrl
2010 340 16:58:25,CSendEmail
2010 340 17:59:34,CUrl
2010 340 18:10:00,DNologon
2010 341 08:47:00,Blogon
2010 341 08:49:39,BUrl
2010 341 09:31:19,BSendEmail
2010 341 10:29:54,BUrl
2010 341 12:04:00,CUrl
2010 341 17:59:00,CNologon
2010 342 08:56:00,Blogon
2010 342 09:20:45,BUrl
2010 342 13:22:30,CUrl
2010 342 15:57:07,CSendEmail
2010 342 17:23:01,CUrl
2010 342 18:00:24,DUrl
2010 342 18:02:00,DNologon
2010 343 09:02:00,Blogon
2010 343 09:22:09,BUrl
2010 343 09:43:33,BSendEmail
2010 343 10:22:23,BUrl
2010 343 13:37:21,CUrl
2010 343 17:56:00,CNologon
2010 344 08:51:00,Blogon
2010 344 09:12:56,BUrl
2010 344 12:47:27,CUrl
2010 344 17:44:06,CSendEmail
2010 344 18:03:40,DUrl
2010 344 18:09:00,DNologon
2010 347 08:54:00,Blogon
2010 347 09:02:53,BUrl
2010 347 09:34:41,BSendEmail
2010 347 10:03:01,BUrl
2010 347 12:12:58,CUrl
2010 347 18:03:00,DNologon
2010 348 08:47:00,Blogon
2010 348 08:48:19,BUrl
2010 348 12:42:58,CUrl
2010 348 13:53:30,CSendEmail
2010 348 14:51:04,CUrl
2010 348 18:11:00,DNologon
2010 349 09:05:00,Blogon
2010 349 09:10:17,BUrl
2010 349 12:25:00,CUrl
2010 349 15:03:49,CSendEmail
2010 349 16:14:49,CUrl
2010 349 17:53:00,CNologon
2010 350 09:00:00,Blogon
2010 350 09:53:17,BSendEmail
2010 350 10:42:24,BUrl
2010 350 12:54:32,CUrl
2010 350 17:54:00,CNologon
2010 351 09:00:00,Blogon
2010 351 09:04:41,BUrl
2010 351 14:19:29,CUrl
2010 351 16:44:43,CSendEmail
2010 351 17:25:22,CUrl
2010 351 17:53:00,CNologon
2010 354 08:48:00,Blogon
2010 354 08:53:34,BUrl
2010 354 12:05:54,CUrl
2010 354 13:54:30,CSendEmail
2010 354 14:19:25,CUrl
2010 354 18:04:00,DNologon
2010 355 09:02:00,Blogon
2010 355 09:18:52,BSendEmail
2010 355 09:23:23,BUrl
2010 355 15:43:50,CUrl
2010 355 18:00:34,DUrl
2010 355 18:10:00,DNologon
2010 356 09:01:00,Blogon
2010 356 09:13:49,BUrl
2010 356 12:59:57,CUrl
2010 356 15:44:52,CSendEmail
2010 356 16:41:48,CUrl
2010 356 17:56:00,CNologon
2010 361 09:03:00,Blogon
2010 361 09:10:23,BUrl
2010 361 12:02:12,CUrl
2010 361 15:58:21,CSendEmail
2010 361 16:30:11,CUrl
2010 361 17:53:00,CNologon
2010 362 08:49:00,Blogon
2010 362 09:30:39,BUrl
2010 362 12:41:47,CUrl
2010 362 16:57:59,CSendEmail
2010 362 18:06:06,DUrl
2010 362 18:11:00,DNologon
2010 363 09:11:00,Blogon
2010 363 09:34:38,BUrl
2010 363 12:33:26,CUrl
2010 363 15:40:20,CSendEmail
2010 363 16:16:23,CUrl
2010 363 17:48:00,CNologon
2010 364 09:00:00,Blogon
2010 364 09:11:48,BUrl
2010 364 10:39:40,BSendEmail
2010 364 12:21:23,CUrl
2010 364 17:56:00,CNologon
2011 003 08:58:00,Blogon
2011 003 09:24:20,BUrl
2011 003 12:44:16,CUrl
2011 003 14:11:14,CSendEmail
2011 003 14:22:36,CUrl
2011 003 17:55:00,CNologon
2011 004 09:10:00,Blogon
2011 004 09:23:33,BUrl
2011 004 12:11:13,CUrl
2011 004 15:47:28,CSendEmail
2011 004 17:39:47,CUrl
2011 004 17:57:00,CNologon
2011 005 09:07:00,Blogon
2011 005 09:14:26,BUrl
2011 005 13:24:44,CUrl
2011 005 17:56:47,CSendEmail
2011 005 18:00:00,DNologon
2011 006 09:07:00,Blogon
2011 006 09:23:22,BUrl
2011 006 13:00:04,CUrl
2011 006 13:34:06,CSendEmail
2011 006 14:13:16,CUrl
2011 006 17:55:00,CNologon
2011 007 08:57:00,Blogon
2011 007 10:10:58,BUrl
2011 007 12:24:30,CUrl
2011 007 17:59:48,CSendEmail
2011 007 18:01:30,DUrl
2011 007 18:03:00,DNologon
2011 010 09:07:00,Blogon
2011 010 09:38:23,BUrl
2011 010 12:03:17,CUrl
2011 010 13:15:40,CSendEmail
2011 010 15:29:49,CUrl
2011 010 17:58:00,CNologon
2011 011 09:10:00,Blogon
2011 011 09:16:36,BUrl
2011 011 12:06:10,CUrl
2011 011 16:01:36,CSendEmail
2011 011 16:23:19,CUrl
2011 011 17:50:00,CNologon
2011 012 08:53:00,Blogon
2011 012 09:21:43,BUrl
2011 012 10:37:46,BSendEmail
2011 012 12:58:20,CUrl
2011 012 17:49:00,CNologon
2011 013 09:06:00,Blogon
2011 013 09:19:15,BUrl
2011 013 09:24:19,BSendEmail
2011 013 10:36:56,BUrl
2011 013 12:47:23,CUrl
2011 013 18:00:00,DNologon
2011 014 09:00:00,Blogon
2011 014 09:57:22,BUrl
2011 014 12:15:10,CUrl
2011 014 14:09:38,CSendEmail
2011 014 14:51:14,CUrl
2011 014 17:50:00,CNologon
2011 017 08:45:00,Blogon
2011 017 09:46:26,BUrl
2011 017 12:58:41,CUrl
2011 017 14:01:39,CSendEmail
2011 017 15:57:14,CUrl
2011 017 18:01:00,DNologon
2011 018 08:52:00,Blogon
2011 018 09:17:32,BUrl
2011 018 12:00:33,CUrl
2011 018 15:35:42,CSendEmail
2011 018 16:31:10,CUrl
2011 018 18:02:00,DNologon
2011 019 09:02:00,Blogon
2011 019 09:44:20,BUrl
2011 019 12:08:37,CUrl
2011 019 15:27:57,CSendEmail
2011 019 15:38:01,CUrl
2011 019 17:56:00,CNologon
2011 020 08:56:00,Blogon
2011 020 10:15:33,BUrl
2011 020 12:11:12,CUrl
2011 020 17:23:14,CSendEmail
2011 020 17:49:26,CUrl
2011 020 17:52:00,CNologon
2011 021 09:08:00,Blogon
2011 021 09:22:21,BUrl
2011 021 10:08:37,BSendEmail
2011 021 10:27:37,BUrl
2011 021 12:16:42,CUrl
2011 021 17:48:00,CNologon
2011 024 09:01:00,Blogon
2011 024 10:41:15,BUrl
2011 024 12:51:52,CUrl
2011 024 13:27:33,CSendEmail
2011 024 14:42:05,CUrl
2011 024 18:04:00,DNologon
2011 025 08:47:00,Blogon
2011 025 08:55:30,BUrl
2011 025 13:28:07,CUrl
2011 025 16:43:34,CSendEmail
2011 025 16:56:37,CUrl
2011 025 17:59:00,CNologon
2011 026 08:54:00,Blogon
2011 026 09:02:24,BUrl
2011 026 12:01:47,CSendEmail
2011 026 13:33:48,CUrl
2011 026 17:58:00,CNologon
2011 027 08:45:00,Blogon
2011 027 08:55:23,BUrl
2011 027 10:03:31,BSendEmail
2011 027 11:49:13,BUrl
2011 027 12:40:52,CUrl
2011 027 18:11:00,DNologon
2011 028 09:10:00,Blogon
2011 028 09:12:49,BUrl
2011 028 12:08:53,CUrl
2011 028 12:33:57,CSendEmail
2011 028 15:27:03,CUrl
2011 028 17:51:00,CNologon
2011 031 09:05:00,Blogon
2011 031 09:14:13,BUrl
2011 031 14:17:10,CUrl
2011 031 16:28:02,CSendEmail
2011 031 17:44:01,CUrl
2011 031 18:03:53,DUrl
2011 031 18:09:00,DNologon
2011 032 08:59:00,Blogon
2011 032 09:05:43,BUrl
2011 032 12:20:26,CUrl
2011 032 15:37:26,CSendEmail
2011 032 18:07:05,DUrl
2011 032 18:09:00,DNologon
2011 033 08:51:00,Blogon
2011 033 09:00:03,BUrl
2011 033 11:36:03,BSendEmail
2011 033 14:14:16,CUrl
2011 033 18:02:00,DNologon
2011 034 08:58:00,Blogon
2011 034 09:11:41,BSendEmail
2011 034 09:25:19,BUrl
2011 034 12:47:46,CUrl
2011 034 18:04:00,DNologon
2011 035 08:53:00,Blogon
2011 035 08:58:40,BUrl
2011 035 09:00:25,BSendEmail
2011 035 09:23:17,BUrl
2011 035 12:53:06,CUrl
2011 035 18:09:00,DNologon
2011 038 08:53:00,Blogon
2011 038 08:59:47,BUrl
2011 038 12:44:42,CUrl
2011 038 13:26:36,CSendEmail
2011 038 13:48:09,CUrl
2011 038 18:07:54,DUrl
2011 038 18:09:00,DNologon
2011 039 08:51:00,Blogon
2011 039 09:27:06,BUrl
2011 039 15:26:18,CUrl
2011 039 16:30:03,CSendEmail
2011 039 16:57:40,CUrl
2011 039 18:01:25,DUrl
2011 039 18:15:00,DNologon
2011 040 09:08:00,Blogon
2011 040 09:20:24,BUrl
2011 040 13:42:13,CUrl
2011 040 17:53:19,CSendEmail
2011 040 17:57:00,CNologon
2011 041 08:49:00,Blogon
2011 041 08:57:46,BUrl
2011 041 15:13:53,CUrl
2011 041 17:55:37,CSendEmail
2011 041 18:11:00,DNologon
2011 042 08:59:00,Blogon
2011 042 09:00:07,BSendEmail
2011 042 09:21:35,BUrl
2011 042 14:12:23,CUrl
2011 042 17:49:00,CNologon
2011 045 08:49:00,Blogon
2011 045 08:57:54,BUrl
2011 045 13:05:45,CSendEmail
2011 045 13:39:28,CUrl
2011 045 18:08:00,DNologon
2011 046 08:46:00,Blogon
2011 046 08:56:11,BUrl
2011 046 13:33:56,CUrl
2011 046 17:49:22,CSendEmail
2011 046 18:11:00,DNologon
2011 047 09:06:00,Blogon
2011 047 09:24:39,BUrl
2011 047 11:41:56,BSendEmail
2011 047 12:40:28,CUrl
2011 047 17:51:00,CNologon
2011 048 09:11:00,Blogon
2011 048 10:45:40,BUrl
2011 048 12:43:09,CUrl
2011 048 12:48:52,CSendEmail
2011 048 12:53:03,CUrl
2011 048 17:59:00,CNologon
2011 049 08:53:00,Blogon
2011 049 09:11:56,BUrl
2011 049 11:11:14,BSendEmail
2011 049 11:56:40,BUrl
2011 049 14:06:43,CUrl
2011 049 17:56:00,CNologon
2011 052 09:12:00,Blogon
2011 052 09:53:22,BUrl
2011 052 10:55:35,BSendEmail
2011 052 11:07:03,BUrl
2011 052 13:01:14,CUrl
2011 052 17:59:00,CNologon
2011 053 09:07:00,Blogon
2011 053 09:24:31,BUrl
2011 053 11:23:27,BSendEmail
2011 053 11:40:17,BUrl
2011 053 13:22:50,CUrl
2011 053 17:50:00,CNologon
2011 054 08:57:00,Blogon
2011 054 08:59:30,BUrl
2011 054 12:31:21,CUrl
2011 054 12:57:48,CSendEmail
2011 054 13:00:29,CUrl
2011 054 17:52:00,CNologon
2011 055 08:53:00,Blogon
2011 055 09:12:06,BSendEmail
2011 055 10:06:22,BUrl
2011 055 12:19:45,CUrl
2011 055 18:00:51,DUrl
2011 055 18:09:00,DNologon
2011 056 09:06:00,Blogon
2011 056 09:12:38,BUrl
2011 056 13:04:24,CUrl
2011 056 16:32:16,CSendEmail
2011 056 17:47:02,CUrl
2011 056 18:10:38,DUrl
2011 056 18:13:00,DNologon
2011 059 09:09:00,Blogon
2011 059 10:55:21,BUrl
2011 059 14:02:38,CUrl
2011 059 17:48:00,CNologon
2011 060 09:07:00,Blogon
2011 060 09:27:49,BUrl
2011 060 13:53:02,CSendEmail
2011 060 15:40:49,CUrl
2011 060 18:03:21,DUrl
2011 060 18:12:00,DNologon
2011 061 09:03:00,Blogon
2011 061 09:16:35,BUrl
2011 061 13:37:20,CUrl
2011 061 14:16:36,CSendEmail
2011 061 14:47:48,CUrl
2011 061 18:00:00,DNologon
2011 062 09:04:00,Blogon
2011 062 09:34:38,BUrl
2011 062 13:01:42,CUrl
2011 062 17:46:45,CSendEmail
2011 062 17:59:00,CNologon
2011 063 09:02:00,Blogon
2011 063 09:32:20,BUrl
2011 063 12:38:52,CUrl
2011 063 15:37:17,CSendEmail
2011 063 16:28:18,CUrl
2011 063 18:15:00,DNologon
2011 066 08:58:00,Blogon
2011 066 10:09:06,BUrl
2011 066 12:19:39,CUrl
2011 066 13:26:49,CSendEmail
2011 066 15:45:27,CUrl
2011 066 18:10:00,DNologon
2011 067 09:05:00,Blogon
2011 067 10:05:51,BUrl
2011 067 12:14:20,CUrl
2011 067 17:53:39,CSendEmail
2011 067 17:57:00,CNologon
2011 068 09:00:00,Blogon
2011 068 10:47:04,BUrl
2011 068 12:40:05,CUrl
2011 068 17:50:00,CNologon
2011 069 08:52:00,Blogon
2011 069 09:19:23,BUrl
2011 069 12:25:00,CUrl
2011 069 17:02:31,CSendEmail
2011 069 17:35:20,CUrl
2011 069 18:09:00,DNologon
2011 070 09:01:00,Blogon
2011 070 09:16:42,BUrl
2011 070 15:20:57,CUrl
2011 070 17:33:21,CSendEmail
2011 070 17:50:07,CUrl
2011 070 18:02:06,DUrl
2011 070 18:12:00,DNologon
2011 073 09:12:00,Blogon
2011 073 09:19:30,BUrl
2011 073 11:43:59,BSendEmail
2011 073 13:24:06,CUrl
2011 073 17:58:00,CNologon
2011 074 08:45:00,Blogon
2011 074 09:04:59,BUrl
2011 074 10:02:54,BSendEmail
2011 074 10:59:19,BUrl
2011 074 12:50:43,CUrl
2011 074 18:10:00,DNologon
2011 075 09:01:00,Blogon
2011 075 09:54:21,BUrl
2011 075 12:41:38,CUrl
2011 075 16:10:23,CSendEmail
2011 075 16:59:37,CUrl
2011 075 17:51:00,CNologon
2011 076 08:50:00,Blogon
2011 076 09:54:48,BUrl
2011 076 13:25:07,CUrl
2011 076 17:13:54,CSendEmail
2011 076 17:41:26,CUrl
2011 076 18:13:00,DNologon
2011 077 09:04:00,Blogon
2011 077 09:39:47,BUrl
2011 077 10:51:13,BSendEmail
2011 077 11:05:11,BUrl
2011 077 12:12:54,CUrl
2011 077 18:14:00,DNologon
2011 080 09:07:00,Blogon
2011 080 10:26:25,BSendEmail
2011 080 10:31:11,BUrl
2011 080 12:53:35,CUrl
2011 080 17:59:00,CNologon
2011 081 09:00:00,Blogon
2011 081 09:16:22,BUrl
2011 081 13:03:43,CUrl
2011 081 17:42:48,CSendEmail
2011 081 17:44:23,CUrl
2011 081 18:07:00,DNologon
2011 082 09:05:00,Blogon
2011 082 09:09:05,BUrl
2011 082 12:12:45,CUrl
2011 082 17:47:55,CSendEmail
2011 082 17:49:00,CNologon
2011 083 08:47:00,Blogon
2011 083 08:52:50,BUrl
2011 083 12:02:37,CUrl
2011 083 17:51:56,CSendEmail
2011 083 17:57:00,CNologon
2011 084 09:00:00,Blogon
2011 084 09:03:54,BSendEmail
2011 084 09:16:49,BUrl
2011 084 12:01:47,CUrl
2011 084 18:09:52,DUrl
2011 084 18:11:00,DNologon
2011 087 08:55:00,Blogon
2011 087 08:59:12,BUrl
2011 087 12:09:15,CUrl
2011 087 14:04:14,CSendEmail
2011 087 14:27:49,CUrl
2011 087 18:02:00,DNologon
2011 088 08:47:00,Blogon
2011 088 09:42:25,BUrl
2011 088 12:16:18,CUrl
2011 088 13:40:40,CSendEmail
2011 088 13:56:39,CUrl
2011 088 17:53:00,CNologon
2011 089 09:08:00,Blogon
2011 089 09:17:50,BUrl
2011 089 10:04:46,BSendEmail
2011 089 13:04:16,CUrl
2011 089 18:15:00,DNologon
2011 090 09:10:00,Blogon
2011 090 09:31:47,BSendEmail
2011 090 12:32:02,CUrl
2011 090 17:48:00,CNologon
2011 091 08:52:00,Blogon
2011 091 09:36:00,BUrl
2011 091 12:25:51,CUrl
2011 091 12:36:42,CSendEmail
2011 091 13:40:01,CUrl
2011 091 17:48:00,CNologon
2011 094 08:59:00,Blogon
2011 094 09:08:39,BUrl
2011 094 10:50:27,BSendEmail
2011 094 12:28:15,CUrl
2011 094 18:03:00,DNologon
2011 095 08:46:00,Blogon
2011 095 09:02:39,BUrl
2011 095 12:55:40,CUrl
2011 095 16:31:45,CSendEmail
2011 095 16:46:24,CUrl
2011 095 18:05:00,DNologon
2011 096 08:57:00,Blogon
2011 096 09:03:32,BUrl
2011 096 12:33:27,CUrl
2011 096 15:13:07,CSendEmail
2011 096 15:19:55,CUrl
2011 096 18:03:00,DNologon
2011 097 09:00:00,Blogon
2011 097 09:01:23,BUrl
2011 097 12:06:35,CSendEmail
2011 097 12:44:23,CUrl
2011 097 18:06:00,DNologon
2011 098 09:06:00,Blogon
2011 098 09:09:40,BUrl
2011 098 09:46:00,BSendEmail
2011 098 10:01:09,BUrl
2011 098 12:29:03,CUrl
2011 098 17:54:00,CNologon
2011 101 09:03:00,Blogon
2011 101 11:20:12,BUrl
2011 101 12:46:15,CUrl
2011 101 17:24:50,CSendEmail
2011 101 17:30:44,CUrl
2011 101 17:49:00,CNologon
2011 102 09:07:00,Blogon
2011 102 11:23:03,BUrl
2011 102 12:07:06,CUrl
2011 102 15:56:11,CSendEmail
2011 102 17:25:03,CUrl
2011 102 17:49:00,CNologon
2011 103 08:46:00,Blogon
2011 103 09:03:32,BUrl
2011 103 11:18:44,BSendEmail
2011 103 14:34:44,CUrl
2011 103 18:08:00,DNologon
2011 104 09:11:00,Blogon
2011 104 09:12:33,BUrl
2011 104 13:15:48,CUrl
2011 104 17:15:06,CSendEmail
2011 104 17:44:53,CUrl
2011 104 18:05:00,DNologon
2011 105 09:02:00,Blogon
2011 105 09:38:37,BUrl
2011 105 12:42:37,CUrl
2011 105 15:32:14,CSendEmail
2011 105 16:35:56,CUrl
2011 105 17:53:00,CNologon
2011 108 09:12:00,Blogon
2011 108 09:49:05,BUrl
2011 108 13:37:14,CUrl
2011 108 18:03:00,DUrl
2011 108 18:08:00,DNologon
2011 109 09:01:00,Blogon
2011 109 09:16:29,BUrl
2011 109 11:57:45,BSendEmail
2011 109 13:26:00,CUrl
2011 109 17:54:00,CNologon
2011 110 08:51:00,Blogon
2011 110 09:04:16,BUrl
2011 110 11:54:16,BSendEmail
2011 110 13:18:51,CUrl
2011 110 18:11:00,DNologon
2011 111 09:02:00,Blogon
2011 111 09:47:19,BSendEmail
2011 111 11:20:00,BUrl
2011 111 13:28:13,CUrl
2011 111 17:59:00,CNologon
2011 115 09:06:00,Blogon
2011 115 09:10:33,BSendEmail
2011 115 09:21:11,BUrl
2011 115 13:28:36,CUrl
2011 115 17:49:00,CNologon
2011 116 08:53:00,Blogon
2011 116 09:23:34,BUrl
2011 116 09:41:40,BSendEmail
2011 116 09:52:11,BUrl
2011 116 12:22:19,CUrl
2011 116 18:13:00,DNologon
2011 117 09:02:00,Blogon
2011 117 09:06:12,BUrl
2011 117 14:07:14,CSendEmail
2011 117 15:23:51,CUrl
2011 117 18:07:00,DNologon
2011 118 08:58:00,Blogon
2011 118 09:23:58,BUrl
2011 118 12:13:55,CUrl
2011 118 18:09:00,DNologon
2011 119 08:50:00,Blogon
2011 119 09:11:14,BUrl
2011 119 12:08:30,CUrl
2011 119 17:44:43,CSendEmail
2011 119 17:54:27,CUrl
2011 119 18:11:00,DNologon
2011 122 09:00:00,Blogon
2011 122 10:39:59,BUrl
2011 122 12:09:30,CUrl
2011 122 13:45:31,CSendEmail
2011 122 17:49:00,CNologon
2011 123 08:53:00,Blogon
2011 123 09:50:28,BUrl
2011 123 11:15:40,BSendEmail
2011 123 11:47:09,BUrl
2011 123 14:57:49,CUrl
2011 123 18:05:00,DNologon
2011 124 08:49:00,Blogon
2011 124 09:10:11,BUrl
2011 124 13:35:23,CUrl
2011 124 17:35:12,CSendEmail
2011 124 18:03:55,DUrl
2011 124 18:10:00,DNologon
2011 125 08:55:00,Blogon
2011 125 09:18:24,BUrl
2011 125 12:16:34,CSendEmail
2011 125 13:21:47,CUrl
2011 125 18:07:19,DUrl
2011 125 18:15:00,DNologon
2011 126 09:05:00,Blogon
2011 126 09:17:16,BUrl
2011 126 12:25:10,CSendEmail
2011 126 15:27:15,CUrl
2011 126 17:51:00,CNologon
2011 129 09:12:00,Blogon
2011 129 09:14:03,BUrl
2011 129 12:23:52,CUrl
2011 129 14:24:27,CSendEmail
2011 129 15:12:38,CUrl
2011 129 17:53:00,CNologon
2011 130 08:54:00,Blogon
2011 130 09:09:02,BUrl
2011 130 11:43:08,BSendEmail
2011 130 13:17:14,CUrl
2011 130 18:04:00,DNologon
2011 131 08:45:00,Blogon
2011 131 09:03:06,BUrl
2011 131 14:56:39,CUrl
2011 131 15:28:13,CSendEmail
2011 131 16:14:30,CUrl
2011 131 17:58:00,CNologon
2011 132 09:08:00,Blogon
2011 132 09:09:04,BUrl
2011 132 10:39:20,BSendEmail
2011 132 11:10:10,BUrl
2011 132 12:44:30,CUrl
2011 132 18:09:00,DNologon
2011 133 08:53:00,Blogon
2011 133 09:35:02,BUrl
2011 133 12:27:23,CUrl
2011 133 14:58:50,CSendEmail
2011 133 15:23:47,CUrl
2011 133 18:05:46,DUrl
2011 133 18:07:00,DNologon
2011 136 09:03:00,Blogon
2011 136 09:06:39,BSendEmail
2011 136 09:07:55,BUrl
2011 136 12:21:58,CUrl
2011 136 17:51:00,CNologon
