2010 004 08:19:00,Blogon
2010 004 08:55:41,BUrl
2010 004 14:21:09,CSendEmail
2010 004 14:23:44,CUrl
2010 004 18:13:08,DUrl
2010 004 18:35:00,DNologon
2010 005 08:30:00,Blogon
2010 005 08:31:41,BUrl
2010 005 12:37:07,CUrl
2010 005 17:08:22,CSendEmail
2010 005 17:27:10,CUrl
2010 005 18:30:00,DNologon
2010 006 08:19:00,Blogon
2010 006 08:35:05,BUrl
2010 006 13:03:49,CUrl
2010 006 14:18:07,CSendEmail
2010 006 16:22:44,CUrl
2010 006 18:06:00,DUrl
2010 006 18:30:00,DNologon
2010 007 08:30:00,Blogon
2010 007 08:31:49,BUrl
2010 007 12:27:22,CUrl
2010 007 13:39:04,CSendEmail
2010 007 16:30:51,CUrl
2010 007 18:12:10,DUrl
2010 007 18:30:00,DNologon
2010 008 08:29:00,Blogon
2010 008 08:32:47,BUrl
2010 008 08:33:13,BSendEmail
2010 008 08:40:29,BUrl
2010 008 12:09:22,CUrl
2010 008 18:45:00,DNologon
2010 011 08:26:00,Blogon
2010 011 08:39:15,BUrl
2010 011 12:18:39,CUrl
2010 011 15:08:11,CSendEmail
2010 011 15:23:53,CUrl
2010 011 18:28:17,DUrl
2010 011 18:39:00,DNologon
2010 012 08:26:00,Blogon
2010 012 08:32:28,BUrl
2010 012 10:15:38,BSendEmail
2010 012 10:24:57,BUrl
2010 012 13:51:21,CUrl
2010 012 18:04:29,DUrl
2010 012 18:43:00,DNologon
2010 013 08:30:00,Blogon
2010 013 08:45:10,BUrl
2010 013 13:19:54,CSendEmail
2010 013 13:24:11,CUrl
2010 013 18:10:23,DUrl
2010 013 18:30:00,DNologon
2010 014 08:30:00,Blogon
2010 014 09:31:24,BSendEmail
2010 014 11:12:57,BUrl
2010 014 15:39:10,CUrl
2010 014 18:06:28,DUrl
2010 014 18:32:00,DNologon
2010 015 08:30:00,Blogon
2010 015 08:55:08,BUrl
2010 015 12:24:23,CSendEmail
2010 015 12:46:16,CUrl
2010 015 18:30:00,DNologon
2010 018 08:30:00,Blogon
2010 018 08:57:51,BUrl
2010 018 11:00:42,BSendEmail
2010 018 11:55:53,BUrl
2010 018 14:37:42,CUrl
2010 018 18:04:46,DUrl
2010 018 18:30:00,DNologon
2010 019 08:25:00,Blogon
2010 019 08:43:06,BUrl
2010 019 12:57:12,CUrl
2010 019 17:42:33,CSendEmail
2010 019 18:18:00,DUrl
2010 019 18:31:00,DNologon
2010 020 08:18:00,Blogon
2010 020 08:27:35,BUrl
2010 020 10:58:00,BSendEmail
2010 020 11:31:28,BUrl
2010 020 13:04:06,CUrl
2010 020 18:35:48,DUrl
2010 020 18:38:00,DNologon
2010 021 08:30:00,Blogon
2010 021 08:41:21,BUrl
2010 021 12:35:22,CUrl
2010 021 13:57:36,CSendEmail
2010 021 14:21:01,CUrl
2010 021 18:30:00,DNologon
2010 022 08:23:00,Blogon
2010 022 08:25:44,BSendEmail
2010 022 08:39:31,BUrl
2010 022 13:35:00,CUrl
2010 022 18:44:00,DNologon
2010 025 08:16:00,Blogon
2010 025 08:43:17,BUrl
2010 025 08:54:24,BSendEmail
2010 025 09:15:04,BUrl
2010 025 12:19:36,CUrl
2010 025 18:03:04,DUrl
2010 025 18:43:00,DNologon
2010 026 08:30:00,Blogon
2010 026 09:07:29,BUrl
2010 026 12:30:05,CUrl
2010 026 13:58:10,CSendEmail
2010 026 14:14:14,CUrl
2010 026 18:01:42,DUrl
2010 026 18:33:00,DNologon
2010 027 08:15:00,Blogon
2010 027 08:24:52,BUrl
2010 027 12:50:38,CUrl
2010 027 17:51:19,CSendEmail
2010 027 18:23:56,DUrl
2010 027 18:34:00,DNologon
2010 028 08:30:00,Blogon
2010 028 08:37:15,BUrl
2010 028 12:19:47,CUrl
2010 028 14:53:19,CSendEmail
2010 028 15:55:21,CUrl
2010 028 18:12:09,DUrl
2010 028 18:32:00,DNologon
2010 029 08:30:00,Blogon
2010 029 09:16:33,BUrl
2010 029 13:23:37,CUrl
2010 029 16:42:24,CSendEmail
2010 029 17:30:21,CUrl
2010 029 18:30:00,DNologon
2010 032 08:21:00,Blogon
2010 032 08:28:00,BUrl
2010 032 11:13:24,BSendEmail
2010 032 11:22:24,BUrl
2010 032 12:21:37,CUrl
2010 032 18:30:00,DNologon
2010 033 08:30:00,Blogon
2010 033 09:18:02,BUrl
2010 033 12:05:35,CUrl
2010 033 16:20:11,CSendEmail
2010 033 18:19:27,DUrl
2010 033 18:30:00,DNologon
2010 034 08:30:00,Blogon
2010 034 08:47:07,BUrl
2010 034 12:07:51,CUrl
2010 034 15:28:58,CSendEmail
2010 034 16:29:12,CUrl
2010 034 18:08:47,DUrl
2010 034 18:30:00,DNologon
2010 035 08:30:00,Blogon
2010 035 08:42:29,BUrl
2010 035 09:42:34,BSendEmail
2010 035 11:01:26,BUrl
2010 035 12:54:01,CUrl
2010 035 18:30:00,DNologon
2010 036 08:17:00,Blogon
2010 036 08:26:21,BSendEmail
2010 036 08:27:12,BUrl
2010 036 13:52:03,CUrl
2010 036 18:23:56,DUrl
2010 036 18:30:00,DNologon
2010 039 08:20:00,Blogon
2010 039 11:18:53,BUrl
2010 039 12:02:01,CUrl
2010 039 18:29:05,DSendEmail
2010 039 18:33:00,DNologon
2010 040 08:30:00,Blogon
2010 040 08:43:14,BUrl
2010 040 12:48:23,CUrl
2010 040 18:14:49,DUrl
2010 040 18:17:20,DSendEmail
2010 040 18:30:00,DNologon
2010 041 08:30:00,Blogon
2010 041 08:33:17,BUrl
2010 041 08:44:03,BSendEmail
2010 041 09:09:07,BUrl
2010 041 12:39:58,CUrl
2010 041 18:07:49,DUrl
2010 041 18:30:00,DNologon
2010 042 08:30:00,Blogon
2010 042 09:01:12,BUrl
2010 042 12:01:24,CSendEmail
2010 042 12:07:35,CUrl
2010 042 18:22:48,DUrl
2010 042 18:30:00,DNologon
2010 043 08:30:00,Blogon
2010 043 08:39:05,BUrl
2010 043 09:48:58,BSendEmail
2010 043 11:33:29,BUrl
2010 043 12:28:53,CUrl
2010 043 18:30:00,DNologon
2010 046 08:28:00,Blogon
2010 046 09:03:35,BUrl
2010 046 11:41:58,BSendEmail
2010 046 12:02:57,CUrl
2010 046 18:16:07,DUrl
2010 046 18:36:00,DNologon
2010 047 08:30:00,Blogon
2010 047 08:51:05,BUrl
2010 047 12:33:26,CUrl
2010 047 16:34:55,CSendEmail
2010 047 17:36:11,CUrl
2010 047 18:30:00,DNologon
2010 048 08:27:00,Blogon
2010 048 08:59:42,BUrl
2010 048 09:41:53,BSendEmail
2010 048 12:57:30,CUrl
2010 048 18:42:00,DNologon
2010 049 08:17:00,Blogon
2010 049 10:02:05,BUrl
2010 049 13:01:18,CUrl
2010 049 16:41:23,CSendEmail
2010 049 17:14:17,CUrl
2010 049 18:30:00,DNologon
2010 050 08:27:00,Blogon
2010 050 08:33:57,BUrl
2010 050 09:40:36,BSendEmail
2010 050 09:47:48,BUrl
2010 050 14:43:51,CUrl
2010 050 18:28:15,DUrl
2010 050 18:40:00,DNologon
2010 053 08:16:00,Blogon
2010 053 08:31:12,BUrl
2010 053 13:03:41,CUrl
2010 053 14:45:14,CSendEmail
2010 053 14:56:34,CUrl
2010 053 18:19:07,DUrl
2010 053 18:45:00,DNologon
2010 054 08:30:00,Blogon
2010 054 09:14:53,BUrl
2010 054 10:45:38,BSendEmail
2010 054 11:31:30,BUrl
2010 054 13:32:30,CUrl
2010 054 18:31:11,DUrl
2010 054 18:45:00,DNologon
2010 055 08:30:00,Blogon
2010 055 09:03:28,BUrl
2010 055 14:06:25,CUrl
2010 055 15:49:49,CSendEmail
2010 055 16:33:04,CUrl
2010 055 18:30:00,DNologon
2010 056 08:30:00,Blogon
2010 056 08:40:57,BUrl
2010 056 12:13:27,CUrl
2010 056 14:50:17,CSendEmail
2010 056 15:06:47,CUrl
2010 056 18:28:51,DUrl
2010 056 18:30:00,DNologon
2010 057 08:30:00,Blogon
2010 057 08:45:40,BUrl
2010 057 12:00:58,CUrl
2010 057 16:05:20,CSendEmail
2010 057 16:28:56,CUrl
2010 057 18:25:55,DUrl
2010 057 18:34:00,DNologon
2010 060 08:30:00,Blogon
2010 060 08:52:54,BUrl
2010 060 11:11:16,BSendEmail
2010 060 11:36:19,BUrl
2010 060 12:43:39,CUrl
2010 060 18:41:00,DNologon
2010 061 08:25:00,Blogon
2010 061 09:18:57,BUrl
2010 061 12:08:18,CUrl
2010 061 18:07:51,DSendEmail
2010 061 18:12:33,DUrl
2010 061 18:30:00,DNologon
2010 062 08:30:00,Blogon
2010 062 09:57:59,BUrl
2010 062 12:17:58,CUrl
2010 062 13:20:53,CSendEmail
2010 062 14:45:13,CUrl
2010 062 18:30:00,DNologon
2010 063 08:15:00,Blogon
2010 063 09:06:47,BUrl
2010 063 12:19:12,CUrl
2010 063 16:10:04,CSendEmail
2010 063 16:38:22,CUrl
2010 063 18:41:00,DNologon
2010 064 08:30:00,Blogon
2010 064 08:59:58,BUrl
2010 064 12:11:41,CUrl
2010 064 18:15:26,DUrl
2010 064 18:18:56,DSendEmail
2010 064 18:19:32,DUrl
2010 064 18:30:00,DNologon
2010 067 08:30:00,Blogon
2010 067 09:18:39,BUrl
2010 067 12:13:34,CUrl
2010 067 18:01:50,DSendEmail
2010 067 18:12:01,DUrl
2010 067 18:40:00,DNologon
2010 068 08:20:00,Blogon
2010 068 08:46:41,BUrl
2010 068 10:55:18,BSendEmail
2010 068 13:36:06,CUrl
2010 068 18:34:00,DNologon
2010 069 08:16:00,Blogon
2010 069 08:56:31,BUrl
2010 069 13:40:46,CUrl
2010 069 13:44:05,CSendEmail
2010 069 15:56:08,CUrl
2010 069 18:06:25,DUrl
2010 069 18:44:00,DNologon
2010 070 08:16:00,Blogon
2010 070 08:42:38,BUrl
2010 070 11:51:40,BSendEmail
2010 070 11:59:06,BUrl
2010 070 13:14:02,CUrl
2010 070 18:10:46,DUrl
2010 070 18:30:00,DNologon
2010 071 08:24:00,Blogon
2010 071 08:31:04,BUrl
2010 071 12:43:03,CUrl
2010 071 13:44:25,CSendEmail
2010 071 14:42:13,CUrl
2010 071 18:37:00,DNologon
2010 074 08:19:00,Blogon
2010 074 08:46:53,BSendEmail
2010 074 08:53:00,BUrl
2010 074 13:24:20,CUrl
2010 074 18:02:30,DUrl
2010 074 18:34:00,DNologon
2010 075 08:30:00,Blogon
2010 075 08:59:01,BUrl
2010 075 13:08:33,CUrl
2010 075 13:32:18,CSendEmail
2010 075 16:16:51,CUrl
2010 075 18:03:53,DUrl
2010 075 18:30:00,DNologon
2010 076 08:25:00,Blogon
2010 076 08:33:28,BUrl
2010 076 12:20:40,CUrl
2010 076 13:30:53,CSendEmail
2010 076 14:49:31,CUrl
2010 076 18:15:12,DUrl
2010 076 18:37:00,DNologon
2010 077 08:30:00,Blogon
2010 077 16:10:20,CUrl
2010 077 16:10:24,CSendEmail
2010 077 16:43:12,CUrl
2010 077 18:30:00,DNologon
2010 078 08:30:00,Blogon
2010 078 08:36:13,BUrl
2010 078 11:13:21,BSendEmail
2010 078 12:38:40,CUrl
2010 078 18:22:11,DUrl
2010 078 18:30:00,DNologon
2010 081 08:17:00,Blogon
2010 081 08:40:32,BUrl
2010 081 10:44:36,BSendEmail
2010 081 11:33:52,BUrl
2010 081 12:08:56,CUrl
2010 081 18:01:49,DUrl
2010 081 18:42:00,DNologon
2010 082 08:30:00,Blogon
2010 082 08:46:57,BUrl
2010 082 12:38:24,CUrl
2010 082 17:22:53,CSendEmail
2010 082 18:30:00,DNologon
2010 083 08:15:00,Blogon
2010 083 08:20:30,BUrl
2010 083 13:15:04,CUrl
2010 083 14:31:15,CSendEmail
2010 083 14:54:27,CUrl
2010 083 18:35:00,DNologon
2010 084 08:30:00,Blogon
2010 084 09:17:12,BUrl
2010 084 11:10:55,BSendEmail
2010 084 11:49:20,BUrl
2010 084 12:05:59,CUrl
2010 084 18:20:51,DUrl
2010 084 18:30:00,DNologon
2010 085 08:21:00,Blogon
2010 085 09:02:36,BUrl
2010 085 12:43:39,CSendEmail
2010 085 16:10:54,CUrl
2010 085 18:22:46,DUrl
2010 085 18:43:00,DNologon
2010 088 08:26:00,Blogon
2010 088 08:29:56,BUrl
2010 088 09:55:16,BSendEmail
2010 088 10:35:00,BUrl
2010 088 12:56:43,CUrl
2010 088 18:39:00,DNologon
2010 089 08:30:00,Blogon
2010 089 08:32:21,BUrl
2010 089 09:04:54,BSendEmail
2010 089 10:32:52,BUrl
2010 089 12:22:26,CUrl
2010 089 18:30:00,DNologon
2010 090 08:30:00,Blogon
2010 090 08:34:00,BSendEmail
2010 090 09:02:06,BUrl
2010 090 12:24:20,CUrl
2010 090 18:30:00,DNologon
2010 091 08:30:00,Blogon
2010 091 11:25:52,BUrl
2010 091 12:25:06,CUrl
2010 091 15:20:37,CSendEmail
2010 091 15:26:47,CUrl
2010 091 18:02:08,DUrl
2010 091 18:33:00,DNologon
2010 095 08:19:00,Blogon
2010 095 08:29:28,BUrl
2010 095 15:31:45,CUrl
2010 095 17:17:54,CSendEmail
2010 095 17:20:32,CUrl
2010 095 18:18:18,DUrl
2010 095 18:32:00,DNologon
2010 096 08:21:00,Blogon
2010 096 08:56:22,BUrl
2010 096 10:53:48,BSendEmail
2010 096 12:36:21,CUrl
2010 096 18:04:27,DUrl
2010 096 18:30:00,DNologon
2010 097 08:15:00,Blogon
2010 097 08:43:01,BUrl
2010 097 12:40:45,CUrl
2010 097 13:11:34,CSendEmail
2010 097 14:01:59,CUrl
2010 097 18:04:26,DUrl
2010 097 18:36:00,DNologon
2010 098 08:30:00,Blogon
2010 098 09:39:52,BUrl
2010 098 12:42:58,CUrl
2010 098 16:42:41,CSendEmail
2010 098 17:07:24,CUrl
2010 098 18:12:37,DUrl
2010 098 18:30:00,DNologon
2010 099 08:30:00,Blogon
2010 099 08:35:58,BUrl
2010 099 13:09:12,CUrl
2010 099 13:28:03,CSendEmail
2010 099 14:03:43,CUrl
2010 099 18:30:00,DNologon
2010 102 08:24:00,Blogon
2010 102 08:50:28,BUrl
2010 102 09:31:09,BSendEmail
2010 102 11:16:12,BUrl
2010 102 13:04:14,CUrl
2010 102 18:44:00,DNologon
2010 103 08:20:00,Blogon
2010 103 08:53:59,BUrl
2010 103 10:44:35,BSendEmail
2010 103 12:29:24,CUrl
2010 103 18:19:51,DUrl
2010 103 18:32:00,DNologon
2010 104 08:24:00,Blogon
2010 104 08:30:00,BUrl
2010 104 13:01:29,CUrl
2010 104 18:01:55,DSendEmail
2010 104 18:15:44,DUrl
2010 104 18:30:00,DNologon
2010 105 08:30:00,Blogon
2010 105 08:41:58,BUrl
2010 105 12:49:07,CUrl
2010 105 17:43:31,CSendEmail
2010 105 18:15:20,DUrl
2010 105 18:30:00,DNologon
2010 106 08:21:00,Blogon
2010 106 08:32:35,BUrl
2010 106 12:30:07,CUrl
2010 106 13:08:10,CSendEmail
2010 106 13:40:45,CUrl
2010 106 18:21:44,DUrl
2010 106 18:31:00,DNologon
2010 109 08:16:00,Blogon
2010 109 08:29:25,BUrl
2010 109 12:05:35,CUrl
2010 109 13:25:57,CSendEmail
2010 109 13:35:19,CUrl
2010 109 18:19:37,DUrl
2010 109 18:31:00,DNologon
2010 110 08:30:00,Blogon
2010 110 08:31:05,BUrl
2010 110 10:08:41,BSendEmail
2010 110 10:32:45,BUrl
2010 110 15:19:45,CUrl
2010 110 18:30:00,DNologon
2010 111 08:30:00,Blogon
2010 111 09:31:50,BSendEmail
2010 111 09:34:33,BUrl
2010 111 12:18:48,CUrl
2010 111 18:20:41,DUrl
2010 111 18:35:00,DNologon
2010 112 08:20:00,Blogon
2010 112 09:06:19,BUrl
2010 112 11:15:15,BSendEmail
2010 112 12:52:39,CUrl
2010 112 18:04:38,DUrl
2010 112 18:30:00,DNologon
2010 113 08:30:00,Blogon
2010 113 08:36:24,BUrl
2010 113 10:37:28,BSendEmail
2010 113 10:45:09,BUrl
2010 113 12:14:54,CUrl
2010 113 18:30:00,DNologon
2010 116 08:30:00,Blogon
2010 116 08:55:32,BUrl
2010 116 12:18:42,CUrl
2010 116 14:52:51,CSendEmail
2010 116 15:12:20,CUrl
2010 116 18:05:01,DUrl
2010 116 18:30:00,DNologon
2010 117 08:30:00,Blogon
2010 117 08:46:49,BUrl
2010 117 14:29:14,CUrl
2010 117 16:22:14,CSendEmail
2010 117 17:16:17,CUrl
2010 117 18:39:00,DNologon
2010 118 08:29:00,Blogon
2010 118 09:20:32,BUrl
2010 118 12:59:50,CUrl
2010 118 13:37:11,CSendEmail
2010 118 13:49:50,CUrl
2010 118 18:30:00,DNologon
2010 119 08:30:00,Blogon
2010 119 08:51:40,BUrl
2010 119 12:38:40,CUrl
2010 119 18:01:24,DUrl
2010 119 18:22:54,DSendEmail
2010 119 18:30:00,DNologon
2010 120 08:23:00,Blogon
2010 120 08:51:56,BUrl
2010 120 12:35:26,CUrl
2010 120 17:37:45,CSendEmail
2010 120 17:39:27,CUrl
2010 120 18:31:00,DNologon
2010 123 08:30:00,Blogon
2010 123 08:33:21,BUrl
2010 123 12:22:38,CUrl
2010 123 14:50:33,CSendEmail
2010 123 16:52:19,CUrl
2010 123 18:27:39,DUrl
2010 123 18:30:00,DNologon
2010 124 08:19:00,Blogon
2010 124 08:32:04,BUrl
2010 124 12:53:57,CUrl
2010 124 18:13:14,DUrl
2010 124 18:30:00,DNologon
2010 125 08:30:00,Blogon
2010 125 10:09:58,BUrl
2010 125 10:13:15,BSendEmail
2010 125 10:44:20,BUrl
2010 125 14:52:13,CUrl
2010 125 18:06:59,DUrl
2010 125 18:30:00,DNologon
2010 126 08:30:00,Blogon
2010 126 08:35:39,BUrl
2010 126 08:38:04,BSendEmail
2010 126 09:06:30,BUrl
2010 126 12:35:55,CUrl
2010 126 18:02:35,DUrl
2010 126 18:30:00,DNologon
2010 127 08:21:00,Blogon
2010 127 08:26:25,BUrl
2010 127 09:36:15,BSendEmail
2010 127 11:43:30,BUrl
2010 127 12:07:35,CUrl
2010 127 18:22:30,DUrl
2010 127 18:30:00,DNologon
2010 130 08:30:00,Blogon
2010 130 10:21:06,BUrl
2010 130 12:37:11,CSendEmail
2010 130 12:37:45,CUrl
2010 130 18:03:16,DUrl
2010 130 18:30:00,DNologon
2010 131 08:18:00,Blogon
2010 131 08:40:58,BUrl
2010 131 10:57:53,BSendEmail
2010 131 11:23:19,BUrl
2010 131 12:18:34,CUrl
2010 131 18:00:41,DUrl
2010 131 18:34:00,DNologon
2010 132 08:21:00,Blogon
2010 132 08:37:58,BUrl
2010 132 12:57:17,CUrl
2010 132 18:22:12,DSendEmail
2010 132 18:30:00,DNologon
2010 133 08:22:00,Blogon
2010 133 08:38:14,BUrl
2010 133 14:25:36,CUrl
2010 133 17:02:56,CSendEmail
2010 133 17:35:28,CUrl
2010 133 18:24:24,DUrl
2010 133 18:39:00,DNologon
2010 134 08:18:00,Blogon
2010 134 08:48:34,BUrl
2010 134 13:43:35,CUrl
2010 134 13:45:26,CSendEmail
2010 134 15:09:59,CUrl
2010 134 18:11:00,DUrl
2010 134 18:42:00,DNologon
2010 137 08:30:00,Blogon
2010 137 08:33:37,BUrl
2010 137 09:59:57,BSendEmail
2010 137 11:36:08,BUrl
2010 137 12:22:14,CUrl
2010 137 18:25:58,DUrl
2010 137 18:30:00,DNologon
2010 138 08:24:00,Blogon
2010 138 08:35:27,BUrl
2010 138 12:48:04,CUrl
2010 138 16:55:29,CSendEmail
2010 138 18:02:41,DUrl
2010 138 18:37:00,DNologon
2010 139 08:26:00,Blogon
2010 139 09:15:57,BUrl
2010 139 12:06:41,CUrl
2010 139 13:07:43,CSendEmail
2010 139 13:36:07,CUrl
2010 139 18:18:44,DUrl
2010 139 18:43:00,DNologon
2010 140 08:30:00,Blogon
2010 140 08:34:11,BUrl
2010 140 13:27:24,CUrl
2010 140 18:26:31,DUrl
2010 140 18:30:00,DNologon
2010 141 08:30:00,Blogon
2010 141 08:43:27,BUrl
2010 141 10:23:18,BSendEmail
2010 141 10:33:23,BUrl
2010 141 12:36:33,CUrl
2010 141 18:44:00,DNologon
2010 144 08:16:00,Blogon
2010 144 09:05:29,BUrl
2010 144 09:44:45,BSendEmail
2010 144 11:55:02,BUrl
2010 144 13:12:29,CUrl
2010 144 18:30:00,DNologon
2010 145 08:30:00,Blogon
2010 145 08:31:50,BUrl
2010 145 12:02:31,CUrl
2010 145 17:30:35,CSendEmail
2010 145 18:30:00,DNologon
2010 146 08:30:00,Blogon
2010 146 08:37:19,BUrl
2010 146 12:00:06,CSendEmail
2010 146 12:32:45,CUrl
2010 146 18:30:00,DNologon
2010 147 08:29:00,Blogon
2010 147 08:49:03,BUrl
2010 147 13:43:22,CUrl
2010 147 18:32:28,DSendEmail
2010 147 18:33:13,DUrl
2010 147 18:37:00,DNologon
2010 148 08:23:00,Blogon
2010 148 08:25:24,BUrl
2010 148 10:13:13,BSendEmail
2010 148 12:33:22,CUrl
2010 148 18:15:30,DUrl
2010 148 18:45:00,DNologon
2010 152 08:30:00,Blogon
2010 152 08:33:08,BUrl
2010 152 12:30:50,CUrl
2010 152 16:53:48,CSendEmail
2010 152 17:26:28,CUrl
2010 152 18:03:55,DUrl
2010 152 18:30:00,DNologon
2010 153 08:29:00,Blogon
2010 153 09:42:34,BUrl
2010 153 11:10:55,BSendEmail
2010 153 11:36:59,BUrl
2010 153 12:44:23,CUrl
2010 153 18:12:17,DUrl
2010 153 18:39:00,DNologon
2010 154 08:24:00,Blogon
2010 154 08:47:04,BUrl
2010 154 12:27:28,CUrl
2010 154 17:06:54,CSendEmail
2010 154 17:28:40,CUrl
2010 154 18:05:58,DUrl
2010 154 18:37:00,DNologon
2010 155 08:23:00,Blogon
2010 155 08:35:44,BUrl
2010 155 12:36:41,CUrl
2010 155 15:01:51,CSendEmail
2010 155 16:37:25,CUrl
2010 155 18:17:00,DUrl
2010 155 18:34:00,DNologon
2010 158 08:18:00,Blogon
2010 158 08:49:44,BUrl
2010 158 09:27:45,BSendEmail
2010 158 09:52:40,BUrl
2010 158 12:13:24,CUrl
2010 158 18:29:51,DUrl
2010 158 18:43:00,DNologon
2010 159 08:30:00,Blogon
2010 159 08:53:11,BUrl
2010 159 12:20:24,CUrl
2010 159 13:03:36,CSendEmail
2010 159 13:16:19,CUrl
2010 159 18:30:00,DNologon
2010 160 08:27:00,Blogon
2010 160 08:56:24,BUrl
2010 160 13:07:45,CUrl
2010 160 15:48:16,CSendEmail
2010 160 16:01:01,CUrl
2010 160 18:37:27,DUrl
2010 160 18:42:00,DNologon
2010 161 08:17:00,Blogon
2010 161 08:44:12,BUrl
2010 161 11:58:45,BSendEmail
2010 161 12:01:56,CUrl
2010 161 18:29:28,DUrl
2010 161 18:45:00,DNologon
2010 162 08:26:00,Blogon
2010 162 08:43:49,BUrl
2010 162 12:59:34,CUrl
2010 162 13:17:27,CSendEmail
2010 162 14:47:12,CUrl
2010 162 18:10:49,DUrl
2010 162 18:30:00,DNologon
2010 165 08:18:00,Blogon
2010 165 08:38:47,BUrl
2010 165 08:39:07,BSendEmail
2010 165 10:09:28,BUrl
2010 165 12:54:13,CUrl
2010 165 18:20:05,DUrl
2010 165 18:43:00,DNologon
2010 166 08:30:00,Blogon
2010 166 08:57:05,BUrl
2010 166 10:45:15,BSendEmail
2010 166 13:08:18,CUrl
2010 166 18:19:50,DUrl
2010 166 18:35:00,DNologon
2010 167 08:30:00,Blogon
2010 167 10:07:10,BUrl
2010 167 12:09:03,CUrl
2010 167 14:36:54,CSendEmail
2010 167 18:00:04,DUrl
2010 167 18:38:00,DNologon
2010 168 08:30:00,Blogon
2010 168 08:41:19,BUrl
2010 168 10:38:15,BSendEmail
2010 168 12:18:19,CUrl
2010 168 18:22:10,DUrl
2010 168 18:30:00,DNologon
2010 169 08:30:00,Blogon
2010 169 08:36:04,BUrl
2010 169 10:06:09,BSendEmail
2010 169 11:02:55,BUrl
2010 169 12:07:27,CUrl
2010 169 18:25:31,DUrl
2010 169 18:30:00,DNologon
2010 172 08:27:00,Blogon
2010 172 08:57:21,BSendEmail
2010 172 10:18:20,BUrl
2010 172 12:27:39,CUrl
2010 172 18:30:00,DNologon
2010 173 08:24:00,Blogon
2010 173 08:53:19,BUrl
2010 173 12:47:51,CUrl
2010 173 15:00:41,CSendEmail
2010 173 15:25:35,CUrl
2010 173 18:00:45,DUrl
2010 173 18:37:00,DNologon
2010 174 08:21:00,Blogon
2010 174 08:41:37,BUrl
2010 174 10:07:45,BSendEmail
2010 174 14:00:06,CUrl
2010 174 18:45:00,DNologon
2010 175 08:30:00,Blogon
2010 175 09:52:34,BUrl
2010 175 12:46:26,CUrl
2010 175 16:59:05,CSendEmail
2010 175 17:59:20,CUrl
2010 175 18:01:21,DUrl
2010 175 18:30:00,DNologon
2010 176 08:21:00,Blogon
2010 176 08:27:06,BUrl
2010 176 12:56:22,CUrl
2010 176 13:49:11,CSendEmail
2010 176 15:15:37,CUrl
2010 176 18:21:18,DUrl
2010 176 18:36:00,DNologon
2010 179 08:21:00,Blogon
2010 179 08:46:47,BUrl
2010 179 10:59:46,BSendEmail
2010 179 11:24:14,BUrl
2010 179 13:47:29,CUrl
2010 179 18:06:03,DUrl
2010 179 18:31:00,DNologon
2010 180 08:30:00,Blogon
2010 180 09:12:04,BUrl
2010 180 15:22:11,CUrl
2010 180 17:42:56,CSendEmail
2010 180 18:00:41,DUrl
2010 180 18:30:00,DNologon
2010 181 08:30:00,Blogon
2010 181 09:48:29,BSendEmail
2010 181 09:51:58,BUrl
2010 181 12:11:31,CUrl
2010 181 18:30:00,DNologon
2010 182 08:22:00,Blogon
2010 182 08:43:50,BUrl
2010 182 12:49:17,CUrl
2010 182 18:13:09,DUrl
2010 182 18:13:40,DSendEmail
2010 182 18:26:50,DUrl
2010 182 18:44:00,DNologon
2010 183 08:18:00,Blogon
2010 183 08:37:48,BUrl
2010 183 10:21:34,BSendEmail
2010 183 13:08:38,CUrl
2010 183 18:12:14,DUrl
2010 183 18:43:00,DNologon
2010 187 08:30:00,Blogon
2010 187 08:32:06,BUrl
2010 187 10:27:10,BSendEmail
2010 187 10:38:11,BUrl
2010 187 13:15:13,CUrl
2010 187 18:30:00,DNologon
2010 188 08:30:00,Blogon
2010 188 08:36:22,BUrl
2010 188 13:20:27,CUrl
2010 188 13:36:45,CSendEmail
2010 188 14:54:19,CUrl
2010 188 18:12:48,DUrl
2010 188 18:30:00,DNologon
2010 189 08:16:00,Blogon
2010 189 08:17:58,BUrl
2010 189 12:16:41,CUrl
2010 189 18:30:00,DNologon
2010 190 08:30:00,Blogon
2010 190 08:39:33,BUrl
2010 190 09:26:05,BSendEmail
2010 190 10:31:00,BUrl
2010 190 12:12:51,CUrl
2010 190 18:12:19,DUrl
2010 190 18:30:00,DNologon
2010 193 08:15:00,Blogon
2010 193 08:30:47,BUrl
2010 193 12:16:56,CUrl
2010 193 14:03:00,CSendEmail
2010 193 15:23:20,CUrl
2010 193 18:30:00,DNologon
2010 194 08:30:00,Blogon
2010 194 09:06:40,BUrl
2010 194 12:05:34,CSendEmail
2010 194 12:55:31,CUrl
2010 194 18:30:00,DNologon
2010 195 08:30:00,Blogon
2010 195 09:26:11,BUrl
2010 195 13:09:19,CUrl
2010 195 13:44:09,CSendEmail
2010 195 14:48:38,CUrl
2010 195 18:27:07,DUrl
2010 195 18:30:00,DNologon
2010 196 08:30:00,Blogon
2010 196 09:10:21,BUrl
2010 196 13:41:29,CUrl
2010 196 17:50:55,CSendEmail
2010 196 18:30:00,DNologon
2010 197 08:30:00,Blogon
2010 197 08:46:01,BUrl
2010 197 12:50:45,CUrl
2010 197 17:40:31,CSendEmail
2010 197 17:43:45,CUrl
2010 197 18:30:00,DNologon
2010 200 08:30:00,Blogon
2010 200 09:16:21,BUrl
2010 200 12:06:41,CUrl
2010 200 16:55:00,CSendEmail
2010 200 17:39:53,CUrl
2010 200 18:16:16,DUrl
2010 200 18:30:00,DNologon
2010 201 08:30:00,Blogon
2010 201 08:51:42,BUrl
2010 201 11:12:28,BSendEmail
2010 201 12:29:42,CUrl
2010 201 18:30:00,DNologon
2010 202 08:28:00,Blogon
2010 202 08:59:52,BUrl
2010 202 12:11:06,CUrl
2010 202 16:11:14,CSendEmail
2010 202 17:05:08,CUrl
2010 202 18:30:00,DNologon
2010 203 08:23:00,Blogon
2010 203 09:06:17,BUrl
2010 203 10:43:43,BSendEmail
2010 203 11:17:13,BUrl
2010 203 13:55:13,CUrl
2010 203 18:26:52,DUrl
2010 203 18:30:00,DNologon
2010 204 08:24:00,Blogon
2010 204 08:26:24,BUrl
2010 204 09:16:56,BSendEmail
2010 204 09:20:57,BUrl
2010 204 13:41:57,CUrl
2010 204 18:19:57,DUrl
2010 204 18:30:00,DNologon
2010 207 08:30:00,Blogon
2010 207 08:32:57,BUrl
2010 207 10:26:25,BSendEmail
2010 207 12:21:51,CUrl
2010 207 18:28:52,DUrl
2010 207 18:30:00,DNologon
2010 208 08:30:00,Blogon
2010 208 09:09:17,BUrl
2010 208 12:34:51,CUrl
2010 208 15:41:56,CSendEmail
2010 208 15:51:17,CUrl
2010 208 18:05:23,DUrl
2010 208 18:30:00,DNologon
2010 209 08:30:00,Blogon
2010 209 08:56:44,BUrl
2010 209 12:24:59,CUrl
2010 209 16:37:15,CSendEmail
2010 209 18:24:50,DUrl
2010 209 18:30:00,DNologon
2010 210 08:28:00,Blogon
2010 210 08:33:07,BUrl
2010 210 12:47:46,CUrl
2010 210 14:15:20,CSendEmail
2010 210 14:40:42,CUrl
2010 210 18:30:00,DNologon
2010 211 08:30:00,Blogon
2010 211 08:46:54,BUrl
2010 211 11:40:57,BSendEmail
2010 211 11:42:23,BUrl
2010 211 13:13:53,CUrl
2010 211 18:30:00,DNologon
2010 214 08:28:00,Blogon
2010 214 09:18:32,BUrl
2010 214 12:38:56,CUrl
2010 214 14:00:53,CSendEmail
2010 214 15:15:37,CUrl
2010 214 18:30:00,DNologon
2010 215 08:30:00,Blogon
2010 215 08:43:59,BUrl
2010 215 09:13:33,BSendEmail
2010 215 09:55:49,BUrl
2010 215 13:00:22,CUrl
2010 215 18:39:00,DNologon
2010 216 08:22:00,Blogon
2010 216 08:27:26,BUrl
2010 216 10:42:23,BSendEmail
2010 216 11:29:13,BUrl
2010 216 16:59:32,CUrl
2010 216 18:30:00,DNologon
2010 217 08:30:00,Blogon
2010 217 08:55:28,BUrl
2010 217 13:59:26,CUrl
2010 217 15:05:00,CSendEmail
2010 217 15:12:01,CUrl
2010 217 18:17:54,DUrl
2010 217 18:30:00,DNologon
2010 218 08:30:00,Blogon
2010 218 12:00:14,CUrl
2010 218 18:05:03,DUrl
2010 218 18:11:55,DSendEmail
2010 218 18:30:00,DNologon
2010 221 08:15:00,Blogon
2010 221 08:28:19,BUrl
2010 221 13:18:16,CSendEmail
2010 221 14:37:45,CUrl
2010 221 18:08:49,DUrl
2010 221 18:30:00,DNologon
2010 222 08:16:00,Blogon
2010 222 08:32:15,BUrl
2010 222 14:27:52,CUrl
2010 222 15:04:55,CSendEmail
2010 222 15:37:02,CUrl
2010 222 18:11:01,DUrl
2010 222 18:30:00,DNologon
2010 223 08:28:00,Blogon
2010 223 09:00:31,BUrl
2010 223 12:26:59,CUrl
2010 223 15:58:23,CSendEmail
2010 223 16:05:09,CUrl
2010 223 18:32:00,DNologon
2010 224 08:15:00,Blogon
2010 224 08:46:26,BUrl
2010 224 12:08:14,CUrl
2010 224 17:24:56,CSendEmail
2010 224 18:10:28,DUrl
2010 224 18:35:00,DNologon
2010 225 08:30:00,Blogon
2010 225 11:32:01,BUrl
2010 225 12:24:52,CSendEmail
2010 225 13:53:39,CUrl
2010 225 18:28:31,DUrl
2010 225 18:30:00,DNologon
2010 228 08:30:00,Blogon
2010 228 09:35:51,BUrl
2010 228 10:30:44,BSendEmail
2010 228 11:00:24,BUrl
2010 228 12:04:20,CUrl
2010 228 18:13:25,DUrl
2010 228 18:43:00,DNologon
2010 229 08:23:00,Blogon
2010 229 11:51:40,BUrl
2010 229 16:08:46,CUrl
2010 229 17:20:40,CSendEmail
2010 229 18:30:00,DNologon
2010 230 08:17:00,Blogon
2010 230 09:12:42,BUrl
2010 230 12:14:24,CUrl
2010 230 14:45:28,CSendEmail
2010 230 15:35:40,CUrl
2010 230 18:01:32,DUrl
2010 230 18:34:00,DNologon
2010 231 08:16:00,Blogon
2010 231 08:32:50,BUrl
2010 231 12:02:35,CUrl
2010 231 17:22:16,CSendEmail
2010 231 18:13:50,DUrl
2010 231 18:31:00,DNologon
2010 232 08:30:00,Blogon
2010 232 09:01:24,BUrl
2010 232 13:43:01,CUrl
2010 232 14:15:25,CSendEmail
2010 232 14:58:12,CUrl
2010 232 18:11:56,DUrl
2010 232 18:30:00,DNologon
2010 235 08:20:00,Blogon
2010 235 08:22:33,BUrl
2010 235 12:08:33,CSendEmail
2010 235 12:09:36,CUrl
2010 235 18:34:41,DUrl
2010 235 18:44:00,DNologon
2010 236 08:30:00,Blogon
2010 236 08:41:37,BUrl
2010 236 12:24:28,CSendEmail
2010 236 14:42:31,CUrl
2010 236 18:10:37,DUrl
2010 236 18:30:00,DNologon
2010 237 08:30:00,Blogon
2010 237 08:35:16,BSendEmail
2010 237 08:35:23,BUrl
2010 237 12:42:10,CUrl
2010 237 18:30:00,DNologon
2010 238 08:30:00,Blogon
2010 238 09:03:01,BUrl
2010 238 12:16:57,CUrl
2010 238 13:28:29,CSendEmail
2010 238 13:55:50,CUrl
2010 238 18:30:00,DNologon
2010 239 08:30:00,Blogon
2010 239 09:08:03,BUrl
2010 239 10:19:39,BSendEmail
2010 239 11:58:11,BUrl
2010 239 12:27:45,CUrl
2010 239 18:30:00,DNologon
2010 242 08:30:00,Blogon
2010 242 08:54:53,BUrl
2010 242 10:56:36,BSendEmail
2010 242 11:11:28,BUrl
2010 242 12:45:10,CUrl
2010 242 18:05:46,DUrl
2010 242 18:30:00,DNologon
2010 243 08:30:00,Blogon
2010 243 08:44:26,BUrl
2010 243 12:09:32,CUrl
2010 243 17:51:41,CSendEmail
2010 243 18:13:32,DUrl
2010 243 18:30:00,DNologon
2010 244 08:30:00,Blogon
2010 244 08:40:16,BUrl
2010 244 12:52:12,CUrl
2010 244 17:30:52,CSendEmail
2010 244 17:46:38,CUrl
2010 244 18:30:00,DNologon
2010 245 08:30:00,Blogon
2010 245 08:35:44,BUrl
2010 245 12:08:26,CUrl
2010 245 12:35:30,CSendEmail
2010 245 13:10:29,CUrl
2010 245 18:30:00,DNologon
2010 246 08:17:00,Blogon
2010 246 08:24:46,BUrl
2010 246 12:25:39,CUrl
2010 246 14:52:39,CSendEmail
2010 246 15:16:40,CUrl
2010 246 18:30:00,DNologon
2010 250 08:17:00,Blogon
2010 250 09:12:00,BSendEmail
2010 250 09:14:28,BUrl
2010 250 12:55:51,CUrl
2010 250 18:42:00,DNologon
2010 251 08:26:00,Blogon
2010 251 08:31:05,BUrl
2010 251 12:03:48,CUrl
2010 251 14:12:09,CSendEmail
2010 251 15:29:17,CUrl
2010 251 18:10:14,DUrl
2010 251 18:30:00,DNologon
2010 252 08:30:00,Blogon
2010 252 08:36:09,BUrl
2010 252 08:39:52,BSendEmail
2010 252 10:34:05,BUrl
2010 252 13:29:38,CUrl
2010 252 18:15:06,DUrl
2010 252 18:44:00,DNologon
2010 253 08:30:00,Blogon
2010 253 08:32:08,BUrl
2010 253 10:13:07,BSendEmail
2010 253 10:22:14,BUrl
2010 253 13:09:34,CUrl
2010 253 18:04:50,DUrl
2010 253 18:30:00,DNologon
2010 256 08:24:00,Blogon
2010 256 09:19:34,BUrl
2010 256 12:21:23,CUrl
2010 256 17:17:07,CSendEmail
2010 256 17:21:47,CUrl
2010 256 18:35:39,DUrl
2010 256 18:40:00,DNologon
2010 257 08:29:00,Blogon
2010 257 09:15:03,BUrl
2010 257 10:00:54,BSendEmail
2010 257 10:42:23,BUrl
2010 257 12:05:57,CUrl
2010 257 18:32:00,DNologon
2010 258 08:15:00,Blogon
2010 258 08:16:06,BUrl
2010 258 12:01:52,CSendEmail
2010 258 14:14:57,CUrl
2010 258 18:31:48,DUrl
2010 258 18:36:00,DNologon
2010 259 08:30:00,Blogon
2010 259 09:09:21,BUrl
2010 259 09:48:48,BSendEmail
2010 259 11:27:58,BUrl
2010 259 13:28:40,CUrl
2010 259 18:16:22,DUrl
2010 259 18:30:00,DNologon
2010 260 08:30:00,Blogon
2010 260 08:49:50,BUrl
2010 260 12:13:21,CUrl
2010 260 13:16:19,CSendEmail
2010 260 13:17:35,CUrl
2010 260 18:33:47,DUrl
2010 260 18:37:00,DNologon
2010 263 08:30:00,Blogon
2010 263 08:54:05,BSendEmail
2010 263 08:56:22,BUrl
2010 263 13:05:48,CUrl
2010 263 18:15:22,DUrl
2010 263 18:44:00,DNologon
2010 264 08:20:00,Blogon
2010 264 08:35:24,BUrl
2010 264 12:28:32,CUrl
2010 264 16:08:00,CSendEmail
2010 264 16:26:27,CUrl
2010 264 18:25:58,DUrl
2010 264 18:45:00,DNologon
2010 265 08:30:00,Blogon
2010 265 08:34:05,BUrl
2010 265 12:09:45,CUrl
2010 265 15:02:17,CSendEmail
2010 265 16:33:35,CUrl
2010 265 18:11:26,DUrl
2010 265 18:30:00,DNologon
2010 266 08:30:00,Blogon
2010 266 08:51:21,BUrl
2010 266 13:34:11,CUrl
2010 266 14:11:41,CSendEmail
2010 266 16:28:42,CUrl
2010 266 18:17:06,DUrl
2010 266 18:30:00,DNologon
2010 267 08:30:00,Blogon
2010 267 09:02:37,BUrl
2010 267 11:57:47,BSendEmail
2010 267 12:17:31,CUrl
2010 267 18:30:00,DNologon
2010 270 08:18:00,Blogon
2010 270 08:34:13,BUrl
2010 270 13:50:25,CUrl
2010 270 15:46:38,CSendEmail
2010 270 18:24:41,DUrl
2010 270 18:30:00,DNologon
2010 271 08:28:00,Blogon
2010 271 09:29:00,BUrl
2010 271 12:51:19,CSendEmail
2010 271 12:57:55,CUrl
2010 271 18:34:00,DNologon
2010 272 08:26:00,Blogon
2010 272 08:32:29,BUrl
2010 272 10:50:23,BSendEmail
2010 272 12:28:55,CUrl
2010 272 18:30:00,DNologon
2010 273 08:22:00,Blogon
2010 273 09:46:56,BUrl
2010 273 10:05:34,BSendEmail
2010 273 10:13:30,BUrl
2010 273 12:03:18,CUrl
2010 273 18:09:59,DUrl
2010 273 18:30:00,DNologon
2010 274 08:30:00,Blogon
2010 274 08:34:55,BUrl
2010 274 09:19:50,BSendEmail
2010 274 10:25:26,BUrl
2010 274 12:15:42,CUrl
2010 274 18:04:03,DUrl
2010 274 18:42:00,DNologon
2010 277 08:30:00,Blogon
2010 277 09:16:19,BUrl
2010 277 13:03:19,CUrl
2010 277 16:00:42,CSendEmail
2010 277 16:26:03,CUrl
2010 277 18:37:48,DUrl
2010 277 18:44:00,DNologon
2010 278 08:28:00,Blogon
2010 278 09:01:13,BUrl
2010 278 11:27:16,BSendEmail
2010 278 12:08:34,CUrl
2010 278 18:30:00,DNologon
2010 279 08:30:00,Blogon
2010 279 08:40:55,BUrl
2010 279 14:06:07,CUrl
2010 279 18:19:22,DUrl
2010 279 18:28:02,DSendEmail
2010 279 18:30:00,DNologon
2010 280 08:23:00,Blogon
2010 280 08:41:35,BUrl
2010 280 10:58:18,BSendEmail
2010 280 10:58:47,BUrl
2010 280 14:31:38,CUrl
2010 280 18:35:32,DUrl
2010 280 18:39:00,DNologon
2010 281 08:30:00,Blogon
2010 281 08:49:21,BUrl
2010 281 12:47:25,CUrl
2010 281 16:33:20,CSendEmail
2010 281 17:01:07,CUrl
2010 281 18:16:16,DUrl
2010 281 18:30:00,DNologon
2010 284 08:30:00,Blogon
2010 284 08:36:04,BUrl
2010 284 12:56:18,CUrl
2010 284 15:12:22,CSendEmail
2010 284 16:31:19,CUrl
2010 284 18:17:54,DUrl
2010 284 18:30:00,DNologon
2010 285 08:30:00,Blogon
2010 285 09:53:49,BUrl
2010 285 12:41:49,CUrl
2010 285 18:13:44,DUrl
2010 285 18:15:09,DSendEmail
2010 285 18:30:00,DNologon
2010 286 08:30:00,Blogon
2010 286 09:12:10,BUrl
2010 286 12:38:13,CUrl
2010 286 14:54:52,CSendEmail
2010 286 14:55:24,CUrl
2010 286 18:01:39,DUrl
2010 286 18:30:00,DNologon
2010 287 08:20:00,Blogon
2010 287 08:34:30,BUrl
2010 287 12:23:39,CUrl
2010 287 18:34:06,DSendEmail
2010 287 18:36:00,DNologon
2010 288 08:23:00,Blogon
2010 288 08:49:12,BUrl
2010 288 11:32:19,BSendEmail
2010 288 13:03:22,CUrl
2010 288 18:09:10,DUrl
2010 288 18:30:00,DNologon
2010 291 08:22:00,Blogon
2010 291 08:26:34,BUrl
2010 291 12:20:03,CUrl
2010 291 13:38:01,CSendEmail
2010 291 14:32:17,CUrl
2010 291 18:02:46,DUrl
2010 291 18:32:00,DNologon
2010 292 08:20:00,Blogon
2010 292 10:15:02,BUrl
2010 292 12:20:23,CUrl
2010 292 17:51:51,CSendEmail
2010 292 18:31:00,DNologon
2010 293 08:30:00,Blogon
2010 293 08:32:32,BUrl
2010 293 15:19:19,CUrl
2010 293 17:20:50,CSendEmail
2010 293 18:11:23,DUrl
2010 293 18:41:00,DNologon
2010 294 08:30:00,Blogon
2010 294 09:25:37,BUrl
2010 294 12:14:49,CUrl
2010 294 18:00:07,DUrl
2010 294 18:32:53,DSendEmail
2010 294 18:37:00,DNologon
2010 295 08:30:00,Blogon
2010 295 08:47:59,BUrl
2010 295 11:18:22,BSendEmail
2010 295 12:56:25,CUrl
2010 295 18:30:00,DNologon
2010 298 08:30:00,Blogon
2010 298 08:33:55,BUrl
2010 298 12:00:52,CUrl
2010 298 15:15:58,CSendEmail
2010 298 15:17:42,CUrl
2010 298 18:30:00,DNologon
2010 299 08:29:00,Blogon
2010 299 08:31:12,BUrl
2010 299 13:54:41,CSendEmail
2010 299 14:40:11,CUrl
2010 299 18:37:22,DUrl
2010 299 18:40:00,DNologon
2010 300 08:28:00,Blogon
2010 300 10:07:31,BUrl
2010 300 11:44:51,BSendEmail
2010 300 12:09:01,CUrl
2010 300 18:13:52,DUrl
2010 300 18:45:00,DNologon
2010 301 08:26:00,Blogon
2010 301 08:48:13,BSendEmail
2010 301 09:34:09,BUrl
2010 301 12:17:11,CUrl
2010 301 18:14:46,DUrl
2010 301 18:32:00,DNologon
2010 302 08:22:00,Blogon
2010 302 08:47:02,BUrl
2010 302 12:47:59,CUrl
2010 302 16:28:55,CSendEmail
2010 302 18:24:55,DUrl
2010 302 18:38:00,DNologon
2010 305 08:30:00,Blogon
2010 305 08:35:41,BSendEmail
2010 305 08:48:11,BUrl
2010 305 12:05:40,CUrl
2010 305 18:30:00,DNologon
2010 306 08:30:00,Blogon
2010 306 09:07:04,BUrl
2010 306 11:56:22,BSendEmail
2010 306 15:21:26,CUrl
2010 306 18:07:45,DUrl
2010 306 18:45:00,DNologon
2010 307 08:30:00,Blogon
2010 307 08:56:54,BUrl
2010 307 12:56:49,CUrl
2010 307 18:09:42,DSendEmail
2010 307 18:16:45,DUrl
2010 307 18:30:00,DNologon
2010 308 08:30:00,Blogon
2010 308 08:35:28,BUrl
2010 308 13:12:10,CUrl
2010 308 14:18:52,CSendEmail
2010 308 14:25:36,CUrl
2010 308 18:10:31,DUrl
2010 308 18:30:00,DNologon
2010 309 08:30:00,Blogon
2010 309 09:12:11,BUrl
2010 309 12:16:29,CSendEmail
2010 309 16:28:28,CUrl
2010 309 18:45:00,DNologon
2010 312 08:30:00,Blogon
2010 312 08:32:07,BUrl
2010 312 08:32:19,BSendEmail
2010 312 12:45:10,CUrl
2010 312 18:09:04,DUrl
2010 312 18:30:00,DNologon
2010 313 08:30:00,Blogon
2010 313 08:36:32,BUrl
2010 313 12:33:12,CUrl
2010 313 16:54:19,CSendEmail
2010 313 17:52:27,CUrl
2010 313 18:30:00,DNologon
2010 314 08:20:00,Blogon
2010 314 08:26:34,BUrl
2010 314 11:52:50,BSendEmail
2010 314 14:03:56,CUrl
2010 314 18:31:00,DNologon
2010 315 08:25:00,Blogon
2010 315 08:42:59,BUrl
2010 315 12:36:16,CSendEmail
2010 315 12:49:09,CUrl
2010 315 18:25:48,DUrl
2010 315 18:30:00,DNologon
2010 316 08:16:00,Blogon
2010 316 08:21:14,BSendEmail
2010 316 08:21:44,BUrl
2010 316 12:28:42,CUrl
2010 316 18:30:00,DNologon
2010 319 08:30:00,Blogon
2010 319 08:51:53,BSendEmail
2010 319 08:57:58,BUrl
2010 319 12:09:54,CUrl
2010 319 18:40:00,DNologon
2010 320 08:17:00,Blogon
2010 320 09:58:10,BUrl
2010 320 12:57:58,CUrl
2010 320 15:02:04,CSendEmail
2010 320 16:23:21,CUrl
2010 320 18:18:07,DUrl
2010 320 18:34:00,DNologon
2010 321 08:17:00,Blogon
2010 321 08:23:50,BSendEmail
2010 321 08:48:12,BUrl
2010 321 12:03:36,CUrl
2010 321 18:10:44,DUrl
2010 321 18:40:00,DNologon
2010 322 08:30:00,Blogon
2010 322 08:50:14,BUrl
2010 322 12:38:09,CUrl
2010 322 15:06:46,CSendEmail
2010 322 15:27:06,CUrl
2010 322 18:16:32,DUrl
2010 322 18:30:00,DNologon
2010 323 08:30:00,Blogon
2010 323 08:43:48,BUrl
2010 323 12:17:48,CUrl
2010 323 12:37:22,CSendEmail
2010 323 13:04:21,CUrl
2010 323 18:18:11,DUrl
2010 323 18:30:00,DNologon
2010 326 08:27:00,Blogon
2010 326 09:13:18,BUrl
2010 326 12:40:27,CUrl
2010 326 12:43:29,CSendEmail
2010 326 13:36:00,CUrl
2010 326 18:39:00,DNologon
2010 327 08:17:00,Blogon
2010 327 09:32:50,BUrl
2010 327 12:28:02,CSendEmail
2010 327 12:45:35,CUrl
2010 327 18:27:01,DUrl
2010 327 18:32:00,DNologon
2010 328 08:19:00,Blogon
2010 328 08:21:56,BSendEmail
2010 328 08:27:38,BUrl
2010 328 12:43:41,CUrl
2010 328 18:03:00,DUrl
2010 328 18:41:00,DNologon
2010 333 08:30:00,Blogon
2010 333 08:44:27,BUrl
2010 333 13:13:53,CUrl
2010 333 18:22:33,DSendEmail
2010 333 18:30:00,DNologon
2010 334 08:30:00,Blogon
2010 334 09:27:21,BUrl
2010 334 12:16:45,CUrl
2010 334 18:30:00,DNologon
2010 335 08:30:00,Blogon
2010 335 10:00:03,BUrl
2010 335 13:19:29,CUrl
2010 335 13:38:27,CSendEmail
2010 335 14:45:23,CUrl
2010 335 18:30:00,DNologon
2010 336 08:24:00,Blogon
2010 336 09:55:15,BUrl
2010 336 12:13:57,CUrl
2010 336 16:03:19,CSendEmail
2010 336 16:09:15,CUrl
2010 336 18:13:46,DUrl
2010 336 18:30:00,DNologon
2010 337 08:29:00,Blogon
2010 337 09:40:34,BUrl
2010 337 11:43:00,BSendEmail
2010 337 13:54:38,CUrl
2010 337 18:02:51,DUrl
2010 337 18:38:00,DNologon
2010 340 08:20:00,Blogon
2010 340 08:26:57,BUrl
2010 340 11:00:50,BSendEmail
2010 340 12:08:25,CUrl
2010 340 18:02:31,DUrl
2010 340 18:39:00,DNologon
2010 341 08:24:00,Blogon
2010 341 08:43:55,BUrl
2010 341 09:47:36,BSendEmail
2010 341 11:51:33,BUrl
2010 341 12:25:21,CUrl
2010 341 18:14:24,DUrl
2010 341 18:30:00,DNologon
2010 342 08:28:00,Blogon
2010 342 08:38:29,BUrl
2010 342 12:19:52,CUrl
2010 342 16:48:37,CSendEmail
2010 342 17:10:57,CUrl
2010 342 18:30:21,DUrl
2010 342 18:44:00,DNologon
2010 343 08:30:00,Blogon
2010 343 08:56:42,BSendEmail
2010 343 09:28:58,BUrl
2010 343 12:59:45,CUrl
2010 343 18:30:00,DNologon
2010 344 08:20:00,Blogon
2010 344 09:23:57,BUrl
2010 344 12:48:55,CUrl
2010 344 18:06:41,DUrl
2010 344 18:17:58,DSendEmail
2010 344 18:30:00,DNologon
2010 347 08:17:00,Blogon
2010 347 08:28:55,BUrl
2010 347 08:31:56,BSendEmail
2010 347 08:54:01,BUrl
2010 347 12:25:05,CUrl
2010 347 18:30:00,DNologon
2010 348 08:30:00,Blogon
2010 348 08:37:19,BUrl
2010 348 13:32:54,CUrl
2010 348 14:51:42,CSendEmail
2010 348 14:54:13,CUrl
2010 348 18:39:00,DNologon
2010 349 08:30:00,Blogon
2010 349 09:04:13,BUrl
2010 349 12:50:48,CUrl
2010 349 13:39:19,CSendEmail
2010 349 14:47:08,CUrl
2010 349 18:30:00,DNologon
2010 350 08:30:00,Blogon
2010 350 08:42:41,BUrl
2010 350 09:08:33,BSendEmail
2010 350 11:04:25,BUrl
2010 350 15:12:32,CUrl
2010 350 18:05:58,DUrl
2010 350 18:30:00,DNologon
2010 351 08:30:00,Blogon
2010 351 09:11:06,BUrl
2010 351 12:11:13,CUrl
2010 351 18:18:13,DUrl
2010 351 18:30:00,DNologon
2010 354 08:17:00,Blogon
2010 354 09:06:56,BUrl
2010 354 10:42:00,BSendEmail
2010 354 10:57:01,BUrl
2010 354 12:27:52,CUrl
2010 354 18:00:22,DUrl
2010 354 18:45:00,DNologon
2010 355 08:30:00,Blogon
2010 355 08:42:24,BUrl
2010 355 13:39:30,CUrl
2010 355 15:11:07,CSendEmail
2010 355 16:57:43,CUrl
2010 355 18:39:11,DUrl
2010 355 18:43:00,DNologon
2010 356 08:30:00,Blogon
2010 356 08:38:55,BSendEmail
2010 356 08:52:21,BUrl
2010 356 14:17:47,CUrl
2010 356 18:30:00,DNologon
2010 361 08:30:00,Blogon
2010 361 08:34:51,BUrl
2010 361 12:59:21,CUrl
2010 361 17:27:56,CSendEmail
2010 361 17:43:09,CUrl
2010 361 18:26:21,DUrl
2010 361 18:30:00,DNologon
2010 362 08:24:00,Blogon
2010 362 08:32:34,BUrl
2010 362 12:30:41,CUrl
2010 362 17:01:56,CSendEmail
2010 362 17:24:22,CUrl
2010 362 18:04:19,DUrl
2010 362 18:42:00,DNologon
2010 363 08:30:00,Blogon
2010 363 09:09:46,BUrl
2010 363 12:26:23,CUrl
2010 363 17:27:12,CSendEmail
2010 363 17:54:43,CUrl
2010 363 18:30:00,DNologon
2010 364 08:30:00,Blogon
2010 364 08:36:25,BUrl
2010 364 10:01:45,BSendEmail
2010 364 10:33:05,BUrl
2010 364 13:16:45,CUrl
2010 364 18:17:52,DUrl
2010 364 18:30:00,DNologon
2011 003 08:30:00,Blogon
2011 003 08:34:44,BUrl
2011 003 12:15:17,CUrl
2011 003 15:04:52,CSendEmail
2011 003 15:53:51,CUrl
2011 003 18:36:00,DNologon
2011 004 08:30:00,Blogon
2011 004 08:57:43,BUrl
2011 004 12:08:43,CSendEmail
2011 004 12:16:54,CUrl
2011 004 18:28:07,DUrl
2011 004 18:30:00,DNologon
2011 005 08:30:00,Blogon
2011 005 08:47:52,BUrl
2011 005 12:45:12,CUrl
2011 005 12:48:48,CSendEmail
2011 005 13:52:35,CUrl
2011 005 18:04:51,DUrl
2011 005 18:30:00,DNologon
2011 006 08:30:00,Blogon
2011 006 10:11:09,BUrl
2011 006 12:53:24,CUrl
2011 006 17:11:34,CSendEmail
2011 006 17:32:48,CUrl
2011 006 18:05:11,DUrl
2011 006 18:30:00,DNologon
2011 007 08:18:00,Blogon
2011 007 09:03:23,BUrl
2011 007 10:38:10,BSendEmail
2011 007 10:40:27,BUrl
2011 007 12:28:59,CUrl
2011 007 18:05:24,DUrl
2011 007 18:31:00,DNologon
2011 010 08:30:00,Blogon
2011 010 08:49:02,BSendEmail
2011 010 09:27:10,BUrl
2011 010 15:14:36,CUrl
2011 010 18:10:03,DUrl
2011 010 18:30:00,DNologon
2011 011 08:30:00,Blogon
2011 011 09:06:55,BUrl
2011 011 12:35:43,CUrl
2011 011 17:28:20,CSendEmail
2011 011 17:46:36,CUrl
2011 011 18:07:14,DUrl
2011 011 18:30:00,DNologon
2011 012 08:30:00,Blogon
2011 012 09:34:25,BUrl
2011 012 12:01:05,CUrl
2011 012 17:00:47,CSendEmail
2011 012 17:28:09,CUrl
2011 012 18:07:20,DUrl
2011 012 18:33:00,DNologon
2011 013 08:30:00,Blogon
2011 013 08:39:57,BUrl
2011 013 12:12:11,CUrl
2011 013 18:04:21,DSendEmail
2011 013 18:36:00,DNologon
2011 014 08:30:00,Blogon
2011 014 08:43:13,BUrl
2011 014 14:40:11,CUrl
2011 014 15:11:23,CSendEmail
2011 014 15:36:40,CUrl
2011 014 18:13:08,DUrl
2011 014 18:30:00,DNologon
2011 017 08:30:00,Blogon
2011 017 09:11:21,BUrl
2011 017 13:40:33,CUrl
2011 017 17:16:25,CSendEmail
2011 017 18:16:55,DUrl
2011 017 18:38:00,DNologon
2011 018 08:17:00,Blogon
2011 018 08:42:37,BUrl
2011 018 14:32:29,CSendEmail
2011 018 14:49:27,CUrl
2011 018 18:00:58,DUrl
2011 018 18:40:00,DNologon
2011 019 08:30:00,Blogon
2011 019 09:22:30,BUrl
2011 019 12:15:04,CUrl
2011 019 17:25:17,CSendEmail
2011 019 17:41:11,CUrl
2011 019 18:30:00,DNologon
2011 020 08:23:00,Blogon
2011 020 08:37:26,BUrl
2011 020 12:44:43,CUrl
2011 020 13:47:23,CSendEmail
2011 020 16:03:30,CUrl
2011 020 18:19:25,DUrl
2011 020 18:37:00,DNologon
2011 021 08:30:00,Blogon
2011 021 09:00:41,BUrl
2011 021 12:28:04,CUrl
2011 021 14:41:18,CSendEmail
2011 021 15:36:22,CUrl
2011 021 18:30:00,DNologon
2011 024 08:30:00,Blogon
2011 024 08:43:59,BUrl
2011 024 12:01:35,CUrl
2011 024 15:49:16,CSendEmail
2011 024 16:12:34,CUrl
2011 024 18:15:57,DUrl
2011 024 18:30:00,DNologon
2011 025 08:24:00,Blogon
2011 025 08:25:01,BUrl
2011 025 11:08:35,BSendEmail
2011 025 11:52:17,BUrl
2011 025 12:08:17,CUrl
2011 025 18:08:14,DUrl
2011 025 18:31:00,DNologon
2011 026 08:30:00,Blogon
2011 026 08:44:47,BUrl
2011 026 10:14:07,BSendEmail
2011 026 12:00:48,CUrl
2011 026 18:30:00,DNologon
2011 027 08:30:00,Blogon
2011 027 08:44:21,BUrl
2011 027 13:52:38,CUrl
2011 027 16:45:24,CSendEmail
2011 027 16:50:25,CUrl
2011 027 18:22:47,DUrl
2011 027 18:32:00,DNologon
2011 028 08:30:00,Blogon
2011 028 08:47:45,BUrl
2011 028 12:17:00,CUrl
2011 028 16:32:56,CSendEmail
2011 028 18:14:22,DUrl
2011 028 18:30:00,DNologon
2011 031 08:30:00,Blogon
2011 031 08:51:10,BUrl
2011 031 12:50:52,CUrl
2011 031 14:02:07,CSendEmail
2011 031 15:38:13,CUrl
2011 031 18:11:57,DUrl
2011 031 18:40:00,DNologon
2011 032 08:30:00,Blogon
2011 032 09:04:15,BUrl
2011 032 12:01:44,CUrl
2011 032 18:16:31,DUrl
2011 032 18:43:00,DNologon
2011 033 08:17:00,Blogon
2011 033 10:20:04,BUrl
2011 033 12:47:47,CUrl
2011 033 18:16:07,DSendEmail
2011 033 18:16:31,DUrl
2011 033 18:38:00,DNologon
2011 034 08:30:00,Blogon
2011 034 08:34:17,BUrl
2011 034 08:36:18,BSendEmail
2011 034 08:57:17,BUrl
2011 034 12:05:52,CUrl
2011 034 18:25:32,DUrl
2011 034 18:30:00,DNologon
2011 035 08:24:00,Blogon
2011 035 08:45:43,BUrl
2011 035 10:53:35,BSendEmail
2011 035 11:54:13,BUrl
2011 035 14:33:32,CUrl
2011 035 18:44:00,DNologon
2011 038 08:30:00,Blogon
2011 038 08:32:07,BUrl
2011 038 08:32:35,BSendEmail
2011 038 09:05:05,BUrl
2011 038 13:29:18,CUrl
2011 038 18:43:00,DNologon
2011 039 08:16:00,Blogon
2011 039 08:38:11,BUrl
2011 039 12:35:43,CUrl
2011 039 15:11:02,CSendEmail
2011 039 15:16:32,CUrl
2011 039 18:25:35,DUrl
2011 039 18:32:00,DNologon
2011 040 08:30:00,Blogon
2011 040 08:43:59,BUrl
2011 040 14:41:19,CUrl
2011 040 16:42:52,CSendEmail
2011 040 16:53:00,CUrl
2011 040 18:14:02,DUrl
2011 040 18:30:00,DNologon
2011 041 08:23:00,Blogon
2011 041 08:55:15,BUrl
2011 041 12:59:58,CUrl
2011 041 13:20:26,CSendEmail
2011 041 16:29:02,CUrl
2011 041 18:04:58,DUrl
2011 041 18:33:00,DNologon
2011 042 08:22:00,Blogon
2011 042 08:34:44,BUrl
2011 042 11:55:40,BSendEmail
2011 042 12:12:46,CUrl
2011 042 18:30:00,DNologon
2011 045 08:23:00,Blogon
2011 045 08:30:25,BUrl
2011 045 10:46:26,BSendEmail
2011 045 10:53:33,BUrl
2011 045 13:10:40,CUrl
2011 045 18:35:00,DNologon
2011 046 08:23:00,Blogon
2011 046 08:43:57,BUrl
2011 046 12:12:00,CUrl
2011 046 13:59:10,CSendEmail
2011 046 15:05:13,CUrl
2011 046 18:40:00,DNologon
2011 047 08:30:00,Blogon
2011 047 10:28:49,BUrl
2011 047 12:32:21,CUrl
2011 047 18:02:45,DUrl
2011 047 18:28:07,DSendEmail
2011 047 18:30:00,DNologon
2011 048 08:30:00,Blogon
2011 048 08:34:54,BUrl
2011 048 15:28:02,CUrl
2011 048 18:03:22,DUrl
2011 048 18:30:00,DNologon
2011 049 08:30:00,Blogon
2011 049 08:48:18,BUrl
2011 049 12:02:54,CSendEmail
2011 049 14:40:23,CUrl
2011 049 18:30:00,DNologon
2011 052 08:30:00,Blogon
2011 052 08:45:19,BUrl
2011 052 12:58:39,CSendEmail
2011 052 13:23:44,CUrl
2011 052 18:23:41,DUrl
2011 052 18:34:00,DNologon
2011 053 08:30:00,Blogon
2011 053 09:04:41,BUrl
2011 053 14:17:37,CUrl
2011 053 16:06:58,CSendEmail
2011 053 17:28:08,CUrl
2011 053 18:43:00,DNologon
2011 054 08:23:00,Blogon
2011 054 08:27:04,BUrl
2011 054 08:45:33,BSendEmail
2011 054 09:02:39,BUrl
2011 054 13:50:11,CUrl
2011 054 18:41:00,DNologon
2011 055 08:18:00,Blogon
2011 055 08:28:09,BUrl
2011 055 09:50:56,BSendEmail
2011 055 09:57:17,BUrl
2011 055 12:06:04,CUrl
2011 055 18:30:00,DNologon
2011 056 08:30:00,Blogon
2011 056 08:48:45,BUrl
2011 056 13:36:19,CUrl
2011 056 17:52:37,CSendEmail
2011 056 18:30:00,DNologon
2011 059 08:30:00,Blogon
2011 059 08:47:03,BUrl
2011 059 12:41:13,CSendEmail
2011 059 13:15:41,CUrl
2011 059 18:30:00,DNologon
2011 060 08:30:00,Blogon
2011 060 09:02:50,BUrl
2011 060 12:23:57,CUrl
2011 060 13:58:41,CSendEmail
2011 060 14:58:03,CUrl
2011 060 18:45:00,DNologon
2011 061 08:30:00,Blogon
2011 061 08:32:02,BUrl
2011 061 08:39:57,BSendEmail
2011 061 08:48:55,BUrl
2011 061 14:18:47,CUrl
2011 061 18:30:00,DNologon
2011 062 08:30:00,Blogon
2011 062 08:40:12,BUrl
2011 062 12:59:16,CUrl
2011 062 17:07:56,CSendEmail
2011 062 17:57:37,CUrl
2011 062 18:30:00,DNologon
2011 063 08:25:00,Blogon
2011 063 09:19:05,BSendEmail
2011 063 10:14:21,BUrl
2011 063 12:27:53,CUrl
2011 063 18:40:00,DNologon
2011 066 08:28:00,Blogon
2011 066 08:29:46,BUrl
2011 066 13:21:24,CUrl
2011 066 14:17:10,CSendEmail
2011 066 14:18:09,CUrl
2011 066 18:37:00,DNologon
2011 067 08:30:00,Blogon
2011 067 08:37:20,BUrl
2011 067 09:33:59,BSendEmail
2011 067 10:35:26,BUrl
2011 067 13:03:50,CUrl
2011 067 18:30:00,DNologon
2011 068 08:19:00,Blogon
2011 068 08:53:33,BUrl
2011 068 13:13:39,CUrl
2011 068 15:49:08,CSendEmail
2011 068 16:24:21,CUrl
2011 068 18:26:55,DUrl
2011 068 18:30:00,DNologon
2011 069 08:17:00,Blogon
2011 069 08:21:18,BUrl
2011 069 12:16:08,CSendEmail
2011 069 12:45:37,CUrl
2011 069 18:13:53,DUrl
2011 069 18:30:00,DNologon
2011 070 08:30:00,Blogon
2011 070 08:53:32,BUrl
2011 070 12:01:46,CUrl
2011 070 16:04:23,CSendEmail
2011 070 17:18:56,CUrl
2011 070 18:06:47,DUrl
2011 070 18:30:00,DNologon
2011 073 08:30:00,Blogon
2011 073 09:41:53,BUrl
2011 073 12:38:20,CUrl
2011 073 18:13:48,DUrl
2011 073 18:30:00,DNologon
2011 074 08:29:00,Blogon
2011 074 08:37:29,BUrl
2011 074 12:42:29,CUrl
2011 074 14:02:16,CSendEmail
2011 074 14:14:50,CUrl
2011 074 18:07:48,DUrl
2011 074 18:38:00,DNologon
2011 075 08:30:00,Blogon
2011 075 08:40:19,BSendEmail
2011 075 08:41:55,BUrl
2011 075 12:41:47,CUrl
2011 075 18:19:57,DUrl
2011 075 18:30:00,DNologon
2011 076 08:24:00,Blogon
2011 076 08:29:00,BUrl
2011 076 12:12:05,CUrl
2011 076 16:34:23,CSendEmail
2011 076 17:15:44,CUrl
2011 076 18:36:00,DNologon
2011 077 08:30:00,Blogon
2011 077 09:15:23,BUrl
2011 077 14:46:18,CUrl
2011 077 16:30:48,CSendEmail
2011 077 16:40:15,CUrl
2011 077 18:18:59,DUrl
2011 077 18:42:00,DNologon
2011 080 08:30:00,Blogon
2011 080 09:27:18,BUrl
2011 080 12:54:20,CUrl
2011 080 15:02:44,CSendEmail
2011 080 17:56:47,CUrl
2011 080 18:30:00,DNologon
2011 081 08:19:00,Blogon
2011 081 08:44:45,BUrl
2011 081 13:36:37,CUrl
2011 081 14:21:11,CSendEmail
2011 081 15:39:36,CUrl
2011 081 18:02:30,DUrl
2011 081 18:30:00,DNologon
2011 082 08:30:00,Blogon
2011 082 08:34:26,BUrl
2011 082 12:01:42,CUrl
2011 082 16:33:47,CSendEmail
2011 082 18:22:36,DUrl
2011 082 18:30:00,DNologon
2011 083 08:30:00,Blogon
2011 083 08:49:56,BUrl
2011 083 10:07:22,BSendEmail
2011 083 10:07:40,BUrl
2011 083 12:19:34,CUrl
2011 083 18:23:40,DUrl
2011 083 18:43:00,DNologon
2011 084 08:28:00,Blogon
2011 084 08:30:38,BSendEmail
2011 084 09:36:44,BUrl
2011 084 14:57:39,CUrl
2011 084 18:13:45,DUrl
2011 084 18:35:00,DNologon
2011 087 08:27:00,Blogon
2011 087 08:58:31,BUrl
2011 087 11:17:04,BSendEmail
2011 087 12:51:08,CUrl
2011 087 18:21:10,DUrl
2011 087 18:32:00,DNologon
2011 088 08:30:00,Blogon
2011 088 08:31:18,BUrl
2011 088 13:00:20,CUrl
2011 088 17:09:34,CSendEmail
2011 088 18:34:00,DNologon
2011 089 08:18:00,Blogon
2011 089 08:30:38,BUrl
2011 089 11:23:01,BSendEmail
2011 089 14:04:21,CUrl
2011 089 18:14:56,DUrl
2011 089 18:45:00,DNologon
2011 090 08:30:00,Blogon
2011 090 10:05:46,BUrl
2011 090 12:18:03,CUrl
2011 090 15:07:22,CSendEmail
2011 090 15:36:14,CUrl
2011 090 18:04:47,DUrl
2011 090 18:30:00,DNologon
2011 091 08:30:00,Blogon
2011 091 08:36:27,BUrl
2011 091 09:47:09,BSendEmail
2011 091 10:32:02,BUrl
2011 091 12:20:15,CUrl
2011 091 18:37:00,DNologon
2011 094 08:30:00,Blogon
2011 094 10:18:34,BUrl
2011 094 10:36:42,BSendEmail
2011 094 11:18:36,BUrl
2011 094 12:11:24,CUrl
2011 094 18:26:04,DUrl
2011 094 18:30:00,DNologon
2011 095 08:30:00,Blogon
2011 095 09:14:38,BUrl
2011 095 15:41:03,CUrl
2011 095 18:37:32,DUrl
2011 095 18:41:00,DNologon
2011 096 08:29:00,Blogon
2011 096 08:45:50,BUrl
2011 096 12:58:18,CUrl
2011 096 17:34:04,CSendEmail
2011 096 18:06:01,DUrl
2011 096 18:40:00,DNologon
2011 097 08:15:00,Blogon
2011 097 08:27:58,BUrl
2011 097 10:09:54,BSendEmail
2011 097 10:10:30,BUrl
2011 097 12:29:01,CUrl
2011 097 18:20:44,DUrl
2011 097 18:30:00,DNologon
2011 098 08:30:00,Blogon
2011 098 09:08:29,BUrl
2011 098 13:06:39,CUrl
2011 098 16:25:17,CSendEmail
2011 098 17:59:17,CUrl
2011 098 18:05:30,DUrl
2011 098 18:30:00,DNologon
2011 101 08:30:00,Blogon
2011 101 08:38:16,BUrl
2011 101 12:14:09,CUrl
2011 101 15:07:02,CSendEmail
2011 101 16:50:00,CUrl
2011 101 18:06:09,DUrl
2011 101 18:30:00,DNologon
2011 102 08:30:00,Blogon
2011 102 08:39:49,BUrl
2011 102 11:54:16,BSendEmail
2011 102 14:27:12,CUrl
2011 102 18:23:03,DUrl
2011 102 18:30:00,DNologon
2011 103 08:25:00,Blogon
2011 103 09:04:38,BSendEmail
2011 103 09:34:02,BUrl
2011 103 15:17:22,CUrl
2011 103 18:07:51,DUrl
2011 103 18:31:00,DNologon
2011 104 08:30:00,Blogon
2011 104 18:31:00,DNologon
2011 105 08:30:00,Blogon
2011 105 08:52:19,BSendEmail
2011 105 09:34:01,BUrl
2011 105 13:08:25,CUrl
2011 105 18:04:32,DUrl
2011 105 18:30:00,DNologon
2011 108 08:30:00,Blogon
2011 108 08:34:35,BUrl
2011 108 12:52:51,CUrl
2011 108 15:21:01,CSendEmail
2011 108 16:55:25,CUrl
2011 108 18:25:28,DUrl
2011 108 18:43:00,DNologon
2011 109 08:30:00,Blogon
2011 109 08:54:11,BUrl
2011 109 12:32:43,CUrl
2011 109 17:46:21,CSendEmail
2011 109 18:18:58,DUrl
2011 109 18:30:00,DNologon
2011 110 08:19:00,Blogon
2011 110 08:43:19,BUrl
2011 110 08:54:24,BSendEmail
2011 110 12:06:56,CUrl
2011 110 18:10:48,DUrl
2011 110 18:30:00,DNologon
2011 111 08:30:00,Blogon
2011 111 08:57:28,BUrl
2011 111 14:35:42,CUrl
2011 111 15:56:45,CSendEmail
2011 111 15:57:35,CUrl
2011 111 18:18:54,DUrl
2011 111 18:30:00,DNologon
2011 115 08:30:00,Blogon
2011 115 08:39:00,BUrl
2011 115 08:52:42,BSendEmail
2011 115 09:07:09,BUrl
2011 115 12:58:18,CUrl
2011 115 18:30:00,DNologon
2011 116 08:30:00,Blogon
2011 116 09:28:56,BUrl
2011 116 14:00:43,CUrl
2011 116 18:13:37,DSendEmail
2011 116 18:19:22,DUrl
2011 116 18:45:00,DNologon
2011 117 08:30:00,Blogon
2011 117 09:36:08,BUrl
2011 117 13:33:00,CUrl
2011 117 16:46:17,CSendEmail
2011 117 17:00:17,CUrl
2011 117 18:04:02,DUrl
2011 117 18:40:00,DNologon
2011 118 08:17:00,Blogon
2011 118 08:19:19,BUrl
2011 118 12:03:24,CUrl
2011 118 15:27:02,CSendEmail
2011 118 15:54:49,CUrl
2011 118 18:30:21,DUrl
2011 118 18:37:00,DNologon
2011 119 08:15:00,Blogon
2011 119 08:18:36,BUrl
2011 119 12:40:02,CUrl
2011 119 18:02:04,DUrl
2011 119 18:28:20,DSendEmail
2011 119 18:28:34,DUrl
2011 119 18:34:00,DNologon
2011 122 08:30:00,Blogon
2011 122 09:48:55,BUrl
2011 122 15:42:16,CUrl
2011 122 16:32:26,CSendEmail
2011 122 18:02:08,DUrl
2011 122 18:30:00,DNologon
2011 123 08:15:00,Blogon
2011 123 08:20:27,BUrl
2011 123 12:01:34,CUrl
2011 123 14:46:15,CSendEmail
2011 123 15:01:06,CUrl
2011 123 18:30:00,DNologon
2011 124 08:30:00,Blogon
2011 124 08:31:24,BUrl
2011 124 12:15:40,CUrl
2011 124 17:27:19,CSendEmail
2011 124 18:43:00,DNologon
2011 125 08:20:00,Blogon
2011 125 08:36:43,BUrl
2011 125 14:47:26,CSendEmail
2011 125 16:32:58,CUrl
2011 125 18:09:52,DUrl
2011 125 18:30:00,DNologon
2011 126 08:30:00,Blogon
2011 126 09:11:03,BUrl
2011 126 12:02:53,CUrl
2011 126 14:31:33,CSendEmail
2011 126 15:51:35,CUrl
2011 126 18:08:21,DUrl
2011 126 18:30:00,DNologon
2011 129 08:30:00,Blogon
2011 129 08:32:44,BUrl
2011 129 12:02:29,CUrl
2011 129 18:04:42,DUrl
2011 129 18:08:00,DSendEmail
2011 129 18:30:00,DNologon
2011 130 08:19:00,Blogon
2011 130 08:37:43,BUrl
2011 130 10:53:09,BSendEmail
2011 130 11:07:54,BUrl
2011 130 14:10:21,CUrl
2011 130 18:34:00,DNologon
2011 131 08:22:00,Blogon
2011 131 08:31:33,BUrl
2011 131 13:09:51,CUrl
2011 131 18:00:30,DSendEmail
2011 131 18:36:00,DNologon
2011 132 08:30:00,Blogon
2011 132 09:03:06,BUrl
2011 132 09:18:42,BSendEmail
2011 132 10:25:14,BUrl
2011 132 13:18:23,CUrl
2011 132 18:34:00,DNologon
2011 133 08:21:00,Blogon
2011 133 08:42:42,BUrl
2011 133 10:12:05,BSendEmail
2011 133 11:52:17,BUrl
2011 133 12:11:18,CUrl
2011 133 18:02:17,DUrl
2011 133 18:30:00,DNologon
2011 136 08:30:00,Blogon
2011 136 08:51:20,BUrl
2011 136 13:45:34,CUrl
2011 136 17:58:49,CSendEmail
2011 136 18:30:00,DNologon
