2010 004 09:02:00,Blogon
2010 004 09:03:33,BUrl
2010 004 12:44:39,CUrl
2010 004 13:12:17,CSendEmail
2010 004 13:30:00,CUrl
2010 004 13:48:55,CSendEmail
2010 004 14:03:54,CUrl
2010 004 15:30:52,CSendEmail
2010 004 15:44:07,CUrl
2010 004 18:55:06,DUrl
2010 004 21:26:00,DNologon
2010 005 09:16:00,Blogon
2010 005 09:37:31,BUrl
2010 005 12:43:22,CUrl
2010 005 18:03:36,DSendEmail
2010 005 18:07:36,DSendEmail
2010 005 18:14:03,DUrl
2010 005 18:20:21,DSendEmail
2010 005 18:21:40,DUrl
2010 005 21:08:00,DNologon
2010 006 09:10:00,Blogon
2010 006 09:52:57,BUrl
2010 006 12:43:21,CUrl
2010 006 17:20:31,CSendEmail
2010 006 17:53:09,CSendEmail
2010 006 17:55:55,CSendEmail
2010 006 18:06:35,DUrl
2010 006 21:26:00,DNologon
2010 007 09:18:00,Blogon
2010 007 09:58:38,BUrl
2010 007 12:06:09,CUrl
2010 007 15:50:34,CSendEmail
2010 007 15:51:13,CSendEmail
2010 007 16:45:27,CUrl
2010 007 18:11:49,DUrl
2010 007 21:11:56,DSendEmail
2010 007 21:15:00,DNologon
2010 008 09:16:00,Blogon
2010 008 09:19:02,BUrl
2010 008 12:30:51,CUrl
2010 008 18:28:10,DUrl
2010 008 19:37:52,DSendEmail
2010 008 19:38:50,DSendEmail
2010 008 19:39:43,DUrl
2010 008 19:41:16,DSendEmail
2010 008 19:52:37,DUrl
2010 008 21:13:00,DNologon
2010 011 09:12:00,Blogon
2010 011 11:47:03,BUrl
2010 011 12:18:33,CUrl
2010 011 13:05:51,CSendEmail
2010 011 13:16:47,CUrl
2010 011 16:14:25,CSendEmail
2010 011 16:16:31,CUrl
2010 011 18:02:18,DUrl
2010 011 18:29:25,DSendEmail
2010 011 21:15:00,DNologon
2010 012 09:00:00,Blogon
2010 012 09:10:40,BUrl
2010 012 09:14:01,BSendEmail
2010 012 09:16:20,BSendEmail
2010 012 11:32:25,BUrl
2010 012 12:08:05,CUrl
2010 012 12:34:33,CSendEmail
2010 012 13:15:37,CUrl
2010 012 18:13:37,DUrl
2010 012 21:26:00,DNologon
2010 013 09:26:00,Blogon
2010 013 09:38:56,BUrl
2010 013 11:50:43,BSendEmail
2010 013 12:28:03,CUrl
2010 013 15:09:20,CSendEmail
2010 013 15:09:29,CSendEmail
2010 013 15:57:04,CUrl
2010 013 18:31:13,DUrl
2010 013 21:06:00,DNologon
2010 014 09:22:00,Blogon
2010 014 09:25:14,BUrl
2010 014 11:59:25,BSendEmail
2010 014 12:00:46,CSendEmail
2010 014 12:03:22,CUrl
2010 014 15:50:13,CSendEmail
2010 014 16:35:44,CUrl
2010 014 18:56:03,DUrl
2010 014 21:08:00,DNologon
2010 015 09:24:00,Blogon
2010 015 10:09:52,BUrl
2010 015 12:05:40,CUrl
2010 015 18:13:18,DUrl
2010 015 19:26:11,DSendEmail
2010 015 19:30:59,DSendEmail
2010 015 20:02:26,DUrl
2010 015 21:14:00,DNologon
2010 018 09:23:00,Blogon
2010 018 09:30:50,BUrl
2010 018 12:44:25,CUrl
2010 018 13:27:25,CSendEmail
2010 018 13:47:04,CSendEmail
2010 018 14:48:34,CUrl
2010 018 15:20:42,CSendEmail
2010 018 15:51:33,CUrl
2010 018 18:04:09,DUrl
2010 018 21:24:00,DNologon
2010 019 09:12:00,Blogon
2010 019 09:15:12,BUrl
2010 019 10:08:50,BSendEmail
2010 019 10:11:34,BSendEmail
2010 019 10:18:40,BUrl
2010 019 12:19:04,CUrl
2010 019 16:54:45,CSendEmail
2010 019 17:16:58,CUrl
2010 019 18:17:40,DUrl
2010 019 21:30:00,DNologon
2010 020 09:22:00,Blogon
2010 020 09:24:03,BUrl
2010 020 12:11:10,CUrl
2010 020 18:10:00,DSendEmail
2010 020 19:34:55,DUrl
2010 020 19:42:32,DSendEmail
2010 020 19:46:39,DUrl
2010 020 19:56:46,DSendEmail
2010 020 20:30:01,DUrl
2010 020 21:19:00,DNologon
2010 021 09:02:00,Blogon
2010 021 09:04:59,BSendEmail
2010 021 09:18:02,BSendEmail
2010 021 09:24:02,BSendEmail
2010 021 09:28:02,BUrl
2010 021 14:03:09,CUrl
2010 021 18:01:30,DUrl
2010 021 21:05:00,DNologon
2010 022 09:11:00,Blogon
2010 022 09:14:30,BUrl
2010 022 12:51:30,CUrl
2010 022 13:36:28,CSendEmail
2010 022 13:45:08,CUrl
2010 022 18:07:32,DUrl
2010 022 18:42:50,DSendEmail
2010 022 18:43:51,DUrl
2010 022 18:47:12,DSendEmail
2010 022 19:05:55,DUrl
2010 022 21:25:00,DNologon
2010 025 09:02:00,Blogon
2010 025 09:31:19,BUrl
2010 025 12:20:09,CUrl
2010 025 16:03:30,CSendEmail
2010 025 16:26:54,CUrl
2010 025 16:57:06,CSendEmail
2010 025 16:57:35,CUrl
2010 025 19:09:35,DUrl
2010 025 20:09:55,DSendEmail
2010 025 20:30:51,DUrl
2010 025 21:22:00,DNologon
2010 026 09:19:00,Blogon
2010 026 09:40:55,BUrl
2010 026 11:33:47,BSendEmail
2010 026 11:34:05,BUrl
2010 026 11:36:00,BSendEmail
2010 026 12:39:44,CUrl
2010 026 15:29:28,CSendEmail
2010 026 15:34:54,CUrl
2010 026 18:24:30,DUrl
2010 026 21:16:00,DNologon
2010 027 09:10:00,Blogon
2010 027 09:46:12,BUrl
2010 027 09:52:46,BSendEmail
2010 027 10:27:58,BUrl
2010 027 11:18:00,BSendEmail
2010 027 11:22:07,BUrl
2010 027 12:25:34,CUrl
2010 027 18:03:33,DUrl
2010 027 19:26:21,DSendEmail
2010 027 19:28:51,DUrl
2010 027 21:15:00,DNologon
2010 028 09:03:00,Blogon
2010 028 09:58:54,BUrl
2010 028 12:53:17,CUrl
2010 028 13:12:23,CSendEmail
2010 028 13:20:01,CSendEmail
2010 028 13:54:29,CUrl
2010 028 18:11:11,DUrl
2010 028 19:18:44,DSendEmail
2010 028 19:18:47,DUrl
2010 028 21:15:00,DNologon
2010 029 09:20:00,Blogon
2010 029 09:38:00,BUrl
2010 029 10:27:10,BSendEmail
2010 029 10:27:31,BUrl
2010 029 10:29:21,BSendEmail
2010 029 10:34:13,BUrl
2010 029 10:39:15,BSendEmail
2010 029 10:47:22,BUrl
2010 029 12:45:37,CUrl
2010 029 18:59:49,DUrl
2010 029 21:07:00,DNologon
2010 032 09:26:00,Blogon
2010 032 09:35:55,BUrl
2010 032 12:33:01,CUrl
2010 032 17:18:58,CSendEmail
2010 032 17:32:22,CUrl
2010 032 17:55:08,CSendEmail
2010 032 17:57:44,CSendEmail
2010 032 18:32:16,DUrl
2010 032 21:06:00,DNologon
2010 033 09:25:00,Blogon
2010 033 09:32:52,BUrl
2010 033 09:34:16,BSendEmail
2010 033 09:34:51,BUrl
2010 033 12:11:39,CUrl
2010 033 17:20:59,CSendEmail
2010 033 17:28:21,CUrl
2010 033 18:09:28,DUrl
2010 033 20:20:02,DSendEmail
2010 033 20:29:19,DUrl
2010 033 21:12:00,DNologon
2010 034 09:25:00,Blogon
2010 034 09:57:53,BUrl
2010 034 12:11:06,CUrl
2010 034 14:48:14,CSendEmail
2010 034 14:49:42,CUrl
2010 034 14:56:12,CSendEmail
2010 034 14:58:10,CSendEmail
2010 034 16:02:17,CUrl
2010 034 18:15:38,DUrl
2010 034 21:15:00,DNologon
2010 035 09:20:00,Blogon
2010 035 09:24:15,BUrl
2010 035 12:06:59,CUrl
2010 035 12:13:49,CSendEmail
2010 035 12:23:05,CSendEmail
2010 035 12:40:02,CUrl
2010 035 18:06:37,DUrl
2010 035 21:06:00,DNologon
2010 036 09:26:00,Blogon
2010 036 09:34:31,BUrl
2010 036 13:34:10,CUrl
2010 036 13:39:07,CSendEmail
2010 036 13:42:46,CSendEmail
2010 036 13:44:58,CUrl
2010 036 14:53:00,CSendEmail
2010 036 15:10:40,CUrl
2010 036 18:42:25,DUrl
2010 036 21:18:00,DNologon
2010 039 09:22:00,Blogon
2010 039 09:26:50,BUrl
2010 039 12:07:44,CUrl
2010 039 12:25:52,CSendEmail
2010 039 12:53:01,CSendEmail
2010 039 12:54:43,CUrl
2010 039 13:12:51,CSendEmail
2010 039 13:16:00,CUrl
2010 039 18:22:59,DUrl
2010 039 21:08:00,DNologon
2010 040 09:19:00,Blogon
2010 040 09:28:12,BUrl
2010 040 11:08:05,BSendEmail
2010 040 11:21:39,BUrl
2010 040 13:30:16,CUrl
2010 040 16:38:53,CSendEmail
2010 040 16:55:59,CSendEmail
2010 040 17:01:27,CUrl
2010 040 18:14:54,DUrl
2010 040 21:08:00,DNologon
2010 041 09:20:00,Blogon
2010 041 09:47:44,BUrl
2010 041 11:31:42,BSendEmail
2010 041 11:32:00,BSendEmail
2010 041 12:14:51,CUrl
2010 041 18:25:20,DUrl
2010 041 20:46:51,DSendEmail
2010 041 20:53:21,DUrl
2010 041 21:13:00,DNologon
2010 042 09:18:00,Blogon
2010 042 09:30:07,BUrl
2010 042 11:08:10,BSendEmail
2010 042 11:11:40,BSendEmail
2010 042 11:20:47,BSendEmail
2010 042 12:00:14,CUrl
2010 042 18:40:50,DUrl
2010 042 21:17:00,DNologon
2010 043 09:20:00,Blogon
2010 043 09:32:02,BUrl
2010 043 10:10:13,BSendEmail
2010 043 10:10:23,BSendEmail
2010 043 10:21:21,BUrl
2010 043 12:29:10,CUrl
2010 043 17:23:15,CSendEmail
2010 043 17:27:28,CUrl
2010 043 18:01:30,DUrl
2010 043 21:10:00,DNologon
2010 046 09:07:00,Blogon
2010 046 09:13:10,BUrl
2010 046 10:56:27,BSendEmail
2010 046 11:09:07,BSendEmail
2010 046 11:21:12,BUrl
2010 046 11:32:42,BSendEmail
2010 046 11:35:23,BUrl
2010 046 12:01:24,CUrl
2010 046 18:45:30,DUrl
2010 046 21:25:00,DNologon
2010 047 09:24:00,Blogon
2010 047 09:26:16,BUrl
2010 047 12:05:18,CUrl
2010 047 18:24:32,DUrl
2010 047 20:12:13,DSendEmail
2010 047 20:13:03,DSendEmail
2010 047 20:15:30,DSendEmail
2010 047 20:27:06,DUrl
2010 047 21:14:00,DNologon
2010 048 09:11:00,Blogon
2010 048 09:12:54,BUrl
2010 048 12:32:39,CUrl
2010 048 13:06:39,CSendEmail
2010 048 13:07:26,CUrl
2010 048 13:09:14,CSendEmail
2010 048 13:09:54,CSendEmail
2010 048 13:20:24,CUrl
2010 048 18:24:19,DUrl
2010 048 21:28:00,DNologon
2010 049 09:20:00,Blogon
2010 049 09:25:57,BUrl
2010 049 13:27:21,CUrl
2010 049 18:01:23,DUrl
2010 049 20:14:11,DSendEmail
2010 049 20:33:58,DSendEmail
2010 049 20:35:51,DSendEmail
2010 049 20:54:50,DUrl
2010 049 21:07:00,DNologon
2010 050 09:13:00,Blogon
2010 050 09:38:25,BUrl
2010 050 11:08:43,BSendEmail
2010 050 11:09:06,BSendEmail
2010 050 11:17:26,BSendEmail
2010 050 11:46:11,BUrl
2010 050 12:15:43,CUrl
2010 050 18:05:37,DUrl
2010 050 21:24:00,DNologon
2010 053 09:14:00,Blogon
2010 053 09:34:20,BUrl
2010 053 11:37:51,BSendEmail
2010 053 11:58:46,BUrl
2010 053 12:05:30,CSendEmail
2010 053 13:34:43,CUrl
2010 053 17:39:54,CSendEmail
2010 053 18:17:23,DUrl
2010 053 21:29:00,DNologon
2010 054 09:02:00,Blogon
2010 054 09:17:13,BUrl
2010 054 12:17:57,CUrl
2010 054 16:30:31,CSendEmail
2010 054 16:36:44,CUrl
2010 054 18:05:50,DSendEmail
2010 054 18:16:12,DSendEmail
2010 054 18:30:11,DUrl
2010 054 21:27:00,DNologon
2010 055 09:18:00,Blogon
2010 055 09:21:43,BUrl
2010 055 10:31:49,BSendEmail
2010 055 10:33:18,BSendEmail
2010 055 10:41:43,BSendEmail
2010 055 11:14:07,BUrl
2010 055 12:55:56,CUrl
2010 055 18:15:36,DUrl
2010 055 21:04:00,DNologon
2010 056 09:17:00,Blogon
2010 056 09:19:34,BUrl
2010 056 12:09:32,CUrl
2010 056 16:39:54,CSendEmail
2010 056 16:54:06,CUrl
2010 056 18:00:00,DSendEmail
2010 056 18:07:51,DSendEmail
2010 056 18:28:14,DUrl
2010 056 21:14:00,DNologon
2010 057 09:11:00,Blogon
2010 057 09:39:56,BUrl
2010 057 12:04:07,CUrl
2010 057 18:08:30,DUrl
2010 057 18:26:16,DSendEmail
2010 057 18:33:23,DUrl
2010 057 19:16:12,DSendEmail
2010 057 19:24:55,DUrl
2010 057 20:26:06,DSendEmail
2010 057 20:58:27,DUrl
2010 057 21:29:00,DNologon
2010 060 09:02:00,Blogon
2010 060 10:13:12,BUrl
2010 060 12:57:18,CUrl
2010 060 15:37:45,CSendEmail
2010 060 15:41:55,CSendEmail
2010 060 15:46:07,CSendEmail
2010 060 15:49:29,CUrl
2010 060 18:54:13,DUrl
2010 060 21:22:00,DNologon
2010 061 09:07:00,Blogon
2010 061 09:17:24,BUrl
2010 061 12:32:35,CUrl
2010 061 15:58:51,CSendEmail
2010 061 16:45:27,CUrl
2010 061 17:39:01,CSendEmail
2010 061 17:49:02,CUrl
2010 061 18:11:49,DUrl
2010 061 20:44:04,DSendEmail
2010 061 21:10:15,DUrl
2010 061 21:13:00,DNologon
2010 062 09:16:00,Blogon
2010 062 09:30:56,BUrl
2010 062 10:53:49,BSendEmail
2010 062 11:36:45,BUrl
2010 062 12:04:41,CUrl
2010 062 13:42:34,CSendEmail
2010 062 14:03:55,CUrl
2010 062 18:18:32,DUrl
2010 062 20:58:53,DSendEmail
2010 062 21:04:25,DUrl
2010 062 21:09:00,DNologon
2010 063 09:02:00,Blogon
2010 063 09:05:14,BUrl
2010 063 12:28:59,CSendEmail
2010 063 13:01:09,CUrl
2010 063 13:09:58,CSendEmail
2010 063 13:19:20,CUrl
2010 063 16:45:46,CSendEmail
2010 063 17:53:23,CUrl
2010 063 18:01:04,DUrl
2010 063 21:16:00,DNologon
2010 064 09:18:00,Blogon
2010 064 10:09:24,BSendEmail
2010 064 10:18:41,BUrl
2010 064 12:06:53,CUrl
2010 064 13:24:20,CSendEmail
2010 064 13:28:56,CUrl
2010 064 18:11:17,DUrl
2010 064 20:01:29,DSendEmail
2010 064 20:19:49,DUrl
2010 064 21:05:00,DNologon
2010 067 09:17:00,Blogon
2010 067 09:57:25,BUrl
2010 067 12:17:19,CUrl
2010 067 14:00:16,CSendEmail
2010 067 14:40:28,CUrl
2010 067 18:22:46,DUrl
2010 067 19:59:19,DSendEmail
2010 067 20:01:34,DSendEmail
2010 067 20:12:16,DUrl
2010 067 21:04:00,DNologon
2010 068 09:08:00,Blogon
2010 068 09:18:48,BUrl
2010 068 11:44:57,BSendEmail
2010 068 12:18:19,CUrl
2010 068 18:21:06,DUrl
2010 068 20:03:20,DSendEmail
2010 068 20:30:49,DUrl
2010 068 20:40:53,DSendEmail
2010 068 21:16:00,DNologon
2010 069 09:09:00,Blogon
2010 069 09:50:43,BUrl
2010 069 12:52:07,CUrl
2010 069 15:47:38,CSendEmail
2010 069 15:47:54,CUrl
2010 069 15:53:19,CSendEmail
2010 069 16:38:31,CUrl
2010 069 17:54:00,CSendEmail
2010 069 18:15:03,DUrl
2010 069 21:16:00,DNologon
2010 070 09:23:00,Blogon
2010 070 09:25:37,BUrl
2010 070 10:31:42,BSendEmail
2010 070 10:39:52,BUrl
2010 070 12:00:33,CUrl
2010 070 17:04:10,CSendEmail
2010 070 17:06:39,CUrl
2010 070 19:16:38,DUrl
2010 070 20:00:08,DSendEmail
2010 070 20:18:18,DUrl
2010 070 21:29:00,DNologon
2010 071 09:05:00,Blogon
2010 071 09:08:19,BUrl
2010 071 11:40:37,BSendEmail
2010 071 11:41:13,BUrl
2010 071 11:45:13,BSendEmail
2010 071 11:51:15,BSendEmail
2010 071 12:01:08,CUrl
2010 071 18:38:37,DUrl
2010 071 21:17:00,DNologon
2010 074 09:14:00,Blogon
2010 074 09:17:24,BUrl
2010 074 12:33:31,CUrl
2010 074 16:31:19,CSendEmail
2010 074 16:33:22,CSendEmail
2010 074 16:37:56,CUrl
2010 074 18:40:27,DUrl
2010 074 21:26:00,DNologon
2010 075 09:05:00,Blogon
2010 075 09:27:03,BUrl
2010 075 15:26:07,CUrl
2010 075 20:54:31,DUrl
2010 075 21:06:00,DNologon
2010 076 09:02:00,Blogon
2010 076 09:07:30,BUrl
2010 076 10:10:45,BSendEmail
2010 076 10:36:23,BUrl
2010 076 10:37:21,BSendEmail
2010 076 11:13:31,BUrl
2010 076 11:14:58,BSendEmail
2010 076 11:47:38,BUrl
2010 076 12:27:12,CUrl
2010 076 18:23:36,DUrl
2010 076 21:08:00,DNologon
2010 077 09:15:00,Blogon
2010 077 09:42:05,BUrl
2010 077 12:42:29,CUrl
2010 077 14:57:23,CSendEmail
2010 077 15:06:58,CSendEmail
2010 077 15:12:05,CSendEmail
2010 077 15:13:08,CUrl
2010 077 20:10:13,DUrl
2010 077 21:15:00,DNologon
2010 078 09:20:00,Blogon
2010 078 09:35:59,BUrl
2010 078 12:02:06,CUrl
2010 078 16:35:46,CSendEmail
2010 078 16:37:53,CSendEmail
2010 078 16:50:54,CUrl
2010 078 19:10:57,DUrl
2010 078 19:42:01,DSendEmail
2010 078 19:42:40,DUrl
2010 078 21:15:00,DNologon
2010 081 09:06:00,Blogon
2010 081 09:07:02,BUrl
2010 081 09:31:22,BSendEmail
2010 081 09:44:41,BSendEmail
2010 081 09:47:49,BUrl
2010 081 10:16:02,BSendEmail
2010 081 10:39:41,BUrl
2010 081 12:15:21,CUrl
2010 081 18:02:28,DUrl
2010 081 21:16:00,DNologon
2010 082 09:11:00,Blogon
2010 082 09:23:03,BUrl
2010 082 12:07:05,CUrl
2010 082 18:28:04,DSendEmail
2010 082 18:33:31,DSendEmail
2010 082 18:43:42,DUrl
2010 082 19:00:31,DSendEmail
2010 082 19:12:07,DUrl
2010 082 21:05:00,DNologon
2010 083 09:07:00,Blogon
2010 083 09:29:57,BUrl
2010 083 12:19:55,CUrl
2010 083 13:35:34,CSendEmail
2010 083 13:37:03,CUrl
2010 083 15:39:22,CSendEmail
2010 083 16:43:40,CSendEmail
2010 083 16:53:40,CUrl
2010 083 18:01:21,DUrl
2010 083 21:21:00,DNologon
2010 084 09:17:00,Blogon
2010 084 09:45:36,BUrl
2010 084 12:13:07,CUrl
2010 084 12:48:50,CSendEmail
2010 084 12:50:05,CUrl
2010 084 13:00:12,CSendEmail
2010 084 13:03:39,CUrl
2010 084 13:23:00,CSendEmail
2010 084 14:05:24,CUrl
2010 084 18:06:36,DUrl
2010 084 21:10:00,DNologon
2010 085 09:08:00,Blogon
2010 085 09:17:57,BUrl
2010 085 10:40:09,BSendEmail
2010 085 10:40:13,BSendEmail
2010 085 10:49:31,BSendEmail
2010 085 10:52:24,BUrl
2010 085 12:12:17,CUrl
2010 085 18:07:10,DUrl
2010 085 21:22:00,DNologon
2010 088 09:06:00,Blogon
2010 088 09:28:03,BUrl
2010 088 12:26:53,CUrl
2010 088 18:24:03,DSendEmail
2010 088 18:25:04,DSendEmail
2010 088 19:15:04,DUrl
2010 088 21:18:09,DSendEmail
2010 088 21:18:36,DUrl
2010 088 21:21:00,DNologon
2010 089 09:15:00,Blogon
2010 089 09:27:06,BUrl
2010 089 10:48:05,BSendEmail
2010 089 10:58:40,BUrl
2010 089 12:15:13,CUrl
2010 089 15:09:22,CSendEmail
2010 089 16:02:50,CUrl
2010 089 18:01:36,DUrl
2010 089 21:05:16,DSendEmail
2010 089 21:17:00,DNologon
2010 090 09:12:00,Blogon
2010 090 09:19:18,BUrl
2010 090 12:11:52,CUrl
2010 090 18:22:59,DSendEmail
2010 090 18:24:09,DSendEmail
2010 090 18:28:05,DUrl
2010 090 18:28:13,DSendEmail
2010 090 18:37:33,DUrl
2010 090 21:15:00,DNologon
2010 091 09:00:00,Blogon
2010 091 09:12:31,BUrl
2010 091 12:30:27,CUrl
2010 091 13:59:34,CSendEmail
2010 091 14:03:53,CUrl
2010 091 17:06:50,CSendEmail
2010 091 17:09:57,CSendEmail
2010 091 18:09:39,DUrl
2010 091 21:27:00,DNologon
2010 095 09:02:00,Blogon
2010 095 09:03:11,BUrl
2010 095 12:43:13,CUrl
2010 095 18:11:50,DUrl
2010 095 21:25:00,DNologon
2010 096 09:03:00,Blogon
2010 096 09:37:25,BUrl
2010 096 12:13:55,CUrl
2010 096 12:58:39,CSendEmail
2010 096 13:04:28,CUrl
2010 096 18:08:48,DUrl
2010 096 19:46:34,DSendEmail
2010 096 20:28:40,DUrl
2010 096 20:47:49,DSendEmail
2010 096 21:01:39,DUrl
2010 096 21:15:00,DNologon
2010 097 09:05:00,Blogon
2010 097 09:09:47,BUrl
2010 097 13:02:39,CUrl
2010 097 14:41:55,CSendEmail
2010 097 14:48:43,CUrl
2010 097 17:31:57,CSendEmail
2010 097 17:59:05,CSendEmail
2010 097 18:51:11,DUrl
2010 097 21:19:00,DNologon
2010 098 09:17:00,Blogon
2010 098 09:29:18,BUrl
2010 098 12:14:04,CUrl
2010 098 16:25:29,CSendEmail
2010 098 16:33:03,CUrl
2010 098 18:08:25,DUrl
2010 098 20:55:39,DSendEmail
2010 098 20:55:54,DUrl
2010 098 21:01:56,DSendEmail
2010 098 21:02:40,DUrl
2010 098 21:06:00,DNologon
2010 099 09:26:00,Blogon
2010 099 09:39:24,BUrl
2010 099 10:00:32,BSendEmail
2010 099 10:30:29,BUrl
2010 099 12:30:13,CUrl
2010 099 19:01:57,DUrl
2010 099 20:52:38,DSendEmail
2010 099 21:00:41,DUrl
2010 099 21:15:00,DNologon
2010 102 09:12:00,Blogon
2010 102 09:23:22,BUrl
2010 102 12:22:54,CUrl
2010 102 13:38:56,CSendEmail
2010 102 13:40:15,CSendEmail
2010 102 13:41:05,CSendEmail
2010 102 15:00:03,CUrl
2010 102 18:10:26,DUrl
2010 102 21:16:00,DNologon
2010 103 09:10:00,Blogon
2010 103 09:19:09,BUrl
2010 103 14:02:59,CSendEmail
2010 103 14:04:16,CSendEmail
2010 103 14:12:31,CSendEmail
2010 103 15:06:58,CUrl
2010 103 18:32:14,DUrl
2010 103 21:27:00,DNologon
2010 104 09:02:00,Blogon
2010 104 09:04:48,BUrl
2010 104 12:10:52,CUrl
2010 104 15:56:55,CSendEmail
2010 104 16:05:31,CUrl
2010 104 16:50:50,CSendEmail
2010 104 17:17:09,CSendEmail
2010 104 17:35:10,CUrl
2010 104 19:02:19,DUrl
2010 104 21:19:00,DNologon
2010 105 09:23:00,Blogon
2010 105 09:26:04,BUrl
2010 105 12:47:31,CUrl
2010 105 15:16:32,CSendEmail
2010 105 15:20:12,CUrl
2010 105 15:23:40,CSendEmail
2010 105 15:56:04,CUrl
2010 105 18:11:30,DUrl
2010 105 21:05:00,DNologon
2010 106 09:07:00,Blogon
2010 106 09:56:37,BUrl
2010 106 13:08:56,CUrl
2010 106 18:27:55,DUrl
2010 106 19:29:23,DSendEmail
2010 106 19:30:02,DSendEmail
2010 106 19:30:27,DSendEmail
2010 106 20:26:44,DUrl
2010 106 21:19:00,DNologon
2010 109 09:01:00,Blogon
2010 109 09:31:08,BUrl
2010 109 12:53:58,CUrl
2010 109 13:33:30,CSendEmail
2010 109 13:34:57,CUrl
2010 109 14:26:50,CSendEmail
2010 109 14:38:29,CUrl
2010 109 18:09:30,DUrl
2010 109 21:27:00,DNologon
2010 110 09:22:00,Blogon
2010 110 09:27:17,BUrl
2010 110 09:53:13,BSendEmail
2010 110 10:08:29,BUrl
2010 110 10:16:27,BSendEmail
2010 110 10:20:50,BSendEmail
2010 110 10:23:26,BUrl
2010 110 12:12:28,CUrl
2010 110 18:01:06,DUrl
2010 110 21:27:00,DNologon
2010 111 09:05:00,Blogon
2010 111 15:44:20,CUrl
2010 111 16:24:39,CSendEmail
2010 111 16:25:09,CSendEmail
2010 111 16:27:23,CUrl
2010 111 18:17:32,DUrl
2010 111 19:42:56,DSendEmail
2010 111 21:16:00,DNologon
2010 112 09:18:00,Blogon
2010 112 09:26:17,BSendEmail
2010 112 09:41:31,BUrl
2010 112 12:34:16,CUrl
2010 112 16:04:21,CSendEmail
2010 112 16:09:38,CUrl
2010 112 16:15:30,CSendEmail
2010 112 16:29:23,CUrl
2010 112 18:19:23,DUrl
2010 112 21:21:00,DNologon
2010 113 09:17:00,Blogon
2010 113 11:04:29,BUrl
2010 113 13:30:01,CUrl
2010 113 18:37:12,DUrl
2010 113 21:09:00,DNologon
2010 116 09:26:00,Blogon
2010 116 09:46:11,BUrl
2010 116 12:05:25,CUrl
2010 116 13:14:14,CSendEmail
2010 116 13:19:34,CUrl
2010 116 18:26:39,DUrl
2010 116 20:48:19,DSendEmail
2010 116 20:48:25,DSendEmail
2010 116 20:49:05,DUrl
2010 116 21:04:00,DNologon
2010 117 09:07:00,Blogon
2010 117 09:09:40,BSendEmail
2010 117 09:16:01,BSendEmail
2010 117 09:19:00,BUrl
2010 117 09:46:15,BSendEmail
2010 117 10:03:02,BUrl
2010 117 13:02:48,CUrl
2010 117 18:26:28,DUrl
2010 117 21:15:00,DNologon
2010 118 09:02:00,Blogon
2010 118 09:36:44,BUrl
2010 118 10:25:40,BSendEmail
2010 118 10:28:48,BUrl
2010 118 12:50:21,CUrl
2010 118 13:56:55,CSendEmail
2010 118 14:19:11,CUrl
2010 118 14:55:28,CSendEmail
2010 118 15:39:15,CUrl
2010 118 18:36:41,DUrl
2010 118 21:15:00,DNologon
2010 119 09:22:00,Blogon
2010 119 09:28:58,BUrl
2010 119 12:42:22,CUrl
2010 119 18:12:43,DUrl
2010 119 19:00:50,DSendEmail
2010 119 19:06:21,DSendEmail
2010 119 19:22:40,DSendEmail
2010 119 19:26:15,DUrl
2010 119 21:13:00,DNologon
2010 120 09:03:00,Blogon
2010 120 09:16:19,BUrl
2010 120 11:30:20,BSendEmail
2010 120 12:11:25,CUrl
2010 120 18:26:16,DSendEmail
2010 120 18:28:37,DSendEmail
2010 120 18:56:49,DUrl
2010 120 21:24:00,DNologon
2010 123 09:16:00,Blogon
2010 123 09:22:32,BUrl
2010 123 12:26:58,CUrl
2010 123 15:17:49,CSendEmail
2010 123 15:51:42,CUrl
2010 123 18:02:06,DUrl
2010 123 18:49:55,DSendEmail
2010 123 19:03:02,DUrl
2010 123 21:07:00,DNologon
2010 124 09:06:00,Blogon
2010 124 09:12:15,BUrl
2010 124 12:10:18,CUrl
2010 124 17:43:04,CSendEmail
2010 124 17:43:47,CSendEmail
2010 124 17:59:24,CUrl
2010 124 19:06:32,DUrl
2010 124 19:11:44,DSendEmail
2010 124 19:30:57,DUrl
2010 124 21:14:00,DNologon
2010 125 09:16:00,Blogon
2010 125 09:33:47,BUrl
2010 125 12:02:58,CUrl
2010 125 19:05:28,DUrl
2010 125 19:06:36,DSendEmail
2010 125 19:07:49,DSendEmail
2010 125 19:10:32,DSendEmail
2010 125 19:32:18,DUrl
2010 125 21:05:00,DNologon
2010 126 09:23:00,Blogon
2010 126 09:32:25,BUrl
2010 126 12:30:48,CUrl
2010 126 13:09:57,CSendEmail
2010 126 13:30:44,CUrl
2010 126 17:19:39,CSendEmail
2010 126 17:21:49,CUrl
2010 126 18:25:55,DUrl
2010 126 21:02:55,DSendEmail
2010 126 21:04:00,DNologon
2010 127 09:20:00,Blogon
2010 127 09:40:06,BUrl
2010 127 13:30:31,CUrl
2010 127 13:31:53,CSendEmail
2010 127 13:50:36,CUrl
2010 127 14:33:26,CSendEmail
2010 127 14:39:50,CSendEmail
2010 127 16:25:19,CUrl
2010 127 18:02:58,DUrl
2010 127 21:24:00,DNologon
2010 130 09:19:00,Blogon
2010 130 09:45:38,BUrl
2010 130 12:03:37,CUrl
2010 130 14:15:12,CSendEmail
2010 130 14:16:37,CSendEmail
2010 130 14:17:23,CSendEmail
2010 130 14:45:54,CUrl
2010 130 18:24:53,DUrl
2010 130 21:06:00,DNologon
2010 131 09:01:00,Blogon
2010 131 09:14:38,BSendEmail
2010 131 09:42:34,BUrl
2010 131 12:16:08,CUrl
2010 131 13:33:28,CSendEmail
2010 131 14:01:55,CSendEmail
2010 131 14:07:43,CUrl
2010 131 18:21:06,DUrl
2010 131 21:27:00,DNologon
2010 132 09:23:00,Blogon
2010 132 09:41:14,BUrl
2010 132 11:10:25,BSendEmail
2010 132 11:28:01,BUrl
2010 132 12:42:35,CUrl
2010 132 14:00:38,CSendEmail
2010 132 14:01:16,CSendEmail
2010 132 14:20:05,CUrl
2010 132 18:15:07,DUrl
2010 132 21:16:00,DNologon
2010 133 09:03:00,Blogon
2010 133 09:15:54,BUrl
2010 133 12:03:42,CUrl
2010 133 18:29:19,DUrl
2010 133 18:47:10,DSendEmail
2010 133 18:48:01,DUrl
2010 133 18:48:36,DSendEmail
2010 133 19:08:00,DUrl
2010 133 19:28:09,DSendEmail
2010 133 19:34:54,DUrl
2010 133 21:24:00,DNologon
2010 134 09:03:00,Blogon
2010 134 09:12:30,BUrl
2010 134 12:27:59,CUrl
2010 134 16:06:29,CSendEmail
2010 134 16:19:54,CUrl
2010 134 16:28:44,CSendEmail
2010 134 16:33:32,CSendEmail
2010 134 16:51:51,CUrl
2010 134 18:28:10,DUrl
2010 134 21:18:00,DNologon
2010 137 09:11:00,Blogon
2010 137 09:36:58,BUrl
2010 137 11:12:18,BSendEmail
2010 137 11:43:38,BUrl
2010 137 12:40:37,CUrl
2010 137 16:30:16,CSendEmail
2010 137 16:31:41,CSendEmail
2010 137 17:02:21,CUrl
2010 137 18:15:36,DUrl
2010 137 21:14:00,DNologon
2010 138 09:17:00,Blogon
2010 138 09:28:18,BUrl
2010 138 12:01:19,CUrl
2010 138 13:52:18,CSendEmail
2010 138 14:10:20,CUrl
2010 138 14:36:18,CSendEmail
2010 138 15:22:09,CUrl
2010 138 18:44:39,DUrl
2010 138 19:02:11,DSendEmail
2010 138 19:23:20,DUrl
2010 138 21:26:00,DNologon
2010 139 09:13:00,Blogon
2010 139 09:40:01,BUrl
2010 139 10:37:42,BSendEmail
2010 139 10:47:18,BUrl
2010 139 11:10:21,BSendEmail
2010 139 11:13:40,BUrl
2010 139 12:20:25,CUrl
2010 139 18:20:38,DUrl
2010 139 20:16:31,DSendEmail
2010 139 20:57:26,DUrl
2010 139 21:15:00,DNologon
2010 140 09:13:00,Blogon
2010 140 09:34:18,BUrl
2010 140 12:45:51,CUrl
2010 140 14:20:59,CSendEmail
2010 140 14:24:44,CSendEmail
2010 140 14:33:38,CUrl
2010 140 14:43:08,CSendEmail
2010 140 14:55:57,CUrl
2010 140 18:03:50,DUrl
2010 140 21:06:00,DNologon
2010 141 09:01:00,Blogon
2010 141 09:23:28,BUrl
2010 141 11:06:36,BSendEmail
2010 141 11:34:55,BUrl
2010 141 12:01:42,CUrl
2010 141 17:41:05,CSendEmail
2010 141 17:51:12,CUrl
2010 141 18:50:26,DUrl
2010 141 21:15:26,DSendEmail
2010 141 21:18:29,DUrl
2010 141 21:29:00,DNologon
2010 144 09:12:00,Blogon
2010 144 09:15:05,BUrl
2010 144 13:02:30,CUrl
2010 144 14:04:20,CSendEmail
2010 144 14:08:16,CUrl
2010 144 19:57:58,DUrl
2010 144 20:08:21,DSendEmail
2010 144 20:08:41,DSendEmail
2010 144 20:34:34,DUrl
2010 144 21:05:00,DNologon
2010 145 09:18:00,Blogon
2010 145 09:24:01,BUrl
2010 145 11:29:47,BSendEmail
2010 145 11:42:23,BSendEmail
2010 145 12:01:53,CSendEmail
2010 145 12:58:05,CUrl
2010 145 18:00:11,DUrl
2010 145 21:09:00,DNologon
2010 146 09:21:00,Blogon
2010 146 09:23:36,BUrl
2010 146 09:30:08,BSendEmail
2010 146 09:52:06,BUrl
2010 146 13:09:57,CSendEmail
2010 146 13:41:41,CUrl
2010 146 18:20:32,DUrl
2010 146 21:15:00,DNologon
2010 147 09:05:00,Blogon
2010 147 09:23:58,BUrl
2010 147 10:08:42,BSendEmail
2010 147 10:19:40,BUrl
2010 147 12:16:19,CUrl
2010 147 14:34:20,CSendEmail
2010 147 14:51:05,CSendEmail
2010 147 16:11:07,CUrl
2010 147 19:19:38,DUrl
2010 147 21:06:00,DNologon
2010 148 09:15:00,Blogon
2010 148 09:22:31,BUrl
2010 148 10:54:30,BSendEmail
2010 148 10:54:45,BSendEmail
2010 148 10:56:59,BUrl
2010 148 10:57:57,BSendEmail
2010 148 11:00:20,BUrl
2010 148 12:41:23,CUrl
2010 148 18:46:27,DUrl
2010 148 21:29:00,DNologon
2010 152 09:09:00,Blogon
2010 152 09:10:55,BUrl
2010 152 12:10:21,CUrl
2010 152 17:41:59,CSendEmail
2010 152 18:07:11,DUrl
2010 152 20:22:03,DSendEmail
2010 152 20:24:39,DUrl
2010 152 20:29:52,DSendEmail
2010 152 20:55:04,DUrl
2010 152 21:30:00,DNologon
2010 153 09:21:00,Blogon
2010 153 09:42:39,BUrl
2010 153 10:31:24,BSendEmail
2010 153 10:33:22,BSendEmail
2010 153 10:34:14,BSendEmail
2010 153 10:41:41,BUrl
2010 153 12:14:02,CUrl
2010 153 18:41:37,DUrl
2010 153 21:11:00,DNologon
2010 154 09:06:00,Blogon
2010 154 09:11:30,BUrl
2010 154 10:49:02,BSendEmail
2010 154 11:15:38,BUrl
2010 154 12:06:46,CUrl
2010 154 18:42:57,DUrl
2010 154 20:20:39,DSendEmail
2010 154 20:39:45,DUrl
2010 154 20:46:38,DSendEmail
2010 154 20:51:28,DUrl
2010 154 21:20:00,DNologon
2010 155 09:06:00,Blogon
2010 155 09:10:23,BUrl
2010 155 11:43:09,BSendEmail
2010 155 11:44:49,BSendEmail
2010 155 11:47:03,BSendEmail
2010 155 12:33:16,CUrl
2010 155 18:05:22,DUrl
2010 155 21:24:00,DNologon
2010 158 09:15:00,Blogon
2010 158 09:18:17,BUrl
2010 158 12:14:14,CUrl
2010 158 14:26:06,CSendEmail
2010 158 15:20:44,CUrl
2010 158 18:15:31,DUrl
2010 158 21:17:00,DNologon
2010 159 09:25:00,Blogon
2010 159 09:35:21,BUrl
2010 159 12:00:43,CUrl
2010 159 15:28:11,CSendEmail
2010 159 15:28:27,CUrl
2010 159 15:28:31,CSendEmail
2010 159 15:29:32,CSendEmail
2010 159 15:44:48,CUrl
2010 159 18:12:09,DUrl
2010 159 21:14:00,DNologon
2010 160 09:08:00,Blogon
2010 160 09:37:08,BUrl
2010 160 12:26:28,CUrl
2010 160 12:53:47,CSendEmail
2010 160 12:54:24,CSendEmail
2010 160 12:57:05,CSendEmail
2010 160 14:24:34,CUrl
2010 160 18:27:13,DUrl
2010 160 21:19:00,DNologon
2010 161 09:02:00,Blogon
2010 161 09:03:00,BUrl
2010 161 09:09:15,BSendEmail
2010 161 09:20:12,BUrl
2010 161 10:15:00,BSendEmail
2010 161 10:18:29,BSendEmail
2010 161 10:46:17,BUrl
2010 161 12:26:24,CUrl
2010 161 18:01:40,DUrl
2010 161 21:30:00,DNologon
2010 162 09:24:00,Blogon
2010 162 09:28:19,BSendEmail
2010 162 09:39:53,BUrl
2010 162 10:20:57,BSendEmail
2010 162 11:09:20,BUrl
2010 162 12:57:16,CUrl
2010 162 18:16:38,DUrl
2010 162 20:34:33,DSendEmail
2010 162 20:51:30,DUrl
2010 162 21:28:00,DNologon
2010 165 09:11:00,Blogon
2010 165 09:22:41,BSendEmail
2010 165 09:30:25,BUrl
2010 165 12:16:44,CUrl
2010 165 18:00:31,DUrl
2010 165 18:29:04,DSendEmail
2010 165 18:29:57,DSendEmail
2010 165 18:54:48,DUrl
2010 165 21:11:00,DNologon
2010 166 09:00:00,Blogon
2010 166 09:26:26,BUrl
2010 166 09:49:01,BSendEmail
2010 166 09:55:39,BSendEmail
2010 166 09:58:56,BUrl
2010 166 14:03:40,CUrl
2010 166 17:17:29,CSendEmail
2010 166 18:30:04,DUrl
2010 166 21:12:00,DNologon
2010 167 09:25:00,Blogon
2010 167 09:35:38,BUrl
2010 167 10:08:35,BSendEmail
2010 167 10:30:42,BSendEmail
2010 167 10:49:21,BUrl
2010 167 13:11:46,CUrl
2010 167 18:34:59,DUrl
2010 167 20:41:12,DSendEmail
2010 167 20:50:34,DUrl
2010 167 21:13:00,DNologon
2010 168 09:24:00,Blogon
2010 168 09:27:48,BUrl
2010 168 12:18:59,CUrl
2010 168 17:20:57,CSendEmail
2010 168 17:21:37,CSendEmail
2010 168 17:25:08,CUrl
2010 168 17:27:47,CSendEmail
2010 168 17:52:42,CUrl
2010 168 18:14:27,DUrl
2010 168 21:04:00,DNologon
2010 169 09:18:00,Blogon
2010 169 09:42:07,BUrl
2010 169 11:14:53,BSendEmail
2010 169 12:58:04,CUrl
2010 169 18:18:23,DUrl
2010 169 18:29:53,DSendEmail
2010 169 18:30:17,DUrl
2010 169 21:14:00,DNologon
2010 172 09:17:00,Blogon
2010 172 09:25:11,BUrl
2010 172 12:08:03,CUrl
2010 172 18:05:56,DUrl
2010 172 20:15:46,DSendEmail
2010 172 20:23:36,DSendEmail
2010 172 20:24:10,DSendEmail
2010 172 20:27:46,DUrl
2010 172 21:29:00,DNologon
2010 173 09:14:00,Blogon
2010 173 09:24:33,BUrl
2010 173 09:37:49,BSendEmail
2010 173 09:39:46,BUrl
2010 173 10:17:09,BSendEmail
2010 173 10:18:19,BUrl
2010 173 10:37:27,BSendEmail
2010 173 10:58:48,BUrl
2010 173 12:28:39,CUrl
2010 173 18:36:11,DUrl
2010 173 21:26:00,DNologon
2010 174 09:10:00,Blogon
2010 174 09:50:16,BUrl
2010 174 12:01:12,CSendEmail
2010 174 12:56:18,CUrl
2010 174 18:29:19,DSendEmail
2010 174 19:07:47,DUrl
2010 174 20:12:02,DSendEmail
2010 174 20:16:09,DUrl
2010 174 21:04:00,DNologon
2010 175 09:23:00,Blogon
2010 175 09:33:31,BUrl
2010 175 12:07:07,CUrl
2010 175 18:15:35,DSendEmail
2010 175 18:20:41,DSendEmail
2010 175 18:21:57,DSendEmail
2010 175 18:24:00,DUrl
2010 175 21:09:00,DNologon
2010 176 09:08:00,Blogon
2010 176 09:16:18,BUrl
2010 176 12:00:17,CUrl
2010 176 15:00:40,CSendEmail
2010 176 15:30:26,CSendEmail
2010 176 15:46:42,CUrl
2010 176 15:56:06,CSendEmail
2010 176 16:07:58,CUrl
2010 176 18:38:45,DUrl
2010 176 21:27:00,DNologon
2010 179 09:04:00,Blogon
2010 179 09:15:47,BUrl
2010 179 12:00:53,CUrl
2010 179 12:28:07,CSendEmail
2010 179 12:35:06,CUrl
2010 179 12:40:31,CSendEmail
2010 179 12:55:42,CSendEmail
2010 179 13:27:32,CUrl
2010 179 18:22:52,DUrl
2010 179 21:25:00,DNologon
2010 180 09:20:00,Blogon
2010 180 09:31:59,BUrl
2010 180 12:06:11,CUrl
2010 180 15:14:33,CSendEmail
2010 180 15:43:36,CUrl
2010 180 18:51:01,DSendEmail
2010 180 18:51:02,DUrl
2010 180 18:51:06,DSendEmail
2010 180 18:56:06,DUrl
2010 180 21:04:00,DNologon
2010 181 09:19:00,Blogon
2010 181 09:22:28,BUrl
2010 181 10:03:50,BSendEmail
2010 181 10:08:30,BUrl
2010 181 12:22:03,CUrl
2010 181 13:11:11,CSendEmail
2010 181 13:13:15,CUrl
2010 181 17:11:25,CSendEmail
2010 181 17:35:58,CUrl
2010 181 18:23:32,DUrl
2010 181 21:04:00,DNologon
2010 182 09:01:00,Blogon
2010 182 09:19:53,BUrl
2010 182 12:13:55,CUrl
2010 182 15:44:08,CSendEmail
2010 182 15:52:09,CUrl
2010 182 16:01:49,CSendEmail
2010 182 16:32:16,CUrl
2010 182 18:11:35,DUrl
2010 182 20:06:28,DSendEmail
2010 182 20:29:58,DUrl
2010 182 21:22:00,DNologon
2010 183 09:07:00,Blogon
2010 183 09:15:25,BUrl
2010 183 12:21:12,CUrl
2010 183 15:34:30,CSendEmail
2010 183 15:34:39,CUrl
2010 183 15:36:17,CSendEmail
2010 183 15:46:11,CSendEmail
2010 183 16:10:46,CUrl
2010 183 18:31:22,DUrl
2010 183 21:26:00,DNologon
2010 187 09:11:00,Blogon
2010 187 09:19:18,BUrl
2010 187 12:00:46,CUrl
2010 187 14:16:16,CSendEmail
2010 187 14:17:01,CSendEmail
2010 187 14:17:09,CSendEmail
2010 187 14:32:07,CUrl
2010 187 18:13:19,DUrl
2010 187 21:16:00,DNologon
2010 188 09:22:00,Blogon
2010 188 09:33:39,BUrl
2010 188 12:41:26,CUrl
2010 188 16:23:04,CSendEmail
2010 188 16:34:26,CUrl
2010 188 17:11:00,CSendEmail
2010 188 17:23:35,CUrl
2010 188 17:40:14,CSendEmail
2010 188 17:43:30,CUrl
2010 188 18:14:43,DUrl
2010 188 21:12:00,DNologon
2010 189 09:18:00,Blogon
2010 189 09:41:23,BUrl
2010 189 12:18:30,CUrl
2010 189 18:03:07,DUrl
2010 189 19:19:30,DSendEmail
2010 189 19:19:33,DSendEmail
2010 189 19:19:46,DSendEmail
2010 189 19:24:41,DUrl
2010 189 21:06:00,DNologon
2010 190 09:24:00,Blogon
2010 190 09:25:39,BUrl
2010 190 11:53:59,BSendEmail
2010 190 12:22:28,CUrl
2010 190 16:36:50,CSendEmail
2010 190 16:38:40,CSendEmail
2010 190 18:44:18,DUrl
2010 190 21:10:00,DNologon
2010 193 09:26:00,Blogon
2010 193 09:27:16,BUrl
2010 193 10:02:09,BSendEmail
2010 193 10:05:08,BUrl
2010 193 10:48:16,BSendEmail
2010 193 11:02:22,BUrl
2010 193 13:03:05,CUrl
2010 193 18:18:46,DUrl
2010 193 19:58:32,DSendEmail
2010 193 20:15:40,DUrl
2010 193 21:30:00,DNologon
2010 194 09:08:00,Blogon
2010 194 09:31:27,BUrl
2010 194 12:00:20,CUrl
2010 194 12:29:12,CSendEmail
2010 194 13:15:34,CUrl
2010 194 16:12:10,CSendEmail
2010 194 16:43:47,CUrl
2010 194 18:33:43,DUrl
2010 194 20:15:06,DSendEmail
2010 194 20:24:23,DUrl
2010 194 21:06:00,DNologon
2010 195 09:18:00,Blogon
2010 195 09:36:49,BUrl
2010 195 13:04:45,CUrl
2010 195 18:30:07,DUrl
2010 195 20:31:08,DSendEmail
2010 195 20:35:33,DSendEmail
2010 195 20:35:42,DUrl
2010 195 20:47:48,DSendEmail
2010 195 21:06:25,DUrl
2010 195 21:10:00,DNologon
2010 196 09:19:00,Blogon
2010 196 09:31:53,BUrl
2010 196 12:25:42,CUrl
2010 196 18:02:45,DUrl
2010 196 19:26:03,DSendEmail
2010 196 19:34:21,DUrl
2010 196 20:02:15,DSendEmail
2010 196 20:12:57,DUrl
2010 196 20:23:40,DSendEmail
2010 196 20:29:34,DUrl
2010 196 21:12:00,DNologon
2010 197 09:23:00,Blogon
2010 197 09:33:58,BUrl
2010 197 12:00:44,CUrl
2010 197 14:30:41,CSendEmail
2010 197 14:31:55,CSendEmail
2010 197 14:34:30,CSendEmail
2010 197 14:47:17,CUrl
2010 197 18:48:32,DUrl
2010 197 21:14:00,DNologon
2010 200 09:16:00,Blogon
2010 200 09:22:11,BSendEmail
2010 200 09:33:52,BUrl
2010 200 10:18:13,BSendEmail
2010 200 10:56:48,BUrl
2010 200 12:38:25,CUrl
2010 200 13:07:35,CSendEmail
2010 200 13:20:00,CUrl
2010 200 18:21:23,DUrl
2010 200 21:04:00,DNologon
2010 201 09:20:00,Blogon
2010 201 10:17:13,BUrl
2010 201 12:02:15,CSendEmail
2010 201 12:42:04,CUrl
2010 201 12:56:53,CSendEmail
2010 201 13:02:38,CUrl
2010 201 13:07:46,CSendEmail
2010 201 13:36:12,CUrl
2010 201 18:17:07,DUrl
2010 201 21:12:00,DNologon
2010 202 09:16:00,Blogon
2010 202 10:15:08,BUrl
2010 202 12:05:51,CSendEmail
2010 202 12:06:45,CUrl
2010 202 12:20:19,CSendEmail
2010 202 12:52:15,CSendEmail
2010 202 15:12:10,CUrl
2010 202 21:13:00,DNologon
2010 203 09:08:00,Blogon
2010 203 09:09:23,BUrl
2010 203 12:11:40,CUrl
2010 203 12:17:39,CSendEmail
2010 203 12:49:40,CUrl
2010 203 19:31:34,DUrl
2010 203 21:06:54,DSendEmail
2010 203 21:17:35,DSendEmail
2010 203 21:27:00,DNologon
2010 204 09:20:00,Blogon
2010 204 10:12:09,BUrl
2010 204 12:23:19,CUrl
2010 204 16:50:50,CSendEmail
2010 204 16:54:28,CUrl
2010 204 16:58:12,CSendEmail
2010 204 17:04:20,CSendEmail
2010 204 18:39:57,DUrl
2010 204 21:09:00,DNologon
2010 207 09:13:00,Blogon
2010 207 09:17:37,BSendEmail
2010 207 09:18:05,BUrl
2010 207 09:18:57,BSendEmail
2010 207 09:39:58,BUrl
2010 207 12:19:04,CUrl
2010 207 17:47:28,CSendEmail
2010 207 17:47:35,CUrl
2010 207 18:14:12,DUrl
2010 207 21:22:00,DNologon
2010 208 09:16:00,Blogon
2010 208 09:29:47,BUrl
2010 208 09:40:28,BSendEmail
2010 208 10:44:57,BUrl
2010 208 12:09:37,CUrl
2010 208 14:25:17,CSendEmail
2010 208 14:26:03,CUrl
2010 208 14:51:33,CSendEmail
2010 208 14:52:23,CUrl
2010 208 18:45:01,DUrl
2010 208 21:05:00,DNologon
2010 209 09:16:00,Blogon
2010 209 09:42:20,BUrl
2010 209 13:26:33,CUrl
2010 209 13:27:54,CSendEmail
2010 209 14:26:25,CUrl
2010 209 15:58:04,CSendEmail
2010 209 15:58:45,CSendEmail
2010 209 16:02:00,CUrl
2010 209 18:36:20,DUrl
2010 209 21:15:00,DNologon
2010 210 09:09:00,Blogon
2010 210 09:15:09,BUrl
2010 210 12:32:37,CUrl
2010 210 18:21:35,DUrl
2010 210 20:02:06,DSendEmail
2010 210 20:02:08,DSendEmail
2010 210 20:02:16,DSendEmail
2010 210 20:46:30,DUrl
2010 210 21:22:00,DNologon
2010 211 09:18:00,Blogon
2010 211 09:23:11,BUrl
2010 211 12:07:06,CUrl
2010 211 13:55:08,CSendEmail
2010 211 13:55:52,CUrl
2010 211 15:07:25,CSendEmail
2010 211 15:36:50,CUrl
2010 211 16:23:41,CSendEmail
2010 211 16:47:07,CUrl
2010 211 18:08:49,DUrl
2010 211 21:15:00,DNologon
2010 214 09:20:00,Blogon
2010 214 09:23:02,BSendEmail
2010 214 09:26:50,BUrl
2010 214 09:37:09,BSendEmail
2010 214 09:38:35,BSendEmail
2010 214 09:39:16,BUrl
2010 214 13:27:42,CUrl
2010 214 18:27:18,DUrl
2010 214 21:27:00,DNologon
2010 215 09:02:00,Blogon
2010 215 09:04:49,BUrl
2010 215 10:55:50,BSendEmail
2010 215 11:02:33,BSendEmail
2010 215 11:22:19,BUrl
2010 215 12:07:21,CUrl
2010 215 16:04:33,CSendEmail
2010 215 16:20:05,CUrl
2010 215 18:00:36,DUrl
2010 215 21:09:00,DNologon
2010 216 09:14:00,Blogon
2010 216 09:57:10,BUrl
2010 216 12:02:07,CUrl
2010 216 16:04:41,CSendEmail
2010 216 16:13:26,CUrl
2010 216 18:04:04,DUrl
2010 216 18:52:34,DSendEmail
2010 216 18:57:10,DUrl
2010 216 19:04:04,DSendEmail
2010 216 19:04:30,DUrl
2010 216 21:17:00,DNologon
2010 217 09:15:00,Blogon
2010 217 09:21:22,BUrl
2010 217 12:14:48,CUrl
2010 217 12:53:07,CSendEmail
2010 217 12:53:55,CUrl
2010 217 12:56:36,CSendEmail
2010 217 13:38:43,CUrl
2010 217 19:33:36,DUrl
2010 217 21:12:00,DNologon
2010 218 09:23:00,Blogon
2010 218 09:33:06,BUrl
2010 218 12:39:07,CUrl
2010 218 16:26:16,CSendEmail
2010 218 16:41:42,CUrl
2010 218 17:30:30,CSendEmail
2010 218 17:48:09,CUrl
2010 218 19:51:36,DUrl
2010 218 20:43:43,DSendEmail
2010 218 20:44:34,DUrl
2010 218 21:05:00,DNologon
2010 221 09:04:00,Blogon
2010 221 09:23:42,BUrl
2010 221 12:12:21,CUrl
2010 221 13:48:01,CSendEmail
2010 221 13:50:16,CSendEmail
2010 221 14:31:41,CUrl
2010 221 14:34:40,CSendEmail
2010 221 15:16:59,CUrl
2010 221 18:56:54,DUrl
2010 221 21:07:00,DNologon
2010 222 09:22:00,Blogon
2010 222 09:23:13,BUrl
2010 222 09:42:17,BSendEmail
2010 222 09:42:48,BUrl
2010 222 09:53:48,BSendEmail
2010 222 09:55:05,BSendEmail
2010 222 10:02:30,BUrl
2010 222 12:01:30,CUrl
2010 222 18:03:25,DUrl
2010 222 21:22:00,DNologon
2010 223 09:16:00,Blogon
2010 223 09:28:15,BUrl
2010 223 12:06:43,CUrl
2010 223 12:40:50,CSendEmail
2010 223 12:41:23,CSendEmail
2010 223 12:44:53,CSendEmail
2010 223 12:47:28,CUrl
2010 223 18:02:25,DUrl
2010 223 21:26:00,DNologon
2010 224 09:15:00,Blogon
2010 224 09:19:16,BUrl
2010 224 10:48:31,BSendEmail
2010 224 10:50:13,BUrl
2010 224 12:48:54,CUrl
2010 224 13:51:41,CSendEmail
2010 224 13:52:32,CSendEmail
2010 224 14:08:09,CUrl
2010 224 18:09:04,DUrl
2010 224 21:23:00,DNologon
2010 225 09:20:00,Blogon
2010 225 09:31:43,BUrl
2010 225 12:20:34,CUrl
2010 225 13:25:09,CSendEmail
2010 225 13:26:25,CSendEmail
2010 225 13:28:47,CSendEmail
2010 225 13:28:49,CUrl
2010 225 18:05:44,DUrl
2010 225 21:10:00,DNologon
2010 228 09:18:00,Blogon
2010 228 09:19:57,BUrl
2010 228 11:34:57,BSendEmail
2010 228 12:07:58,CUrl
2010 228 18:50:21,DSendEmail
2010 228 18:50:30,DSendEmail
2010 228 18:54:43,DUrl
2010 228 21:04:00,DNologon
2010 229 09:00:00,Blogon
2010 229 11:14:59,BUrl
2010 229 12:17:16,CUrl
2010 229 17:53:11,CSendEmail
2010 229 17:53:55,CUrl
2010 229 18:17:54,DUrl
2010 229 20:30:51,DSendEmail
2010 229 20:37:19,DUrl
2010 229 20:48:07,DSendEmail
2010 229 20:55:40,DUrl
2010 229 21:08:00,DNologon
2010 230 09:11:00,Blogon
2010 230 10:04:16,BUrl
2010 230 10:29:59,BSendEmail
2010 230 10:39:40,BUrl
2010 230 12:31:39,CUrl
2010 230 17:58:12,CSendEmail
2010 230 18:00:32,DUrl
2010 230 18:35:57,DSendEmail
2010 230 19:08:22,DUrl
2010 230 21:19:00,DNologon
2010 231 09:12:00,Blogon
2010 231 09:21:15,BUrl
2010 231 12:03:09,CUrl
2010 231 17:22:44,CSendEmail
2010 231 17:23:30,CSendEmail
2010 231 17:51:49,CUrl
2010 231 18:17:27,DUrl
2010 231 20:41:50,DSendEmail
2010 231 20:42:41,DUrl
2010 231 21:23:00,DNologon
2010 232 09:24:00,Blogon
2010 232 09:26:39,BUrl
2010 232 09:30:00,BSendEmail
2010 232 09:32:03,BSendEmail
2010 232 09:35:58,BUrl
2010 232 12:03:47,CUrl
2010 232 13:15:16,CSendEmail
2010 232 13:15:43,CUrl
2010 232 18:20:59,DUrl
2010 232 21:09:00,DNologon
2010 235 09:14:00,Blogon
2010 235 09:42:27,BUrl
2010 235 10:55:00,BSendEmail
2010 235 10:55:15,BUrl
2010 235 12:28:25,CUrl
2010 235 18:03:07,DSendEmail
2010 235 18:35:18,DUrl
2010 235 18:57:00,DSendEmail
2010 235 20:34:29,DUrl
2010 235 21:18:00,DNologon
2010 236 09:17:00,Blogon
2010 236 09:18:12,BSendEmail
2010 236 09:33:34,BUrl
2010 236 12:12:03,CSendEmail
2010 236 12:42:26,CUrl
2010 236 12:47:47,CSendEmail
2010 236 13:08:01,CUrl
2010 236 18:04:25,DUrl
2010 236 21:15:00,DNologon
2010 237 09:23:00,Blogon
2010 237 10:52:45,BUrl
2010 237 12:00:09,CUrl
2010 237 14:02:17,CSendEmail
2010 237 14:04:25,CSendEmail
2010 237 14:08:46,CSendEmail
2010 237 14:12:14,CUrl
2010 237 18:10:28,DUrl
2010 237 21:08:00,DNologon
2010 238 09:25:00,Blogon
2010 238 09:41:52,BUrl
2010 238 12:01:22,CUrl
2010 238 16:01:21,CSendEmail
2010 238 16:11:51,CUrl
2010 238 16:23:08,CSendEmail
2010 238 16:31:32,CUrl
2010 238 16:36:34,CSendEmail
2010 238 18:18:54,DUrl
2010 238 21:09:00,DNologon
2010 239 09:15:00,Blogon
2010 239 09:41:28,BUrl
2010 239 09:54:26,BSendEmail
2010 239 09:56:11,BUrl
2010 239 10:04:49,BSendEmail
2010 239 10:07:15,BUrl
2010 239 12:28:32,CUrl
2010 239 13:53:43,CSendEmail
2010 239 14:11:36,CUrl
2010 239 18:47:01,DUrl
2010 239 21:13:00,DNologon
2010 242 09:22:00,Blogon
2010 242 09:57:49,BUrl
2010 242 12:36:56,CUrl
2010 242 13:55:14,CSendEmail
2010 242 14:29:18,CUrl
2010 242 18:05:56,DUrl
2010 242 18:12:37,DSendEmail
2010 242 18:20:41,DSendEmail
2010 242 18:47:50,DUrl
2010 242 21:04:00,DNologon
2010 243 09:26:00,Blogon
2010 243 21:09:00,DNologon
2010 244 09:16:00,Blogon
2010 244 09:25:01,BUrl
2010 244 09:56:23,BSendEmail
2010 244 09:58:10,BUrl
2010 244 12:07:26,CUrl
2010 244 18:10:34,DUrl
2010 244 19:05:26,DSendEmail
2010 244 19:06:45,DSendEmail
2010 244 19:27:08,DUrl
2010 244 21:07:00,DNologon
2010 245 09:26:00,Blogon
2010 245 09:30:57,BUrl
2010 245 12:19:15,CUrl
2010 245 18:26:26,DUrl
2010 245 20:54:44,DSendEmail
2010 245 20:56:35,DSendEmail
2010 245 21:04:46,DSendEmail
2010 245 21:07:00,DNologon
2010 246 09:11:00,Blogon
2010 246 09:13:35,BSendEmail
2010 246 09:14:18,BUrl
2010 246 09:15:50,BSendEmail
2010 246 09:17:23,BUrl
2010 246 09:21:28,BSendEmail
2010 246 09:51:45,BUrl
2010 246 12:04:09,CUrl
2010 246 18:31:42,DUrl
2010 246 21:26:00,DNologon
2010 250 09:04:00,Blogon
2010 250 09:07:57,BUrl
2010 250 12:06:37,CUrl
2010 250 13:34:59,CSendEmail
2010 250 14:31:57,CUrl
2010 250 16:40:45,CSendEmail
2010 250 18:35:36,DUrl
2010 250 21:15:00,DNologon
2010 251 09:25:00,Blogon
2010 251 09:28:05,BSendEmail
2010 251 09:31:38,BUrl
2010 251 12:19:02,CUrl
2010 251 18:05:59,DUrl
2010 251 18:41:25,DSendEmail
2010 251 18:51:52,DUrl
2010 251 18:55:06,DSendEmail
2010 251 18:57:03,DUrl
2010 251 21:10:00,DNologon
2010 252 09:09:00,Blogon
2010 252 09:13:29,BUrl
2010 252 12:08:32,CUrl
2010 252 15:20:22,CSendEmail
2010 252 15:31:42,CUrl
2010 252 15:40:09,CSendEmail
2010 252 15:47:20,CUrl
2010 252 15:49:34,CSendEmail
2010 252 16:17:51,CUrl
2010 252 18:05:29,DUrl
2010 252 21:27:00,DNologon
2010 253 09:15:00,Blogon
2010 253 09:19:53,BUrl
2010 253 12:05:14,CUrl
2010 253 16:06:47,CSendEmail
2010 253 16:10:25,CUrl
2010 253 16:14:52,CSendEmail
2010 253 16:16:41,CSendEmail
2010 253 16:46:10,CUrl
2010 253 18:19:06,DUrl
2010 253 21:09:00,DNologon
2010 256 09:07:00,Blogon
2010 256 09:19:37,BUrl
2010 256 12:24:24,CUrl
2010 256 12:29:15,CSendEmail
2010 256 12:35:39,CUrl
2010 256 18:16:37,DUrl
2010 256 20:52:02,DSendEmail
2010 256 20:55:51,DUrl
2010 256 21:12:49,DSendEmail
2010 256 21:14:26,DUrl
2010 256 21:22:00,DNologon
2010 257 09:00:00,Blogon
2010 257 09:06:09,BUrl
2010 257 11:47:59,BSendEmail
2010 257 11:56:04,BUrl
2010 257 12:07:36,CSendEmail
2010 257 12:20:23,CUrl
2010 257 12:41:44,CSendEmail
2010 257 13:47:01,CUrl
2010 257 18:25:11,DUrl
2010 257 21:19:00,DNologon
2010 258 09:24:00,Blogon
2010 258 09:34:17,BUrl
2010 258 12:06:56,CUrl
2010 258 18:09:18,DUrl
2010 258 19:28:09,DSendEmail
2010 258 19:43:03,DUrl
2010 258 19:47:21,DSendEmail
2010 258 20:12:20,DUrl
2010 258 21:10:31,DSendEmail
2010 258 21:14:12,DUrl
2010 258 21:16:00,DNologon
2010 259 09:15:00,Blogon
2010 259 09:19:46,BUrl
2010 259 09:46:03,BSendEmail
2010 259 10:09:27,BUrl
2010 259 10:22:07,BSendEmail
2010 259 10:34:42,BUrl
2010 259 10:41:17,BSendEmail
2010 259 10:43:30,BUrl
2010 259 12:42:35,CUrl
2010 259 18:12:18,DUrl
2010 259 21:11:00,DNologon
2010 260 09:22:00,Blogon
2010 260 09:27:59,BUrl
2010 260 12:00:01,CUrl
2010 260 18:12:54,DUrl
2010 260 18:42:09,DSendEmail
2010 260 18:44:02,DSendEmail
2010 260 19:12:12,DUrl
2010 260 20:52:29,DSendEmail
2010 260 20:59:56,DUrl
2010 260 21:21:00,DNologon
2010 263 09:08:00,Blogon
2010 263 09:38:08,BUrl
2010 263 12:51:27,CSendEmail
2010 263 12:53:46,CUrl
2010 263 16:23:09,CSendEmail
2010 263 16:37:55,CSendEmail
2010 263 17:03:52,CUrl
2010 263 18:06:20,DUrl
2010 263 21:15:00,DNologon
2010 264 09:15:00,Blogon
2010 264 09:19:05,BUrl
2010 264 10:51:48,BSendEmail
2010 264 10:58:08,BSendEmail
2010 264 10:59:00,BUrl
2010 264 12:20:45,CUrl
2010 264 16:01:41,CSendEmail
2010 264 16:04:35,CUrl
2010 264 18:00:51,DUrl
2010 264 21:24:00,DNologon
2010 265 09:24:00,Blogon
2010 265 09:28:43,BUrl
2010 265 11:40:39,BSendEmail
2010 265 12:11:08,CUrl
2010 265 18:09:17,DUrl
2010 265 19:20:48,DSendEmail
2010 265 19:25:23,DSendEmail
2010 265 20:30:44,DUrl
2010 265 21:12:00,DNologon
2010 266 09:18:00,Blogon
2010 266 09:22:21,BUrl
2010 266 13:28:07,CUrl
2010 266 19:18:08,DUrl
2010 266 19:49:16,DSendEmail
2010 266 20:37:52,DUrl
2010 266 21:06:00,DNologon
2010 267 09:18:00,Blogon
2010 267 09:48:09,BUrl
2010 267 11:22:42,BSendEmail
2010 267 11:23:04,BSendEmail
2010 267 12:13:01,CUrl
2010 267 18:09:37,DUrl
2010 267 20:28:07,DSendEmail
2010 267 20:49:24,DUrl
2010 267 21:15:00,DNologon
2010 270 09:12:00,Blogon
2010 270 09:22:37,BUrl
2010 270 12:01:23,CUrl
2010 270 13:31:53,CSendEmail
2010 270 13:33:05,CUrl
2010 270 15:38:49,CSendEmail
2010 270 15:40:38,CUrl
2010 270 15:44:11,CSendEmail
2010 270 15:56:08,CUrl
2010 270 18:02:56,DUrl
2010 270 21:21:00,DNologon
2010 271 09:00:00,Blogon
2010 271 09:02:04,BSendEmail
2010 271 09:02:59,BSendEmail
2010 271 09:04:51,BUrl
2010 271 09:08:15,BSendEmail
2010 271 09:10:33,BUrl
2010 271 12:43:19,CUrl
2010 271 18:44:35,DUrl
2010 271 21:23:00,DNologon
2010 272 09:08:00,Blogon
2010 272 09:28:30,BUrl
2010 272 12:02:51,CUrl
2010 272 12:07:06,CSendEmail
2010 272 12:08:19,CUrl
2010 272 13:22:38,CSendEmail
2010 272 13:26:27,CSendEmail
2010 272 13:38:43,CUrl
2010 272 18:26:28,DUrl
2010 272 21:29:00,DNologon
2010 273 09:26:00,Blogon
2010 273 10:03:47,BUrl
2010 273 12:07:04,CUrl
2010 273 14:28:02,CSendEmail
2010 273 14:35:00,CUrl
2010 273 18:13:01,DUrl
2010 273 20:12:42,DSendEmail
2010 273 20:20:01,DSendEmail
2010 273 20:23:45,DUrl
2010 273 21:29:00,DNologon
2010 274 09:04:00,Blogon
2010 274 09:39:51,BUrl
2010 274 12:11:32,CUrl
2010 274 18:19:27,DSendEmail
2010 274 18:33:40,DUrl
2010 274 18:46:42,DSendEmail
2010 274 18:48:50,DUrl
2010 274 18:51:50,DSendEmail
2010 274 18:55:16,DUrl
2010 274 21:04:00,DNologon
2010 277 09:23:00,Blogon
2010 277 09:25:56,BUrl
2010 277 10:30:42,BSendEmail
2010 277 11:00:49,BUrl
2010 277 12:23:09,CUrl
2010 277 15:04:41,CSendEmail
2010 277 15:06:56,CSendEmail
2010 277 15:40:25,CUrl
2010 277 18:18:32,DUrl
2010 277 21:30:00,DNologon
2010 278 09:05:00,Blogon
2010 278 09:13:27,BUrl
2010 278 12:08:39,CSendEmail
2010 278 12:10:16,CUrl
2010 278 13:01:44,CSendEmail
2010 278 13:08:01,CUrl
2010 278 15:25:57,CSendEmail
2010 278 16:01:09,CUrl
2010 278 18:28:22,DUrl
2010 278 21:29:00,DNologon
2010 279 09:24:00,Blogon
2010 279 09:40:06,BUrl
2010 279 10:57:10,BSendEmail
2010 279 10:57:35,BSendEmail
2010 279 10:57:57,BSendEmail
2010 279 10:58:00,BUrl
2010 279 12:21:28,CUrl
2010 279 19:03:41,DUrl
2010 279 21:10:00,DNologon
2010 280 09:08:00,Blogon
2010 280 09:23:42,BUrl
2010 280 12:05:05,CUrl
2010 280 19:00:35,DSendEmail
2010 280 19:03:14,DSendEmail
2010 280 19:03:18,DUrl
2010 280 19:04:25,DSendEmail
2010 280 19:19:51,DUrl
2010 280 21:15:00,DNologon
2010 281 09:15:00,Blogon
2010 281 09:18:23,BUrl
2010 281 12:21:21,CUrl
2010 281 12:26:34,CSendEmail
2010 281 12:28:39,CSendEmail
2010 281 12:33:26,CSendEmail
2010 281 12:34:21,CUrl
2010 281 18:15:26,DUrl
2010 281 21:15:00,DNologon
2010 284 09:20:00,Blogon
2010 284 09:21:09,BUrl
2010 284 09:32:50,BSendEmail
2010 284 09:37:58,BSendEmail
2010 284 10:02:28,BUrl
2010 284 12:03:59,CUrl
2010 284 18:41:50,DUrl
2010 284 19:33:28,DSendEmail
2010 284 19:39:00,DUrl
2010 284 21:08:00,DNologon
2010 285 09:23:00,Blogon
2010 285 09:52:36,BUrl
2010 285 12:01:54,CSendEmail
2010 285 12:04:31,CSendEmail
2010 285 12:23:58,CUrl
2010 285 18:00:57,DUrl
2010 285 20:15:40,DSendEmail
2010 285 20:18:10,DUrl
2010 285 21:14:00,DNologon
2010 286 09:16:00,Blogon
2010 286 09:32:04,BUrl
2010 286 12:46:06,CUrl
2010 286 18:15:40,DUrl
2010 286 18:49:00,DSendEmail
2010 286 18:51:52,DUrl
2010 286 18:52:25,DSendEmail
2010 286 18:53:09,DSendEmail
2010 286 19:40:15,DUrl
2010 286 21:18:00,DNologon
2010 287 09:02:00,Blogon
2010 287 09:10:28,BUrl
2010 287 11:07:43,BSendEmail
2010 287 11:15:24,BSendEmail
2010 287 12:47:15,CUrl
2010 287 18:15:41,DUrl
2010 287 21:11:28,DSendEmail
2010 287 21:21:33,DUrl
2010 287 21:23:00,DNologon
2010 288 09:01:00,Blogon
2010 288 09:31:12,BUrl
2010 288 09:57:25,BSendEmail
2010 288 10:00:12,BUrl
2010 288 12:17:39,CUrl
2010 288 15:21:43,CSendEmail
2010 288 15:51:31,CUrl
2010 288 15:58:40,CSendEmail
2010 288 16:33:56,CUrl
2010 288 18:48:04,DUrl
2010 288 21:19:00,DNologon
2010 291 09:02:00,Blogon
2010 291 09:05:43,BUrl
2010 291 10:54:55,BSendEmail
2010 291 10:55:25,BSendEmail
2010 291 10:56:19,BUrl
2010 291 10:58:12,BSendEmail
2010 291 11:25:36,BUrl
2010 291 12:12:10,CUrl
2010 291 18:34:59,DUrl
2010 291 21:30:00,DNologon
2010 292 09:09:00,Blogon
2010 292 09:42:01,BUrl
2010 292 12:46:58,CUrl
2010 292 14:56:54,CSendEmail
2010 292 16:31:31,CUrl
2010 292 18:30:31,DUrl
2010 292 21:20:00,DNologon
2010 293 09:03:00,Blogon
2010 293 09:05:09,BUrl
2010 293 12:18:48,CUrl
2010 293 16:48:57,CSendEmail
2010 293 16:50:29,CSendEmail
2010 293 16:55:43,CSendEmail
2010 293 17:27:13,CUrl
2010 293 18:08:46,DUrl
2010 293 21:04:00,DNologon
2010 294 09:16:00,Blogon
2010 294 09:17:10,BUrl
2010 294 11:14:48,BSendEmail
2010 294 11:24:04,BUrl
2010 294 13:24:42,CUrl
2010 294 14:44:43,CSendEmail
2010 294 14:57:28,CUrl
2010 294 15:08:47,CSendEmail
2010 294 15:17:29,CUrl
2010 294 18:14:30,DUrl
2010 294 21:20:00,DNologon
2010 295 09:21:00,Blogon
2010 295 09:53:50,BUrl
2010 295 11:43:59,BSendEmail
2010 295 12:11:47,CUrl
2010 295 13:40:26,CSendEmail
2010 295 13:45:38,CUrl
2010 295 15:46:43,CSendEmail
2010 295 16:02:03,CUrl
2010 295 18:17:30,DUrl
2010 295 21:10:00,DNologon
2010 298 09:20:00,Blogon
2010 298 09:31:00,BUrl
2010 298 12:04:39,CUrl
2010 298 12:49:44,CSendEmail
2010 298 12:54:45,CUrl
2010 298 18:00:42,DUrl
2010 298 18:47:29,DSendEmail
2010 298 19:19:32,DUrl
2010 298 20:37:05,DSendEmail
2010 298 21:05:00,DNologon
2010 299 09:07:00,Blogon
2010 299 09:11:52,BUrl
2010 299 09:26:32,BSendEmail
2010 299 09:58:09,BUrl
2010 299 12:40:43,CUrl
2010 299 18:48:44,DUrl
2010 299 20:41:22,DSendEmail
2010 299 20:52:24,DUrl
2010 299 21:11:41,DSendEmail
2010 299 21:18:00,DNologon
2010 300 09:26:00,Blogon
2010 300 09:37:34,BUrl
2010 300 09:56:29,BSendEmail
2010 300 10:53:51,BUrl
2010 300 12:14:32,CUrl
2010 300 13:52:49,CSendEmail
2010 300 13:53:19,CUrl
2010 300 13:57:06,CSendEmail
2010 300 13:59:42,CUrl
2010 300 18:26:30,DUrl
2010 300 21:10:00,DNologon
2010 301 09:06:00,Blogon
2010 301 09:12:58,BUrl
2010 301 13:52:46,CUrl
2010 301 16:32:38,CSendEmail
2010 301 16:45:14,CUrl
2010 301 18:19:14,DUrl
2010 301 19:57:04,DSendEmail
2010 301 20:14:57,DUrl
2010 301 21:15:00,DNologon
2010 302 09:16:00,Blogon
2010 302 09:21:05,BUrl
2010 302 12:02:11,CSendEmail
2010 302 12:26:16,CUrl
2010 302 18:07:21,DUrl
2010 302 20:48:10,DSendEmail
2010 302 21:06:01,DSendEmail
2010 302 21:09:00,DNologon
2010 305 09:24:00,Blogon
2010 305 09:44:15,BUrl
2010 305 13:10:27,CUrl
2010 305 18:12:37,DUrl
2010 305 19:55:40,DSendEmail
2010 305 19:56:03,DUrl
2010 305 20:01:27,DSendEmail
2010 305 20:03:20,DSendEmail
2010 305 20:10:15,DUrl
2010 305 21:13:00,DNologon
2010 306 09:09:00,Blogon
2010 306 09:26:17,BUrl
2010 306 12:05:45,CUrl
2010 306 12:14:57,CSendEmail
2010 306 12:30:05,CUrl
2010 306 12:39:19,CSendEmail
2010 306 14:10:56,CUrl
2010 306 18:05:53,DUrl
2010 306 19:34:24,DSendEmail
2010 306 20:34:26,DUrl
2010 306 21:15:00,DNologon
2010 307 09:13:00,Blogon
2010 307 09:47:25,BUrl
2010 307 11:47:26,BSendEmail
2010 307 12:04:48,CUrl
2010 307 12:13:23,CSendEmail
2010 307 13:06:14,CUrl
2010 307 15:53:46,CSendEmail
2010 307 15:58:58,CUrl
2010 307 18:02:59,DUrl
2010 307 21:10:00,DNologon
2010 308 09:17:00,Blogon
2010 308 09:18:00,BUrl
2010 308 12:13:27,CUrl
2010 308 14:16:04,CSendEmail
2010 308 14:23:29,CUrl
2010 308 15:26:02,CSendEmail
2010 308 15:31:37,CUrl
2010 308 15:44:38,CSendEmail
2010 308 16:05:07,CUrl
2010 308 18:20:03,DUrl
2010 308 21:15:00,DNologon
2010 309 09:16:00,Blogon
2010 309 09:22:24,BUrl
2010 309 13:00:56,CSendEmail
2010 309 13:02:03,CSendEmail
2010 309 13:16:43,CSendEmail
2010 309 13:19:33,CUrl
2010 309 18:03:54,DUrl
2010 309 21:05:00,DNologon
2010 312 09:09:00,Blogon
2010 312 09:11:40,BUrl
2010 312 12:09:46,CSendEmail
2010 312 12:11:42,CUrl
2010 312 12:39:26,CSendEmail
2010 312 12:52:32,CSendEmail
2010 312 13:13:23,CUrl
2010 312 19:09:38,DUrl
2010 312 21:09:00,DNologon
2010 313 09:20:00,Blogon
2010 313 09:45:32,BUrl
2010 313 12:00:57,CUrl
2010 313 17:08:27,CSendEmail
2010 313 17:12:44,CSendEmail
2010 313 17:22:35,CUrl
2010 313 18:00:53,DUrl
2010 313 19:03:08,DSendEmail
2010 313 19:04:21,DUrl
2010 313 21:13:00,DNologon
2010 314 09:22:00,Blogon
2010 314 09:59:17,BUrl
2010 314 10:30:22,BSendEmail
2010 314 10:44:39,BUrl
2010 314 11:21:14,BSendEmail
2010 314 11:22:41,BUrl
2010 314 11:22:46,BSendEmail
2010 314 11:47:19,BUrl
2010 314 12:32:38,CUrl
2010 314 18:18:12,DUrl
2010 314 21:17:00,DNologon
2010 315 09:04:00,Blogon
2010 315 09:13:20,BUrl
2010 315 09:45:10,BSendEmail
2010 315 09:45:34,BUrl
2010 315 09:52:50,BSendEmail
2010 315 09:53:45,BSendEmail
2010 315 09:54:11,BUrl
2010 315 12:36:52,CUrl
2010 315 18:02:27,DUrl
2010 315 21:14:00,DNologon
2010 316 09:18:00,Blogon
2010 316 09:20:21,BUrl
2010 316 12:23:21,CUrl
2010 316 18:13:25,DUrl
2010 316 20:28:34,DSendEmail
2010 316 20:40:26,DSendEmail
2010 316 20:52:38,DSendEmail
2010 316 20:57:49,DUrl
2010 316 21:09:00,DNologon
2010 319 09:08:00,Blogon
2010 319 09:29:09,BUrl
2010 319 11:07:51,BSendEmail
2010 319 11:19:47,BUrl
2010 319 12:12:46,CUrl
2010 319 13:59:12,CSendEmail
2010 319 13:59:31,CSendEmail
2010 319 14:06:00,CUrl
2010 319 18:59:27,DUrl
2010 319 21:05:00,DNologon
2010 320 09:07:00,Blogon
2010 320 09:10:47,BUrl
2010 320 12:34:06,CUrl
2010 320 17:53:22,CSendEmail
2010 320 18:38:33,DUrl
2010 320 19:16:30,DSendEmail
2010 320 19:24:43,DSendEmail
2010 320 20:17:14,DUrl
2010 320 21:15:00,DNologon
2010 321 09:02:00,Blogon
2010 321 09:04:05,BUrl
2010 321 12:52:24,CUrl
2010 321 17:45:12,CSendEmail
2010 321 17:45:48,CSendEmail
2010 321 17:46:03,CUrl
2010 321 17:47:34,CSendEmail
2010 321 18:35:30,DUrl
2010 321 21:26:00,DNologon
2010 322 09:15:00,Blogon
2010 322 09:23:09,BUrl
2010 322 12:52:42,CUrl
2010 322 14:55:45,CSendEmail
2010 322 15:05:44,CUrl
2010 322 16:22:39,CSendEmail
2010 322 16:39:05,CUrl
2010 322 16:41:11,CSendEmail
2010 322 16:43:22,CUrl
2010 322 18:02:04,DUrl
2010 322 21:15:00,DNologon
2010 323 09:00:00,Blogon
2010 323 09:01:47,BUrl
2010 323 10:07:23,BSendEmail
2010 323 10:25:51,BUrl
2010 323 11:02:19,BSendEmail
2010 323 11:33:42,BUrl
2010 323 12:57:49,CUrl
2010 323 17:32:28,CSendEmail
2010 323 17:34:15,CUrl
2010 323 18:18:44,DUrl
2010 323 21:10:00,DNologon
2010 326 09:06:00,Blogon
2010 326 09:08:27,BUrl
2010 326 11:57:28,BSendEmail
2010 326 12:01:34,CSendEmail
2010 326 12:03:19,CUrl
2010 326 16:46:12,CSendEmail
2010 326 16:48:18,CUrl
2010 326 18:40:41,DUrl
2010 326 21:27:00,DNologon
2010 327 09:03:00,Blogon
2010 327 09:22:52,BUrl
2010 327 11:58:01,BSendEmail
2010 327 11:59:38,BUrl
2010 327 12:34:55,CSendEmail
2010 327 13:29:25,CUrl
2010 327 18:15:28,DUrl
2010 327 18:50:57,DSendEmail
2010 327 19:12:50,DUrl
2010 327 21:25:00,DNologon
2010 328 09:05:00,Blogon
2010 328 09:16:47,BUrl
2010 328 12:18:26,CUrl
2010 328 18:51:59,DUrl
2010 328 21:10:36,DSendEmail
2010 328 21:12:19,DSendEmail
2010 328 21:17:21,DSendEmail
2010 328 21:17:25,DUrl
2010 328 21:26:00,DNologon
2010 333 09:15:00,Blogon
2010 333 09:44:02,BUrl
2010 333 12:36:37,CUrl
2010 333 18:10:41,DUrl
2010 333 20:15:26,DSendEmail
2010 333 20:18:55,DUrl
2010 333 20:19:45,DSendEmail
2010 333 20:19:58,DSendEmail
2010 333 20:47:07,DUrl
2010 333 21:09:00,DNologon
2010 334 09:16:00,Blogon
2010 334 09:51:02,BUrl
2010 334 11:16:09,BSendEmail
2010 334 11:16:41,BSendEmail
2010 334 11:16:59,BSendEmail
2010 334 11:17:01,BUrl
2010 334 12:31:47,CUrl
2010 334 18:25:05,DUrl
2010 334 21:13:00,DNologon
2010 335 09:25:00,Blogon
2010 335 09:55:07,BUrl
2010 335 12:23:53,CSendEmail
2010 335 12:24:30,CSendEmail
2010 335 12:39:22,CUrl
2010 335 16:30:19,CSendEmail
2010 335 16:34:54,CUrl
2010 335 19:09:48,DUrl
2010 335 21:05:00,DNologon
2010 336 09:02:00,Blogon
2010 336 09:08:36,BUrl
2010 336 12:11:39,CUrl
2010 336 18:07:19,DUrl
2010 336 20:50:53,DSendEmail
2010 336 20:51:24,DSendEmail
2010 336 20:51:28,DSendEmail
2010 336 21:18:00,DNologon
2010 337 09:05:00,Blogon
2010 337 09:13:16,BUrl
2010 337 12:03:11,CSendEmail
2010 337 12:09:24,CUrl
2010 337 12:17:07,CSendEmail
2010 337 12:22:56,CSendEmail
2010 337 12:52:16,CUrl
2010 337 18:03:31,DUrl
2010 337 21:27:00,DNologon
2010 340 09:00:00,Blogon
2010 340 09:16:15,BSendEmail
2010 340 09:25:53,BUrl
2010 340 09:50:21,BSendEmail
2010 340 10:49:27,BUrl
2010 340 10:49:43,BSendEmail
2010 340 11:14:50,BUrl
2010 340 13:07:32,CUrl
2010 340 19:41:40,DUrl
2010 340 21:23:00,DNologon
2010 341 09:19:00,Blogon
2010 341 09:32:48,BUrl
2010 341 12:00:44,CUrl
2010 341 15:22:01,CSendEmail
2010 341 15:22:36,CUrl
2010 341 15:25:53,CSendEmail
2010 341 15:27:25,CSendEmail
2010 341 15:29:25,CUrl
2010 341 18:11:22,DUrl
2010 341 21:08:00,DNologon
2010 342 09:00:00,Blogon
2010 342 09:03:32,BUrl
2010 342 12:02:55,CUrl
2010 342 17:26:46,CSendEmail
2010 342 17:27:33,CUrl
2010 342 18:02:31,DUrl
2010 342 20:09:50,DSendEmail
2010 342 20:12:21,DUrl
2010 342 20:30:00,DSendEmail
2010 342 20:33:55,DUrl
2010 342 21:23:00,DNologon
2010 343 09:20:00,Blogon
2010 343 10:13:09,BUrl
2010 343 12:26:10,CUrl
2010 343 17:54:40,CSendEmail
2010 343 17:55:06,CUrl
2010 343 17:56:55,CSendEmail
2010 343 17:57:50,CUrl
2010 343 18:22:04,DUrl
2010 343 20:53:21,DSendEmail
2010 343 20:57:12,DUrl
2010 343 21:11:00,DNologon
2010 344 09:22:00,Blogon
2010 344 09:53:07,BSendEmail
2010 344 09:53:15,BSendEmail
2010 344 09:53:39,BUrl
2010 344 09:53:44,BSendEmail
2010 344 09:59:21,BUrl
2010 344 12:10:52,CUrl
2010 344 18:19:38,DUrl
2010 344 21:10:00,DNologon
2010 347 09:19:00,Blogon
2010 347 09:22:52,BUrl
2010 347 12:01:23,CUrl
2010 347 18:01:14,DUrl
2010 347 19:07:46,DSendEmail
2010 347 19:12:20,DUrl
2010 347 19:51:23,DSendEmail
2010 347 19:54:24,DSendEmail
2010 347 20:12:15,DUrl
2010 347 21:26:00,DNologon
2010 348 09:15:00,Blogon
2010 348 09:27:46,BUrl
2010 348 10:41:02,BSendEmail
2010 348 10:42:45,BSendEmail
2010 348 10:43:00,BSendEmail
2010 348 10:47:19,BUrl
2010 348 12:16:34,CUrl
2010 348 18:07:35,DUrl
2010 348 21:21:00,DNologon
2010 349 09:25:00,Blogon
2010 349 10:15:31,BUrl
2010 349 12:30:29,CUrl
2010 349 18:45:29,DUrl
2010 349 19:20:15,DSendEmail
2010 349 19:41:12,DSendEmail
2010 349 19:43:42,DUrl
2010 349 19:49:45,DSendEmail
2010 349 20:39:25,DUrl
2010 349 21:06:00,DNologon
2010 350 09:16:00,Blogon
2010 350 09:37:02,BUrl
2010 350 11:32:15,BSendEmail
2010 350 11:34:48,BSendEmail
2010 350 11:37:43,BUrl
2010 350 12:11:22,CUrl
2010 350 16:05:41,CSendEmail
2010 350 16:06:00,CUrl
2010 350 18:58:56,DUrl
2010 350 21:15:00,DNologon
2010 351 09:24:00,Blogon
2010 351 10:47:06,BSendEmail
2010 351 11:29:25,BUrl
2010 351 12:12:34,CUrl
2010 351 12:21:49,CSendEmail
2010 351 13:01:46,CUrl
2010 351 18:08:19,DUrl
2010 351 19:46:29,DSendEmail
2010 351 20:14:04,DUrl
2010 351 21:08:00,DNologon
2010 354 09:04:00,Blogon
2010 354 09:15:04,BUrl
2010 354 12:11:22,CUrl
2010 354 16:14:49,CSendEmail
2010 354 16:18:52,CSendEmail
2010 354 16:21:03,CSendEmail
2010 354 18:17:10,DUrl
2010 354 21:27:00,DNologon
2010 355 09:22:00,Blogon
2010 355 09:37:16,BUrl
2010 355 12:04:27,CUrl
2010 355 12:13:06,CSendEmail
2010 355 12:17:03,CUrl
2010 355 12:22:06,CSendEmail
2010 355 13:11:07,CUrl
2010 355 13:16:04,CSendEmail
2010 355 13:29:49,CUrl
2010 355 18:12:01,DUrl
2010 355 21:08:00,DNologon
2010 356 09:22:00,Blogon
2010 356 09:40:22,BUrl
2010 356 12:24:49,CUrl
2010 356 16:52:18,CSendEmail
2010 356 16:54:35,CSendEmail
2010 356 16:55:56,CUrl
2010 356 18:05:41,DUrl
2010 356 18:39:48,DSendEmail
2010 356 19:27:00,DUrl
2010 356 21:05:00,DNologon
2010 361 09:17:00,Blogon
2010 361 09:21:33,BUrl
2010 361 12:14:18,CSendEmail
2010 361 12:14:19,CUrl
2010 361 17:13:31,CSendEmail
2010 361 17:20:41,CUrl
2010 361 18:32:45,DUrl
2010 361 21:11:25,DSendEmail
2010 361 21:13:00,DNologon
2010 362 09:03:00,Blogon
2010 362 09:07:02,BUrl
2010 362 12:32:06,CUrl
2010 362 18:11:00,DUrl
2010 362 20:44:56,DSendEmail
2010 362 20:52:22,DSendEmail
2010 362 20:57:13,DUrl
2010 362 21:02:22,DSendEmail
2010 362 21:24:13,DUrl
2010 362 21:28:00,DNologon
2010 363 09:26:00,Blogon
2010 363 09:31:44,BUrl
2010 363 10:26:15,BSendEmail
2010 363 10:30:31,BUrl
2010 363 12:44:59,CUrl
2010 363 13:00:21,CSendEmail
2010 363 13:11:43,CSendEmail
2010 363 13:28:53,CUrl
2010 363 18:25:01,DUrl
2010 363 21:09:00,DNologon
2010 364 09:21:00,Blogon
2010 364 09:23:10,BUrl
2010 364 12:03:51,CSendEmail
2010 364 12:05:05,CSendEmail
2010 364 12:58:56,CUrl
2010 364 16:47:28,CSendEmail
2010 364 16:59:10,CUrl
2010 364 18:36:15,DUrl
2010 364 21:15:00,DNologon
2011 003 09:16:00,Blogon
2011 003 09:27:08,BUrl
2011 003 12:09:52,CUrl
2011 003 13:48:49,CSendEmail
2011 003 14:11:44,CSendEmail
2011 003 14:34:02,CSendEmail
2011 003 14:34:44,CUrl
2011 003 18:35:51,DUrl
2011 003 21:08:00,DNologon
2011 004 09:23:00,Blogon
2011 004 09:26:01,BUrl
2011 004 12:15:04,CUrl
2011 004 12:57:03,CSendEmail
2011 004 12:57:54,CUrl
2011 004 13:00:57,CSendEmail
2011 004 13:23:01,CUrl
2011 004 13:39:19,CSendEmail
2011 004 13:52:45,CUrl
2011 004 18:01:03,DUrl
2011 004 21:07:00,DNologon
2011 005 09:22:00,Blogon
2011 005 10:13:12,BUrl
2011 005 10:21:50,BSendEmail
2011 005 10:22:24,BSendEmail
2011 005 10:22:49,BUrl
2011 005 10:27:55,BSendEmail
2011 005 10:59:31,BUrl
2011 005 12:58:13,CUrl
2011 005 18:05:59,DUrl
2011 005 21:07:00,DNologon
2011 006 09:16:00,Blogon
2011 006 09:20:40,BUrl
2011 006 10:18:34,BSendEmail
2011 006 10:40:55,BUrl
2011 006 11:32:19,BSendEmail
2011 006 11:37:24,BUrl
2011 006 13:02:55,CUrl
2011 006 18:11:08,DUrl
2011 006 18:15:25,DSendEmail
2011 006 18:37:43,DUrl
2011 006 21:08:00,DNologon
2011 007 09:09:00,Blogon
2011 007 09:17:48,BUrl
2011 007 11:03:19,BSendEmail
2011 007 11:05:09,BUrl
2011 007 11:07:44,BSendEmail
2011 007 11:32:46,BUrl
2011 007 12:05:03,CSendEmail
2011 007 12:47:43,CUrl
2011 007 18:06:58,DUrl
2011 007 21:26:00,DNologon
2011 010 09:18:00,Blogon
2011 010 09:20:09,BUrl
2011 010 12:25:29,CUrl
2011 010 17:10:53,CSendEmail
2011 010 17:27:11,CSendEmail
2011 010 17:53:19,CUrl
2011 010 18:01:21,DSendEmail
2011 010 18:01:34,DUrl
2011 010 21:09:00,DNologon
2011 011 09:17:00,Blogon
2011 011 09:28:09,BUrl
2011 011 12:53:26,CUrl
2011 011 18:40:29,DUrl
2011 011 19:22:30,DSendEmail
2011 011 19:22:55,DSendEmail
2011 011 19:22:59,DUrl
2011 011 19:26:25,DSendEmail
2011 011 20:18:39,DUrl
2011 011 21:09:00,DNologon
2011 012 09:22:00,Blogon
2011 012 09:55:21,BUrl
2011 012 10:31:39,BSendEmail
2011 012 10:34:08,BUrl
2011 012 12:16:29,CUrl
2011 012 16:07:09,CSendEmail
2011 012 16:07:37,CUrl
2011 012 16:07:55,CSendEmail
2011 012 16:09:06,CUrl
2011 012 18:18:06,DUrl
2011 012 21:10:00,DNologon
2011 013 09:23:00,Blogon
2011 013 09:25:31,BUrl
2011 013 11:40:40,BSendEmail
2011 013 11:42:09,BUrl
2011 013 11:43:35,BSendEmail
2011 013 12:04:06,CUrl
2011 013 12:25:14,CSendEmail
2011 013 12:31:19,CUrl
2011 013 18:21:06,DUrl
2011 013 21:13:00,DNologon
2011 014 09:24:00,Blogon
2011 014 09:27:49,BUrl
2011 014 12:48:27,CUrl
2011 014 15:56:15,CSendEmail
2011 014 16:47:54,CUrl
2011 014 16:52:37,CSendEmail
2011 014 16:52:54,CSendEmail
2011 014 16:53:04,CUrl
2011 014 18:54:57,DUrl
2011 014 21:09:00,DNologon
2011 017 09:15:00,Blogon
2011 017 09:25:27,BUrl
2011 017 11:14:08,BSendEmail
2011 017 11:36:17,BUrl
2011 017 12:33:49,CUrl
2011 017 15:22:34,CSendEmail
2011 017 16:11:50,CUrl
2011 017 18:54:58,DUrl
2011 017 19:16:28,DSendEmail
2011 017 20:51:35,DUrl
2011 017 21:14:00,DNologon
2011 018 09:00:00,Blogon
2011 018 09:11:05,BUrl
2011 018 12:41:13,CUrl
2011 018 14:27:27,CSendEmail
2011 018 14:28:11,CUrl
2011 018 14:50:41,CSendEmail
2011 018 14:52:10,CSendEmail
2011 018 15:10:20,CUrl
2011 018 18:16:23,DUrl
2011 018 21:21:00,DNologon
2011 019 09:18:00,Blogon
2011 019 10:10:31,BUrl
2011 019 13:47:31,CUrl
2011 019 18:02:18,DUrl
2011 019 20:41:21,DSendEmail
2011 019 20:46:02,DSendEmail
2011 019 20:48:41,DSendEmail
2011 019 20:49:35,DUrl
2011 019 21:10:00,DNologon
2011 020 09:14:00,Blogon
2011 020 09:40:44,BUrl
2011 020 12:14:12,CUrl
2011 020 17:07:46,CSendEmail
2011 020 17:14:20,CSendEmail
2011 020 17:19:09,CUrl
2011 020 17:20:30,CSendEmail
2011 020 18:15:09,DUrl
2011 020 21:22:00,DNologon
2011 021 09:15:00,Blogon
2011 021 09:17:32,BUrl
2011 021 12:07:41,CUrl
2011 021 12:18:26,CSendEmail
2011 021 12:19:00,CSendEmail
2011 021 12:19:01,CSendEmail
2011 021 12:21:00,CUrl
2011 021 18:20:51,DUrl
2011 021 21:12:00,DNologon
2011 024 09:12:00,Blogon
2011 024 09:20:46,BUrl
2011 024 10:01:27,BSendEmail
2011 024 11:15:19,BUrl
2011 024 12:03:44,CUrl
2011 024 18:31:32,DUrl
2011 024 19:15:46,DSendEmail
2011 024 19:18:37,DSendEmail
2011 024 19:47:38,DUrl
2011 024 21:11:00,DNologon
2011 025 09:10:00,Blogon
2011 025 09:14:51,BUrl
2011 025 12:10:08,CUrl
2011 025 18:07:10,DUrl
2011 025 18:50:50,DSendEmail
2011 025 19:08:34,DSendEmail
2011 025 19:16:42,DSendEmail
2011 025 20:17:27,DUrl
2011 025 21:23:00,DNologon
2011 026 09:15:00,Blogon
2011 026 09:26:32,BUrl
2011 026 13:39:05,CUrl
2011 026 18:02:00,DUrl
2011 026 18:31:38,DSendEmail
2011 026 18:36:30,DSendEmail
2011 026 18:49:21,DSendEmail
2011 026 18:57:28,DUrl
2011 026 21:13:00,DNologon
2011 027 09:18:00,Blogon
2011 027 09:41:30,BUrl
2011 027 12:33:41,CUrl
2011 027 12:44:59,CSendEmail
2011 027 12:45:47,CSendEmail
2011 027 13:09:02,CUrl
2011 027 18:05:29,DUrl
2011 027 21:04:47,DSendEmail
2011 027 21:06:16,DUrl
2011 027 21:12:00,DNologon
2011 028 09:22:00,Blogon
2011 028 09:30:46,BUrl
2011 028 12:01:24,CUrl
2011 028 18:10:47,DUrl
2011 028 19:01:27,DSendEmail
2011 028 19:14:52,DSendEmail
2011 028 19:20:57,DSendEmail
2011 028 19:27:12,DUrl
2011 028 21:07:00,DNologon
2011 031 09:15:00,Blogon
2011 031 09:48:19,BUrl
2011 031 13:23:45,CUrl
2011 031 14:51:11,CSendEmail
2011 031 16:12:19,CSendEmail
2011 031 16:13:06,CSendEmail
2011 031 16:20:20,CUrl
2011 031 18:32:24,DUrl
2011 031 21:21:00,DNologon
2011 032 09:15:00,Blogon
2011 032 09:31:04,BUrl
2011 032 12:08:25,CUrl
2011 032 13:37:15,CSendEmail
2011 032 13:49:13,CSendEmail
2011 032 14:37:50,CUrl
2011 032 14:48:04,CSendEmail
2011 032 14:48:29,CUrl
2011 032 18:23:10,DUrl
2011 032 21:05:00,DNologon
2011 033 09:13:00,Blogon
2011 033 09:20:29,BUrl
2011 033 10:52:05,BSendEmail
2011 033 10:53:57,BUrl
2011 033 11:26:43,BSendEmail
2011 033 11:51:42,BUrl
2011 033 12:02:20,CUrl
2011 033 18:01:54,DSendEmail
2011 033 19:27:31,DUrl
2011 033 21:21:00,DNologon
2011 034 09:16:00,Blogon
2011 034 09:28:03,BUrl
2011 034 10:31:32,BSendEmail
2011 034 10:40:06,BUrl
2011 034 12:07:33,CUrl
2011 034 13:33:53,CSendEmail
2011 034 14:22:28,CUrl
2011 034 18:01:18,DUrl
2011 034 19:36:02,DSendEmail
2011 034 20:16:37,DUrl
2011 034 21:21:00,DNologon
2011 035 09:03:00,Blogon
2011 035 09:17:27,BUrl
2011 035 12:03:49,CUrl
2011 035 12:17:05,CSendEmail
2011 035 12:17:06,CSendEmail
2011 035 13:00:09,CUrl
2011 035 15:49:10,CSendEmail
2011 035 16:11:57,CUrl
2011 035 18:11:14,DUrl
2011 035 21:23:00,DNologon
2011 038 09:03:00,Blogon
2011 038 09:09:27,BUrl
2011 038 12:35:35,CUrl
2011 038 15:50:47,CSendEmail
2011 038 15:56:07,CSendEmail
2011 038 15:58:08,CSendEmail
2011 038 16:12:47,CUrl
2011 038 19:14:26,DUrl
2011 038 21:20:00,DNologon
2011 039 09:14:00,Blogon
2011 039 09:21:40,BSendEmail
2011 039 09:24:29,BSendEmail
2011 039 09:24:42,BUrl
2011 039 12:12:36,CUrl
2011 039 18:04:40,DUrl
2011 039 19:05:05,DSendEmail
2011 039 19:12:32,DUrl
2011 039 21:20:00,DNologon
2011 040 09:25:00,Blogon
2011 040 09:37:04,BUrl
2011 040 11:49:20,BSendEmail
2011 040 12:07:30,CUrl
2011 040 13:06:20,CSendEmail
2011 040 13:10:05,CUrl
2011 040 13:10:21,CSendEmail
2011 040 13:16:35,CUrl
2011 040 20:29:28,DUrl
2011 040 21:08:00,DNologon
2011 041 09:12:00,Blogon
2011 041 09:14:44,BUrl
2011 041 13:08:09,CUrl
2011 041 14:39:09,CSendEmail
2011 041 14:40:53,CUrl
2011 041 18:07:31,DUrl
2011 041 19:00:48,DSendEmail
2011 041 19:23:47,DSendEmail
2011 041 19:24:43,DUrl
2011 041 21:15:00,DNologon
2011 042 09:09:00,Blogon
2011 042 10:08:20,BUrl
2011 042 11:46:35,BSendEmail
2011 042 11:49:25,BUrl
2011 042 12:18:01,CSendEmail
2011 042 12:27:57,CUrl
2011 042 13:35:17,CSendEmail
2011 042 13:41:18,CUrl
2011 042 18:30:18,DUrl
2011 042 21:13:00,DNologon
2011 045 09:08:00,Blogon
2011 045 09:18:05,BUrl
2011 045 12:14:36,CUrl
2011 045 14:57:47,CSendEmail
2011 045 15:06:20,CUrl
2011 045 15:30:28,CSendEmail
2011 045 16:32:31,CUrl
2011 045 16:59:48,CSendEmail
2011 045 17:32:41,CUrl
2011 045 18:18:08,DUrl
2011 045 21:28:00,DNologon
2011 046 09:03:00,Blogon
2011 046 09:54:28,BUrl
2011 046 12:34:30,CUrl
2011 046 15:48:22,CSendEmail
2011 046 15:54:39,CUrl
2011 046 18:55:50,DUrl
2011 046 19:35:08,DSendEmail
2011 046 19:39:51,DUrl
2011 046 20:01:47,DSendEmail
2011 046 20:25:49,DUrl
2011 046 21:19:00,DNologon
2011 047 09:22:00,Blogon
2011 047 09:24:50,BUrl
2011 047 10:57:16,BSendEmail
2011 047 11:31:53,BUrl
2011 047 12:11:49,CUrl
2011 047 12:27:00,CSendEmail
2011 047 12:27:26,CUrl
2011 047 15:52:11,CSendEmail
2011 047 16:35:02,CUrl
2011 047 19:10:20,DUrl
2011 047 21:15:00,DNologon
2011 048 09:25:00,Blogon
2011 048 10:12:31,BUrl
2011 048 12:09:05,CUrl
2011 048 13:07:41,CSendEmail
2011 048 13:39:44,CSendEmail
2011 048 13:48:27,CSendEmail
2011 048 13:57:15,CUrl
2011 048 18:06:03,DUrl
2011 048 21:26:00,DNologon
2011 049 09:26:00,Blogon
2011 049 09:29:25,BUrl
2011 049 10:51:22,BSendEmail
2011 049 10:56:22,BSendEmail
2011 049 10:57:29,BUrl
2011 049 11:04:43,BSendEmail
2011 049 11:14:03,BUrl
2011 049 12:39:31,CUrl
2011 049 18:48:09,DUrl
2011 049 21:30:00,DNologon
2011 052 09:19:00,Blogon
2011 052 09:29:20,BUrl
2011 052 12:06:59,CUrl
2011 052 14:18:29,CSendEmail
2011 052 14:37:33,CUrl
2011 052 18:16:07,DSendEmail
2011 052 18:39:25,DUrl
2011 052 20:58:01,DSendEmail
2011 052 21:19:00,DNologon
2011 053 09:23:00,Blogon
2011 053 09:34:24,BUrl
2011 053 12:19:51,CUrl
2011 053 17:21:18,CSendEmail
2011 053 17:32:33,CUrl
2011 053 17:43:44,CSendEmail
2011 053 17:45:41,CUrl
2011 053 17:53:02,CSendEmail
2011 053 19:03:21,DUrl
2011 053 21:26:00,DNologon
2011 054 09:15:00,Blogon
2011 054 09:16:28,BUrl
2011 054 12:22:52,CUrl
2011 054 17:33:34,CSendEmail
2011 054 17:37:28,CUrl
2011 054 18:12:02,DUrl
2011 054 20:39:03,DSendEmail
2011 054 20:59:34,DUrl
2011 054 21:03:48,DSendEmail
2011 054 21:04:06,DUrl
2011 054 21:16:00,DNologon
2011 055 09:16:00,Blogon
2011 055 09:20:26,BUrl
2011 055 12:04:32,CUrl
2011 055 17:41:06,CSendEmail
2011 055 17:43:25,CSendEmail
2011 055 17:49:14,CUrl
2011 055 18:01:52,DUrl
2011 055 18:38:09,DSendEmail
2011 055 18:57:41,DUrl
2011 055 21:17:00,DNologon
2011 056 09:02:00,Blogon
2011 056 09:05:54,BUrl
2011 056 10:44:38,BSendEmail
2011 056 11:43:54,BUrl
2011 056 12:58:36,CUrl
2011 056 18:46:35,DUrl
2011 056 20:45:12,DSendEmail
2011 056 20:47:38,DUrl
2011 056 21:04:15,DSendEmail
2011 056 21:06:00,DNologon
2011 059 09:19:00,Blogon
2011 059 10:13:49,BUrl
2011 059 14:07:42,CUrl
2011 059 18:00:53,DUrl
2011 059 19:57:04,DSendEmail
2011 059 19:57:19,DSendEmail
2011 059 19:58:54,DSendEmail
2011 059 20:08:57,DUrl
2011 059 21:04:00,DNologon
2011 060 09:11:00,Blogon
2011 060 09:21:47,BUrl
2011 060 11:12:25,BSendEmail
2011 060 11:20:07,BSendEmail
2011 060 11:24:16,BUrl
2011 060 11:24:36,BSendEmail
2011 060 11:38:24,BUrl
2011 060 12:11:38,CUrl
2011 060 18:13:57,DUrl
2011 060 21:06:00,DNologon
2011 061 09:17:00,Blogon
2011 061 09:29:02,BUrl
2011 061 09:50:38,BSendEmail
2011 061 10:05:10,BUrl
2011 061 12:12:25,CUrl
2011 061 14:12:30,CSendEmail
2011 061 15:30:20,CUrl
2011 061 18:10:50,DUrl
2011 061 21:04:27,DSendEmail
2011 061 21:11:00,DNologon
2011 062 09:18:00,Blogon
2011 062 09:38:54,BUrl
2011 062 13:16:53,CUrl
2011 062 14:50:47,CSendEmail
2011 062 15:08:27,CUrl
2011 062 18:54:58,DUrl
2011 062 19:45:28,DSendEmail
2011 062 20:05:53,DUrl
2011 062 21:04:00,DNologon
2011 063 09:03:00,Blogon
2011 063 09:19:24,BUrl
2011 063 11:49:24,BSendEmail
2011 063 12:31:36,CUrl
2011 063 14:18:14,CSendEmail
2011 063 14:35:29,CUrl
2011 063 17:33:42,CSendEmail
2011 063 17:59:28,CUrl
2011 063 18:17:28,DUrl
2011 063 21:17:00,DNologon
2011 066 09:10:00,Blogon
2011 066 09:28:18,BUrl
2011 066 09:47:49,BSendEmail
2011 066 09:56:01,BUrl
2011 066 12:25:20,CUrl
2011 066 17:08:32,CSendEmail
2011 066 17:53:00,CUrl
2011 066 18:06:07,DUrl
2011 066 19:06:11,DSendEmail
2011 066 19:44:58,DUrl
2011 066 21:27:00,DNologon
2011 067 09:18:00,Blogon
2011 067 09:53:42,BUrl
2011 067 12:14:55,CUrl
2011 067 13:07:06,CSendEmail
2011 067 13:07:23,CSendEmail
2011 067 13:17:42,CUrl
2011 067 18:11:45,DUrl
2011 067 20:23:58,DSendEmail
2011 067 21:02:12,DUrl
2011 067 21:14:00,DNologon
2011 068 09:05:00,Blogon
2011 068 09:08:19,BSendEmail
2011 068 09:09:14,BUrl
2011 068 09:14:19,BSendEmail
2011 068 09:27:23,BUrl
2011 068 13:27:38,CUrl
2011 068 18:13:56,DUrl
2011 068 20:15:47,DSendEmail
2011 068 20:25:52,DUrl
2011 068 21:10:00,DNologon
2011 069 09:21:00,Blogon
2011 069 09:22:48,BUrl
2011 069 12:53:16,CUrl
2011 069 19:00:07,DUrl
2011 069 19:48:21,DSendEmail
2011 069 19:48:43,DSendEmail
2011 069 20:00:21,DSendEmail
2011 069 20:13:54,DUrl
2011 069 21:08:00,DNologon
2011 070 09:08:00,Blogon
2011 070 09:09:57,BUrl
2011 070 12:08:16,CUrl
2011 070 14:38:45,CSendEmail
2011 070 15:00:35,CUrl
2011 070 17:48:04,CSendEmail
2011 070 18:08:01,DUrl
2011 070 21:18:00,DNologon
2011 073 09:16:00,Blogon
2011 073 09:36:58,BUrl
2011 073 12:52:39,CUrl
2011 073 13:02:29,CSendEmail
2011 073 13:12:17,CUrl
2011 073 18:16:10,DUrl
2011 073 20:28:21,DSendEmail
2011 073 20:33:13,DUrl
2011 073 21:05:25,DSendEmail
2011 073 21:05:37,DUrl
2011 073 21:09:00,DNologon
2011 074 09:00:00,Blogon
2011 074 09:35:51,BUrl
2011 074 09:53:19,BSendEmail
2011 074 09:55:22,BUrl
2011 074 10:37:43,BSendEmail
2011 074 10:47:11,BSendEmail
2011 074 11:11:04,BUrl
2011 074 12:06:15,CUrl
2011 074 18:43:39,DUrl
2011 074 21:21:00,DNologon
2011 075 09:22:00,Blogon
2011 075 09:25:24,BUrl
2011 075 11:16:46,BSendEmail
2011 075 11:57:55,BUrl
2011 075 12:30:32,CUrl
2011 075 15:01:44,CSendEmail
2011 075 15:04:48,CUrl
2011 075 15:08:08,CSendEmail
2011 075 15:08:31,CUrl
2011 075 18:12:25,DUrl
2011 075 21:12:00,DNologon
2011 076 09:11:00,Blogon
2011 076 09:12:59,BUrl
2011 076 10:42:18,BSendEmail
2011 076 10:43:54,BSendEmail
2011 076 12:01:16,CUrl
2011 076 14:05:14,CSendEmail
2011 076 14:08:28,CUrl
2011 076 18:17:39,DUrl
2011 076 21:18:00,DNologon
2011 077 09:05:00,Blogon
2011 077 09:11:00,BUrl
2011 077 12:51:18,CUrl
2011 077 17:51:33,CSendEmail
2011 077 17:53:02,CSendEmail
2011 077 18:06:14,DSendEmail
2011 077 18:08:34,DUrl
2011 077 21:10:00,DNologon
2011 080 09:17:00,Blogon
2011 080 09:27:25,BUrl
2011 080 12:24:43,CUrl
2011 080 18:10:27,DUrl
2011 080 19:10:09,DSendEmail
2011 080 19:24:03,DSendEmail
2011 080 19:36:37,DUrl
2011 080 21:04:00,DNologon
2011 081 09:11:00,Blogon
2011 081 09:35:14,BUrl
2011 081 12:14:23,CUrl
2011 081 14:42:42,CSendEmail
2011 081 14:47:03,CSendEmail
2011 081 14:47:12,CSendEmail
2011 081 14:49:04,CUrl
2011 081 18:48:06,DUrl
2011 081 21:13:00,DNologon
2011 082 09:06:00,Blogon
2011 082 09:07:41,BUrl
2011 082 12:16:01,CUrl
2011 082 18:47:22,DUrl
2011 082 20:17:54,DSendEmail
2011 082 20:21:32,DSendEmail
2011 082 20:24:51,DUrl
2011 082 20:28:12,DSendEmail
2011 082 20:30:44,DUrl
2011 082 21:20:00,DNologon
2011 083 09:07:00,Blogon
2011 083 09:22:19,BUrl
2011 083 12:35:21,CUrl
2011 083 16:31:00,CSendEmail
2011 083 16:38:15,CSendEmail
2011 083 16:43:43,CSendEmail
2011 083 16:47:21,CUrl
2011 083 19:01:25,DUrl
2011 083 21:29:00,DNologon
2011 084 09:20:00,Blogon
2011 084 09:35:22,BUrl
2011 084 11:27:36,BSendEmail
2011 084 11:45:05,BUrl
2011 084 12:49:44,CSendEmail
2011 084 13:09:27,CUrl
2011 084 13:27:11,CSendEmail
2011 084 15:37:08,CUrl
2011 084 18:01:06,DUrl
2011 084 21:27:00,DNologon
2011 087 09:00:00,Blogon
2011 087 09:24:11,BUrl
2011 087 10:17:25,BSendEmail
2011 087 10:25:12,BUrl
2011 087 10:36:05,BSendEmail
2011 087 10:44:30,BUrl
2011 087 12:27:30,CUrl
2011 087 14:26:25,CSendEmail
2011 087 14:43:22,CUrl
2011 087 18:07:03,DUrl
2011 087 21:17:00,DNologon
2011 088 09:15:00,Blogon
2011 088 09:28:13,BUrl
2011 088 12:30:40,CUrl
2011 088 12:59:11,CSendEmail
2011 088 12:59:19,CSendEmail
2011 088 13:15:53,CUrl
2011 088 18:17:05,DUrl
2011 088 21:03:09,DSendEmail
2011 088 21:03:35,DUrl
2011 088 21:07:00,DNologon
2011 089 09:00:00,Blogon
2011 089 09:11:09,BUrl
2011 089 12:18:13,CUrl
2011 089 12:53:01,CSendEmail
2011 089 12:54:57,CUrl
2011 089 18:01:06,DSendEmail
2011 089 18:32:28,DUrl
2011 089 19:25:26,DSendEmail
2011 089 19:44:40,DUrl
2011 089 21:11:00,DNologon
2011 090 09:21:00,Blogon
2011 090 09:24:22,BUrl
2011 090 13:14:45,CUrl
2011 090 14:25:05,CSendEmail
2011 090 14:34:44,CUrl
2011 090 15:09:10,CSendEmail
2011 090 15:49:14,CUrl
2011 090 16:34:14,CSendEmail
2011 090 16:49:55,CUrl
2011 090 18:22:17,DUrl
2011 090 21:15:00,DNologon
2011 091 09:24:00,Blogon
2011 091 09:34:48,BUrl
2011 091 12:33:33,CUrl
2011 091 13:12:41,CSendEmail
2011 091 13:43:27,CUrl
2011 091 18:02:21,DUrl
2011 091 18:25:20,DSendEmail
2011 091 18:40:18,DSendEmail
2011 091 18:55:20,DUrl
2011 091 21:10:00,DNologon
2011 094 09:24:00,Blogon
2011 094 09:29:37,BUrl
2011 094 12:22:38,CUrl
2011 094 16:19:33,CSendEmail
2011 094 16:22:38,CSendEmail
2011 094 16:45:30,CUrl
2011 094 17:15:41,CSendEmail
2011 094 17:24:18,CUrl
2011 094 20:30:14,DUrl
2011 094 21:04:00,DNologon
2011 095 09:11:00,Blogon
2011 095 09:29:22,BUrl
2011 095 10:50:48,BSendEmail
2011 095 11:12:17,BSendEmail
2011 095 12:23:31,CUrl
2011 095 17:54:43,CSendEmail
2011 095 17:54:46,CUrl
2011 095 18:00:51,DUrl
2011 095 21:17:00,DNologon
2011 096 09:08:00,Blogon
2011 096 09:18:50,BUrl
2011 096 11:14:20,BSendEmail
2011 096 12:00:16,CUrl
2011 096 18:49:15,DUrl
2011 096 21:15:39,DSendEmail
2011 096 21:15:59,DSendEmail
2011 096 21:25:08,DUrl
2011 096 21:28:00,DNologon
2011 097 09:05:00,Blogon
2011 097 09:10:12,BUrl
2011 097 12:12:55,CUrl
2011 097 15:05:34,CSendEmail
2011 097 15:18:20,CUrl
2011 097 15:31:41,CSendEmail
2011 097 15:43:37,CSendEmail
2011 097 15:53:41,CUrl
2011 097 18:46:33,DUrl
2011 097 21:30:00,DNologon
2011 098 09:23:00,Blogon
2011 098 09:29:29,BUrl
2011 098 10:40:24,BSendEmail
2011 098 10:50:19,BUrl
2011 098 12:07:58,CUrl
2011 098 14:58:54,CSendEmail
2011 098 15:14:27,CUrl
2011 098 18:48:21,DSendEmail
2011 098 18:56:03,DUrl
2011 098 21:05:00,DNologon
2011 101 09:16:00,Blogon
2011 101 09:31:01,BUrl
2011 101 10:38:30,BSendEmail
2011 101 10:49:25,BUrl
2011 101 12:44:59,CUrl
2011 101 16:13:24,CSendEmail
2011 101 16:15:12,CUrl
2011 101 18:08:11,DSendEmail
2011 101 18:08:31,DUrl
2011 101 21:08:00,DNologon
2011 102 09:19:00,Blogon
2011 102 09:25:00,BUrl
2011 102 09:38:20,BSendEmail
2011 102 09:53:57,BUrl
2011 102 10:07:03,BSendEmail
2011 102 10:32:25,BSendEmail
2011 102 10:32:40,BUrl
2011 102 12:04:54,CUrl
2011 102 18:15:02,DUrl
2011 102 21:13:00,DNologon
2011 103 09:19:00,Blogon
2011 103 09:57:24,BUrl
2011 103 12:08:36,CUrl
2011 103 19:05:31,DUrl
2011 103 20:11:05,DSendEmail
2011 103 20:15:19,DSendEmail
2011 103 20:23:28,DSendEmail
2011 103 21:15:48,DUrl
2011 103 21:20:00,DNologon
2011 104 09:06:00,Blogon
2011 104 09:11:21,BUrl
2011 104 12:05:04,CUrl
2011 104 18:19:31,DUrl
2011 104 19:55:00,DSendEmail
2011 104 19:55:23,DSendEmail
2011 104 19:58:00,DUrl
2011 104 20:23:28,DSendEmail
2011 104 20:32:25,DUrl
2011 104 21:09:00,DNologon
2011 105 09:21:00,Blogon
2011 105 09:30:23,BUrl
2011 105 12:09:44,CUrl
2011 105 16:44:55,CSendEmail
2011 105 16:53:03,CSendEmail
2011 105 17:03:38,CSendEmail
2011 105 17:28:06,CUrl
2011 105 18:10:13,DUrl
2011 105 21:14:00,DNologon
2011 108 09:23:00,Blogon
2011 108 09:29:57,BUrl
2011 108 12:23:40,CUrl
2011 108 14:08:47,CSendEmail
2011 108 14:27:20,CUrl
2011 108 17:03:11,CSendEmail
2011 108 17:37:30,CUrl
2011 108 18:39:33,DUrl
2011 108 21:29:00,DNologon
2011 109 09:18:00,Blogon
2011 109 09:29:18,BUrl
2011 109 10:00:38,BSendEmail
2011 109 10:33:42,BUrl
2011 109 12:02:34,CUrl
2011 109 15:28:02,CSendEmail
2011 109 15:33:20,CSendEmail
2011 109 15:44:05,CUrl
2011 109 18:14:15,DUrl
2011 109 21:07:00,DNologon
2011 110 09:02:00,Blogon
2011 110 09:05:54,BUrl
2011 110 13:29:10,CUrl
2011 110 15:25:25,CSendEmail
2011 110 15:25:34,CSendEmail
2011 110 15:25:38,CSendEmail
2011 110 15:37:19,CUrl
2011 110 18:00:34,DUrl
2011 110 21:30:00,DNologon
2011 111 09:24:00,Blogon
2011 111 09:55:06,BUrl
2011 111 12:29:13,CUrl
2011 111 12:31:20,CSendEmail
2011 111 12:31:34,CUrl
2011 111 18:10:04,DUrl
2011 111 20:44:56,DSendEmail
2011 111 20:46:02,DSendEmail
2011 111 20:51:54,DUrl
2011 111 21:06:00,DNologon
2011 115 09:25:00,Blogon
2011 115 09:56:38,BUrl
2011 115 12:46:43,CUrl
2011 115 15:54:34,CSendEmail
2011 115 16:06:52,CUrl
2011 115 18:12:04,DUrl
2011 115 19:18:18,DSendEmail
2011 115 19:25:10,DSendEmail
2011 115 20:02:09,DUrl
2011 115 21:11:00,DNologon
2011 116 09:09:00,Blogon
2011 116 09:10:35,BUrl
2011 116 12:24:57,CUrl
2011 116 16:42:34,CSendEmail
2011 116 16:50:37,CUrl
2011 116 17:37:18,CSendEmail
2011 116 17:41:42,CUrl
2011 116 18:32:29,DUrl
2011 116 19:02:39,DSendEmail
2011 116 20:36:31,DUrl
2011 116 21:16:00,DNologon
2011 117 09:06:00,Blogon
2011 117 09:31:14,BUrl
2011 117 12:05:11,CUrl
2011 117 13:59:10,CSendEmail
2011 117 14:16:24,CUrl
2011 117 18:29:13,DUrl
2011 117 20:47:41,DSendEmail
2011 117 21:08:16,DUrl
2011 117 21:17:29,DSendEmail
2011 117 21:20:00,DNologon
2011 118 09:05:00,Blogon
2011 118 09:23:06,BUrl
2011 118 12:48:11,CUrl
2011 118 17:20:00,CSendEmail
2011 118 17:32:23,CSendEmail
2011 118 17:39:25,CSendEmail
2011 118 17:47:02,CUrl
2011 118 18:14:16,DUrl
2011 118 21:29:00,DNologon
2011 119 09:15:00,Blogon
2011 119 09:16:43,BUrl
2011 119 10:59:05,BSendEmail
2011 119 11:09:36,BSendEmail
2011 119 11:55:06,BUrl
2011 119 12:00:57,CUrl
2011 119 18:36:33,DUrl
2011 119 19:53:11,DSendEmail
2011 119 20:38:15,DUrl
2011 119 21:08:00,DNologon
2011 122 09:18:00,Blogon
2011 122 09:39:32,BUrl
2011 122 10:02:21,BSendEmail
2011 122 10:02:31,BSendEmail
2011 122 10:03:13,BSendEmail
2011 122 11:11:16,BUrl
2011 122 12:34:55,CUrl
2011 122 18:23:22,DUrl
2011 122 21:07:00,DNologon
2011 123 09:16:00,Blogon
2011 123 09:22:06,BUrl
2011 123 13:20:48,CUrl
2011 123 15:23:12,CSendEmail
2011 123 15:24:26,CUrl
2011 123 15:27:08,CSendEmail
2011 123 16:28:28,CUrl
2011 123 18:06:12,DUrl
2011 123 19:27:16,DSendEmail
2011 123 19:51:31,DUrl
2011 123 21:21:00,DNologon
2011 124 09:14:00,Blogon
2011 124 09:41:17,BUrl
2011 124 11:14:45,BSendEmail
2011 124 11:47:43,BUrl
2011 124 12:08:23,CUrl
2011 124 13:53:24,CSendEmail
2011 124 13:57:24,CSendEmail
2011 124 14:25:04,CUrl
2011 124 18:08:51,DUrl
2011 124 21:21:00,DNologon
2011 125 09:14:00,Blogon
2011 125 09:28:43,BUrl
2011 125 10:34:55,BSendEmail
2011 125 12:01:02,CUrl
2011 125 18:39:43,DUrl
2011 125 20:20:09,DSendEmail
2011 125 20:20:56,DSendEmail
2011 125 20:26:56,DUrl
2011 125 21:18:00,DNologon
2011 126 09:25:00,Blogon
2011 126 09:33:16,BUrl
2011 126 12:00:03,CSendEmail
2011 126 12:00:49,CUrl
2011 126 16:14:36,CSendEmail
2011 126 16:15:26,CUrl
2011 126 17:06:14,CSendEmail
2011 126 20:01:40,DUrl
2011 126 21:07:00,DNologon
2011 129 09:18:00,Blogon
2011 129 09:41:33,BUrl
2011 129 10:52:17,BSendEmail
2011 129 11:20:14,BUrl
2011 129 11:44:32,BSendEmail
2011 129 11:54:34,BUrl
2011 129 12:01:13,CUrl
2011 129 19:10:44,DUrl
2011 129 19:54:44,DSendEmail
2011 129 20:54:17,DUrl
2011 129 21:05:00,DNologon
2011 130 09:09:00,Blogon
2011 130 09:15:07,BUrl
2011 130 12:00:11,CUrl
2011 130 18:47:54,DUrl
2011 130 18:59:15,DSendEmail
2011 130 18:59:30,DUrl
2011 130 18:59:34,DSendEmail
2011 130 19:17:56,DUrl
2011 130 21:20:00,DNologon
2011 131 09:16:00,Blogon
2011 131 09:24:00,BUrl
2011 131 09:29:45,BSendEmail
2011 131 09:34:18,BUrl
2011 131 12:11:23,CUrl
2011 131 14:58:58,CSendEmail
2011 131 15:23:12,CSendEmail
2011 131 16:02:31,CUrl
2011 131 18:10:25,DUrl
2011 131 21:17:00,DNologon
2011 132 09:09:00,Blogon
2011 132 09:15:01,BUrl
2011 132 11:48:07,BSendEmail
2011 132 12:05:20,CUrl
2011 132 12:11:40,CSendEmail
2011 132 12:19:02,CSendEmail
2011 132 13:23:18,CUrl
2011 132 18:00:08,DUrl
2011 132 21:06:00,DNologon
2011 133 09:11:00,Blogon
2011 133 09:18:38,BUrl
2011 133 13:10:04,CUrl
2011 133 18:31:36,DUrl
2011 133 19:04:58,DSendEmail
2011 133 19:13:33,DUrl
2011 133 19:46:05,DSendEmail
2011 133 19:52:45,DUrl
2011 133 21:10:20,DSendEmail
2011 133 21:13:00,DNologon
2011 136 09:17:00,Blogon
2011 136 09:34:23,BUrl
2011 136 10:13:22,BSendEmail
2011 136 10:13:43,BSendEmail
2011 136 10:14:14,BUrl
2011 136 10:16:10,BSendEmail
2011 136 10:23:54,BUrl
2011 136 12:03:00,CUrl
2011 136 19:33:05,DUrl
2011 136 21:29:00,DNologon
